,dt,Open,Close,High,Low,Vol
0,2008-06-23,22.8,20.69,23.8,19.51,581187238.97
1,2008-06-24,21.0,22.76,22.76,20.9,288149071.76
2,2008-06-25,23.58,24.05,24.9,23.1,290711296.01
3,2008-06-26,23.53,25.42,26.44,23.42,245336353.56
4,2008-06-27,24.01,24.88,25.37,23.8,211256082.64
5,2008-06-30,24.83,24.87,25.77,23.61,197514581.47
6,2008-07-01,24.48,25.3,26.0,23.8,162438766.23
7,2008-07-02,25.11,26.7,26.78,25.11,167461516.4
8,2008-07-03,26.29,26.7,27.93,25.9,177263714.73
9,2008-07-04,26.35,26.88,27.2,25.91,121699844.24
10,2008-07-07,26.78,27.26,28.18,26.48,131451234.26
11,2008-07-08,27.02,26.29,27.48,25.9,153760788.1
12,2008-07-09,26.29,27.27,27.48,26.29,137672362.34
13,2008-07-10,27.46,26.0,28.25,26.0,156800909.74
14,2008-07-11,26.09,25.8,26.3,25.24,79486817.98
15,2008-07-14,25.31,26.47,26.5,25.31,70839072.96
16,2008-07-15,26.4,25.3,26.6,25.18,67393041.18
17,2008-07-16,24.83,25.0,25.73,24.53,61760318.24
18,2008-07-17,25.5,25.4,26.15,25.2,56490689.97
19,2008-07-18,25.55,26.1,26.3,24.65,66213740.76
20,2008-07-21,25.85,28.05,28.45,25.6,145307815.98
21,2008-07-22,27.8,27.71,28.49,27.68,85961792.8
22,2008-07-23,27.9,27.96,29.21,27.58,119674472.6
23,2008-07-24,28.18,28.96,28.96,27.93,79705059.12
24,2008-07-25,28.5,28.54,29.6,28.33,70402357.02
25,2008-07-28,28.54,28.06,28.99,27.9,72502012.69
26,2008-07-29,27.86,28.8,28.87,27.7,56602190.84
27,2008-07-30,29.1,29.74,30.4,29.0,117099098.68
28,2008-07-31,29.78,29.0,30.35,29.0,84934376.64
29,2008-08-01,28.7,30.06,30.25,28.55,87526461.71
30,2008-08-04,29.9,29.2,30.57,29.01,59754046.33
31,2008-08-05,28.95,27.98,29.38,27.68,70808160.47
32,2008-08-06,28.2,27.7,28.78,27.1,65461666.69
33,2008-08-07,27.68,29.06,29.18,27.5,62390517.99
34,2008-08-08,28.86,27.33,29.6,27.33,75487654.7
35,2008-08-11,27.15,25.4,27.5,25.13,71816382.46
36,2008-08-12,25.1,25.6,25.99,25.1,42697747.13
37,2008-08-13,25.4,26.08,26.33,24.3,62830901.46
38,2008-08-14,25.82,26.1,26.5,25.6,36647519.25
39,2008-08-15,25.96,25.92,26.48,25.6,29762454.95
40,2008-08-19,24.2,25.35,25.5,24.02,41529987.08
41,2008-08-20,24.95,27.23,27.5,24.76,59765637.08
42,2008-08-21,26.72,25.9,27.2,25.83,48870043.0
43,2008-08-22,25.88,26.0,26.52,25.53,28444554.85
44,2008-08-25,26.0,25.0,26.15,25.0,22694904.3
45,2008-08-26,24.7,22.95,24.95,22.75,54519760.75
46,2008-08-27,22.5,22.0,23.2,21.03,55056859.92
47,2008-08-28,21.99,22.2,22.35,21.51,27492806.01
48,2008-08-29,22.4,23.21,23.27,22.3,35541892.78
49,2008-09-01,23.0,22.85,23.2,22.45,28709264.37
50,2008-09-02,22.58,22.47,22.96,22.4,12396673.43
51,2008-09-03,22.5,20.55,22.6,20.5,33894787.61
52,2008-09-04,20.5,21.02,21.59,20.5,15298211.92
53,2008-09-05,20.12,20.13,20.89,20.0,22966386.04
54,2008-09-08,20.15,20.07,20.65,19.67,25829338.97
55,2008-09-09,20.2,20.85,21.19,20.2,26817678.32
56,2008-09-10,20.81,20.85,21.45,20.5,18380688.09
57,2008-09-11,21.0,20.71,21.23,20.42,15024430.55
58,2008-09-12,20.5,20.62,20.96,20.4,12125253.28
59,2008-09-16,20.77,21.08,21.58,19.85,28105525.69
60,2008-09-17,21.0,21.56,22.13,20.88,29751029.94
61,2008-09-18,21.0,21.65,22.1,19.99,31974909.79
62,2008-09-19,23.8,23.82,23.82,23.01,38718407.48
63,2008-09-22,24.8,23.72,25.9,23.0,83417759.64
64,2008-09-23,22.02,21.35,22.68,21.35,129488155.31
65,2008-09-24,20.29,22.0,22.2,20.1,52600761.66
66,2008-09-25,21.8,22.14,22.61,21.65,52509127.78
67,2008-09-26,22.15,21.75,22.53,21.45,38684822.85
68,2008-10-06,21.1,20.88,21.25,20.73,24272762.54
69,2008-10-07,20.2,21.21,21.48,20.03,27750929.56
70,2008-10-08,20.82,21.1,21.33,20.7,20165419.68
71,2008-10-09,21.44,20.66,21.48,20.66,19162443.3
72,2008-10-10,19.99,18.59,20.0,18.59,65312039.04
73,2008-10-13,18.12,19.45,19.47,18.11,35352734.96
74,2008-10-14,19.99,19.2,20.2,19.11,33065133.56
75,2008-10-15,19.05,19.4,19.67,19.01,15820992.16
76,2008-10-16,18.51,18.09,18.9,18.04,16296717.04
77,2008-10-17,18.38,18.45,18.58,18.01,15055441.97
78,2008-10-20,18.4,18.99,19.2,18.16,14258732.87
79,2008-10-21,19.1,19.0,19.43,18.92,15695338.58
80,2008-10-22,18.85,18.72,19.1,18.46,11686185.08
81,2008-10-23,18.38,18.82,18.95,18.01,13080307.07
82,2008-10-24,18.78,19.3,19.42,18.61,20523457.63
83,2008-10-27,18.95,19.2,19.78,18.71,36245444.7
84,2008-10-28,19.02,19.88,19.95,18.88,27285227.95
85,2008-10-29,19.96,19.75,20.13,19.53,17692141.47
86,2008-10-30,19.79,19.77,20.0,19.2,12540681.44
87,2008-10-31,19.77,19.68,19.77,19.45,9057246.96
88,2008-11-03,19.66,19.88,20.11,19.4,11115487.6
89,2008-11-04,19.56,19.7,19.84,19.3,9174200.41
90,2008-11-05,19.7,19.77,20.45,19.7,12130350.8
91,2008-11-06,19.74,19.62,19.75,19.37,6285302.69
92,2008-11-07,19.32,20.08,20.2,19.32,10743938.11
93,2008-11-10,20.33,21.06,21.15,20.18,20638497.67
94,2008-11-11,20.89,20.38,20.99,20.37,13784691.11
95,2008-11-12,20.25,20.78,20.93,20.24,8599153.67
96,2008-11-13,20.5,21.47,21.6,20.45,26416779.56
97,2008-11-14,21.44,21.8,21.98,21.03,26596473.25
98,2008-11-17,21.8,22.4,22.47,21.55,41627783.55
99,2008-11-18,22.3,20.58,22.42,20.41,38040154.29
100,2008-11-19,20.7,21.74,21.8,20.5,20823965.1
101,2008-11-20,21.32,21.45,22.15,21.25,24209369.64
102,2008-11-21,20.88,20.78,21.18,20.02,23061346.74
103,2008-11-24,20.7,20.82,21.68,20.7,21649792.03
104,2008-11-25,21.2,20.98,21.52,20.61,10482844.56
105,2008-11-26,20.99,21.15,21.39,20.74,8286028.07
106,2008-11-27,22.19,21.38,22.35,21.36,38661029.51
107,2008-11-28,21.0,21.58,21.73,21.0,19834553.38
108,2008-12-01,21.55,22.6,22.68,21.55,29249806.06
109,2008-12-02,22.28,23.65,24.28,22.1,54770290.22
110,2008-12-03,23.66,23.79,24.26,23.35,44471793.09
111,2008-12-04,23.98,23.5,24.46,23.36,47259326.88
112,2008-12-05,23.45,23.99,24.34,23.44,23340694.21
113,2008-12-08,24.48,24.86,25.44,24.2,50211614.74
114,2008-12-09,24.85,23.9,24.85,23.8,33600788.02
115,2008-12-10,23.82,24.37,24.5,23.31,23794747.26
116,2008-12-11,24.4,23.61,24.4,23.6,26736923.19
117,2008-12-12,23.55,22.73,23.75,22.6,21951303.1
118,2008-12-15,22.95,23.19,23.4,22.65,16847232.37
119,2008-12-16,23.15,24.28,24.31,22.9,33044712.6
120,2008-12-17,24.27,24.32,25.2,24.08,39721307.91
121,2008-12-18,24.41,24.88,24.98,24.02,22842112.12
122,2008-12-19,24.88,25.32,25.7,24.71,32467673.03
123,2008-12-22,25.33,25.9,26.35,25.0,85970702.7
124,2008-12-23,25.64,23.88,25.78,23.77,58989588.53
125,2008-12-24,23.88,23.83,24.23,23.5,26550073.59
126,2008-12-25,23.87,24.29,24.32,23.36,34596886.75
127,2008-12-26,24.32,25.2,25.35,24.2,43737088.29
128,2008-12-29,25.38,25.65,25.88,24.34,47965388.72
129,2008-12-30,25.55,24.95,26.18,24.81,56547144.18
130,2008-12-31,25.1,25.22,25.99,24.95,62428249.03
131,2009-01-06,25.75,25.92,26.36,25.43,91844150.21
132,2009-01-07,25.8,26.06,26.5,25.51,47290505.13
133,2009-01-08,25.7,26.51,26.87,25.6,47827841.19
134,2009-01-09,26.5,27.3,27.83,26.38,69667287.86
135,2009-01-12,27.3,27.07,27.9,26.88,56432437.67
136,2009-01-13,26.79,25.88,26.84,25.88,44559700.75
137,2009-01-14,25.89,26.87,26.88,25.85,40252248.18
138,2009-01-15,26.55,26.2,26.78,25.78,50049799.45
139,2009-01-16,26.3,26.05,26.77,25.9,52752402.04
140,2009-01-19,26.02,25.98,26.38,25.55,39988976.02
141,2009-01-20,25.87,26.45,26.45,25.87,25081250.41
142,2009-01-21,26.2,26.0,26.64,25.9,24992498.29
143,2009-01-22,26.3,26.39,26.62,26.2,33726075.95
144,2009-01-23,26.33,26.28,26.62,25.91,38924224.03
145,2009-02-02,26.48,26.69,26.9,26.25,31126687.21
146,2009-02-03,26.63,27.23,27.49,26.5,52966483.97
147,2009-02-04,27.24,26.68,27.25,26.32,70913164.17
148,2009-02-05,26.61,25.97,26.8,25.9,81811578.87
149,2009-02-06,26.1,26.59,26.69,26.05,52038259.67
150,2009-02-09,26.66,27.0,27.11,26.08,100514630.46
151,2009-02-10,26.95,28.8,28.8,26.7,132313609.39
152,2009-02-11,28.29,28.15,29.19,27.62,131328902.67
153,2009-02-12,28.03,28.08,28.38,27.3,64072015.75
154,2009-02-13,28.11,28.56,29.1,28.11,64466926.86
155,2009-02-16,28.6,27.93,29.0,27.55,81525152.87
156,2009-02-17,27.92,27.38,28.04,27.13,62454861.62
157,2009-02-18,27.0,27.01,27.73,26.85,50960966.62
158,2009-02-19,27.38,26.95,27.44,26.65,47622413.75
159,2009-02-20,26.94,27.62,27.69,26.94,41088297.06
160,2009-02-23,27.49,27.9,28.1,27.21,58219419.65
161,2009-02-24,27.8,26.0,27.88,25.81,87108802.04
162,2009-02-25,26.2,26.2,26.49,25.38,59317410.41
163,2009-02-26,26.13,24.75,26.52,24.07,56894786.71
164,2009-02-27,24.6,23.58,24.7,23.48,56998230.75
165,2009-03-02,23.76,24.12,24.36,23.6,34896692.99
166,2009-03-03,23.5,24.49,24.8,23.37,38111304.99
167,2009-03-04,24.4,25.55,25.62,24.36,60222554.7
168,2009-03-05,25.8,25.28,26.1,24.86,57163607.82
169,2009-03-06,25.01,25.32,25.8,24.91,29528118.58
170,2009-03-09,25.36,24.27,25.65,23.88,34949143.81
171,2009-03-10,23.86,25.2,25.3,23.86,27040954.62
172,2009-03-11,25.6,24.95,25.69,24.83,22268491.19
173,2009-03-12,24.9,25.51,26.1,24.81,48909372.65
174,2009-03-13,25.74,25.7,26.3,25.48,41040144.6
175,2009-03-16,25.61,25.95,26.36,25.61,28937675.2
176,2009-03-17,25.95,26.32,26.4,25.7,46595693.08
177,2009-03-18,26.5,26.29,26.7,26.03,46424773.78
178,2009-03-19,26.3,26.42,26.48,26.08,36610844.23
179,2009-03-20,26.5,25.92,26.65,25.75,34784092.99
180,2009-03-23,25.8,26.56,26.82,25.8,47696083.74
181,2009-03-24,26.81,26.88,26.96,26.4,47672222.0
182,2009-03-25,26.86,25.99,26.86,25.83,42208332.52
183,2009-03-26,26.1,26.37,26.49,25.78,29416669.19
184,2009-03-27,26.49,27.15,27.45,26.23,76072738.25
185,2009-03-30,27.4,27.0,28.0,27.0,46641136.6
186,2009-03-31,26.5,26.47,26.56,25.8,63533290.27
187,2009-04-01,26.7,26.85,26.88,26.4,58183540.96
188,2009-04-02,27.0,26.96,27.25,26.56,62268128.24
189,2009-04-03,27.03,27.39,27.87,26.9,75072596.76
190,2009-04-07,27.73,27.54,28.38,27.33,65646875.63
191,2009-04-08,27.49,26.57,27.67,26.5,53542097.0
192,2009-04-09,26.49,26.9,27.15,26.44,38093646.15
193,2009-04-10,27.1,27.5,27.58,26.95,58719184.92
194,2009-04-13,27.57,27.79,27.87,27.25,73563551.65
195,2009-04-14,27.6,28.98,29.19,27.58,130803066.51
196,2009-04-15,28.7,29.8,30.72,28.51,119373946.93
197,2009-04-16,29.7,29.0,29.84,28.58,72689561.56
198,2009-04-17,29.25,29.71,29.97,28.28,79643505.72
199,2009-04-21,29.71,28.75,30.33,28.3,75853016.82
200,2009-04-22,29.0,27.12,29.14,27.0,80780615.36
201,2009-04-23,27.1,27.37,27.56,27.0,46516157.29
202,2009-04-24,27.4,27.13,27.57,27.01,37116486.33
203,2009-04-27,26.65,25.41,26.85,25.35,87042993.67
204,2009-04-28,25.58,26.59,26.59,25.58,64372866.85
205,2009-04-29,26.8,26.35,26.8,25.89,46558137.14
206,2009-04-30,26.51,26.91,27.14,26.43,51105199.96
207,2009-05-04,27.21,27.54,27.65,27.2,49308474.96
208,2009-05-05,27.67,27.98,28.07,27.35,57697678.26
209,2009-05-06,28.01,29.07,29.07,28.01,108805787.02
210,2009-05-07,28.51,27.0,28.51,26.56,94694628.22
211,2009-05-08,27.0,26.5,27.28,26.25,52555889.1
212,2009-05-11,26.73,26.06,26.87,26.01,42557189.08
213,2009-05-12,25.87,26.32,26.32,25.82,25986834.77
214,2009-05-13,26.32,26.24,26.32,26.13,30944869.55
215,2009-05-14,26.6,27.0,27.2,26.35,67371205.79
216,2009-05-15,26.93,27.3,27.87,26.67,84290260.61
217,2009-05-18,27.18,26.5,27.31,26.19,53085308.91
218,2009-05-19,26.59,26.53,26.89,26.33,38545089.18
219,2009-05-20,26.41,26.06,26.58,26.03,52847737.62
220,2009-05-21,26.0,25.91,26.33,25.6,39227557.75
221,2009-05-22,25.85,25.78,26.16,25.68,22498442.97
222,2009-05-25,25.55,25.61,25.69,25.1,28296007.65
223,2009-05-26,25.58,25.88,26.19,25.57,29634292.56
224,2009-05-27,25.98,25.9,26.16,25.71,27228213.02
225,2009-06-01,25.91,26.02,26.1,25.81,34841346.9
226,2009-06-02,26.1,25.96,26.28,25.9,30081586.36
227,2009-06-03,25.96,26.05,26.08,25.77,40805248.91
228,2009-06-04,26.1,26.22,26.58,26.1,52419425.2
229,2009-06-05,26.38,26.48,26.68,26.22,55419241.65
230,2009-06-08,26.73,26.8,27.29,26.6,71435882.41
231,2009-06-09,26.85,26.04,27.0,25.6,49929474.11
232,2009-06-10,26.02,26.1,26.28,25.66,41986403.74
233,2009-06-11,26.04,25.88,26.15,25.71,27927637.73
234,2009-06-12,26.0,25.55,26.26,25.51,31601413.7
235,2009-06-15,25.6,25.63,25.67,25.3,20726480.03
236,2009-06-16,25.55,25.73,25.79,25.35,22029865.6
237,2009-06-17,25.7,26.0,26.24,25.4,35456355.32
238,2009-06-18,25.9,27.35,27.35,25.9,134300147.67
239,2009-06-19,27.36,27.44,29.52,27.36,177532838.5
240,2009-06-22,27.3,26.62,27.31,26.51,79950687.02
241,2009-06-23,26.47,26.78,27.19,26.21,40836703.82
242,2009-06-24,26.78,26.47,26.9,26.4,45475295.12
243,2009-06-25,26.41,26.69,26.79,26.41,34607663.18
244,2009-06-26,26.6,26.54,26.88,26.31,26587932.01
245,2009-06-29,26.4,26.09,26.6,26.0,41965679.77
246,2009-06-30,26.19,26.27,26.69,26.05,27576253.38
247,2009-07-01,26.27,26.03,26.55,25.9,39857968.46
248,2009-07-02,26.11,26.5,26.59,26.05,45010002.73
249,2009-07-03,26.45,26.26,26.48,26.2,30599333.99
250,2009-07-06,26.28,26.07,26.48,25.91,29419765.0
251,2009-07-07,26.09,26.3,26.52,25.96,39521260.41
252,2009-07-08,26.31,26.31,26.31,26.0,32903236.58
253,2009-07-09,26.35,27.06,27.12,26.34,64411928.31
254,2009-07-10,27.14,26.66,27.28,26.65,49037812.97
255,2009-07-13,26.69,27.32,27.68,26.66,65745472.83
256,2009-07-14,27.45,27.43,27.65,27.13,43999174.55
257,2009-07-15,27.5,27.6,27.86,27.31,53722481.91
258,2009-07-16,27.66,27.09,27.8,27.0,46896574.94
259,2009-07-17,27.01,27.0,27.28,26.8,37306711.71
260,2009-07-20,27.15,27.52,27.63,26.98,49271216.83
261,2009-07-21,27.58,26.9,27.72,26.86,52685150.99
262,2009-07-22,26.9,27.02,27.49,26.87,48253497.37
263,2009-07-23,27.08,27.35,27.39,26.95,38581794.97
264,2009-07-24,27.58,28.5,28.95,27.18,129857795.24
265,2009-07-27,28.39,28.57,29.45,28.17,98270869.65
266,2009-07-28,28.47,29.12,29.29,28.47,76046387.48
267,2009-07-29,29.01,27.25,29.01,26.75,88831655.69
268,2009-07-30,27.38,27.33,27.85,26.96,49688887.75
269,2009-07-31,27.44,27.83,27.98,27.3,48287818.74
270,2009-08-03,27.85,28.15,28.2,27.42,51889667.57
271,2009-08-04,28.1,27.82,28.1,27.3,50319866.81
272,2009-08-05,27.8,28.73,28.86,27.8,76038814.49
273,2009-08-06,28.6,29.01,30.11,28.4,125273420.13
274,2009-08-07,28.99,29.0,30.2,28.8,96167953.08
275,2009-08-10,29.61,29.68,30.35,29.2,97944384.06
276,2009-08-11,29.75,28.79,29.8,28.6,65528420.26
277,2009-08-12,28.72,27.5,29.1,27.13,64701876.4
278,2009-08-13,27.62,27.6,27.93,27.28,35582893.68
279,2009-08-14,27.83,26.5,27.9,26.48,64789916.95
280,2009-08-17,26.55,25.59,26.7,25.52,46018430.99
281,2009-08-18,25.6,25.95,26.07,25.38,28413132.48
282,2009-08-19,25.99,24.85,26.45,24.62,37975273.45
283,2009-08-20,25.0,25.5,25.6,24.88,30451351.35
284,2009-08-21,25.54,25.83,25.94,25.2,29501734.62
285,2009-08-24,25.88,26.29,26.45,25.56,40185320.29
286,2009-08-25,26.01,25.45,26.08,25.05,38208871.19
287,2009-08-26,25.39,26.37,26.49,25.31,39623999.89
288,2009-08-27,26.15,26.98,27.78,26.15,73790758.8
289,2009-08-28,26.99,26.99,27.35,26.0,53746706.75
290,2009-08-31,26.7,25.4,26.7,25.28,43476437.12
291,2009-09-01,25.41,25.45,25.9,25.28,21791817.77
292,2009-09-02,25.77,25.3,25.77,24.98,18112673.87
293,2009-09-03,25.35,26.04,26.12,25.13,37179998.29
294,2009-09-04,25.95,26.2,26.49,25.75,51188147.33
295,2009-09-07,26.6,27.18,27.77,26.33,99953321.59
296,2009-09-08,26.99,26.9,27.18,26.6,51593101.22
297,2009-09-09,26.9,27.01,27.18,26.5,42579180.73
298,2009-09-10,26.91,27.08,27.49,26.86,45041053.53
299,2009-09-11,26.91,27.78,27.8,26.91,68028935.01
300,2009-09-15,28.05,27.81,28.45,27.8,89622023.99
301,2009-09-16,27.65,27.5,27.77,27.28,40666914.15
302,2009-09-17,27.58,27.79,28.19,27.5,46177700.22
303,2009-09-18,27.9,27.0,28.45,26.98,57242180.77
304,2009-09-21,26.9,27.21,27.24,26.05,39856479.76
305,2009-09-22,27.09,27.21,27.81,27.0,38964670.18
306,2009-09-23,27.11,26.55,27.39,26.42,27927792.28
307,2009-09-24,26.5,26.14,26.69,25.82,28965288.0
308,2009-09-25,26.14,26.3,26.58,26.01,17967710.94
309,2009-09-28,26.36,26.0,26.98,25.81,24731222.07
310,2009-09-29,25.98,25.38,26.05,25.1,24554133.05
311,2009-09-30,25.5,25.66,25.9,25.5,15252193.11
312,2009-10-09,25.9,26.48,26.54,25.84,30964821.93
313,2009-10-12,26.51,26.3,26.6,26.09,20831840.25
314,2009-10-13,26.18,26.68,26.74,26.12,25846632.51
315,2009-10-14,26.64,26.84,27.08,26.6,32204687.2
316,2009-10-15,26.99,26.78,27.05,26.66,19376220.96
317,2009-10-16,26.79,26.9,27.28,26.51,23798868.54
318,2009-10-19,26.9,27.2,27.34,26.87,33854678.31
319,2009-10-20,27.27,27.43,27.45,27.19,35931837.23
320,2009-10-21,27.45,27.44,27.66,27.16,33635667.92
321,2009-10-22,27.31,27.3,27.63,27.0,33787450.61
322,2009-10-23,27.34,27.72,28.15,27.34,66205046.87
323,2009-10-26,27.8,28.03,28.42,27.79,48868961.17
324,2009-10-27,27.8,27.34,28.02,27.31,47707032.15
325,2009-10-28,27.23,30.07,30.07,27.23,219868564.32
326,2009-10-29,29.97,31.0,32.03,29.73,271724255.89
327,2009-10-30,31.11,31.21,31.95,30.57,160124819.84
328,2009-11-02,30.58,32.75,33.2,30.41,175025067.46
329,2009-11-03,32.68,32.2,32.8,31.0,147465002.89
330,2009-11-04,31.99,32.59,33.7,31.81,120753229.08
331,2009-11-05,32.05,32.11,32.8,31.7,86297628.08
332,2009-11-06,32.45,32.45,33.11,32.13,78497725.2
333,2009-11-09,32.5,33.12,33.36,32.26,78753731.82
334,2009-11-10,33.19,32.75,33.5,32.71,64199386.72
335,2009-11-11,32.6,32.37,32.6,31.8,61002009.55
336,2009-11-12,32.38,32.26,32.95,32.0,39781291.1
337,2009-11-13,32.1,32.94,33.11,32.08,50841664.65
338,2009-11-16,33.18,32.97,33.98,32.94,64846130.12
339,2009-11-17,33.06,33.35,33.4,32.5,66700242.53
340,2009-11-18,33.45,34.42,34.5,33.01,69423689.51
341,2009-11-19,34.95,34.6,35.46,34.55,86526056.22
342,2009-11-20,34.6,34.39,34.65,34.0,58306328.86
343,2009-11-23,34.45,34.61,34.8,34.23,49086369.23
344,2009-11-24,34.67,31.98,34.88,31.98,101550881.03
345,2009-11-25,32.12,33.02,33.1,31.71,68765685.45
346,2009-11-26,32.81,30.89,33.36,30.5,81714930.99
347,2009-11-27,31.05,31.11,32.01,30.76,75189596.11
348,2009-11-30,31.3,32.1,32.18,31.3,47397227.41
349,2009-12-01,32.18,32.66,32.68,32.0,56194960.82
350,2009-12-02,32.78,33.36,33.79,32.48,60464797.39
351,2009-12-03,33.3,33.58,33.78,32.8,47073269.97
352,2009-12-04,33.45,32.8,34.18,32.18,70180278.57
353,2009-12-07,32.78,33.7,34.0,32.6,44467404.24
354,2009-12-08,33.68,33.78,34.04,33.05,48187532.26
355,2009-12-09,33.58,33.4,34.2,33.21,42332120.46
356,2009-12-10,33.48,36.74,36.74,33.48,198622793.56
357,2009-12-11,36.99,36.24,37.47,36.0,118840800.77
358,2009-12-14,36.35,35.93,36.89,35.51,104951652.44
359,2009-12-15,36.3,36.51,37.44,36.08,59439478.5
360,2009-12-16,36.5,35.66,36.58,35.61,59558574.44
361,2009-12-17,35.5,33.98,35.7,33.78,72570153.15
362,2009-12-18,33.51,32.75,33.8,31.82,53602522.45
363,2009-12-21,33.0,33.5,33.78,32.56,30344296.55
364,2009-12-22,33.5,32.71,33.79,32.2,40135920.66
365,2009-12-23,32.71,33.25,33.61,32.7,30029086.32
366,2009-12-24,33.3,34.81,35.25,33.3,66886257.8
367,2009-12-25,34.85,35.0,35.68,34.61,45861782.98
368,2009-12-28,35.21,35.29,35.65,35.03,31675243.05
369,2009-12-29,35.32,35.79,36.67,35.12,55050429.06
370,2009-12-30,35.8,35.99,36.63,35.7,46514087.28
371,2009-12-31,35.97,37.08,37.66,35.97,77269666.16
372,2010-01-04,37.0,36.99,37.65,36.88,61088860.96
373,2010-01-05,37.0,37.7,37.7,36.31,73798510.3
374,2010-01-07,37.1,36.35,37.55,36.0,71587774.87
375,2010-01-08,36.3,36.69,37.25,36.05,45100153.13
376,2010-01-11,36.5,37.4,37.46,36.08,48655444.24
377,2010-01-12,37.36,38.77,38.8,37.35,64438537.65
378,2010-01-13,38.09,38.95,40.19,38.0,71758027.6
379,2010-01-14,38.91,39.33,39.8,38.75,41196189.26
380,2010-01-15,39.23,38.92,39.75,38.66,42631629.89
381,2010-01-18,38.85,38.9,39.38,38.51,44924129.44
382,2010-01-19,39.09,38.48,39.09,38.25,44045164.48
383,2010-01-20,38.58,36.28,38.58,36.12,71567839.24
384,2010-01-21,36.36,36.94,37.35,36.36,34850347.69
385,2010-01-22,36.68,37.0,38.18,36.32,67275155.05
386,2010-01-25,37.03,36.97,37.5,36.56,44766701.13
387,2010-01-26,36.97,35.52,37.11,35.11,51971519.48
388,2010-01-27,35.53,35.01,35.8,34.79,28104023.47
389,2010-01-28,35.0,35.03,35.36,34.7,25738980.66
390,2010-01-29,35.0,35.4,35.99,34.8,29765747.08
391,2010-02-01,35.4,36.2,36.25,35.07,39910932.52
392,2010-02-02,36.18,35.11,36.32,35.06,29339020.26
393,2010-02-03,35.17,34.45,35.44,33.31,47138832.61
394,2010-02-04,34.39,34.66,34.98,33.7,24835228.47
395,2010-02-05,34.01,34.04,34.4,33.8,24280523.66
396,2010-02-08,34.28,34.0,34.6,33.9,21124377.83
397,2010-02-09,34.08,33.7,34.24,33.48,22321074.61
398,2010-02-10,33.95,34.52,34.54,33.73,28225266.55
399,2010-02-11,34.55,34.5,34.7,34.28,17704653.54
400,2010-02-12,34.7,35.15,35.28,34.48,19435236.44
401,2010-02-22,35.01,35.2,35.45,35.01,23259297.84
402,2010-02-23,35.29,34.87,35.29,34.2,28076903.68
403,2010-02-24,34.79,35.98,35.98,34.51,29917325.04
404,2010-02-25,37.11,39.4,39.58,37.11,225973723.14
405,2010-02-26,39.88,39.44,40.99,39.41,151592714.81
406,2010-03-01,40.0,41.69,42.8,40.0,147061770.78
407,2010-03-02,41.5,41.69,42.0,41.0,65295668.78
408,2010-03-03,41.88,41.88,42.38,41.3,60789877.65
409,2010-03-04,41.99,40.02,42.35,39.9,88735636.94
410,2010-03-05,40.08,41.18,42.09,40.08,80801791.72
411,2010-03-08,41.32,42.93,43.08,40.72,95529887.42
412,2010-03-09,42.9,42.79,43.83,42.52,91429533.7
413,2010-03-10,42.65,41.64,42.98,41.27,45456441.48
414,2010-03-11,41.88,41.57,41.95,40.8,37369269.09
415,2010-03-12,41.57,40.55,41.88,40.4,39703329.25
416,2010-03-15,40.51,41.14,41.84,40.51,44717457.79
417,2010-03-16,41.0,40.9,41.3,40.38,25444766.44
418,2010-03-17,41.2,42.33,42.38,40.92,36961149.53
419,2010-03-18,42.32,42.1,42.66,41.76,30985888.47
420,2010-03-19,42.06,42.0,42.26,41.7,18789130.32
421,2010-03-22,42.21,42.62,42.8,41.8,45813729.52
422,2010-03-23,42.6,41.4,42.6,41.01,67418083.83
423,2010-03-24,41.15,41.9,42.38,41.15,38948013.75
424,2010-03-25,41.91,42.17,42.7,41.73,42185230.83
425,2010-03-26,41.8,41.59,42.1,40.88,46542288.67
426,2010-03-29,41.75,41.48,42.17,41.12,49635096.87
427,2010-03-30,41.5,41.4,41.65,40.94,47040417.92
428,2010-03-31,41.36,43.98,44.78,41.0,107566783.51
429,2010-04-01,43.99,44.25,44.48,43.5,68628520.56
430,2010-04-02,43.99,44.5,45.23,43.82,61658545.86
431,2010-04-06,44.68,44.9,44.95,44.01,55309591.17
432,2010-04-07,44.7,45.27,46.6,44.5,67256787.52
433,2010-04-08,43.42,42.95,44.1,42.5,206806468.53
434,2010-04-09,43.11,44.0,44.28,43.11,92672875.81
435,2010-04-12,44.44,45.47,45.88,44.44,86723374.29
436,2010-04-13,45.92,44.03,45.92,42.8,110843905.68
437,2010-04-14,44.08,43.98,44.15,43.3,47222429.84
438,2010-04-15,44.0,42.88,44.2,42.2,80958478.63
439,2010-04-16,42.9,42.95,43.59,42.52,33564556.47
440,2010-04-19,42.6,42.1,43.35,41.85,56381952.82
441,2010-04-20,42.22,45.1,45.48,41.48,114480696.09
442,2010-04-21,45.7,46.51,47.05,45.1,119764134.89
443,2010-04-22,46.16,46.5,46.85,46.0,57048912.11
444,2010-04-23,46.27,45.37,46.65,44.88,55746119.0
445,2010-04-26,45.39,46.0,46.55,44.01,59514361.9
446,2010-04-27,45.83,45.5,45.97,44.19,42049041.0
447,2010-04-29,44.9,44.08,45.45,43.66,95060094.78
448,2010-04-30,44.05,41.52,44.13,41.09,80955261.76
449,2010-05-04,41.09,42.7,43.2,40.72,39596757.86
450,2010-05-05,42.01,43.48,43.6,42.01,33831463.8
451,2010-05-06,43.47,42.6,43.98,42.5,26285212.5
452,2010-05-07,42.0,41.79,42.09,41.1,36621157.95
453,2010-05-10,41.31,40.09,42.0,39.0,47750620.99
454,2010-05-11,40.99,39.85,41.19,39.51,37763008.32
455,2010-05-12,39.78,38.18,39.99,37.77,29458973.02
456,2010-05-13,38.1,39.58,39.9,38.0,32727163.39
457,2010-05-14,39.26,41.6,41.6,39.03,46204362.46
458,2010-05-17,40.75,41.0,41.7,40.45,52711437.51
459,2010-05-19,40.29,40.7,40.79,39.6,59416790.08
460,2010-05-20,40.32,39.42,41.0,39.4,57470381.77
461,2010-05-21,38.2,39.65,39.81,38.0,46215376.19
462,2010-05-24,39.6,41.13,41.9,39.6,38989962.44
463,2010-05-25,41.0,41.28,41.47,40.8,43422765.67
464,2010-05-26,41.27,41.05,41.41,40.88,33550570.26
465,2010-05-27,40.81,41.94,41.97,40.79,35921825.6
466,2010-05-28,42.05,43.29,43.5,41.69,80946697.88
467,2010-05-31,42.9,42.75,44.5,42.3,56884161.2
468,2010-06-01,42.58,43.01,43.2,41.51,50363597.01
469,2010-06-02,43.1,42.09,43.1,41.36,29852888.33
470,2010-06-03,42.25,43.38,44.87,42.11,95505807.95
471,2010-06-04,43.05,44.6,44.91,43.01,61815980.21
472,2010-06-07,43.79,45.18,45.26,43.58,62249433.82
473,2010-06-08,45.0,45.52,45.6,44.3,38047212.88
474,2010-06-09,45.54,45.3,45.92,44.86,33873559.6
475,2010-06-10,45.8,46.26,46.62,45.31,45774352.09
476,2010-06-11,46.7,47.72,47.9,45.82,66915675.65
477,2010-06-17,48.16,44.09,48.16,43.9,130175878.62
478,2010-06-18,43.6,42.3,43.78,42.0,83058327.24
479,2010-06-21,42.01,43.13,43.18,42.0,33561721.11
480,2010-06-22,43.14,43.25,44.15,42.89,37780172.31
481,2010-06-23,42.97,43.81,44.8,42.88,55253916.33
482,2010-06-24,43.53,43.76,44.44,43.4,16886529.39
483,2010-06-25,43.7,43.01,44.05,42.01,26086002.44
484,2010-06-28,42.88,42.31,43.2,42.05,20741294.69
485,2010-06-29,42.31,40.08,42.57,39.91,36817287.88
486,2010-06-30,39.71,41.5,41.55,39.1,31971057.81
487,2010-07-01,41.35,40.9,41.74,40.76,18396835.4
488,2010-07-02,40.69,39.89,40.87,38.08,43952740.49
489,2010-07-05,39.03,39.58,39.85,39.0,21790656.84
490,2010-07-06,39.2,40.21,40.61,39.2,28281537.14
491,2010-07-07,40.38,40.38,40.65,39.85,11478288.31
492,2010-07-08,40.43,40.2,40.8,39.2,25744255.35
493,2010-07-09,40.45,40.8,41.54,39.6,73985925.12
494,2010-07-12,40.88,41.57,42.38,40.7,29174773.78
495,2010-07-13,41.51,40.91,41.6,40.5,25711175.95
496,2010-07-14,40.99,41.1,41.65,40.7,26391410.95
497,2010-07-15,41.09,40.11,41.28,40.0,16370100.5
498,2010-07-16,40.1,38.98,40.1,38.92,49620454.81
499,2010-07-19,38.39,40.08,40.22,38.39,22645177.9
500,2010-07-20,40.0,40.93,40.95,39.98,39602421.2
501,2010-07-21,41.2,41.38,42.07,41.18,41077960.58
502,2010-07-22,41.7,42.3,42.3,41.41,42520997.89
503,2010-07-23,42.3,43.58,43.83,42.3,83933749.5
504,2010-07-26,43.71,43.67,44.66,43.36,55824492.0
505,2010-07-27,43.6,43.79,44.48,43.6,28635528.96
506,2010-07-28,43.61,44.22,44.3,43.0,46599349.65
507,2010-07-29,44.06,45.0,45.24,44.05,57679666.27
508,2010-07-30,44.82,45.08,45.8,44.69,45544562.0
509,2010-08-02,45.01,45.75,45.8,44.87,34507432.98
510,2010-08-03,45.96,46.65,47.3,45.8,104225446.58
511,2010-08-04,46.58,47.0,47.1,46.31,48878312.15
512,2010-08-05,47.18,47.4,48.5,46.9,69094758.84
513,2010-08-06,47.35,48.28,48.5,46.88,55261262.1
514,2010-08-09,48.3,49.29,49.48,47.7,94069731.76
515,2010-08-10,49.05,48.0,49.5,48.0,73697808.46
516,2010-08-11,47.88,49.6,49.8,47.86,69018031.61
517,2010-08-12,48.97,49.03,49.97,48.88,64886999.89
518,2010-08-13,48.9,49.48,49.87,48.9,43979229.23
519,2010-08-16,49.8,50.6,51.47,49.61,120467582.3
520,2010-08-17,50.9,50.3,50.93,49.75,55250650.17
521,2010-08-18,50.32,49.18,50.49,48.51,109974273.66
522,2010-08-19,49.45,48.75,49.5,48.68,77218617.11
523,2010-08-20,48.85,48.31,49.07,47.71,74061223.47
524,2010-08-23,48.48,49.65,50.0,48.48,72385159.37
525,2010-08-24,49.56,49.23,49.86,48.7,74612041.06
526,2010-08-25,49.95,50.66,53.0,49.95,229615447.11
527,2010-08-26,50.9,51.9,52.15,50.85,116879495.68
528,2010-08-27,51.9,55.4,55.93,51.1,147309601.14
529,2010-08-30,55.1,59.68,60.5,55.05,224381754.69
530,2010-08-31,59.21,59.48,60.4,58.39,143240742.14
531,2010-09-01,59.48,58.18,59.8,57.0,165744236.51
532,2010-09-02,58.45,59.4,61.71,58.01,150517549.12
533,2010-09-03,59.68,59.08,61.0,57.8,128597980.84
534,2010-09-06,59.08,58.2,59.18,56.9,95809772.36
535,2010-09-07,58.0,58.65,59.58,57.71,96352292.63
536,2010-09-08,58.66,59.33,59.4,58.03,72835365.75
537,2010-09-09,59.88,58.49,61.49,58.18,122629252.93
538,2010-09-10,58.41,61.81,62.46,58.2,153315240.57
539,2010-09-13,61.75,61.0,61.75,60.35,114509795.28
540,2010-09-15,60.69,58.6,61.48,58.4,111831335.91
541,2010-09-16,58.2,57.7,58.78,57.12,73115703.59
542,2010-09-17,58.18,58.4,59.35,57.5,64981432.46
543,2010-09-20,58.37,58.36,58.79,57.18,59834037.01
544,2010-09-21,58.11,58.4,58.84,57.19,46621758.0
545,2010-09-27,58.62,60.5,60.85,58.35,82773318.54
546,2010-09-28,60.01,60.3,61.0,59.88,71436874.26
547,2010-09-29,60.12,59.94,61.39,59.58,61197203.51
548,2010-09-30,59.94,61.76,61.76,59.5,92822921.83
549,2010-10-08,62.18,62.3,63.39,61.5,125739059.69
550,2010-10-11,62.18,59.5,62.28,58.71,171645608.46
551,2010-10-12,59.8,59.52,60.88,58.58,105285276.53
552,2010-10-13,59.1,58.65,59.33,57.9,81439035.51
553,2010-10-14,58.72,58.0,59.89,57.85,91788796.72
554,2010-10-15,58.01,55.7,58.66,55.7,157963287.32
555,2010-10-18,55.5,54.96,55.5,52.0,157378945.5
556,2010-10-19,32.08,34.14,34.48,32.08,121900817.59
557,2010-10-20,33.94,34.83,35.65,33.5,190485699.79
558,2010-10-21,35.27,34.85,35.3,34.17,94432655.25
559,2010-10-22,35.0,36.73,37.08,34.85,200579760.3
560,2010-10-25,37.02,37.18,37.98,36.36,217766505.0
561,2010-10-26,37.2,36.99,37.45,36.2,144711833.51
562,2010-10-27,37.12,37.86,38.7,37.12,198529142.52
563,2010-10-28,37.88,37.39,38.2,37.25,118161818.19
564,2010-10-29,37.4,36.46,37.58,36.12,171836418.23
565,2010-11-01,36.8,37.8,37.98,36.25,214325941.72
566,2010-11-02,37.78,37.0,38.0,36.75,179850117.48
567,2010-11-03,36.41,36.1,36.99,36.0,97820860.51
568,2010-11-04,36.1,37.11,37.24,35.95,98958328.82
569,2010-11-05,37.25,37.84,37.98,36.87,159774490.65
570,2010-11-08,37.9,40.62,40.76,37.9,279051577.64
571,2010-11-09,40.63,40.5,41.58,40.3,199636480.75
572,2010-11-10,40.3,41.52,42.5,39.5,175382722.09
573,2010-11-11,41.09,40.54,41.98,40.25,181122420.15
574,2010-11-12,40.44,37.36,40.44,37.28,195091166.8
575,2010-11-15,37.46,39.42,39.63,37.46,125797991.29
576,2010-11-16,39.5,38.32,40.2,37.8,160989551.81
577,2010-11-17,38.0,36.08,38.59,35.9,114934930.59
578,2010-11-18,36.3,37.13,37.29,36.2,67589783.02
579,2010-11-19,37.51,38.15,38.23,36.95,94981364.27
580,2010-11-22,37.9,38.65,39.29,37.48,105649683.33
581,2010-11-23,38.78,38.45,39.27,38.1,120909761.16
582,2010-11-24,38.42,40.1,40.2,38.38,144533264.84
583,2010-11-25,40.11,41.01,42.1,40.03,202407010.68
584,2010-11-26,40.6,40.45,40.65,39.79,109488865.74
585,2010-11-29,40.14,39.86,40.44,39.01,108218895.89
586,2010-11-30,39.51,38.54,39.86,37.0,122430414.44
587,2010-12-01,38.54,38.17,38.54,37.8,49131027.96
588,2010-12-02,38.71,38.25,38.75,38.17,47409620.18
589,2010-12-03,38.25,37.89,38.45,37.6,34728607.64
590,2010-12-06,38.32,37.68,38.32,37.35,37147410.33
591,2010-12-07,37.35,37.98,38.16,37.35,49935479.01
592,2010-12-08,37.99,37.6,38.05,37.55,49129938.44
593,2010-12-09,37.58,36.55,37.69,36.48,60717508.56
594,2010-12-10,36.55,36.66,37.0,36.3,45503924.96
595,2010-12-13,36.99,37.66,37.7,36.99,64484566.06
596,2010-12-14,37.7,37.95,38.1,37.51,51661481.57
597,2010-12-15,38.1,37.54,38.1,37.2,54193169.78
598,2010-12-16,37.54,37.51,37.93,37.21,42565885.64
599,2010-12-17,37.53,37.37,37.68,37.21,32280433.14
600,2010-12-20,37.38,36.6,37.67,35.95,52862712.18
601,2010-12-21,36.62,36.68,36.8,36.35,36757203.48
602,2010-12-22,36.69,36.06,36.8,35.95,63010390.77
603,2010-12-23,36.1,35.69,36.34,35.6,39321980.96
604,2010-12-24,35.65,34.12,35.65,33.71,54653073.61
605,2010-12-27,34.0,33.28,34.99,33.01,38458402.4
606,2010-12-28,33.0,32.82,33.2,32.44,36465159.52
607,2010-12-29,32.79,33.38,33.4,32.78,24783776.63
608,2010-12-30,33.49,34.2,34.47,33.11,34700245.4
609,2010-12-31,34.16,34.64,34.67,34.0,23409073.5
610,2011-01-04,34.7,34.24,34.89,33.71,46117978.06
611,2011-01-05,34.24,34.25,34.81,34.0,32464937.33
612,2011-01-06,34.1,33.32,34.38,33.28,37436938.7
613,2011-01-07,33.41,33.55,33.96,33.33,23375807.41
614,2011-01-10,33.49,32.87,33.79,32.75,28436291.82
615,2011-01-11,32.88,31.95,32.99,31.38,38278551.52
616,2011-01-12,32.01,32.43,32.43,31.75,19534741.48
617,2011-01-13,32.43,32.25,32.51,32.08,16676453.93
618,2011-01-14,32.21,32.7,33.47,32.05,35855163.13
619,2011-01-17,32.53,30.9,32.66,30.88,35364268.6
620,2011-01-18,30.3,30.53,30.79,30.3,20175173.44
621,2011-01-19,30.45,31.2,31.3,30.45,15875957.74
622,2011-01-20,31.18,29.85,31.24,29.81,29536951.54
623,2011-01-21,29.85,29.35,30.3,29.2,23308303.61
624,2011-01-24,29.03,27.9,29.4,27.71,34409591.51
625,2011-01-25,27.9,27.25,27.9,27.03,23773149.5
626,2011-01-26,27.25,28.28,28.28,27.25,32290839.72
627,2011-01-27,28.2,29.1,29.36,27.82,36271881.67
628,2011-01-28,29.19,29.9,30.33,29.0,38374478.59
629,2011-01-31,29.99,30.03,30.2,29.5,29883451.21
630,2011-02-01,30.1,30.12,30.42,30.0,17355619.98
631,2011-02-09,29.91,29.5,30.16,29.36,21338692.34
632,2011-02-10,29.48,31.19,31.23,29.12,43373526.22
633,2011-02-11,31.35,31.92,32.58,31.3,48769435.05
634,2011-02-14,32.27,32.14,32.76,32.0,41719929.21
635,2011-02-15,32.15,32.18,32.4,32.06,32554320.68
636,2011-02-16,32.11,32.89,33.0,32.0,42931818.61
637,2011-02-17,32.89,32.55,32.99,32.0,39142241.12
638,2011-02-18,32.55,32.25,32.65,32.01,24446597.25
639,2011-02-21,32.2,32.31,32.58,31.81,42894519.23
640,2011-02-22,32.32,31.08,32.38,31.0,50505950.79
641,2011-02-23,31.0,31.4,31.68,30.8,31364597.17
642,2011-02-24,31.4,31.61,31.7,31.06,25490612.3
643,2011-02-25,31.62,31.55,31.79,31.19,21789602.74
644,2011-02-28,31.66,32.0,32.0,31.6,35858918.29
645,2011-03-01,32.35,35.2,35.2,32.21,199002516.94
646,2011-03-02,35.35,34.9,35.37,33.96,118395776.41
647,2011-03-03,34.84,33.75,34.84,33.68,73030792.85
648,2011-03-04,33.85,34.25,34.4,33.6,53228190.79
649,2011-03-07,34.5,33.99,34.74,33.81,70624670.35
650,2011-03-08,33.98,33.99,34.18,33.5,47153092.17
651,2011-03-09,33.99,34.2,34.54,33.88,41002178.36
652,2011-03-10,34.03,33.78,34.05,33.68,39159499.47
653,2011-03-11,33.79,33.92,34.39,33.78,40828902.97
654,2011-03-14,33.51,35.35,35.69,33.51,95347001.47
655,2011-03-15,35.2,34.51,35.28,33.88,65424209.32
656,2011-03-16,34.51,35.49,35.95,34.51,107871833.63
657,2011-03-17,35.1,34.37,35.4,34.3,62528141.81
658,2011-03-18,34.6,34.12,34.99,33.95,36030732.47
659,2011-03-21,34.0,34.05,34.38,33.8,29340747.76
660,2011-03-22,34.05,33.0,34.05,32.7,51795181.81
661,2011-03-23,33.0,33.1,33.39,32.6,33550017.26
662,2011-03-24,33.15,32.99,33.35,32.9,34990275.0
663,2011-03-25,32.9,33.13,33.33,32.65,36609449.83
664,2011-03-28,33.14,32.5,33.45,32.49,46345841.02
665,2011-03-29,32.61,31.18,32.78,31.01,56714655.19
666,2011-03-30,30.87,31.57,31.86,30.8,29271157.05
667,2011-03-31,31.6,30.6,31.6,30.45,37642838.19
668,2011-04-01,30.6,30.8,31.16,30.6,20482064.91
669,2011-04-06,30.8,30.73,31.19,30.4,25620909.43
670,2011-04-07,30.73,30.75,30.75,30.27,25803892.17
671,2011-04-08,30.72,31.5,31.55,30.6,33044194.25
672,2011-04-11,31.5,31.04,31.85,31.0,29562117.71
673,2011-04-12,31.0,30.55,31.47,30.51,26348881.86
674,2011-04-13,30.55,31.11,31.23,30.33,22504958.08
675,2011-04-14,31.2,30.88,31.2,30.85,17054398.47
676,2011-04-15,31.0,30.5,31.17,30.4,20797025.91
677,2011-04-18,30.5,30.0,30.8,29.78,34879984.71
678,2011-04-19,30.0,29.7,30.0,29.41,26056286.77
679,2011-04-20,29.7,31.02,31.2,29.7,35860009.78
680,2011-04-22,31.09,30.55,31.09,30.41,20925726.28
681,2011-04-25,29.6,27.59,29.6,27.5,87188991.12
682,2011-04-26,27.0,27.9,28.21,26.5,37585508.91
683,2011-04-27,27.9,27.23,27.9,27.02,16111722.68
684,2011-04-28,27.05,26.76,27.63,26.64,19627794.23
685,2011-04-29,26.8,27.23,27.36,26.7,10036139.09
686,2011-05-03,27.3,27.48,27.6,27.18,10350530.75
687,2011-05-04,27.49,26.99,27.57,26.9,11674087.22
688,2011-05-05,26.9,27.41,27.56,26.66,8906269.7
689,2011-05-06,27.41,27.46,27.77,26.89,9975144.3
690,2011-05-09,27.31,27.62,27.7,27.31,17483701.02
691,2011-05-10,27.46,27.43,27.7,27.32,10293179.13
692,2011-05-11,27.43,27.44,27.66,27.3,11498101.69
693,2011-05-12,27.3,26.59,27.35,26.4,18308746.58
694,2011-05-13,26.0,26.29,26.59,25.98,21859368.52
695,2011-05-16,26.35,26.32,26.58,26.29,11111976.78
696,2011-05-17,26.55,26.38,26.55,25.8,13396592.2
697,2011-05-18,26.38,26.39,26.54,26.12,7768927.25
698,2011-05-19,26.44,26.64,26.73,26.36,11336510.98
699,2011-05-20,26.65,26.46,26.73,26.42,7900918.44
700,2011-05-23,26.46,25.68,26.5,25.5,15959241.51
701,2011-05-24,25.4,24.77,25.44,24.31,13940129.69
702,2011-05-25,24.77,24.5,24.94,24.46,16141327.43
703,2011-05-26,24.56,24.47,24.9,24.45,8724006.64
704,2011-05-27,24.7,24.75,24.8,23.77,41523127.52
705,2011-05-30,24.75,24.6,24.85,24.52,14696482.82
706,2011-05-31,24.5,24.67,24.7,23.91,12787676.86
707,2011-06-01,24.66,25.33,25.69,24.31,31146191.03
708,2011-06-02,25.1,24.35,25.1,24.1,20243054.67
709,2011-06-03,24.25,24.69,24.79,24.25,10206737.43
710,2011-06-07,24.78,24.88,25.15,24.51,11859674.02
711,2011-06-08,24.6,24.89,24.99,24.54,9172026.64
712,2011-06-09,24.71,24.06,24.84,24.05,11485586.33
713,2011-06-13,24.01,23.41,24.01,22.88,16852161.37
714,2011-06-14,23.39,23.59,23.84,23.05,8603604.85
715,2011-06-15,23.5,23.28,23.78,23.22,8728737.12
716,2011-06-16,23.26,22.36,23.26,22.36,13451905.13
717,2011-06-17,22.37,22.39,23.0,22.37,9877830.3
718,2011-06-20,22.35,21.52,22.38,20.85,19165746.07
719,2011-06-21,21.39,21.23,21.51,20.95,15092254.42
720,2011-06-22,21.36,22.55,22.75,21.24,32684096.21
721,2011-06-23,22.4,22.9,23.05,22.0,25567011.95
722,2011-06-24,22.89,23.96,24.14,22.65,29991927.64
723,2011-06-27,23.77,24.03,24.87,23.66,34073806.99
724,2011-06-28,24.21,23.84,24.35,23.47,29943179.05
725,2011-06-29,23.92,23.69,23.92,23.28,22287928.88
726,2011-06-30,23.25,23.8,23.85,23.25,20262678.02
727,2011-07-01,23.8,23.82,23.82,23.4,18727380.93
728,2011-07-04,23.88,24.25,24.28,23.74,25433785.08
729,2011-07-05,24.26,24.5,24.5,24.02,26610298.34
730,2011-07-06,24.47,24.55,24.59,24.25,18457125.35
731,2011-07-07,24.56,24.59,24.8,24.3,26078214.67
732,2011-07-08,24.5,24.4,24.67,24.16,21422095.74
733,2011-07-11,24.2,24.43,24.6,24.2,13034660.71
734,2011-07-12,24.3,23.67,24.3,23.66,19583336.88
735,2011-07-13,23.87,26.04,26.04,23.8,93832985.1
736,2011-07-14,26.25,26.64,26.94,26.25,130109490.67
737,2011-07-15,26.7,28.2,28.28,26.42,137444515.77
738,2011-07-18,29.5,31.02,31.02,29.4,139231882.83
739,2011-07-19,32.0,30.6,32.09,29.96,269930850.93
740,2011-07-20,30.7,30.6,30.85,29.8,121179587.84
741,2011-07-21,30.01,30.2,30.5,29.51,95514423.47
742,2011-07-22,30.2,30.73,31.47,30.11,162746462.09
743,2011-07-25,30.06,28.64,30.1,27.9,116091480.52
744,2011-07-26,28.65,29.25,29.4,28.5,44108132.58
745,2011-07-27,29.18,29.42,29.87,28.81,56452178.11
746,2011-07-28,29.0,28.28,29.1,27.83,47454402.86
747,2011-07-29,28.29,29.07,29.17,28.06,49390952.87
748,2011-08-01,28.8,28.13,28.8,28.0,48025220.3
749,2011-08-02,28.01,27.37,28.01,26.58,54718174.83
750,2011-08-03,27.0,27.35,27.36,26.48,53908453.3
751,2011-08-04,27.4,27.4,27.77,27.17,39212741.65
752,2011-08-05,26.2,26.4,26.78,26.01,38929625.44
753,2011-08-08,26.05,25.41,27.09,25.0,42788400.51
754,2011-08-09,24.58,25.11,25.27,23.5,38274374.47
755,2011-08-10,25.51,25.31,26.2,25.26,32654299.81
756,2011-08-11,24.8,27.84,27.84,24.4,67700403.29
757,2011-08-12,28.14,27.63,28.14,27.28,75379411.0
758,2011-08-15,27.53,27.42,27.77,27.03,60608192.0
759,2011-08-16,27.46,27.0,27.65,26.89,44066059.0
760,2011-08-17,26.81,27.03,27.26,26.7,25559357.0
761,2011-08-18,26.82,26.08,27.12,26.08,24310989.0
762,2011-08-19,25.69,26.81,27.48,25.29,47308109.0
763,2011-08-22,26.85,27.15,27.7,26.85,63749567.0
764,2011-08-23,27.24,28.33,29.81,27.24,85514436.0
765,2011-08-24,28.28,28.34,29.0,27.89,62951448.0
766,2011-08-25,28.36,28.6,28.85,28.06,42002492.0
767,2011-08-26,28.6,28.69,29.0,28.3,43287235.0
768,2011-08-29,28.4,29.24,29.78,28.09,73574160.0
769,2011-08-30,28.95,29.0,29.54,28.95,62523185.0
770,2011-08-31,28.81,28.3,29.1,28.2,37330476.0
771,2011-09-01,28.33,27.95,28.65,27.95,23392631.0
772,2011-09-02,27.95,27.35,28.3,27.32,23566628.0
773,2011-09-05,26.85,26.78,27.19,26.5,19193368.0
774,2011-09-06,26.45,25.57,27.2,25.48,28786714.0
775,2011-09-07,25.88,26.43,26.5,25.71,17954686.0
776,2011-09-08,26.69,26.7,27.32,26.5,21263659.0
777,2011-09-09,26.8,26.38,26.94,26.2,21041403.0
778,2011-09-13,26.1,25.47,26.1,25.3,16141164.0
779,2011-09-14,25.7,26.16,26.17,25.09,12893770.0
780,2011-09-15,25.81,26.39,26.86,25.81,30317421.0
781,2011-09-16,26.5,26.45,26.91,26.35,16015005.0
782,2011-09-19,26.45,25.9,26.45,25.79,8499094.0
783,2011-09-20,25.9,26.49,26.55,25.8,14934694.0
784,2011-09-21,26.21,27.35,27.37,26.19,30276842.0
785,2011-09-22,27.15,26.3,27.47,26.26,26259081.0
786,2011-09-23,25.52,26.1,26.59,25.51,12445272.0
787,2011-09-26,26.0,25.39,26.47,25.3,13020123.0
788,2011-09-27,25.9,25.49,25.9,25.09,19039121.0
789,2011-09-28,25.52,25.21,25.78,25.14,11939075.0
790,2011-09-29,25.01,24.05,25.2,24.0,14803783.0
791,2011-09-30,24.05,24.08,24.4,24.01,10558406.0
792,2011-10-10,24.2,24.09,24.4,23.61,7177677.0
793,2011-10-11,24.95,24.02,25.13,24.0,19203702.0
794,2011-10-12,24.02,24.84,24.88,23.8,13848160.0
795,2011-10-13,24.83,25.07,25.2,24.65,12339315.0
796,2011-10-14,24.9,24.88,25.1,24.4,11232784.0
797,2011-10-17,24.96,24.64,25.16,24.54,8280444.0
798,2011-10-18,24.4,23.73,24.7,23.72,10705940.0
799,2011-10-19,23.75,24.5,24.68,23.21,25570156.0
800,2011-10-20,24.08,23.5,24.23,23.41,8997075.0
801,2011-10-21,23.3,23.52,23.8,22.5,22293189.0
802,2011-10-24,23.53,23.75,23.87,22.86,10498043.0
803,2011-10-25,23.92,24.02,24.19,23.6,19226136.0
804,2011-10-26,23.88,24.2,24.54,23.65,21711208.0
805,2011-10-27,24.55,24.6,25.3,24.55,31321176.0
806,2011-10-28,24.81,24.9,24.97,24.5,20862890.0
807,2011-10-31,24.95,24.7,24.96,24.59,11908751.0
808,2011-11-01,24.6,24.99,25.24,24.32,22055791.0
809,2011-11-02,24.77,25.65,25.7,24.45,45862989.0
810,2011-11-03,25.72,25.47,26.24,25.45,44414420.0
811,2011-11-04,25.5,25.44,25.76,25.2,19149419.0
812,2011-11-07,25.39,25.11,25.7,25.05,16633210.0
813,2011-11-08,25.22,25.08,25.3,25.01,13651561.0
814,2011-11-09,25.2,25.43,25.47,24.88,12340906.0
815,2011-11-10,25.3,25.76,25.9,25.01,45860071.0
816,2011-11-11,25.6,25.54,25.96,25.4,23529271.0
817,2011-11-14,25.75,26.09,26.24,25.6,26401463.0
818,2011-11-15,26.2,26.18,26.26,25.93,18278238.0
819,2011-11-16,26.05,25.3,26.2,25.04,21258508.0
820,2011-11-17,25.13,25.22,25.65,25.13,15007779.0
821,2011-11-18,25.02,24.24,25.19,23.7,24634953.0
822,2011-11-21,24.24,24.43,24.49,24.05,8417700.0
823,2011-11-22,24.24,24.35,24.45,23.88,5777729.0
824,2011-11-23,24.4,24.4,24.48,24.2,7370921.0
825,2011-11-24,24.33,24.2,24.6,24.03,21435045.0
826,2011-11-25,24.2,23.81,24.38,23.81,9629298.0
827,2011-11-28,23.75,23.57,24.0,23.4,8873004.0
828,2011-11-29,23.85,24.0,24.2,23.77,40569625.0
829,2011-11-30,24.1,23.07,24.39,22.7,26601583.0
830,2011-12-01,23.66,23.87,24.29,23.37,26575617.0
831,2011-12-02,23.79,24.15,24.4,23.71,23790257.0
832,2011-12-05,23.96,23.29,24.1,23.2,16101083.0
833,2011-12-06,23.3,23.57,23.6,23.09,6742072.0
834,2011-12-07,23.31,23.53,23.75,23.31,6598859.0
835,2011-12-08,23.4,23.53,23.73,23.15,9269418.0
836,2011-12-09,23.36,23.52,23.76,23.3,8831441.0
837,2011-12-12,23.52,23.07,23.72,23.05,6435578.0
838,2011-12-13,23.06,23.81,23.94,22.35,32299712.0
839,2011-12-14,23.49,23.9,24.13,23.33,19158581.0
840,2011-12-15,23.66,23.84,24.3,23.59,23039054.0
841,2011-12-16,23.95,24.16,24.16,23.11,23796877.0
842,2011-12-19,24.05,23.98,24.07,23.36,21672180.0
843,2011-12-20,24.13,24.0,24.2,23.78,18486119.0
844,2011-12-21,24.18,23.8,24.29,23.2,27331859.0
845,2011-12-22,23.1,23.79,24.2,23.03,18578794.0
846,2011-12-23,23.52,23.77,23.87,23.12,11204396.0
847,2011-12-26,23.96,24.56,25.75,23.9,64302438.0
848,2011-12-27,24.22,23.79,24.29,23.1,32860814.0
849,2011-12-28,23.48,23.8,23.87,23.12,19037689.0
850,2011-12-29,23.7,23.86,23.95,23.39,13349768.0
851,2011-12-30,23.94,23.94,24.18,23.62,15258750.0
852,2012-01-04,24.0,23.93,24.25,23.6,20754368.0
853,2012-01-05,23.61,24.5,24.5,23.0,35625697.0
854,2012-01-06,24.07,24.39,24.48,23.56,15927288.0
855,2012-01-09,24.01,24.95,24.98,24.01,30676046.0
856,2012-01-10,24.9,25.29,25.5,24.67,35398813.0
857,2012-01-11,25.29,25.13,25.35,24.95,24876589.0
858,2012-01-12,25.1,25.04,25.23,24.7,20524981.0
859,2012-01-13,25.09,24.75,25.09,24.32,15491853.0
860,2012-01-16,24.41,24.35,24.79,23.9,19843801.0
861,2012-01-17,24.24,25.01,25.12,23.85,33502347.0
862,2012-01-18,25.01,24.6,25.35,24.13,25226205.0
863,2012-01-19,24.28,24.37,24.66,23.58,25673078.0
864,2012-01-20,23.81,24.07,24.21,23.8,15503565.0
865,2012-01-30,24.04,23.89,24.3,23.81,12457507.0
866,2012-01-31,23.84,23.73,23.88,23.61,7117203.0
867,2012-02-01,23.77,23.62,23.98,23.5,14106398.0
868,2012-02-02,23.63,23.82,23.82,23.25,20112499.0
869,2012-02-03,23.63,23.83,23.92,23.55,22408379.0
870,2012-02-06,23.85,23.97,23.99,23.72,18960534.0
871,2012-02-07,23.95,23.72,23.95,23.35,18358890.0
872,2012-02-08,23.68,23.88,23.89,23.51,29761792.0
873,2012-02-09,23.94,24.02,24.19,23.8,38545778.0
874,2012-02-10,24.01,23.94,24.28,23.82,33372998.0
875,2012-02-13,23.74,23.94,24.24,23.51,32179624.0
876,2012-02-14,24.0,24.49,24.59,23.9,58075961.0
877,2012-02-15,24.4,24.57,24.58,24.25,45472464.0
878,2012-02-16,24.57,24.21,24.66,24.07,43700330.0
879,2012-02-17,24.2,24.24,24.38,24.08,25524313.0
880,2012-02-20,24.4,24.28,24.52,24.22,33278843.0
881,2012-02-21,24.25,24.25,24.33,23.81,27596015.0
882,2012-02-22,24.25,24.68,24.8,24.25,59378605.0
883,2012-02-23,24.72,24.75,24.82,24.46,39355336.0
884,2012-02-24,24.8,25.13,25.35,24.68,53621524.0
885,2012-02-27,25.15,25.05,25.46,25.01,42855953.0
886,2012-02-28,25.05,24.96,25.12,24.67,32357702.0
887,2012-02-29,24.91,25.24,25.59,24.75,46950820.0
888,2012-03-01,25.1,25.03,25.3,24.95,34174485.0
889,2012-03-02,25.0,25.53,25.54,24.9,44539000.0
890,2012-03-05,25.6,25.59,26.11,25.37,52557881.0
891,2012-03-06,25.57,25.1,25.71,25.1,40781566.0
892,2012-03-07,24.96,24.92,25.27,24.8,29397370.0
893,2012-03-08,25.01,25.12,25.21,24.91,20671043.0
894,2012-03-09,25.2,25.46,25.52,25.0,39514642.0
895,2012-03-12,25.42,28.01,28.01,25.32,210567125.0
896,2012-03-13,28.43,29.06,29.17,28.03,234348172.0
897,2012-03-14,28.7,27.6,28.9,27.3,166030392.0
898,2012-03-15,27.73,27.69,28.2,27.46,115093602.0
899,2012-03-16,27.8,28.36,28.48,27.5,89874691.0
900,2012-03-19,28.06,28.02,28.2,27.55,63548522.0
901,2012-03-20,27.89,27.12,27.89,27.1,63306769.0
902,2012-03-21,27.08,26.96,27.43,26.6,39621823.0
903,2012-03-22,27.18,27.19,27.4,26.83,31419401.0
904,2012-03-23,27.35,26.77,27.35,26.56,30196525.0
905,2012-03-26,27.07,27.27,27.93,26.78,61524974.0
906,2012-03-27,27.29,26.81,27.45,26.75,32388967.0
907,2012-03-28,26.75,25.66,26.99,25.27,58171029.0
908,2012-03-29,26.0,26.0,26.66,25.75,49174438.0
909,2012-03-30,25.99,25.6,26.2,25.28,23425541.0
910,2012-04-05,25.67,26.22,26.35,25.4,20429961.0
911,2012-04-06,26.1,26.4,26.72,26.01,29044696.0
912,2012-04-09,26.38,25.9,26.55,25.9,17131753.0
913,2012-04-10,25.94,25.87,26.0,25.21,25403669.0
914,2012-04-11,26.2,26.64,27.89,26.11,122485104.0
915,2012-04-12,26.4,26.67,26.76,26.12,57573597.0
916,2012-04-13,26.7,26.73,27.18,26.49,52844081.0
917,2012-04-16,26.5,26.42,26.73,26.25,26853123.0
918,2012-04-17,26.41,26.59,27.16,26.34,44151574.0
919,2012-04-18,26.72,26.81,26.89,26.1,41973248.0
920,2012-04-20,26.94,27.19,27.2,26.73,49739568.0
921,2012-04-23,27.14,26.93,27.44,26.85,39624678.0
922,2012-04-24,26.73,26.36,27.12,26.0,33279822.0
923,2012-04-25,25.7,24.98,25.7,24.32,78785743.0
924,2012-04-26,24.88,24.76,24.98,24.53,27372392.0
925,2012-04-27,24.77,24.91,25.0,24.66,17486928.0
926,2012-05-02,25.58,25.33,25.68,25.19,25997989.0
927,2012-05-03,25.2,25.58,25.59,25.2,17863179.0
928,2012-05-04,25.55,26.22,26.24,25.45,31205587.0
929,2012-05-07,26.3,27.28,27.89,26.3,79515622.0
930,2012-05-08,14.63,14.52,14.8,14.4,41302816.0
931,2012-05-09,14.5,14.1,14.5,14.01,27030128.0
932,2012-05-11,14.2,14.21,14.31,14.08,22571081.0
933,2012-05-14,14.38,14.21,14.52,14.17,23923340.0
934,2012-05-15,14.2,14.08,14.21,13.9,21589225.0
935,2012-05-16,13.96,13.93,14.13,13.9,14185002.0
936,2012-05-17,13.94,14.05,14.05,13.81,17251977.0
937,2012-05-18,13.95,13.68,13.95,13.58,25990853.0
938,2012-05-21,13.65,13.46,13.8,13.4,13195371.0
939,2012-05-22,13.53,13.7,13.79,13.53,11888214.0
940,2012-05-23,13.7,13.75,13.85,13.63,13071759.0
941,2012-05-24,13.8,13.56,13.82,13.55,13586640.0
942,2012-05-25,13.52,13.19,13.67,13.18,17159038.0
943,2012-05-28,13.13,13.41,13.59,12.8,18075896.0
944,2012-05-29,13.36,13.54,13.73,13.36,13964368.0
945,2012-05-30,13.54,13.78,14.25,13.54,26253525.0
946,2012-05-31,13.62,13.9,14.2,13.49,25632265.0
947,2012-06-01,13.8,13.8,14.05,13.67,13766593.0
948,2012-06-04,13.65,13.33,13.68,13.23,17213148.0
949,2012-06-05,13.32,13.39,13.6,13.3,9451950.0
950,2012-06-06,13.39,13.28,13.55,13.2,8742978.0
951,2012-06-07,13.4,13.11,13.5,13.07,9500405.0
952,2012-06-08,13.24,12.91,13.41,12.9,11781589.0
953,2012-06-11,12.91,13.1,13.17,12.88,7641145.0
954,2012-06-12,13.1,13.24,13.27,12.95,8798143.0
955,2012-06-13,13.33,13.35,13.36,13.13,11589564.0
956,2012-06-14,13.4,13.33,13.48,13.15,12331502.0
957,2012-06-15,13.38,13.56,13.66,13.27,20377519.0
958,2012-06-18,13.66,13.58,13.66,13.5,13976751.0
959,2012-06-19,13.58,13.81,13.98,13.5,36949326.0
960,2012-06-20,13.87,13.42,13.89,13.38,22312654.0
961,2012-06-21,13.6,13.62,13.97,13.5,29619028.0
962,2012-06-25,13.35,13.0,13.35,12.96,20111761.0
963,2012-06-26,13.0,12.91,13.02,12.77,11598679.0
964,2012-06-27,12.91,12.9,13.06,12.8,9188808.0
965,2012-06-28,13.0,13.03,13.34,13.0,25668085.0
966,2012-06-29,13.05,13.51,13.53,12.99,34588892.0
967,2012-07-02,13.6,13.55,13.7,13.42,21528568.0
968,2012-07-03,13.55,13.68,13.76,13.44,23677085.0
969,2012-07-04,13.68,13.53,13.7,13.41,18026835.0
970,2012-07-05,13.44,13.13,13.5,13.1,14479206.0
971,2012-07-06,13.2,13.43,13.48,13.0,17594725.0
972,2012-07-09,13.25,13.21,13.55,13.21,18970750.0
973,2012-07-10,13.19,13.08,13.2,13.0,11109107.0
974,2012-07-11,13.02,13.15,13.16,13.0,10442606.0
975,2012-07-12,13.18,13.34,13.48,13.06,18567841.0
976,2012-07-13,13.44,13.46,13.54,13.32,19003650.0
977,2012-07-16,13.46,13.1,13.57,13.08,22306702.0
978,2012-07-17,13.1,13.29,13.39,12.95,21250894.0
979,2012-07-18,13.27,13.2,13.29,13.04,12345811.0
980,2012-07-19,13.2,13.36,13.47,13.18,17125540.0
981,2012-07-20,13.4,13.31,13.45,13.25,10150878.0
982,2012-07-23,13.3,13.3,13.36,13.11,8029857.0
983,2012-07-24,13.21,13.3,13.4,13.13,9656592.0
984,2012-07-25,13.21,13.28,13.39,13.21,8887239.0
985,2012-07-26,13.28,13.35,13.4,13.21,12196638.0
986,2012-07-27,13.35,12.86,13.41,12.85,27683669.0
987,2012-07-30,12.71,12.14,12.82,12.0,23112035.0
988,2012-07-31,12.26,12.3,12.3,11.9,14713078.0
989,2012-08-01,12.17,12.23,12.39,12.15,10109769.0
990,2012-08-02,12.22,12.09,12.28,12.05,5728977.0
991,2012-08-03,12.1,12.28,12.3,12.1,7525808.0
992,2012-08-06,12.15,12.43,12.46,12.15,11947133.0
993,2012-08-07,12.44,12.53,12.58,12.37,14408576.0
994,2012-08-08,12.47,12.45,12.58,12.43,9848830.0
995,2012-08-09,12.48,12.7,12.78,12.44,14839244.0
996,2012-08-10,12.71,12.77,12.83,12.52,20654649.0
997,2012-08-13,12.71,12.49,12.76,12.4,13431763.0
998,2012-08-14,12.54,12.6,12.65,12.42,10328497.0
999,2012-08-15,12.59,12.31,12.64,12.3,11896497.0
1000,2012-08-16,12.3,12.18,12.35,12.17,6846657.0
1001,2012-08-17,12.22,12.15,12.25,12.07,7818202.0
1002,2012-08-20,12.15,12.14,12.2,12.02,6905783.0
1003,2012-08-21,12.1,12.45,12.49,12.1,17120584.0
1004,2012-08-22,12.57,12.46,12.67,12.33,16418820.0
1005,2012-08-23,12.46,12.57,12.59,12.39,15482110.0
1006,2012-08-24,12.56,12.34,12.64,12.34,12297029.0
1007,2012-08-27,12.12,12.34,12.43,12.12,12025075.0
1008,2012-08-28,12.33,12.38,12.48,12.31,6619249.0
1009,2012-08-29,12.4,12.39,12.46,12.26,7381669.0
1010,2012-08-30,12.38,12.52,12.76,12.34,20535232.0
1011,2012-08-31,12.46,12.48,12.6,12.39,8859265.0
1012,2012-09-03,12.48,12.61,12.64,12.38,11896921.0
1013,2012-09-04,12.65,12.43,12.66,12.4,11056302.0
1014,2012-09-05,12.42,12.5,12.61,12.42,11066560.0
1015,2012-09-06,12.5,12.5,12.6,12.46,9021929.0
1016,2012-09-07,12.59,12.85,12.97,12.51,33373096.0
1017,2012-09-10,12.88,12.82,12.9,12.65,22333943.0
1018,2012-09-11,12.81,13.18,13.23,12.71,42102083.0
1019,2012-09-12,13.2,13.18,13.29,13.0,29547481.0
1020,2012-09-13,13.18,13.07,13.3,13.03,20871153.0
1021,2012-09-14,13.13,12.97,13.26,12.86,21332885.0
1022,2012-09-17,12.92,12.63,12.98,12.61,15235943.0
1023,2012-09-18,12.84,12.85,12.95,12.71,15512764.0
1024,2012-09-19,12.97,12.96,13.08,12.82,15111239.0
1025,2012-09-20,12.89,12.32,12.89,12.2,18124653.0
1026,2012-09-21,12.3,12.16,12.47,12.03,10495769.0
1027,2012-09-24,12.16,12.35,12.43,12.02,10102423.0
1028,2012-09-25,12.28,12.33,12.37,12.22,6047693.0
1029,2012-09-26,12.35,12.38,12.4,12.12,9634667.0
1030,2012-09-27,12.41,12.52,12.55,12.32,13495267.0
1031,2012-09-28,12.35,12.55,12.58,12.35,12760762.0
1032,2012-10-08,12.55,12.47,12.55,12.41,7655476.0
1033,2012-10-09,12.52,12.7,12.8,12.5,14879790.0
1034,2012-10-10,12.59,12.73,12.78,12.59,11693049.0
1035,2012-10-11,12.7,12.6,12.9,12.59,11197763.0
1036,2012-10-12,12.72,12.59,12.75,12.52,6813045.0
1037,2012-10-15,12.65,12.45,12.65,12.42,6210959.0
1038,2012-10-16,12.4,12.39,12.57,12.35,10400298.0
1039,2012-10-17,12.45,12.46,12.49,12.35,5604000.0
1040,2012-10-18,12.44,12.57,12.64,12.44,9398370.0
1041,2012-10-19,12.65,12.84,13.0,12.6,27711795.0
1042,2012-10-22,12.77,12.87,12.96,12.75,14377544.0
1043,2012-10-23,12.81,12.59,12.97,12.58,13441634.0
1044,2012-10-24,12.55,12.69,12.69,12.5,6461044.0
1045,2012-10-25,12.96,13.16,13.78,12.96,68691578.0
1046,2012-10-26,13.06,13.83,14.03,13.0,102300037.0
1047,2012-10-29,13.8,13.8,14.12,13.47,66551509.0
1048,2012-10-30,13.7,13.5,13.75,13.39,42401745.0
1049,2012-10-31,13.42,14.2,14.2,13.41,83553238.0
1050,2012-11-01,14.2,14.19,14.37,13.91,74060523.0
1051,2012-11-02,14.1,14.03,14.14,13.88,42474883.0
1052,2012-11-05,13.91,13.72,14.04,13.5,43674559.0
1053,2012-11-06,13.72,13.5,13.74,13.25,35219596.0
1054,2012-11-07,13.49,13.61,13.7,13.35,21767679.0
1055,2012-11-08,13.5,13.03,13.51,12.98,29601651.0
1056,2012-11-09,13.03,13.06,13.24,13.03,14059465.0
1057,2012-11-12,13.06,13.08,13.26,12.9,14940362.0
1058,2012-11-13,13.08,12.6,13.11,12.5,24665477.0
1059,2012-11-14,12.5,12.66,12.75,12.5,16870135.0
1060,2012-11-15,12.51,12.6,12.77,12.5,9716638.0
1061,2012-11-16,12.56,12.75,12.81,12.56,15729560.0
1062,2012-11-19,12.69,12.8,12.8,12.41,17232452.0
1063,2012-11-20,12.7,12.73,12.85,12.6,9610264.0
1064,2012-11-21,12.73,12.99,13.03,12.66,16144311.0
1065,2012-11-22,12.89,12.92,12.97,12.81,11974322.0
1066,2012-11-23,12.92,12.93,13.03,12.81,12867506.0
1067,2012-11-26,12.88,12.85,12.95,12.72,9546262.0
1068,2012-11-27,12.8,12.69,12.8,12.3,15304138.0
1069,2012-11-28,12.41,12.7,12.7,12.32,13347537.0
1070,2012-11-29,12.5,12.46,12.75,12.46,9275381.0
1071,2012-11-30,12.4,12.51,12.7,12.4,5330525.0
1072,2012-12-03,12.51,11.91,12.54,11.83,13014244.0
1073,2012-12-04,11.88,12.3,12.3,11.61,31936706.0
1074,2012-12-05,12.22,12.93,13.07,12.2,45735070.0
1075,2012-12-06,12.76,12.92,13.15,12.76,14762089.0
1076,2012-12-07,12.93,13.32,13.33,12.81,38323967.0
1077,2012-12-10,13.2,13.34,13.45,13.11,21320537.0
1078,2012-12-11,13.43,13.2,13.43,13.16,14651608.0
1079,2012-12-12,13.16,13.2,13.28,13.02,12487485.0
1080,2012-12-13,13.19,13.09,13.2,12.96,11335025.0
1081,2012-12-14,13.0,13.47,13.5,12.91,29138289.0
1082,2012-12-17,13.4,13.49,13.5,13.26,21417193.0
1083,2012-12-18,13.5,13.35,13.54,13.28,20071631.0
1084,2012-12-19,13.29,13.2,13.37,13.11,15254345.0
1085,2012-12-20,13.2,13.19,13.25,12.97,14309472.0
1086,2012-12-21,13.19,13.26,13.3,13.11,14550151.0
1087,2012-12-24,13.26,13.47,13.7,13.21,33526432.0
1088,2012-12-25,13.42,13.62,13.64,13.36,25729155.0
1089,2012-12-26,13.74,13.64,13.74,13.5,18696062.0
1090,2012-12-27,13.65,13.68,13.96,13.6,27600412.0
1091,2012-12-28,13.7,13.73,13.79,13.5,24611148.0
1092,2012-12-31,13.72,13.62,13.78,13.54,14494321.0
1093,2013-01-04,13.7,13.57,13.74,13.43,16406808.0
1094,2013-01-07,13.78,14.31,14.69,13.78,64432930.0
1095,2013-01-08,14.2,15.74,15.74,14.11,171642687.0
1096,2013-01-09,16.16,15.41,16.18,15.3,113117092.0
1097,2013-01-10,15.51,15.6,15.75,15.37,67709999.0
1098,2013-01-11,15.42,15.32,15.55,15.15,61960853.0
1099,2013-01-14,15.12,15.86,16.1,15.12,76574786.0
1100,2013-01-15,15.8,16.01,16.25,15.7,76699196.0
1101,2013-01-16,16.02,15.59,16.04,15.46,49972144.0
1102,2013-01-17,15.6,15.51,15.82,15.38,41077291.0
1103,2013-01-18,15.55,15.6,15.69,15.42,26501172.0
1104,2013-01-21,15.58,15.41,15.65,15.21,36101358.0
1105,2013-01-22,15.5,15.55,15.65,15.35,34293967.0
1106,2013-01-23,15.4,15.37,15.57,15.15,21632792.0
1107,2013-01-24,15.49,15.46,15.69,15.34,29723847.0
1108,2013-01-25,15.45,15.92,16.2,15.45,55890022.0
1109,2013-01-28,15.75,16.1,16.14,15.75,48982739.0
1110,2013-01-29,16.08,16.56,16.68,15.96,72148995.0
1111,2013-01-30,16.57,17.57,17.98,16.44,102328332.0
1112,2013-01-31,17.57,17.64,17.94,17.2,71258942.0
1113,2013-02-01,17.5,17.2,17.6,17.12,50204662.0
1114,2013-02-04,17.15,16.93,17.46,16.65,42310559.0
1115,2013-02-05,16.8,17.2,17.39,16.69,34906572.0
1116,2013-02-06,17.2,17.12,17.28,16.8,27599284.0
1117,2013-02-07,17.17,17.16,17.7,17.11,24512114.0
1118,2013-02-08,17.1,17.43,17.51,17.1,24994646.0
1119,2013-02-18,17.55,17.39,17.68,17.31,17738784.0
1120,2013-02-19,17.3,16.97,17.51,16.73,35091221.0
1121,2013-02-20,16.97,17.71,17.92,16.83,51611282.0
1122,2013-02-21,17.75,18.28,18.45,17.38,95980034.0
1123,2013-02-22,18.21,18.1,18.36,17.95,39902242.0
1124,2013-02-25,17.99,18.51,18.52,17.99,42682528.0
1125,2013-02-26,18.45,18.1,18.9,17.64,59119799.0
1126,2013-02-27,18.09,18.0,18.37,17.8,20806299.0
1127,2013-02-28,17.9,18.21,18.28,17.76,19170474.0
1128,2013-03-01,18.22,18.45,18.64,18.22,25877727.0
1129,2013-03-04,18.46,18.21,18.94,18.05,48085044.0
1130,2013-03-05,18.4,18.88,18.89,18.31,37144649.0
1131,2013-03-06,19.25,19.2,19.9,19.1,82577100.0
1132,2013-03-07,18.95,18.3,19.44,18.07,63603553.0
1133,2013-03-08,18.3,19.6,19.95,18.3,105228112.0
1134,2013-03-11,19.57,19.5,19.93,19.01,35570805.0
1135,2013-03-12,19.28,19.03,19.73,18.69,40748274.0
1136,2013-03-13,18.94,19.1,19.19,18.4,30806146.0
1137,2013-03-14,19.12,19.05,19.37,18.85,33964253.0
1138,2013-03-15,19.04,18.98,19.45,18.81,37280242.0
1139,2013-03-18,18.95,19.21,19.33,18.83,45864553.0
1140,2013-03-19,19.25,19.89,19.95,18.98,74876100.0
1141,2013-03-20,19.9,19.89,19.93,19.5,65248413.0
1142,2013-03-21,19.9,20.1,20.2,19.82,46685076.0
1143,2013-03-22,20.12,20.18,20.49,20.08,40133216.0
1144,2013-03-25,20.11,21.05,21.09,20.11,75448299.0
1145,2013-07-02,22.8,20.86,22.8,20.05,209539159.0
1146,2013-07-03,20.78,22.95,22.95,20.6,220125392.0
1147,2013-07-04,23.0,23.03,24.33,22.68,299903552.0
1148,2013-07-05,22.75,22.58,23.99,22.33,139867396.0
1149,2013-07-08,22.38,21.08,22.38,20.6,105443032.0
1150,2013-07-09,21.06,20.99,21.34,20.5,80218411.0
1151,2013-07-10,21.18,21.41,21.9,20.66,101047873.0
1152,2013-07-11,21.41,22.23,22.65,21.01,110361680.0
1153,2013-07-12,22.3,22.89,23.5,22.04,109943212.0
1154,2013-07-15,22.89,23.15,23.3,22.68,73369381.0
1155,2013-07-16,23.0,23.19,23.35,22.38,62477634.0
1156,2013-07-17,23.0,22.0,23.0,21.95,61711993.0
1157,2013-07-18,22.19,22.36,22.5,21.6,42808550.0
1158,2013-07-19,22.35,21.54,22.47,21.51,38585594.0
1159,2013-07-22,21.3,21.45,21.53,20.78,44913291.0
1160,2013-07-23,21.46,21.88,21.99,21.14,37195652.0
1161,2013-07-24,21.79,23.07,23.27,21.79,105096718.0
1162,2013-07-25,23.0,22.26,23.14,22.02,58586570.0
1163,2013-07-26,22.09,22.48,22.76,22.01,41226811.0
1164,2013-07-29,22.42,21.75,22.47,21.63,34575380.0
1165,2013-07-30,21.73,20.94,22.09,20.87,32866630.0
1166,2013-07-31,20.99,21.19,21.43,20.77,35716555.0
1167,2013-08-01,21.2,21.63,21.66,20.91,38606983.0
1168,2013-08-02,21.4,21.52,21.78,21.4,32035742.0
1169,2013-08-05,21.5,21.57,21.67,21.17,26788196.0
1170,2013-08-06,21.55,21.59,21.7,21.41,33195098.0
1171,2013-08-07,21.73,22.6,22.7,21.73,81401116.0
1172,2013-08-08,22.3,22.77,23.02,22.3,67601097.0
1173,2013-08-09,22.77,22.72,23.27,22.65,57970094.0
1174,2013-08-12,22.61,22.28,22.9,22.06,55641651.0
1175,2013-08-13,22.24,23.15,23.15,22.11,53707667.0
1176,2013-08-14,23.18,22.77,23.41,22.52,46143822.0
1177,2013-08-15,22.6,21.98,22.76,21.91,47479683.0
1178,2013-08-16,21.98,22.08,22.43,21.88,42601781.0
1179,2013-08-19,22.08,22.91,23.0,21.6,60015775.0
1180,2013-08-20,22.72,23.36,23.38,22.72,78342376.0
1181,2013-08-21,23.37,23.69,24.0,23.0,83509470.0
1182,2013-08-22,23.54,24.16,24.2,23.4,60789969.0
1183,2013-08-23,24.16,24.6,24.67,23.61,75448356.0
1184,2013-08-26,24.59,24.61,24.77,24.34,57090222.0
1185,2013-08-27,24.56,24.81,25.28,23.87,63114698.0
1186,2013-08-28,24.6,24.76,25.3,24.24,53898792.0
1187,2013-08-29,24.39,25.0,25.28,24.39,53265812.0
1188,2013-08-30,25.0,24.82,25.5,24.76,51888626.0
1189,2013-09-02,24.9,24.4,25.17,24.15,48665666.0
1190,2013-09-03,24.45,24.95,24.98,24.18,37758931.0
1191,2013-09-04,24.98,24.17,24.98,24.13,27870024.0
1192,2013-09-05,24.17,24.15,24.4,24.1,25403552.0
1193,2013-09-06,24.18,24.93,25.0,24.18,42391844.0
1194,2013-09-09,24.96,24.56,25.2,24.3,31695884.0
1195,2013-09-10,24.57,24.49,24.86,24.28,22085560.0
1196,2013-09-11,24.49,25.33,25.48,24.32,47436164.0
1197,2013-09-12,25.33,25.14,25.68,24.91,52879109.0
1198,2013-09-13,25.15,25.2,25.44,24.9,28600671.0
1199,2013-09-16,25.25,24.93,25.42,24.77,27047557.0
1200,2013-09-17,24.8,25.2,25.21,23.8,59034437.0
1201,2013-09-18,25.15,25.29,25.33,24.47,23126701.0
1202,2013-09-23,25.44,25.45,25.5,25.11,19675768.0
1203,2013-09-24,25.44,26.95,26.99,25.44,83693634.0
1204,2013-09-25,27.16,26.94,27.49,26.44,42769531.0
1205,2013-09-26,26.94,26.53,26.95,26.3,32455707.0
1206,2013-09-27,26.59,27.2,27.2,26.28,68678322.0
1207,2013-09-30,27.34,27.39,27.8,26.73,50613076.0
1208,2013-10-08,27.4,27.14,27.4,26.68,39917528.0
1209,2013-10-18,24.43,26.58,26.7,24.43,285937712.0
1210,2013-10-21,26.13,27.03,27.1,25.29,119707390.0
1211,2013-10-22,27.01,27.08,27.78,26.66,60078179.0
1212,2013-10-23,27.08,27.11,27.15,26.5,67249333.0
1213,2013-10-24,27.11,27.64,27.78,26.56,61008086.0
1214,2013-10-25,27.64,26.69,27.88,26.51,35267567.0
1215,2013-10-28,26.32,26.99,27.11,24.33,55559650.0
1216,2013-10-29,26.88,27.33,27.55,26.32,74043601.0
1217,2013-10-30,27.33,27.05,27.33,26.85,20274948.0
1218,2013-10-31,26.96,26.89,27.2,26.75,32859841.0
1219,2013-11-01,26.8,26.96,27.07,26.65,26726973.0
1220,2013-11-08,26.9,28.62,29.08,26.1,161769704.0
1221,2013-11-11,28.61,28.8,29.05,28.01,80236194.0
1222,2013-11-12,28.8,28.93,29.18,28.41,46455392.0
1223,2013-11-13,28.93,28.52,29.0,28.5,16475196.0
1224,2013-11-14,28.3,28.31,28.83,28.3,14473697.0
1225,2013-11-15,28.31,29.48,29.66,28.1,48826361.0
1226,2013-11-18,29.5,30.01,30.03,29.2,29927177.0
1227,2013-11-19,30.05,29.99,30.15,29.7,14198076.0
1228,2013-11-20,29.98,31.9,32.23,29.8,68066208.0
1229,2013-11-21,31.9,31.07,31.9,30.8,48418651.0
1230,2013-11-22,31.07,31.14,31.38,30.85,26987560.0
1231,2013-11-25,31.15,30.64,31.29,30.31,40306096.0
1232,2013-11-26,30.64,30.93,31.2,30.45,25332746.0
1233,2013-11-27,30.92,30.33,30.92,29.6,50292036.0
1234,2013-11-28,30.33,30.29,30.52,30.0,25468309.0
1235,2013-11-29,30.31,31.65,31.65,30.31,195802385.0
1236,2013-12-02,31.31,31.84,32.59,30.69,63282399.0
1237,2013-12-03,31.8,32.64,32.76,31.08,54442976.0
1238,2013-12-04,32.3,33.68,34.48,32.3,72198248.0
1239,2013-12-05,33.98,37.05,37.05,33.54,177487919.0
1240,2013-12-06,37.8,38.7,40.76,37.01,264286262.0
1241,2013-12-09,38.73,41.13,41.95,38.7,332411680.0
1242,2013-12-10,40.02,40.84,41.01,37.13,149821158.0
1243,2013-12-11,40.0,39.9,41.0,38.8,106693600.0
1244,2013-12-12,39.0,39.22,39.87,38.71,135510944.0
1245,2013-12-13,38.8,43.14,43.14,38.78,220709757.0
1246,2013-12-16,43.05,44.52,46.3,41.31,201168001.0
1247,2013-12-17,44.56,48.0,48.97,43.5,327515088.0
1248,2013-12-18,48.16,47.8,49.33,46.0,235771924.0
1249,2013-12-19,47.0,52.58,52.58,46.84,371735184.0
1250,2013-12-20,52.6,51.5,56.26,50.21,552633152.0
1251,2013-12-23,51.49,54.21,55.0,47.0,443809104.0
1252,2013-12-24,53.74,53.8,56.47,51.86,393310048.0
1253,2013-12-25,52.5,52.7,55.03,51.61,286810064.0
1254,2013-12-26,52.6,51.55,54.2,51.12,227927418.0
1255,2013-12-27,51.4,48.58,52.0,48.0,259566580.0
1256,2013-12-30,48.4,46.75,48.4,45.54,255577648.0
1257,2013-12-31,46.48,47.5,47.69,45.88,209406564.0
1258,2014-01-02,46.51,47.6,48.29,46.17,143521828.0
1259,2014-01-10,47.86,49.44,51.3,46.66,284652384.0
1260,2014-01-13,48.12,47.93,49.5,47.55,116452170.0
1261,2014-01-14,47.16,48.91,49.49,44.8,156925862.0
1262,2014-01-15,48.48,48.54,49.49,47.69,69387089.0
1263,2014-01-16,48.43,47.5,49.77,47.0,90456659.0
1264,2014-01-17,47.0,47.6,47.96,45.37,112232467.0
1265,2014-01-20,47.02,45.97,47.56,45.11,61359847.0
1266,2014-01-21,45.32,44.9,45.7,43.4,132413076.0
1267,2014-01-22,44.9,45.08,46.23,44.71,66739520.0
1268,2014-01-23,45.17,45.69,46.45,45.0,66536964.0
1269,2014-01-24,45.69,45.92,46.3,45.22,78105513.0
1270,2014-01-27,45.37,46.1,46.57,44.87,91003891.0
1271,2014-01-28,46.49,45.91,46.49,45.56,29933716.0
1272,2014-01-29,45.9,47.31,47.33,45.58,60314919.0
1273,2014-01-30,47.37,49.12,51.8,47.0,78628114.0
1274,2014-02-07,49.15,49.97,51.0,48.81,58016473.0
1275,2014-02-10,50.1,50.02,50.68,49.4,59562118.0
1276,2014-02-11,50.0,49.4,50.18,48.06,81786760.0
1277,2014-02-12,49.89,53.88,54.0,48.6,140372913.0
1278,2014-02-13,53.89,54.02,56.0,53.89,144732572.0
1279,2014-02-14,54.0,55.38,55.6,53.0,104261448.0
1280,2014-02-17,55.3,55.0,56.3,54.65,74919858.0
1281,2014-02-18,54.45,53.4,54.8,51.89,141805519.0
1282,2014-02-19,53.28,50.91,53.28,50.81,106316583.0
1283,2014-02-20,51.2,49.89,51.91,49.36,61328013.0
1284,2014-02-21,49.75,50.4,51.2,49.5,70576121.0
1285,2014-02-24,49.85,50.0,50.7,49.7,58802629.0
1286,2014-02-25,50.0,48.1,50.74,47.31,66543426.0
1287,2014-02-26,47.38,48.84,49.03,47.38,63953745.0
1288,2014-02-27,48.83,49.01,49.8,48.2,33143335.0
1289,2014-02-28,48.88,48.79,49.5,47.5,28666051.0
1290,2014-03-03,48.5,48.43,49.5,48.05,29261404.0
1291,2014-03-04,48.36,48.0,48.89,48.0,29774346.0
1292,2014-03-05,48.0,47.8,48.5,47.58,19211725.0
1293,2014-03-06,47.8,47.86,47.99,47.6,22566073.0
1294,2014-03-07,48.3,52.65,52.65,48.3,115648119.0
1295,2014-03-10,52.66,51.55,53.5,50.5,68128566.0
1296,2014-03-11,52.6,50.86,52.6,49.27,57716097.0
1297,2014-03-12,50.86,50.56,50.86,49.5,30697027.0
1298,2014-03-13,50.2,52.2,52.62,49.73,60434019.0
1299,2014-03-14,51.87,50.3,52.2,50.0,31034749.0
1300,2014-03-17,49.82,50.29,50.89,49.5,27306245.0
1301,2014-03-18,50.3,50.53,50.8,50.0,40123807.0
1302,2014-03-19,50.53,50.99,50.99,50.0,26360689.0
1303,2014-03-20,51.0,51.82,53.0,51.0,62897841.0
1304,2014-03-21,52.38,53.0,53.2,49.96,97353294.0
1305,2014-03-24,53.0,51.45,53.18,51.45,53689610.0
1306,2014-03-25,51.33,50.8,51.33,50.06,23906589.0
1307,2014-03-26,50.8,51.58,51.86,50.5,25036218.0
1308,2014-03-27,51.56,50.5,51.95,50.11,28313899.0
1309,2014-03-28,50.1,50.18,50.8,48.5,25952365.0
1310,2014-03-31,50.18,50.71,50.97,49.52,40904924.0
1311,2014-04-01,50.22,50.8,50.9,50.22,14317342.0
1312,2014-04-02,50.5,50.0,50.98,49.91,24782521.0
1313,2014-04-03,50.02,50.01,50.59,49.95,22831731.0
1314,2014-04-04,50.01,50.64,50.88,49.7,18796844.0
1315,2014-04-08,50.21,50.25,50.93,50.0,19450382.0
1316,2014-04-09,50.27,50.63,50.67,49.8,56109641.0
1317,2014-04-10,50.63,55.69,55.69,50.39,247572267.0
1318,2014-04-11,58.0,57.11,58.02,56.05,164962552.0
1319,2014-04-14,57.97,54.65,57.97,54.0,68141508.0
1320,2014-04-15,55.0,55.5,55.84,53.81,60885214.0
1321,2014-04-16,55.16,54.1,56.0,53.8,39714737.0
1322,2014-04-17,54.06,53.89,55.78,53.6,53345996.0
1323,2014-04-18,54.01,59.28,59.28,53.6,174239812.0
1324,2014-04-21,60.0,59.0,62.67,58.35,116545008.0
1325,2014-04-22,59.8,59.0,59.8,57.9,101841199.0
1326,2014-04-23,59.45,62.5,63.73,58.6,197774378.0
1327,2014-04-24,62.38,61.66,62.38,59.9,98864897.0
1328,2014-04-25,61.6,63.01,63.01,58.5,111702242.0
1329,2014-04-28,62.02,64.75,66.3,61.5,119950205.0
1330,2014-04-29,64.5,68.38,69.3,63.3,151928805.0
1331,2014-04-30,67.0,67.0,68.98,66.5,117052319.0
1332,2014-05-05,66.4,65.54,68.5,65.06,77640791.0
1333,2014-05-06,65.12,64.86,66.57,64.46,78552435.0
1334,2014-05-07,65.15,65.85,66.5,64.2,57804539.0
1335,2014-05-08,65.85,67.2,70.69,65.72,119542764.0
1336,2014-05-09,67.4,64.28,67.4,64.0,101745909.0
1337,2014-05-12,64.28,70.71,70.71,64.28,316947552.0
1338,2014-05-13,71.2,67.33,71.21,67.15,127228427.0
1339,2014-05-14,67.33,64.9,67.45,64.9,100341909.0
1340,2014-05-15,64.91,67.4,68.56,63.0,129980429.0
1341,2014-05-16,66.29,67.0,67.7,65.41,81056525.0
1342,2014-05-19,66.0,64.94,69.34,64.93,116748082.0
1343,2014-05-20,64.51,64.6,65.5,63.5,114619419.0
1344,2014-05-21,63.82,63.68,65.49,63.58,102796142.0
1345,2014-05-22,63.5,62.96,64.78,62.7,82880203.0
1346,2014-05-23,62.58,63.3,63.47,62.0,48633535.0
1347,2014-06-10,63.3,64.03,68.99,63.1,117020005.0
1348,2014-06-11,64.36,64.02,66.2,64.01,131058127.0
1349,2014-06-12,64.25,63.3,64.33,60.88,106842647.0
1350,2014-09-25,34.82,34.82,34.82,34.82,10756524.0
1351,2014-09-26,38.3,38.3,38.3,38.3,30047613.0
1352,2014-09-29,41.0,41.55,42.13,37.32,485358816.0
1353,2014-09-30,41.35,43.81,45.48,40.95,351213520.0
1354,2014-10-08,43.95,43.95,44.75,42.98,251997326.0
1355,2014-10-09,43.88,42.56,43.9,42.5,242683646.0
1356,2014-10-10,42.52,41.56,42.52,40.8,173574071.0
1357,2014-10-13,41.56,41.87,42.0,41.0,203228051.0
1358,2014-10-14,42.04,44.2,44.88,41.8,242926476.0
1359,2014-10-15,43.99,44.2,44.6,43.01,249191931.0
1360,2014-10-16,43.6,43.29,44.8,43.08,140708768.0
1361,2014-10-17,43.05,43.79,44.16,42.97,142357844.0
1362,2014-10-20,43.79,42.91,43.99,42.78,119972846.0
1363,2014-10-21,42.96,43.51,43.54,42.65,103729402.0
1364,2014-10-22,43.16,43.55,43.91,43.02,75593051.0
1365,2014-10-23,43.12,43.92,44.55,42.55,171668707.0
1366,2014-10-24,43.89,46.02,47.0,43.52,225748363.0
1367,2014-10-27,45.3,46.29,46.98,45.1,138044773.0
1368,2014-10-28,46.37,46.28,46.68,45.4,143553217.0
1369,2014-10-29,46.3,46.52,46.96,46.0,173739469.0
1370,2014-10-30,46.66,49.88,51.0,46.52,302764224.0
1371,2014-10-31,49.88,48.75,49.89,48.15,217454227.0
1372,2014-11-03,48.6,48.66,49.52,48.01,177294683.0
1373,2014-11-04,48.12,47.32,48.8,47.3,160124380.0
1374,2014-11-05,47.2,46.25,47.7,46.01,106899051.0
1375,2014-11-06,46.37,47.43,47.96,46.05,116489859.0
1376,2014-11-07,47.03,46.65,47.45,46.62,80246862.0
1377,2014-11-10,46.4,46.92,47.0,46.1,68264580.0
1378,2014-11-11,47.38,45.99,47.39,45.88,91229154.0
1379,2014-11-12,45.98,46.55,47.15,45.68,70988648.0
1380,2014-11-13,46.55,46.89,46.99,46.4,65870909.0
1381,2014-11-14,46.91,48.13,48.4,46.5,107539920.0
1382,2014-11-17,47.95,47.31,48.46,46.8,141767166.0
1383,2014-11-18,47.1,46.1,47.32,46.1,91702832.0
1384,2014-11-19,46.4,45.54,46.83,45.51,137336270.0
1385,2014-12-02,45.75,47.5,49.97,45.75,539755952.0
1386,2014-12-03,47.5,46.3,47.5,45.85,283944288.0
1387,2014-12-04,46.69,46.72,47.5,46.14,254812681.0
1388,2014-12-05,46.51,45.6,46.51,45.51,219620969.0
1389,2014-12-08,45.59,46.28,46.85,43.75,291810464.0
1390,2014-12-09,46.1,46.51,47.0,45.5,203323508.0
1391,2014-12-10,46.96,47.9,48.8,46.61,216322549.0
1392,2014-12-11,47.9,47.05,48.4,46.76,139607558.0
1393,2014-12-12,47.13,47.18,47.76,46.77,82740592.0
1394,2014-12-15,47.49,47.2,47.62,46.95,140973931.0
1395,2014-12-16,47.2,47.1,47.9,46.8,132074989.0
1396,2014-12-17,47.1,46.18,47.47,46.05,146725621.0
1397,2014-12-18,46.1,45.53,46.62,45.5,177219338.0
1398,2014-12-19,45.55,44.5,46.09,44.5,144659634.0
1399,2014-12-22,44.65,43.91,44.7,43.15,204673469.0
1400,2014-12-23,43.4,44.27,44.85,43.39,247793006.0
1401,2014-12-24,44.26,44.49,44.56,44.16,199428064.0
1402,2014-12-25,44.47,44.68,45.49,44.31,106066424.0
1403,2014-12-26,44.55,44.9,45.13,44.0,126297526.0
1404,2014-12-29,44.87,44.25,45.4,44.22,95190952.0
1405,2014-12-30,44.26,44.0,45.07,44.0,120217904.0
1406,2014-12-31,44.0,45.11,45.21,43.9,98955866.0
1407,2015-01-05,45.09,45.62,45.75,44.7,89756213.0
1408,2015-01-06,45.62,45.48,45.8,44.61,79652755.0
1409,2015-01-07,45.56,44.45,45.56,44.39,84828451.0
1410,2015-01-08,44.41,44.72,45.2,44.1,105174775.0
1411,2015-01-09,44.55,45.5,46.08,43.0,195981911.0
1412,2015-01-12,45.5,45.13,45.83,44.5,81256409.0
1413,2015-01-13,45.15,45.64,45.8,44.88,112150154.0
1414,2015-01-14,45.64,45.0,45.8,44.72,105760173.0
1415,2015-01-15,45.3,44.1,45.65,43.95,113319380.0
1416,2015-01-16,44.1,44.45,44.78,43.59,124200245.0
1417,2015-01-19,44.03,45.03,45.74,43.82,175206328.0
1418,2015-01-20,44.7,45.89,45.95,44.01,223430707.0
1419,2015-01-21,46.0,46.25,46.46,45.65,239166521.0
1420,2015-01-22,46.28,45.7,46.78,45.66,99425742.0
1421,2015-01-23,45.6,45.32,46.0,45.22,108311164.0
1422,2015-01-26,45.61,46.64,46.9,45.5,190350026.0
1423,2015-01-27,47.4,48.08,49.85,47.4,277483088.0
1424,2015-01-28,47.5,48.72,49.2,47.1,249481336.0
1425,2015-01-29,48.6,48.12,49.16,48.0,120672624.0
1426,2015-01-30,48.12,47.72,48.8,47.35,129515928.0
1427,2015-02-02,47.38,46.4,48.18,46.0,82591513.0
1428,2015-02-03,47.11,47.6,47.85,46.42,86772199.0
1429,2015-02-04,47.6,47.04,48.4,46.91,79806029.0
1430,2015-02-05,47.68,47.42,48.14,46.76,114312859.0
1431,2015-02-06,47.52,46.23,47.89,46.05,72368601.0
1432,2015-02-09,46.47,46.96,47.02,45.6,104897498.0
1433,2015-02-10,46.95,47.2,47.3,46.4,59485532.0
1434,2015-02-11,47.16,47.79,48.27,46.86,92738873.0
1435,2015-02-12,47.8,47.98,48.25,47.44,103210698.0
1436,2015-02-13,48.11,50.31,52.59,47.61,308959200.0
1437,2015-02-16,50.43,50.51,51.42,49.37,229347672.0
1438,2015-02-17,50.6,51.28,51.5,50.31,132416010.0
1439,2015-02-25,51.32,54.08,54.47,50.35,263513817.0
1440,2015-02-26,54.2,53.85,54.5,52.8,154749207.0
1441,2015-02-27,53.7,53.2,54.28,52.91,115732233.0
1442,2015-03-02,53.2,53.26,53.55,52.27,154063421.0
1443,2015-03-03,52.5,53.2,53.3,52.37,173889112.0
1444,2015-03-04,53.3,54.76,56.37,52.46,180030646.0
1445,2015-03-05,55.0,53.86,55.2,53.37,132812626.0
1446,2015-03-06,53.99,52.9,54.0,52.65,98142690.0
1447,2015-03-09,52.3,52.18,52.43,51.1,168111903.0
1448,2015-03-10,52.17,51.75,53.25,51.28,144605692.0
1449,2015-03-11,51.8,50.69,51.99,50.62,115932798.0
1450,2015-03-12,50.73,50.7,50.78,50.28,119269312.0
1451,2015-03-13,50.71,50.84,50.97,49.54,241217028.0
1452,2015-03-16,50.95,51.88,52.12,50.35,349747664.0
1453,2015-03-17,52.6,52.92,53.28,51.88,381144928.0
1454,2015-03-18,52.93,53.05,53.09,52.0,349190912.0
1455,2015-03-19,53.03,52.47,53.45,52.0,341270576.0
1456,2015-03-20,52.31,52.6,52.82,51.5,238216003.0
1457,2015-03-23,53.03,53.1,53.44,52.52,317634816.0
1458,2015-03-24,53.1,55.72,56.17,52.4,523240096.0
1459,2015-03-25,55.38,56.1,56.95,54.8,481616672.0
1460,2015-03-26,56.12,55.82,57.2,55.2,286306048.0
1461,2015-03-27,55.88,56.1,56.82,55.27,343027968.0
1462,2015-03-30,56.2,56.15,56.74,55.54,254570250.0
1463,2015-03-31,56.1,55.79,56.79,55.55,300993968.0
1464,2015-04-01,55.81,57.46,58.49,55.53,373624096.0
1465,2015-04-02,57.38,57.06,58.45,56.5,339949392.0
1466,2015-04-03,57.06,56.65,57.06,56.3,356926416.0
1467,2015-04-07,59.6,60.11,62.0,58.65,509112096.0
1468,2015-04-08,60.15,58.28,60.5,57.88,336881408.0
1469,2015-04-09,57.3,57.5,57.9,57.2,322602464.0
1470,2015-04-10,57.23,58.68,58.98,56.61,453759200.0
1471,2015-04-13,58.56,58.83,59.58,57.49,486255504.0
1472,2015-04-14,58.83,59.34,59.6,58.13,529217952.0
1473,2015-04-15,60.3,63.9,65.08,59.6,783817408.0
1474,2015-04-16,63.0,62.75,63.87,60.31,371634672.0
1475,2015-04-17,62.8,63.06,65.45,61.83,432984912.0
1476,2015-04-20,62.48,59.21,62.48,59.2,338221888.0
1477,2015-04-21,58.16,60.64,61.3,58.1,291724384.0
1478,2015-04-22,61.0,62.71,63.0,60.0,387795808.0
1479,2015-04-23,63.0,63.26,64.5,62.72,355094176.0
1480,2015-04-24,63.2,64.03,64.38,61.0,280097936.0
1481,2015-04-27,64.0,63.47,65.05,63.11,273660016.0
1482,2015-04-28,63.01,60.4,63.47,60.3,264959820.0
1483,2015-04-29,60.6,60.98,61.97,60.02,206712165.0
1484,2015-04-30,60.99,61.19,61.97,60.4,214094774.0
1485,2015-05-04,61.4,60.16,61.69,60.15,172455138.0
1486,2015-05-05,60.0,62.7,62.8,59.6,482085472.0
1487,2015-05-06,64.49,61.68,64.49,60.91,538306240.0
1488,2015-05-07,60.54,60.48,62.4,60.16,241121964.0
1489,2015-05-08,61.0,62.34,62.45,59.4,350111088.0
1490,2015-05-11,62.34,63.71,63.88,60.75,430388928.0
1491,2015-05-12,63.71,64.9,65.21,62.38,527335136.0
1492,2015-05-13,64.64,65.95,65.96,63.9,612727312.0
1493,2015-05-14,65.96,64.6,67.0,64.58,368809760.0
1494,2015-05-15,63.98,63.29,64.98,62.8,335846160.0
1495,2015-05-18,62.88,64.6,66.18,62.1,347720608.0
1496,2015-05-19,64.01,64.1,64.98,62.9,315409728.0
1497,2015-05-20,64.2,65.24,66.84,64.01,433124192.0
1498,2015-05-21,65.48,67.17,67.5,64.66,388576688.0
1499,2015-05-22,67.19,65.85,68.27,64.71,443967328.0
1500,2015-05-25,65.13,66.7,67.39,64.36,375939296.0
1501,2015-05-26,66.7,69.99,71.65,66.4,499661776.0
1502,2015-05-27,70.05,68.89,71.05,68.2,395374912.0
1503,2015-05-28,68.87,66.13,69.88,65.71,453471264.0
1504,2015-05-29,66.15,65.77,67.22,63.15,303670032.0
1505,2015-06-01,65.77,68.91,68.98,65.51,450051696.0
1506,2015-06-02,68.75,67.8,68.75,66.6,410012048.0
1507,2015-06-03,68.4,65.82,68.4,65.27,351547264.0
1508,2015-06-04,65.11,64.6,65.46,62.1,439978528.0
1509,2015-06-05,65.45,64.11,65.79,62.7,377742320.0
1510,2015-06-08,64.56,63.17,64.6,62.7,307274560.0
1511,2015-06-09,63.24,65.05,65.12,63.22,335988368.0
1512,2015-06-10,65.06,67.15,67.49,64.2,615083056.0
1513,2015-06-11,67.12,67.63,68.2,66.05,451271984.0
1514,2015-06-12,67.2,66.04,68.18,65.8,313695760.0
1515,2015-06-15,66.04,62.8,66.32,62.74,339246656.0
1516,2015-06-16,62.42,60.28,62.6,60.01,258356980.0
1517,2015-06-17,61.21,61.75,62.26,58.5,264739850.0
1518,2015-06-18,61.74,59.91,61.74,59.6,168796623.0
1519,2015-06-19,59.35,60.31,61.87,57.66,272278448.0
1520,2015-06-23,60.5,62.03,62.26,59.38,251748647.0
1521,2015-06-24,62.03,61.8,62.49,60.61,225665203.0
1522,2015-06-25,61.72,58.9,61.72,58.7,205967220.0
1523,2015-06-26,59.0,61.0,62.2,55.75,418670160.0
1524,2015-06-29,62.6,60.23,62.7,57.0,340977712.0
1525,2015-06-30,59.87,65.44,65.77,57.2,519464640.0
1526,2015-07-01,65.56,66.4,68.6,64.46,623210176.0
1527,2015-07-02,68.99,67.68,68.99,65.05,732012064.0
1528,2015-07-03,67.0,68.39,70.98,65.65,685490928.0
1529,2015-07-06,75.0,69.29,75.0,66.65,831531936.0
1530,2015-07-07,68.4,70.74,71.13,62.36,1286510656.0
1531,2015-07-08,69.32,70.82,71.9,63.67,1671855104.0
1532,2015-07-09,70.82,77.9,77.9,69.61,1121769840.0
1533,2015-07-10,79.0,85.69,85.69,78.0,1098020720.0
1534,2015-07-13,87.03,87.96,91.0,83.3,1680466896.0
1535,2015-07-14,85.0,85.38,87.49,82.5,1128522224.0
1536,2015-07-15,83.01,82.0,85.9,81.0,629081968.0
1537,2015-07-16,82.0,84.9,86.0,82.0,577936576.0
1538,2015-07-17,85.7,87.25,87.61,83.56,867077328.0
1539,2015-07-20,87.0,84.01,87.16,83.51,632810976.0
1540,2015-07-21,82.84,88.88,89.5,80.0,932234624.0
1541,2015-07-22,87.01,86.49,89.89,85.0,796867200.0
1542,2015-07-23,85.2,87.5,89.3,83.01,869414608.0
1543,2015-07-24,87.8,85.1,89.68,85.0,737116704.0
1544,2015-07-27,82.98,78.0,84.0,77.77,717121280.0
1545,2015-07-28,76.44,83.3,83.3,74.5,757501520.0
1546,2015-07-29,83.35,84.96,85.01,80.8,591208480.0
1547,2015-07-30,86.8,84.2,86.8,83.36,468186496.0
1548,2015-07-31,83.43,85.53,85.88,82.51,522854064.0
1549,2015-08-03,84.8,89.5,89.5,84.0,883079296.0
1550,2015-08-04,89.17,92.65,94.5,86.96,835210864.0
1551,2015-08-05,91.3,90.0,93.0,88.95,586606192.0
1552,2015-08-06,87.0,86.5,88.8,86.2,447241968.0
1553,2015-08-07,86.0,88.99,91.0,85.0,495261712.0
1554,2015-08-10,88.01,89.88,90.14,87.08,656185808.0
1555,2015-08-11,88.99,87.22,89.88,86.2,551604880.0
1556,2015-08-12,86.37,84.4,88.19,84.2,469408304.0
1557,2015-08-13,84.0,84.91,85.65,82.4,431372816.0
1558,2015-08-14,84.4,84.6,85.58,83.1,398898384.0
1559,2015-08-17,83.51,82.0,84.46,81.96,493675200.0
1560,2015-08-18,82.51,86.1,88.0,82.5,945401520.0
1561,2015-08-19,85.0,86.76,87.63,82.1,679718128.0
1562,2015-08-20,85.0,84.25,85.99,83.46,334640304.0
1563,2015-08-21,82.9,83.01,84.7,80.2,425836784.0
1564,2015-08-24,80.1,77.1,81.07,75.0,895645088.0
1565,2015-08-25,72.95,72.49,75.2,70.19,683978864.0
1566,2015-08-26,74.15,74.4,76.54,69.56,360353584.0
1567,2015-08-27,74.38,76.31,76.31,71.28,350248064.0
1568,2015-08-28,75.9,78.6,79.5,74.5,429984544.0
1569,2015-08-31,78.0,76.62,78.0,75.2,480325664.0
1570,2015-09-01,75.2,75.35,75.55,73.48,558104144.0
1571,2015-09-02,72.28,77.4,77.4,72.02,723018544.0
1572,2015-09-07,76.91,75.4,79.93,74.03,439489600.0
1573,2015-09-08,73.69,76.0,79.16,72.51,294400080.0
1574,2015-09-09,75.0,76.59,77.86,74.86,281016736.0
1575,2015-09-10,78.26,84.25,84.25,77.52,561320816.0
1576,2015-09-11,86.66,86.4,88.25,83.01,611547408.0
1577,2015-09-14,87.0,82.15,87.0,82.03,503650688.0
1578,2015-09-15,80.48,79.2,81.43,78.55,362506512.0
1579,2015-09-16,80.52,87.12,87.12,80.05,495412192.0
1580,2015-09-17,42.8,44.23,44.8,42.01,744164752.0
1581,2015-09-18,43.0,45.26,46.0,43.0,555748992.0
1582,2015-09-21,44.83,44.37,45.0,43.64,441924560.0
1583,2015-09-22,44.0,44.49,44.9,42.51,484752048.0
1584,2015-09-23,43.5,42.49,43.87,42.48,410344960.0
1585,2015-09-24,43.1,43.9,44.0,42.05,494036064.0
1586,2015-09-25,43.49,41.65,43.5,41.65,313820720.0
1587,2015-09-28,41.0,42.08,42.94,40.41,247502581.0
1588,2015-09-29,41.0,40.16,41.5,40.08,267105734.0
1589,2015-09-30,40.51,41.5,41.61,39.5,317000656.0
1590,2015-10-08,42.8,42.4,42.99,42.08,220640592.0
1591,2015-10-09,42.31,42.05,42.78,41.72,189048034.0
1592,2015-10-12,42.11,42.85,43.94,42.1,344713184.0
1593,2015-10-13,43.6,43.11,44.5,42.8,467582176.0
1594,2015-10-14,42.73,42.17,43.19,42.02,247711883.0
1595,2015-10-15,42.3,42.85,42.89,42.0,271211024.0
1596,2015-10-16,42.79,43.15,43.42,42.14,522811872.0
1597,2015-10-19,43.12,42.27,43.27,42.2,316606752.0
1598,2015-10-20,42.29,42.1,42.55,41.6,260979163.0
1599,2015-10-21,42.11,42.6,43.78,41.8,636870976.0
1600,2015-10-22,42.0,42.41,42.8,41.22,394293600.0
1601,2015-10-23,42.5,42.67,43.53,42.14,493379120.0
1602,2015-10-26,43.39,42.0,43.39,41.82,384146592.0
1603,2015-10-27,41.77,41.9,42.35,41.15,323260992.0
1604,2015-10-28,41.78,41.02,41.78,40.72,269194896.0
1605,2015-10-29,40.89,41.5,41.53,40.25,341516368.0
1606,2015-10-30,41.18,40.84,41.53,40.57,205051986.0
1607,2015-11-02,40.5,40.76,41.7,40.3,293658624.0
1608,2015-11-03,40.7,39.8,40.98,39.8,250834727.0
1609,2015-11-04,39.9,42.5,42.67,39.9,583706304.0
1610,2015-11-05,42.0,41.56,43.2,41.54,419321728.0
1611,2015-11-06,41.5,41.57,41.78,41.3,373619104.0
1612,2015-11-09,41.35,41.11,41.35,40.77,362287344.0
1613,2015-11-10,40.88,40.95,41.4,40.58,318797408.0
1614,2015-11-11,40.99,40.96,41.25,40.6,276290304.0
1615,2015-11-12,41.3,40.83,41.3,40.6,328634208.0
1616,2015-11-13,40.5,40.11,40.69,40.06,273323184.0
1617,2015-11-16,40.1,41.38,41.38,39.74,352450032.0
1618,2015-11-17,41.45,40.9,42.1,40.5,405223168.0
1619,2015-11-18,40.91,41.11,41.37,40.3,372394208.0
1620,2015-11-19,40.7,41.35,41.49,40.7,363053536.0
1621,2015-11-20,41.36,41.52,41.82,40.83,452061792.0
1622,2015-11-23,41.84,45.67,45.67,41.77,1146467552.0
1623,2015-11-24,47.2,45.5,48.0,44.18,1326207872.0
1624,2015-11-25,44.8,44.95,45.88,43.8,697400240.0
1625,2015-11-26,44.77,43.2,44.99,42.9,652908336.0
1626,2015-11-27,42.86,41.0,43.02,40.81,531977952.0
1627,2015-11-30,40.66,40.53,41.16,39.57,344325040.0
1628,2015-12-01,41.0,41.06,41.69,40.53,260590044.0
1629,2015-12-02,41.2,40.65,41.24,39.8,217946547.0
1630,2015-12-03,40.71,41.21,41.37,40.49,238275715.0
1631,2015-12-04,41.24,40.8,41.39,40.6,230295091.0
1632,2015-12-07,41.0,41.14,41.4,40.62,194987678.0
1633,2015-12-08,41.0,40.16,41.13,40.01,220258328.0
1634,2015-12-09,39.9,39.69,40.1,39.6,226273981.0
1635,2015-12-10,39.7,39.79,40.11,39.62,147763580.0
1636,2015-12-11,39.82,40.44,40.7,38.7,353652880.0
1637,2015-12-14,39.39,40.05,40.18,39.36,158959575.0
1638,2015-12-15,40.4,39.75,40.49,39.67,177288716.0
1639,2015-12-16,39.83,39.72,39.97,39.48,167195179.0
1640,2015-12-17,39.7,40.1,40.68,39.7,282348880.0
1641,2015-12-18,40.0,39.93,40.39,39.76,218789412.0
1642,2015-12-21,40.1,40.31,40.67,39.92,228084507.0
1643,2015-12-22,40.3,40.14,40.53,40.11,197826095.0
1644,2015-12-23,40.12,40.0,40.4,39.9,193153169.0
1645,2015-12-24,39.86,40.05,40.39,39.8,182709096.0
1646,2015-12-25,40.06,39.88,40.19,39.65,159321831.0
1647,2015-12-28,40.0,39.83,40.13,39.5,196150228.0
1648,2015-12-29,39.81,40.93,41.45,39.81,658728704.0
1649,2015-12-30,40.8,40.01,40.8,39.8,266113673.0
1650,2015-12-31,39.94,39.77,39.99,39.7,182166055.0
1651,2016-01-04,39.72,37.63,39.8,37.61,177626510.0
1652,2016-01-05,36.8,37.89,37.98,35.77,289645696.0
1653,2016-01-06,37.9,38.23,38.35,37.0,189792861.0
1654,2016-01-07,37.81,36.23,37.82,36.2,44304489.0
1655,2016-01-08,37.3,37.52,38.35,36.0,223676017.0
1656,2016-01-11,37.95,36.74,37.95,36.53,175364322.0
1657,2016-01-12,37.29,39.01,39.23,36.75,350260480.0
1658,2016-01-13,39.2,38.29,39.55,38.24,217670643.0
1659,2016-01-14,37.9,39.27,39.46,37.29,260566584.0
1660,2016-01-15,39.19,38.81,39.19,38.01,212735456.0
1661,2016-01-18,38.4,39.0,39.18,38.11,162848683.0
1662,2016-01-19,38.85,40.04,40.35,38.42,364006544.0
1663,2016-01-20,39.95,39.08,39.98,39.04,182354764.0
1664,2016-01-21,38.58,38.93,40.12,38.5,188625077.0
1665,2016-01-22,39.02,38.88,39.51,37.5,160957313.0
1666,2016-01-25,38.87,39.58,39.83,38.47,181397794.0
1667,2016-01-26,39.0,37.76,39.3,37.6,153380291.0
1668,2016-01-27,38.28,38.04,38.28,36.6,198900334.0
1669,2016-01-28,37.61,37.44,38.2,37.27,111577950.0
1670,2016-01-29,37.44,37.62,37.96,35.98,346215456.0
1671,2016-02-01,37.0,37.67,38.5,37.0,125572949.0
1672,2016-02-02,37.28,38.34,38.88,37.28,190820329.0
1673,2016-02-03,38.24,38.61,38.69,37.86,168561564.0
1674,2016-02-04,38.7,38.95,39.03,38.5,167225721.0
1675,2016-02-05,38.9,39.17,39.5,38.69,172179703.0
1676,2016-02-15,38.65,39.52,39.83,38.02,154199686.0
1677,2016-02-16,39.51,39.9,40.1,39.22,198830641.0
1678,2016-02-17,39.66,39.33,40.5,39.0,153106795.0
1679,2016-02-18,39.4,38.8,39.75,38.8,155970987.0
1680,2016-02-19,38.81,38.95,39.2,38.65,103384800.0
1681,2016-02-22,39.53,39.12,39.68,38.85,117052154.0
1682,2016-02-23,39.13,38.63,39.38,38.4,139780181.0
1683,2016-02-24,38.5,38.74,38.98,38.01,127649278.0
1684,2016-02-25,38.54,37.5,38.65,37.44,201973996.0
1685,2016-02-26,37.5,37.99,38.25,37.49,100727482.0
1686,2016-02-29,38.0,38.47,38.7,37.0,200441127.0
1687,2016-03-01,38.45,38.61,38.77,37.93,148408320.0
1688,2016-03-02,38.7,39.47,39.79,38.42,232351003.0
1689,2016-03-03,39.47,38.97,39.7,38.95,144916076.0
1690,2016-03-04,39.06,38.2,39.17,37.89,149298981.0
1691,2016-03-07,38.6,38.95,39.21,38.32,117403768.0
1692,2016-03-08,39.1,38.7,39.1,38.02,109289171.0
1693,2016-03-09,38.31,38.2,38.69,38.1,76157399.0
1694,2016-03-10,38.11,38.08,38.5,38.03,58961666.0
1695,2016-03-11,38.08,38.14,38.37,38.0,53308149.0
1696,2016-03-14,38.49,38.86,39.28,38.31,138787419.0
1697,2016-03-15,38.8,38.27,38.9,38.2,103910180.0
1698,2016-03-16,38.68,38.79,38.85,38.1,144618734.0
1699,2016-03-17,38.82,39.16,39.47,38.61,184747239.0
1700,2016-03-18,39.2,39.54,39.97,39.0,281758192.0
1701,2016-03-21,39.8,39.96,40.17,39.32,351248608.0
1702,2016-03-22,39.9,39.18,39.9,39.15,197356824.0
1703,2016-03-23,39.0,38.9,39.2,38.56,238014596.0
1704,2016-03-24,38.46,37.96,38.81,37.88,307771840.0
1705,2016-03-25,38.19,38.55,38.63,37.66,251458616.0
1706,2016-03-28,38.65,38.15,38.78,38.05,178874152.0
1707,2016-03-29,38.18,38.1,38.32,37.92,115357690.0
1708,2016-03-30,38.3,38.51,38.56,38.1,183657415.0
1709,2016-03-31,38.5,38.17,38.56,38.05,187149934.0
1710,2016-04-01,38.2,37.97,38.22,37.71,179227071.0
1711,2016-04-05,37.75,38.09,38.17,37.75,186861888.0
1712,2016-04-06,37.97,38.07,38.18,37.86,167413455.0
1713,2016-04-07,38.08,38.0,38.18,37.95,146940263.0
1714,2016-04-08,37.86,37.57,37.99,37.39,160943468.0
1715,2016-04-11,37.45,37.66,37.88,37.39,181998817.0
1716,2016-04-12,37.7,37.24,37.78,37.01,252289257.0
1717,2016-04-13,37.46,37.47,37.69,37.18,218226929.0
1718,2016-04-14,37.6,37.38,37.64,37.19,168394816.0
1719,2016-04-15,37.24,37.2,37.45,37.06,124231851.0
1720,2016-04-18,37.2,37.24,37.26,36.59,243602830.0
1721,2016-04-19,37.2,37.06,37.36,37.04,161545756.0
1722,2016-04-20,37.07,38.2,38.59,36.82,620270176.0
1723,2016-04-21,38.02,37.16,38.05,37.1,212784397.0
1724,2016-04-22,37.05,37.2,37.28,37.02,143576724.0
1725,2016-04-25,37.2,37.12,37.2,37.0,111855944.0
1726,2016-04-26,37.15,37.25,37.29,37.07,113360047.0
1727,2016-04-27,37.36,37.23,37.4,37.08,105756584.0
1728,2016-04-28,37.23,37.3,37.53,37.08,178447183.0
1729,2016-04-29,37.3,37.4,37.65,37.2,109280986.0
1730,2016-05-03,37.0,37.52,37.65,36.81,355183888.0
1731,2016-05-04,37.49,37.66,37.73,37.31,150113849.0
1732,2016-05-05,37.7,37.71,37.77,37.48,104964006.0
1733,2016-05-06,37.76,37.4,37.89,37.28,170183893.0
1734,2016-05-09,37.12,37.54,37.79,37.01,206141928.0
1735,2016-05-10,37.32,37.59,37.59,37.32,133045892.0
1736,2016-05-11,37.72,37.57,37.78,37.38,109205966.0
1737,2016-05-12,37.37,37.5,37.65,37.01,110805642.0
1738,2016-05-13,37.52,37.62,37.69,37.46,136164387.0
1739,2016-05-16,37.62,37.64,37.76,37.35,138878980.0
1740,2016-05-17,37.7,37.48,37.73,37.45,113392022.0
1741,2016-05-18,37.38,37.35,37.45,37.19,124276111.0
1742,2016-05-19,37.35,37.3,37.51,37.19,154785605.0
1743,2016-05-20,37.2,37.33,37.4,37.16,82411991.0
1744,2016-05-23,37.3,37.31,37.4,37.19,96529287.0
1745,2016-05-24,37.3,37.22,37.3,37.11,72826477.0
1746,2016-05-25,37.3,37.28,37.35,37.2,97734322.0
1747,2016-05-26,37.3,37.14,37.4,36.99,73133715.0
1748,2016-05-27,37.11,37.02,37.26,36.99,92099243.0
1749,2016-05-30,37.02,37.11,37.15,37.0,55447713.0
1750,2016-05-31,37.21,37.52,37.68,37.09,146898869.0
1751,2016-06-01,37.48,37.42,37.53,37.38,102179048.0
1752,2016-06-02,37.3,37.36,37.47,37.18,93332833.0
1753,2016-06-03,37.34,37.3,37.43,37.11,87106589.0
1754,2016-06-06,37.29,37.17,37.29,37.12,56193313.0
1755,2016-06-07,37.29,37.16,37.35,37.09,58691442.0
1756,2016-06-08,37.14,37.08,37.19,37.01,67875885.0
1757,2016-06-13,37.08,37.0,37.29,37.0,84200452.0
1758,2016-06-14,37.0,37.12,37.14,36.99,82640366.0
1759,2016-06-15,36.95,37.16,37.25,36.95,96832995.0
1760,2016-06-16,37.01,37.0,37.12,36.99,88431617.0
1761,2016-06-17,37.01,37.13,37.15,36.99,102409511.0
1762,2016-06-20,37.09,37.0,37.14,36.97,72296299.0
1763,2016-06-21,37.04,37.32,37.39,37.0,112889404.0
1764,2016-06-22,37.32,37.21,37.33,37.16,59342700.0
1765,2016-06-23,37.18,37.03,37.28,37.01,46099526.0
1766,2016-06-24,37.01,37.17,37.34,37.0,109486352.0
1767,2016-06-27,37.08,37.1,37.32,37.0,130096282.0
1768,2016-06-28,37.04,37.81,38.09,37.04,184494318.0
1769,2016-06-29,37.81,37.49,37.86,37.3,118779684.0
1770,2016-06-30,37.38,37.68,38.5,37.38,261866064.0
1771,2016-07-01,37.54,38.0,38.13,37.54,157510233.0
1772,2016-07-04,37.91,38.14,38.3,37.84,133601576.0
1773,2016-07-05,38.19,37.86,38.24,37.82,96383888.0
1774,2016-07-06,37.75,37.85,38.15,37.6,99457179.0
1775,2016-07-07,38.0,38.6,38.8,37.8,231283579.0
1776,2016-07-08,38.6,38.18,38.6,38.18,101531882.0
1777,2016-07-11,38.2,37.7,38.48,37.6,149517368.0
1778,2016-07-12,37.87,37.89,37.95,37.4,117718054.0
1779,2016-07-13,37.83,37.86,37.96,37.75,89533374.0
1780,2016-07-14,37.86,37.94,37.95,37.53,100894538.0
1781,2016-07-15,38.0,37.92,38.09,37.58,101940097.0
1782,2016-07-18,37.83,37.72,37.88,37.59,84822800.0
1783,2016-07-19,37.68,37.73,37.85,37.6,75372432.0
1784,2016-07-20,37.82,37.63,37.82,37.6,72747713.0
1785,2016-07-21,37.68,37.68,37.81,37.59,81191342.0
1786,2016-07-22,37.88,38.03,38.4,37.65,123977141.0
1787,2016-07-25,37.98,37.81,38.0,37.77,70833213.0
1788,2016-07-26,37.75,37.85,37.9,37.61,76391781.0
1789,2016-07-27,37.86,37.7,37.99,37.51,142996858.0
1790,2016-07-28,37.68,38.05,38.48,37.6,134106342.0
1791,2016-07-29,37.9,37.72,38.1,37.7,75549746.0
1792,2016-08-01,37.61,37.88,38.09,37.61,79804672.0
1793,2016-08-02,37.78,37.82,37.95,37.69,61391943.0
1794,2016-08-03,37.7,38.02,38.15,37.68,89572182.0
1795,2016-08-04,37.95,37.9,38.1,37.81,65494266.0
1796,2016-08-05,37.99,37.75,37.99,37.74,61762999.0
1797,2016-08-08,37.8,37.84,37.9,37.68,41951564.0
1798,2016-08-09,37.81,37.89,37.93,37.72,50363758.0
1799,2016-08-10,37.87,37.89,37.97,37.77,52842706.0
1800,2016-08-11,37.88,37.73,37.91,37.68,57748079.0
1801,2016-08-12,37.71,37.97,38.0,37.69,72504492.0
1802,2016-08-15,37.96,38.0,38.13,37.71,110947888.0
1803,2016-08-16,38.06,37.89,38.06,37.84,78868348.0
1804,2016-08-17,37.89,38.09,38.19,37.8,96572097.0
1805,2016-08-18,38.0,38.08,38.2,37.92,70495944.0
1806,2016-08-19,38.06,37.97,38.1,37.88,52344588.0
1807,2016-08-22,37.96,37.9,38.03,37.84,61866704.0
1808,2016-08-23,38.12,39.58,41.69,38.08,524684944.0
1809,2016-08-24,39.59,39.21,39.6,38.78,217584809.0
1810,2016-08-25,38.94,38.68,38.97,38.28,122229231.0
1811,2016-08-26,38.65,38.75,38.85,38.4,104052069.0
1812,2016-08-29,38.85,40.27,41.6,38.85,322146816.0
1813,2016-08-30,39.86,41.38,41.59,39.86,377588768.0
1814,2016-08-31,42.1,41.8,42.96,40.81,352979552.0
1815,2016-09-01,41.58,41.75,42.46,41.01,167403214.0
1816,2016-09-02,41.48,41.25,41.87,41.1,120540800.0
1817,2016-09-05,41.45,40.41,41.45,40.31,163693259.0
1818,2016-09-06,40.42,40.66,40.76,39.77,136504428.0
1819,2016-09-07,40.38,39.99,40.73,39.9,108302979.0
1820,2016-09-08,40.09,40.28,40.35,39.91,82638868.0
1821,2016-09-09,40.27,39.6,40.27,39.59,106696948.0
1822,2016-09-12,38.94,38.96,39.58,38.6,113983302.0
1823,2016-09-13,39.05,38.92,39.26,38.81,58702426.0
1824,2016-09-14,38.91,39.25,39.29,38.63,84190946.0
1825,2016-09-19,39.22,39.2,39.31,38.84,75321074.0
1826,2016-09-20,39.05,39.1,39.78,39.04,74228394.0
1827,2016-09-21,39.2,38.8,39.2,38.78,80880583.0
1828,2016-09-22,39.48,39.1,39.69,38.92,96197009.0
1829,2016-09-23,39.09,38.82,39.09,38.8,55445035.0
1830,2016-09-26,39.0,38.59,39.19,38.57,78350786.0
1831,2016-09-27,38.8,38.93,38.93,38.59,62582758.0
1832,2016-09-28,21.69,21.81,22.0,21.51,106271808.0
1833,2016-09-29,21.9,21.88,21.95,21.8,112751750.0
1834,2016-09-30,21.9,22.25,22.76,21.89,148034143.0
1835,2016-10-10,22.33,22.35,22.58,21.98,119567093.0
1836,2016-10-11,22.35,22.24,22.4,22.16,95791833.0
1837,2016-10-12,22.22,22.35,22.43,21.92,137076035.0
1838,2016-10-13,22.34,22.13,22.34,22.1,52536543.0
1839,2016-10-14,22.14,22.13,22.31,22.03,52059430.0
1840,2016-10-17,22.15,22.06,22.28,22.0,91206122.0
1841,2016-10-18,22.1,22.14,22.18,21.99,73810408.0
1842,2016-10-19,22.14,22.29,22.58,22.06,110812481.0
1843,2016-10-20,22.32,22.14,22.33,22.08,59871030.0
1844,2016-10-21,22.1,22.13,22.19,21.97,103933833.0
1845,2016-10-24,22.17,22.19,22.49,22.0,81432173.0
1846,2016-10-25,22.24,22.05,22.24,22.01,113203026.0
1847,2016-10-26,22.1,22.13,22.17,21.93,135761177.0
1848,2016-10-27,22.19,21.9,22.19,21.85,126069248.0
1849,2016-10-28,21.96,21.82,21.96,21.74,114048543.0
1850,2016-10-31,21.8,21.72,21.83,21.58,116662798.0
1851,2016-11-01,21.76,21.54,21.8,21.44,151950679.0
1852,2016-11-02,21.55,21.34,21.55,21.19,165876482.0
1853,2016-11-03,21.32,21.35,21.46,21.25,104329653.0
1854,2016-11-04,21.39,21.24,21.47,21.2,73768215.0
1855,2016-11-07,21.31,21.04,21.31,21.0,119162037.0
1856,2016-11-08,21.02,21.52,21.52,21.01,193437393.0
1857,2016-11-09,21.52,21.38,21.52,21.19,160397319.0
1858,2016-11-10,21.39,21.5,21.64,21.33,84453975.0
1859,2016-11-11,21.42,21.4,21.47,21.32,78212106.0
1860,2016-11-14,21.38,21.5,21.52,21.25,105763749.0
1861,2016-11-15,21.48,21.3,21.48,21.29,78186154.0
1862,2016-11-16,21.35,21.31,21.54,21.31,73409053.0
1863,2016-11-17,21.3,21.22,21.38,21.15,65217812.0
1864,2016-11-18,21.22,21.15,21.33,21.11,47647850.0
1865,2016-11-21,21.25,21.13,21.25,21.04,69792515.0
1866,2016-11-22,21.25,21.39,21.54,21.25,149596065.0
1867,2016-11-23,21.38,21.31,21.49,21.27,62798828.0
1868,2016-11-24,21.26,21.4,21.43,21.21,94674275.0
1869,2016-11-25,21.38,21.3,21.45,21.2,48139937.0
1870,2016-11-28,21.39,21.43,21.49,21.21,126789986.0
1871,2016-11-29,21.44,21.33,21.44,21.24,80034568.0
1872,2016-11-30,21.35,21.39,21.4,21.26,74566304.0
1873,2016-12-01,21.39,21.34,21.4,21.28,63480294.0
1874,2016-12-02,21.32,21.2,21.32,21.18,66224308.0
1875,2016-12-05,21.2,21.08,21.29,21.07,55936738.0
1876,2016-12-06,21.08,21.09,21.18,21.05,43634575.0
1877,2016-12-07,21.1,21.11,21.22,21.03,61560513.0
1878,2016-12-08,21.14,21.24,21.25,21.03,80714841.0
1879,2016-12-09,21.22,21.32,21.38,21.09,92762298.0
1880,2016-12-12,21.32,21.03,21.42,20.85,99479710.0
1881,2016-12-13,21.0,21.32,21.33,20.88,77289324.0
1882,2016-12-14,21.31,21.45,21.45,21.1,85746571.0
1883,2016-12-15,21.25,21.29,21.49,21.25,54614299.0
1884,2016-12-16,21.27,21.36,21.43,21.21,57969109.0
1885,2016-12-19,21.34,21.4,21.43,21.26,91557364.0
1886,2016-12-20,21.31,21.81,21.86,21.29,222031687.0
1887,2016-12-21,21.69,22.19,22.25,21.69,194589401.0
1888,2016-12-22,22.16,22.11,22.24,21.92,113353434.0
1889,2016-12-23,22.11,23.0,23.79,22.0,284944928.0
1890,2016-12-26,22.89,23.38,23.88,22.68,371485184.0
1891,2016-12-27,23.38,23.18,23.4,22.99,225146622.0
1892,2016-12-28,23.19,23.43,23.64,22.8,207324300.0
1893,2016-12-29,23.4,23.05,23.65,23.02,205776587.0
1894,2016-12-30,23.05,23.09,23.25,22.81,122392176.0
1895,2017-01-03,23.09,23.17,23.2,22.86,112156157.0
1896,2017-01-04,23.1,23.03,23.11,22.95,86265613.0
1897,2017-01-05,23.0,22.83,23.0,22.56,126440016.0
1898,2017-01-06,22.6,22.71,22.98,22.6,73741703.0
1899,2017-01-09,22.69,22.51,22.8,22.5,75612566.0
1900,2017-01-10,22.51,22.72,22.93,22.51,70332361.0
1901,2017-01-11,22.7,22.61,22.83,22.6,42966387.0
1902,2017-01-12,22.5,22.58,22.9,22.5,58814105.0
1903,2017-01-13,22.75,22.55,22.85,22.52,47863099.0
1904,2017-01-16,22.49,22.3,22.82,22.26,116884922.0
1905,2017-01-17,22.4,22.08,22.44,22.08,55999959.0
1906,2017-01-18,22.08,22.11,22.6,22.08,46737819.0
1907,2017-01-19,22.01,22.23,22.33,22.01,28793366.0
1908,2017-01-20,22.23,22.26,22.36,22.16,34326915.0
1909,2017-01-23,22.24,22.14,22.38,22.09,41738780.0
1910,2017-01-24,22.18,22.01,22.21,22.01,27552619.0
1911,2017-01-25,22.02,22.25,22.28,22.02,38388352.0
1912,2017-01-26,22.24,22.32,22.35,22.15,34741375.0
1913,2017-02-03,22.41,22.21,22.43,22.18,24726379.0
1914,2017-02-06,22.32,22.07,22.32,22.03,65185106.0
1915,2017-02-07,22.12,22.0,22.12,21.79,72657502.0
1916,2017-02-08,21.9,21.83,22.0,21.72,53542278.0
1917,2017-02-09,22.0,21.55,22.0,21.45,108673989.0
1918,2017-02-10,21.56,21.54,21.64,21.48,55716509.0
1919,2017-02-13,21.53,21.64,21.78,21.5,73737621.0
1920,2017-02-14,21.64,21.43,21.64,21.4,76320029.0
1921,2017-02-15,21.49,21.52,21.59,21.42,79239280.0
1922,2017-02-16,21.51,21.31,21.58,21.21,82229806.0
1923,2017-02-17,21.3,21.16,21.35,21.0,91391172.0
1924,2017-02-20,21.1,20.98,21.14,20.8,102832933.0
1925,2017-02-21,21.06,21.05,21.18,20.9,87178807.0
1926,2017-02-22,20.97,21.12,21.2,20.9,105640803.0
1927,2017-02-23,21.09,21.03,21.16,20.92,91844383.0
1928,2017-02-24,21.06,21.01,21.1,20.95,89961866.0
1929,2017-02-27,21.11,21.02,21.12,20.98,93277768.0
1930,2017-02-28,21.12,20.92,21.12,20.87,103768066.0
1931,2017-03-01,20.92,20.93,20.97,20.82,109614385.0
1932,2017-03-02,20.98,20.81,21.04,20.81,110698581.0
1933,2017-03-03,20.82,20.52,20.86,20.45,155256376.0
1934,2017-03-06,20.52,20.55,20.58,20.21,152458807.0
1935,2017-03-07,20.6,20.36,20.6,20.29,145535076.0
1936,2017-03-08,20.36,20.06,20.36,20.05,165994874.0
1937,2017-03-09,20.03,19.67,20.03,19.43,289938880.0
1938,2017-03-10,19.57,19.59,19.64,19.43,121905284.0
1939,2017-03-13,19.6,19.77,19.88,19.56,220617876.0
1940,2017-03-14,19.82,19.68,19.85,19.63,148998983.0
1941,2017-03-15,19.63,19.67,19.78,19.44,173545740.0
1942,2017-03-16,19.53,19.68,19.85,19.53,162454949.0
1943,2017-03-17,19.7,19.56,19.76,19.5,281696224.0
1944,2017-03-20,19.56,19.51,19.58,19.19,268394214.0
1945,2017-03-21,19.45,19.47,19.7,19.3,158251677.0
1946,2017-03-22,19.46,19.34,19.52,19.25,157882444.0
1947,2017-03-23,19.33,19.4,19.42,19.13,181173688.0
1948,2017-03-24,19.77,19.53,19.77,19.44,134483573.0
1949,2017-03-27,19.46,19.53,19.55,19.39,126608348.0
1950,2017-03-28,19.46,19.58,19.63,19.45,130660897.0
1951,2017-03-29,19.59,19.57,19.73,19.57,100701993.0
1952,2017-03-30,19.56,20.03,20.08,19.35,294918144.0
1953,2017-03-31,19.93,20.56,20.56,19.81,304291872.0
1954,2017-04-05,20.58,20.41,20.69,20.21,202454675.0
1955,2017-04-06,20.45,20.23,20.45,20.12,135722545.0
1956,2017-04-07,20.17,20.06,20.17,19.88,127082331.0
1957,2017-04-10,20.0,20.3,20.35,19.83,146850270.0
1958,2017-04-11,20.2,20.36,20.41,20.0,173112294.0
1959,2017-04-12,20.3,20.06,20.3,20.0,134970055.0
1960,2017-04-13,20.06,20.08,20.15,19.95,75283350.0
1961,2017-04-14,20.09,20.46,20.73,19.94,200523071.0
1962,2017-04-17,20.4,20.16,20.62,20.0,144901234.0
1963,2017-04-18,20.11,20.09,20.37,19.93,222485391.0
1964,2017-04-19,20.09,20.18,20.25,19.95,237247996.0
1965,2017-04-20,20.2,20.27,20.33,20.06,202354333.0
1966,2017-09-21,19.9,20.56,21.0,19.51,690257248.0
1967,2017-09-22,20.31,20.44,20.62,20.3,211433914.0
1968,2017-09-25,20.4,20.38,20.75,20.37,177162751.0
1969,2017-09-26,20.4,20.44,20.57,20.22,186142076.0
1970,2017-09-27,20.4,20.58,20.68,20.4,159397331.0
1971,2017-09-28,20.55,20.67,20.75,20.52,95758729.0
1972,2017-09-29,20.61,20.81,20.85,20.6,119613937.0
1973,2017-10-09,20.81,20.88,20.93,20.59,153973598.0
1974,2017-10-10,20.84,20.72,20.87,20.63,113878668.0
1975,2017-10-11,20.66,20.5,20.82,20.44,131614667.0
1976,2017-10-12,20.51,20.43,20.59,20.23,106315986.0
1977,2017-10-13,20.33,20.48,20.52,20.26,92074396.0
1978,2017-10-16,20.35,20.36,20.54,20.15,134913245.0
1979,2017-10-17,20.35,20.4,20.4,20.09,122409767.0
1980,2017-10-18,20.34,20.43,20.46,20.27,95716391.0
1981,2017-10-19,20.36,20.47,20.51,20.36,89998079.0
1982,2017-10-20,20.39,20.42,20.6,20.27,70690477.0
1983,2017-10-23,20.38,20.33,20.49,20.28,51771464.0
1984,2017-10-24,20.33,20.4,20.4,20.13,81622038.0
1985,2017-10-25,20.34,20.44,20.47,20.25,86061750.0
1986,2017-10-26,20.36,20.29,20.44,20.2,77320432.0
1987,2017-10-27,20.26,20.31,20.33,20.15,80120281.0
1988,2017-10-30,20.33,20.14,20.33,20.04,152695428.0
1989,2017-10-31,20.14,20.16,20.25,20.11,55928106.0
1990,2017-11-01,20.16,20.18,20.25,20.15,90593694.0
1991,2017-11-02,20.15,20.13,20.25,20.1,70147353.0
1992,2017-11-03,20.11,19.95,20.22,19.94,110222083.0
1993,2017-11-06,19.94,20.02,20.15,19.88,64820621.0
1994,2017-11-07,20.06,20.09,20.16,20.02,38100349.0
1995,2017-11-08,20.07,20.32,20.4,20.07,56874055.0
1996,2017-11-09,20.22,20.28,20.4,20.18,40835254.0
1997,2017-11-10,20.24,20.3,20.36,20.21,43863165.0
1998,2017-11-13,20.25,20.11,20.33,20.1,72725323.0
1999,2017-11-14,20.11,20.08,20.24,20.02,42274192.0
2000,2017-11-15,20.06,20.15,20.21,20.06,60587492.0
2001,2017-11-16,20.13,20.19,20.36,20.12,58698522.0
2002,2017-11-17,20.16,20.07,20.3,20.07,73358393.0
2003,2017-11-20,20.06,19.95,20.16,19.93,73261879.0
2004,2017-11-21,19.95,19.92,20.1,19.9,47776762.0
2005,2017-11-22,19.92,19.86,20.07,19.8,58377699.0
2006,2017-11-23,19.86,19.87,19.95,19.8,63032082.0
2007,2017-11-24,19.87,19.73,19.96,19.66,59456639.0
2008,2017-11-27,19.7,19.72,19.86,19.7,41178462.0
2009,2017-11-28,19.7,19.93,19.98,19.7,50647809.0
2010,2017-11-29,19.84,19.71,20.0,19.7,44052579.0
2011,2017-11-30,19.71,19.77,19.87,19.65,43042100.0
2012,2017-12-01,19.71,19.78,19.83,19.68,29118253.0
2013,2017-12-04,19.82,19.77,19.85,19.65,50129644.0
2014,2017-12-05,19.75,19.72,19.94,19.64,52540469.0
2015,2017-12-06,19.71,19.73,19.85,19.64,44264327.0
2016,2017-12-07,19.73,19.8,19.83,19.7,38907843.0
2017,2017-12-08,19.75,19.87,19.9,19.71,60197620.0
2018,2017-12-11,19.97,19.73,19.97,19.66,67625218.0
2019,2017-12-12,19.73,19.74,19.77,19.67,39438894.0
2020,2017-12-13,19.72,19.74,19.8,19.7,47715698.0
2021,2017-12-14,19.73,19.87,19.9,19.69,68853266.0
2022,2017-12-15,19.75,19.71,19.83,19.7,36208246.0
2023,2017-12-18,19.71,19.71,19.78,19.66,41265387.0
2024,2017-12-19,19.71,19.79,19.99,19.69,45730111.0
2025,2017-12-20,20.0,19.72,20.0,19.66,77791338.0
2026,2017-12-21,19.7,19.65,19.75,19.5,120781841.0
2027,2017-12-22,19.65,19.69,19.74,19.46,89813451.0
2028,2017-12-25,19.75,19.91,19.94,19.63,153247030.0
2029,2017-12-26,19.86,19.87,20.04,19.85,136294959.0
2030,2017-12-27,19.86,19.71,19.86,19.65,214959056.0
2031,2017-12-28,19.7,19.81,19.88,19.32,183350706.0
2032,2017-12-29,19.87,19.85,19.88,19.56,157802214.0
2033,2018-01-02,19.8,19.75,19.84,19.66,54075197.0
2034,2018-01-03,19.71,19.64,19.75,19.55,51364587.0
2035,2018-01-04,19.64,19.62,19.72,19.57,35117865.0
2036,2018-01-05,19.63,19.63,19.63,19.53,54451383.0
2037,2018-01-08,19.55,19.66,19.78,19.53,57771134.0
2038,2018-01-09,19.56,19.62,19.69,19.56,73330347.0
2039,2018-01-10,19.58,19.59,19.66,19.51,48039567.0
2040,2018-01-11,19.6,19.61,19.62,19.45,97538737.0
2041,2018-01-12,19.61,19.62,19.62,19.51,111778986.0
2042,2018-01-15,19.55,19.57,19.77,19.55,28290690.0
2043,2018-01-16,19.56,19.56,19.69,19.55,37639143.0
2044,2018-01-17,19.55,19.57,19.68,19.5,55063164.0
2045,2018-01-18,19.55,19.56,19.62,19.49,26540386.0
2046,2018-01-19,19.38,19.58,19.59,19.38,83471704.0
2047,2018-01-22,19.38,19.48,19.6,19.37,80250249.0
2048,2018-01-23,19.43,19.47,19.48,19.25,58414194.0
2049,2018-01-24,19.45,19.91,19.91,19.36,69982618.0
2050,2018-01-25,19.92,20.03,20.04,19.81,166934307.0
2051,2018-01-26,20.04,20.05,20.05,19.89,113985462.0
2052,2018-01-29,20.1,19.89,20.13,19.8,62925637.0
2053,2018-01-30,19.78,19.73,19.98,19.7,69364731.0
2054,2018-01-31,19.7,19.75,19.93,19.69,26400087.0
2055,2018-02-01,19.66,19.73,19.88,19.56,38209362.0
2056,2018-02-02,19.67,19.73,19.78,19.51,115841881.0
2057,2018-02-05,19.67,19.63,19.71,19.52,26354971.0
2058,2018-02-06,19.54,19.67,19.67,19.21,72728920.0
2059,2018-02-07,19.68,19.6,19.69,19.48,46507609.0
2060,2018-02-08,19.59,19.53,19.6,19.45,34098628.0
2061,2018-02-09,19.5,19.43,19.55,19.32,46705948.0
2062,2018-02-12,19.42,19.4,19.56,19.31,46953586.0
2063,2018-02-13,19.4,19.45,19.56,19.34,32759556.0
2064,2018-02-14,19.48,19.49,19.49,19.35,23181197.0
2065,2018-02-22,19.49,19.54,19.55,19.34,42194241.0
2066,2018-12-07,17.57,17.57,17.57,17.57,19212795.0
2067,2018-12-10,15.81,15.81,15.81,15.81,17044761.0
2068,2018-12-11,14.23,14.23,14.23,14.23,3184674.0
2069,2018-12-12,12.81,12.81,12.81,12.81,4315689.0
2070,2018-12-13,11.53,11.53,11.53,11.53,13221451.0
2071,2018-12-14,10.38,10.38,10.38,10.38,25467330.0
2072,2018-12-17,9.34,9.34,9.34,9.34,13312302.0
2073,2018-12-18,8.41,8.41,8.41,8.41,10744616.0
2074,2018-12-19,7.57,7.57,7.57,7.57,80323756.0
2075,2018-12-20,6.81,6.81,6.81,6.81,344021456.0
2076,2018-12-21,6.18,7.02,7.37,6.18,2136781104.0
2077,2018-12-24,6.32,6.46,6.88,6.32,1341579248.0
2078,2018-12-25,6.3,7.11,7.11,6.23,1303044288.0
2079,2018-12-26,7.29,7.82,7.82,7.02,1610450768.0
2080,2018-12-27,8.01,8.1,8.59,7.31,1940358560.0
2081,2018-12-28,7.91,8.01,8.47,7.82,1444723760.0
2082,2019-01-02,8.04,7.94,8.26,7.65,1098026304.0
2083,2019-01-03,7.78,7.23,7.87,7.15,1101501248.0
2084,2019-01-04,7.08,7.91,7.95,7.02,1437313952.0
2085,2019-01-07,7.69,7.78,7.94,7.62,1102117824.0
2086,2019-01-08,7.75,7.77,8.14,7.66,1018838208.0
2087,2019-01-09,7.69,7.71,8.0,7.31,1058603632.0
2088,2019-01-10,7.6,7.39,7.75,7.38,731327456.0
2089,2019-01-11,7.3,7.31,7.5,7.24,550749584.0
2090,2019-01-14,7.3,7.1,7.37,7.0,512879360.0
2091,2019-01-15,7.14,7.29,7.46,7.12,699311808.0
2092,2019-01-16,7.15,7.16,7.37,7.12,478351344.0
2093,2019-01-17,7.12,7.12,7.29,7.06,392449264.0
2094,2019-01-18,7.15,7.05,7.24,6.85,518254032.0
2095,2019-01-21,7.09,7.13,7.2,6.98,426111568.0
2096,2019-01-22,7.12,6.94,7.17,6.9,369480464.0
2097,2019-01-23,6.9,6.66,6.91,6.62,386659408.0
2098,2019-01-24,6.69,6.55,6.72,6.52,267134272.0
2099,2019-01-25,6.55,6.73,7.15,6.34,650582656.0
2100,2019-01-28,6.67,6.47,6.79,6.46,363212528.0
2101,2019-01-29,6.4,6.38,6.56,6.25,251408569.0
2102,2019-01-30,6.33,6.11,6.43,6.09,271241024.0
2103,2019-01-31,5.95,5.82,6.17,5.75,333814416.0
2104,2019-02-01,5.89,6.2,6.34,5.86,357044688.0
2105,2019-02-11,6.18,6.36,6.37,6.17,294864640.0
2106,2019-02-12,6.38,6.59,6.75,6.36,438019200.0
2107,2019-02-13,6.59,6.59,6.69,6.45,429780608.0
2108,2019-02-14,6.74,7.25,7.25,6.74,817267632.0
2109,2019-02-15,7.43,7.71,7.98,7.35,1387140560.0
2110,2019-02-18,7.73,8.48,8.48,7.44,1368991920.0
2111,2019-02-19,8.61,9.33,9.33,8.61,1882312560.0
2112,2019-02-20,9.44,9.01,9.51,8.71,1590771392.0
2113,2019-02-21,8.95,8.86,9.36,8.64,1342996768.0
2114,2019-02-22,8.68,8.75,8.85,8.44,1039168080.0
2115,2019-02-25,8.88,9.14,9.48,8.88,1531496000.0
2116,2019-02-26,9.1,9.18,9.77,8.88,1671615840.0
2117,2019-02-27,9.03,9.14,9.34,8.9,1005701168.0
2118,2019-02-28,9.03,9.74,9.87,9.03,1773623792.0
2119,2019-03-01,9.74,9.59,10.13,9.42,1635486672.0
2120,2019-03-08,10.54,10.55,10.55,10.02,1508495392.0
2121,2019-03-11,11.61,10.48,11.61,9.6,2718933248.0
2122,2019-03-12,10.21,10.81,11.4,10.0,2488242384.0
2123,2019-03-13,10.68,10.33,11.04,10.15,1600384320.0
2124,2019-03-14,10.08,9.39,10.42,9.3,1357424496.0
2125,2019-03-15,9.55,9.31,9.64,9.1,922320672.0
2126,2019-03-18,9.38,9.94,10.14,8.91,1386070096.0
2127,2019-03-19,9.95,9.76,9.96,9.71,858750432.0
2128,2019-03-20,9.75,10.1,10.28,9.61,1293615200.0
2129,2019-03-21,10.14,10.03,10.23,9.94,1025885696.0
2130,2019-03-22,9.96,9.81,10.02,9.67,728539344.0
2131,2019-03-25,9.48,9.32,9.59,9.3,736494816.0
2132,2019-03-26,9.39,9.24,9.64,9.22,609015024.0
2133,2019-03-27,9.64,9.92,10.12,9.52,1228143040.0
2134,2019-03-28,9.7,9.39,9.87,9.36,851444720.0
2135,2019-03-29,9.38,9.61,9.79,9.11,842070160.0
2136,2019-04-01,9.61,9.95,10.13,9.61,1070618032.0
2137,2019-04-02,10.16,10.14,10.45,10.02,1215747648.0
2138,2019-04-03,10.0,10.51,10.73,9.83,1450592448.0
2139,2019-04-04,10.5,10.26,10.63,10.17,1033433088.0
2140,2019-04-08,10.32,9.93,10.37,9.85,842716160.0
2141,2019-04-09,9.98,10.03,10.17,9.77,599647840.0
2142,2019-04-10,9.9,10.36,10.73,9.8,1369436144.0
2143,2019-04-11,10.21,9.9,10.33,9.88,864712208.0
2144,2019-04-12,9.91,9.64,9.97,9.5,645464512.0
2145,2019-04-15,9.77,9.52,9.87,9.48,452650288.0
2146,2019-04-16,9.46,9.7,9.75,9.37,444704176.0
2147,2019-04-17,9.69,9.8,9.92,9.62,568647424.0
2148,2019-04-18,9.8,9.89,10.25,9.53,785346368.0
2149,2019-04-19,9.8,9.84,9.92,9.72,438337776.0
2150,2019-04-22,9.87,9.83,10.1,9.7,540960480.0
2151,2019-04-23,9.8,9.9,10.1,9.73,847814496.0
2152,2019-04-24,9.81,9.75,9.94,9.63,482400816.0
2153,2019-04-25,9.74,9.21,9.74,9.21,570637904.0
2154,2019-04-26,9.19,9.48,9.48,9.1,472932800.0
2155,2019-04-29,9.54,9.05,9.61,9.0,493289680.0
2156,2019-04-30,9.01,8.43,9.02,8.18,570832208.0
2157,2019-05-06,8.1,7.59,8.1,7.59,461181808.0
2158,2019-05-07,7.59,7.77,7.88,7.59,342258272.0
2159,2019-05-08,7.53,7.84,7.96,7.49,312261936.0
2160,2019-05-09,7.73,7.8,7.93,7.69,214228114.0
2161,2019-05-10,7.89,8.04,8.06,7.6,358257968.0
2162,2019-05-13,7.91,7.96,8.15,7.86,248107825.0
2163,2019-05-14,7.76,7.81,7.96,7.76,205098052.0
2164,2019-05-15,7.87,8.03,8.18,7.86,373078112.0
2165,2019-05-16,8.02,8.45,8.63,7.98,560313024.0
2166,2019-05-17,8.43,8.17,8.67,8.11,507003120.0
2167,2019-05-20,7.9,7.35,7.99,7.35,608370240.0
2168,2019-05-21,7.24,7.46,7.54,7.24,258503933.0
2169,2019-05-22,7.48,7.37,7.58,7.28,286505952.0
2170,2019-05-23,7.39,7.2,7.42,7.14,239628060.0
2171,2019-05-24,7.14,7.22,7.33,7.08,232409044.0
2172,2019-05-27,7.23,7.45,7.47,7.2,275580768.0
2173,2019-05-28,7.47,7.38,7.51,7.33,236933760.0
2174,2019-05-29,7.21,7.24,7.38,7.1,282878384.0
2175,2019-05-30,7.25,7.19,7.34,7.12,213796960.0
2176,2019-05-31,7.24,7.09,7.25,7.09,224357171.0
2177,2019-06-03,7.11,6.87,7.14,6.74,314162608.0
2178,2019-06-04,6.81,6.73,6.91,6.68,176935603.0
2179,2019-06-05,6.79,6.62,6.85,6.6,182851557.0
2180,2019-06-06,6.63,6.36,6.63,6.33,206642404.0
2181,2019-06-10,6.45,6.75,6.92,6.36,317237552.0
2182,2019-06-11,6.71,6.93,6.97,6.66,318032688.0
2183,2019-06-12,6.91,6.86,7.03,6.84,250706648.0
2184,2019-06-13,6.85,6.92,7.02,6.82,221916618.0
2185,2019-06-14,6.93,7.21,7.5,6.91,575351600.0
2186,2019-06-17,7.14,6.97,7.3,6.92,340810032.0
2187,2019-06-18,6.94,7.09,7.1,6.81,228311093.0
2188,2019-06-19,7.23,7.18,7.38,7.12,387024048.0
2189,2019-06-20,7.23,7.27,7.35,7.14,296194128.0
2190,2019-06-21,7.26,7.31,7.59,7.25,325784928.0
2191,2019-06-24,7.34,7.27,7.36,7.11,217044823.0
2192,2019-06-25,7.29,7.1,7.3,7.02,227351321.0
2193,2019-06-26,7.07,7.07,7.25,7.02,172167772.0
2194,2019-06-27,7.09,7.1,7.22,7.08,187199245.0
2195,2019-06-28,7.14,6.95,7.14,6.84,196389566.0
2196,2019-07-01,7.15,7.28,7.28,7.07,352311568.0
2197,2019-07-02,7.21,7.5,7.86,7.2,664746864.0
2198,2019-07-03,7.4,7.33,7.57,7.28,376471584.0
2199,2019-07-04,7.36,7.29,7.45,7.24,201140434.0
2200,2019-07-05,7.29,7.26,7.34,7.18,197972563.0
2201,2019-07-08,7.2,6.95,7.25,6.92,261385044.0
2202,2019-07-09,6.95,7.01,7.12,6.86,184129989.0
2203,2019-07-10,7.0,6.91,7.06,6.88,172605283.0
2204,2019-07-11,6.93,6.89,7.02,6.84,160023733.0
2205,2019-07-12,6.84,7.07,7.1,6.79,214530471.0
2206,2019-07-15,7.29,7.21,7.41,7.18,400317456.0
2207,2019-07-16,7.26,7.32,7.42,7.21,318950304.0
2208,2019-07-17,7.22,7.13,7.26,7.12,295955936.0
2209,2019-07-18,7.1,6.9,7.1,6.9,223581738.0
2210,2019-07-19,6.96,6.93,7.01,6.92,134380280.0
2211,2019-07-22,6.91,6.71,6.97,6.63,181979258.0
2212,2019-07-23,6.72,6.84,6.88,6.71,123162321.0
2213,2019-07-24,6.86,6.92,6.97,6.83,148424739.0
2214,2019-07-25,6.92,6.96,6.99,6.91,117768289.0
2215,2019-07-26,6.92,7.04,7.13,6.86,238255602.0
2216,2019-07-29,7.04,6.97,7.07,6.93,131864544.0
2217,2019-07-30,6.94,7.02,7.06,6.94,120636427.0
2218,2019-07-31,7.0,7.05,7.11,6.95,160577277.0
2219,2019-08-01,7.0,6.99,7.04,6.95,115834796.0
2220,2019-08-02,6.86,6.89,6.9,6.78,150263978.0
2221,2019-08-05,6.88,6.87,6.91,6.8,104432221.0
2222,2019-08-06,6.71,6.78,6.79,6.55,180003473.0
2223,2019-08-07,6.83,6.86,6.91,6.71,147637616.0
2224,2019-08-08,6.94,6.94,6.95,6.82,196762558.0
2225,2019-08-09,7.0,7.09,7.35,7.0,470064096.0
2226,2019-08-12,7.09,7.8,7.8,7.04,909585472.0
2227,2019-08-13,7.72,8.09,8.45,7.56,1224997520.0
2228,2019-08-14,8.13,8.09,8.3,8.01,851626288.0
2229,2019-08-15,7.88,8.16,8.35,7.83,985382800.0
2230,2019-08-16,8.07,8.06,8.28,8.05,722161568.0
2231,2019-08-19,8.15,8.51,8.6,8.01,1080386560.0
2232,2019-08-20,8.4,8.25,8.49,8.22,816456416.0
2233,2019-08-21,8.16,8.2,8.37,8.12,456936032.0
2234,2019-08-22,8.21,8.33,8.48,8.17,617772000.0
2235,2019-08-23,8.28,8.44,8.66,8.12,817031216.0
2236,2019-08-26,8.24,8.37,8.67,8.19,678090704.0
2237,2019-08-27,8.46,8.9,9.21,8.41,1189711776.0
2238,2019-08-28,8.8,8.76,9.02,8.7,794963872.0
2239,2019-08-29,8.75,8.57,8.82,8.53,613144352.0
2240,2019-08-30,8.6,8.25,8.71,8.11,725571840.0
2241,2019-09-02,8.29,8.37,8.46,8.18,457898960.0
2242,2019-09-03,8.38,8.4,8.43,8.24,465636368.0
2243,2019-09-04,8.34,8.4,8.55,8.31,441963632.0
2244,2019-09-05,8.45,8.47,8.63,8.4,601207840.0
2245,2019-09-06,8.55,8.81,8.97,8.49,874722048.0
2246,2019-09-09,8.88,8.96,9.08,8.72,743515088.0
2247,2019-09-10,8.97,8.96,9.1,8.75,644281232.0
2248,2019-09-11,8.98,8.98,9.2,8.87,855493776.0
2249,2019-09-12,8.94,8.83,9.03,8.8,586157216.0
2250,2019-09-16,8.78,8.68,8.83,8.6,553671920.0
2251,2019-09-17,8.7,8.31,8.7,8.28,569397984.0
2252,2019-09-18,8.29,8.32,8.47,8.29,326927008.0
2253,2019-09-19,8.31,8.43,8.44,8.14,362316384.0
2254,2019-09-20,8.44,8.27,8.52,8.26,315201360.0
2255,2019-09-23,8.23,8.21,8.29,8.05,300019792.0
2256,2019-09-24,8.21,8.22,8.38,8.18,298470752.0
2257,2019-09-25,8.14,8.01,8.25,8.0,277423760.0
2258,2019-09-26,8.06,7.7,8.08,7.7,361991568.0
2259,2019-09-27,7.74,7.84,7.88,7.67,208719127.0
2260,2019-09-30,7.84,7.8,7.96,7.8,170880834.0
2261,2019-10-08,7.86,8.15,8.33,7.86,443445296.0
2262,2019-10-09,8.21,8.14,8.31,8.02,302320432.0
2263,2019-10-10,8.14,8.24,8.29,8.07,326408992.0
2264,2019-10-11,8.23,8.1,8.23,8.09,313093792.0
2265,2019-10-14,7.97,7.93,8.03,7.71,496700880.0
2266,2019-10-15,7.98,8.24,8.53,7.93,830480800.0
2267,2019-10-16,8.19,8.2,8.36,8.16,500913120.0
2268,2019-10-17,8.16,8.02,8.25,7.98,393492880.0
2269,2019-10-18,8.03,8.02,8.15,7.96,266910802.0
2270,2019-10-21,7.94,7.92,7.97,7.81,202303449.0
2271,2019-10-22,7.9,8.0,8.02,7.89,156433020.0
2272,2019-10-23,8.0,7.95,8.04,7.89,167772985.0
2273,2019-10-24,8.01,7.8,8.03,7.73,250327186.0
2274,2019-10-25,7.77,7.71,7.8,7.51,347716624.0
2275,2019-10-28,7.64,7.81,7.83,7.64,248073910.0
2276,2019-10-29,7.83,7.71,7.83,7.7,183859779.0
2277,2019-10-30,7.69,7.41,7.69,7.39,268649920.0
2278,2019-10-31,7.43,7.43,7.56,7.41,158068692.0
2279,2019-11-01,7.45,7.52,7.53,7.27,174325320.0
2280,2019-11-04,7.55,7.85,7.93,7.54,431687776.0
2281,2019-11-05,7.83,7.74,7.85,7.71,222353961.0
2282,2019-11-06,7.77,7.76,7.89,7.71,167238549.0
2283,2019-11-07,7.83,8.1,8.19,7.82,597240800.0
2284,2019-11-08,8.18,8.08,8.21,8.04,408481312.0
2285,2019-11-11,8.08,8.13,8.2,7.94,366614400.0
2286,2019-11-12,8.08,8.27,8.46,8.01,533008992.0
2287,2019-11-14,8.28,7.93,8.28,7.68,510680288.0
2288,2019-11-15,7.84,7.56,7.9,7.54,436124976.0
2289,2019-11-18,7.5,7.58,7.67,7.44,182021648.0
2290,2019-11-19,7.62,7.66,7.75,7.59,206835293.0
2291,2019-11-20,7.66,7.62,7.73,7.51,235381244.0
2292,2019-11-21,7.56,7.59,7.67,7.51,141957119.0
2293,2019-11-22,7.61,7.42,7.67,7.4,206231196.0
2294,2019-11-25,7.41,7.31,7.44,7.27,146668148.0
2295,2019-11-26,7.37,7.38,7.48,7.35,122014709.0
2296,2019-11-27,7.4,7.32,7.4,7.3,107889590.0
2297,2019-11-28,7.32,7.09,7.34,7.07,240677550.0
2298,2019-11-29,7.09,7.17,7.2,7.07,150237843.0
2299,2019-12-02,7.19,7.14,7.23,7.13,103996187.0
2300,2019-12-03,7.12,7.19,7.2,7.05,154009576.0
2301,2019-12-04,7.14,7.12,7.18,7.1,108138110.0
2302,2019-12-05,7.14,7.18,7.2,7.12,163905566.0
2303,2019-12-06,7.18,7.24,7.25,7.17,146789730.0
2304,2019-12-09,7.23,7.25,7.27,7.18,129879645.0
2305,2019-12-10,7.22,7.22,7.24,7.19,118201059.0
2306,2019-12-11,7.21,7.14,7.22,7.12,164764819.0
2307,2019-12-12,7.14,7.16,7.25,7.1,167441343.0
2308,2019-12-13,7.21,7.24,7.29,7.19,217844105.0
2309,2019-12-16,7.28,7.38,7.44,7.25,275668848.0
2310,2019-12-17,7.4,7.43,7.47,7.36,290215520.0
2311,2019-12-18,7.44,7.5,7.64,7.4,369203728.0
2312,2019-12-19,7.5,7.53,7.56,7.44,189462946.0
2313,2019-12-20,7.53,7.36,7.56,7.35,218858353.0
2314,2019-12-23,7.35,7.22,7.4,7.2,173285514.0
2315,2019-12-24,7.22,7.31,7.32,7.21,112731685.0
2316,2019-12-25,7.28,7.23,7.35,7.21,154098608.0
2317,2019-12-26,7.35,7.38,7.59,7.31,374818960.0
2318,2019-12-27,7.4,7.3,7.45,7.29,250277677.0
2319,2019-12-30,7.27,7.22,7.27,7.11,219337985.0
2320,2019-12-31,7.19,7.42,7.45,7.18,371042400.0
2321,2020-01-02,7.43,7.52,7.54,7.37,403647776.0
2322,2020-01-03,7.52,7.5,7.6,7.44,297553040.0
2323,2020-01-06,7.44,7.5,7.57,7.39,336387696.0
2324,2020-01-07,7.49,7.64,7.64,7.47,422813184.0
2325,2020-01-08,7.59,7.43,7.75,7.42,401619088.0
2326,2020-01-09,7.52,7.58,7.65,7.47,376343424.0
2327,2020-01-10,7.61,7.53,7.64,7.49,223619081.0
2328,2020-01-13,7.5,7.49,7.52,7.37,263235734.0
2329,2020-01-14,7.48,7.42,7.54,7.42,261638050.0
2330,2020-01-15,7.44,7.32,7.45,7.3,252242794.0
2331,2020-01-16,7.33,7.22,7.34,7.2,259525916.0
2332,2020-01-17,7.23,7.23,7.29,7.22,169946248.0
2333,2020-01-20,7.29,7.45,7.45,7.29,313008592.0
2334,2020-01-21,7.5,7.8,7.94,7.5,810683264.0
2335,2020-01-22,7.86,7.64,7.96,7.56,539852544.0
2336,2020-01-23,7.77,8.01,8.15,7.7,982709824.0
2337,2020-02-03,8.6,7.93,8.6,7.31,1310250784.0
2338,2020-02-04,7.64,8.22,8.24,7.64,1125582960.0
2339,2020-02-05,8.81,9.04,9.04,8.4,2048741152.0
2340,2020-02-06,9.38,9.94,9.94,9.23,1913104048.0
2341,2020-02-07,10.15,9.5,10.75,9.28,3086026496.0
2342,2020-02-10,9.5,9.11,9.79,8.79,1955792864.0
2343,2020-02-11,9.14,8.8,9.14,8.63,1235884016.0
2344,2020-02-12,8.83,8.86,9.05,8.73,982137680.0
2345,2020-02-13,9.1,9.44,9.74,8.89,1926592224.0
2346,2020-02-14,10.38,10.18,10.38,10.0,3144389824.0
2347,2020-02-17,9.78,9.75,9.93,9.52,2069487952.0
2348,2020-02-18,9.62,9.68,9.92,9.61,1380378944.0
2349,2020-02-19,9.76,9.1,9.76,9.03,1568293936.0
2350,2020-02-20,9.12,9.18,9.3,8.88,1070087968.0
2351,2020-02-21,9.11,9.15,9.28,9.01,885635312.0
2352,2020-02-24,9.25,9.5,9.58,9.22,1136694624.0
2353,2020-02-25,9.3,9.75,9.88,9.21,1531113376.0
2354,2020-02-26,9.62,9.24,9.68,9.22,995779136.0
2355,2020-02-27,9.38,9.31,9.47,9.24,546216704.0
2356,2020-02-28,9.05,9.11,9.34,8.86,923103728.0
2357,2020-03-02,9.16,9.38,9.44,9.04,761956064.0
2358,2020-03-03,9.41,9.52,9.73,9.33,1093772336.0
2359,2020-03-04,9.42,9.42,9.5,9.17,665557216.0
2360,2020-03-05,9.45,9.33,9.49,9.27,578967600.0
2361,2020-03-06,9.24,9.24,9.43,9.18,449132560.0
2362,2020-03-09,9.2,8.96,9.27,8.91,635176064.0
2363,2020-03-10,8.7,8.86,8.96,8.49,717682208.0
2364,2020-03-11,9.1,8.89,9.27,8.86,586534080.0
2365,2020-03-12,8.7,8.62,8.83,8.52,418207792.0
2366,2020-03-13,8.09,8.44,8.54,8.09,440274112.0
2367,2020-03-16,8.61,8.32,8.85,8.25,554868336.0
2368,2020-03-17,8.29,8.2,8.45,7.87,539863504.0
2369,2020-03-18,8.32,8.0,8.43,7.98,404795504.0
2370,2020-03-19,8.0,7.87,8.1,7.75,428187136.0
2371,2020-03-20,7.98,8.09,8.17,7.88,568060640.0
2372,2020-03-23,7.94,7.85,8.14,7.82,390655920.0
2373,2020-03-24,7.98,7.84,8.03,7.64,337959728.0
2374,2020-03-25,8.0,8.09,8.14,7.92,456817696.0
2375,2020-03-26,8.04,8.16,8.34,7.98,503925888.0
2376,2020-03-27,8.25,7.98,8.27,7.96,371073280.0
2377,2020-03-30,7.98,7.91,8.12,7.83,309212688.0
2378,2020-03-31,7.97,7.78,7.99,7.78,287258624.0
2379,2020-04-01,7.75,7.71,7.91,7.62,300909344.0
2380,2020-04-02,7.68,7.79,7.79,7.6,215482371.0
2381,2020-04-03,7.79,7.82,7.93,7.77,233263801.0
2382,2020-04-07,7.92,8.05,8.07,7.86,355258576.0
2383,2020-04-08,8.0,7.99,8.12,7.93,287656240.0
2384,2020-04-09,8.0,8.19,8.22,7.98,406285200.0
2385,2020-04-10,8.14,7.94,8.23,7.92,347603008.0
2386,2020-04-13,7.91,7.95,8.07,7.83,203118779.0
2387,2020-04-14,7.99,8.03,8.06,7.85,282336592.0
2388,2020-04-15,8.03,8.24,8.43,8.01,589247120.0
2389,2020-04-16,8.19,8.26,8.35,8.1,445210288.0
2390,2020-04-17,8.26,8.14,8.29,8.12,334512496.0
2391,2020-04-20,8.1,8.2,8.25,8.1,234169442.0
2392,2020-04-21,8.15,8.06,8.23,8.02,245421846.0
2393,2020-04-22,8.04,8.1,8.11,7.95,169694774.0
2394,2020-04-23,8.12,8.91,8.91,8.11,1234554976.0
2395,2020-04-24,8.92,8.81,9.2,8.79,1643016160.0
2396,2020-04-27,8.8,8.55,8.81,8.38,807146800.0
2397,2020-04-28,8.71,8.55,8.83,8.23,665809984.0
2398,2020-04-29,8.5,8.36,8.59,8.35,418099664.0
2399,2020-04-30,8.37,8.47,8.54,8.37,366886880.0
2400,2020-05-06,8.41,8.58,8.65,8.37,429551280.0
2401,2020-05-07,8.59,8.44,8.6,8.43,360226368.0
2402,2020-05-08,8.5,8.5,8.58,8.45,332881536.0
2403,2020-05-11,8.55,8.77,8.77,8.48,631311360.0
2404,2020-05-12,8.74,8.77,8.96,8.68,582211296.0
2405,2020-05-13,8.7,8.74,8.87,8.63,381955072.0
2406,2020-05-14,8.67,8.59,8.71,8.58,291750064.0
2407,2020-05-15,8.63,8.53,8.68,8.5,240228271.0
2408,2020-05-18,8.5,8.64,8.73,8.5,287846944.0
2409,2020-05-19,8.72,8.74,8.81,8.66,306491696.0
2410,2020-05-20,8.73,8.57,8.74,8.52,270302176.0
2411,2020-05-21,8.59,8.44,8.7,8.43,258114235.0
2412,2020-05-22,8.41,8.19,8.51,8.11,330388016.0
2413,2020-05-25,8.2,8.09,8.26,8.07,197845250.0
2414,2020-05-26,8.12,8.22,8.24,8.12,202984624.0
2415,2020-05-27,8.23,8.14,8.28,8.09,161110153.0
2416,2020-05-28,8.13,8.02,8.17,7.94,230622308.0
2417,2020-05-29,8.03,8.21,8.21,8.01,204876744.0
2418,2020-06-01,8.21,8.35,8.38,8.21,215356846.0
2419,2020-06-02,8.36,8.33,8.37,8.27,192355350.0
2420,2020-06-03,8.33,8.37,8.5,8.33,270699040.0
2421,2020-06-04,8.4,8.33,8.4,8.26,181861455.0
2422,2020-06-05,8.35,8.3,8.42,8.27,159876598.0
2423,2020-06-08,8.3,8.21,8.35,8.21,179513253.0
2424,2020-06-09,8.21,8.25,8.25,8.13,190197488.0
2425,2020-06-10,8.23,8.26,8.32,8.16,187098556.0
2426,2020-06-11,8.26,8.31,8.5,8.22,318574160.0
2427,2020-06-12,8.12,8.4,8.47,8.1,303906576.0
2428,2020-06-15,8.66,8.53,8.76,8.44,431800592.0
2429,2020-06-16,8.5,8.53,8.62,8.42,406173376.0
2430,2020-06-17,8.56,8.78,8.85,8.54,712385872.0
2431,2020-06-18,8.78,8.59,8.78,8.57,401298944.0
2432,2020-06-19,8.6,8.73,8.93,8.53,590317168.0
2433,2020-06-22,8.65,8.63,8.74,8.6,385027328.0
2434,2020-06-23,8.6,8.53,8.6,8.45,303201536.0
2435,2020-06-24,8.51,8.42,8.56,8.41,260002808.0
2436,2020-06-29,8.47,8.49,8.64,8.46,323413984.0
2437,2020-06-30,8.52,8.46,8.57,8.41,315425648.0
2438,2020-07-01,8.45,8.34,8.46,8.28,339627792.0
2439,2020-07-02,8.3,8.52,8.56,8.3,428647152.0
2440,2020-07-03,8.53,8.64,8.68,8.46,533335568.0
2441,2020-07-06,8.68,8.96,9.03,8.64,872956400.0
2442,2020-07-07,9.01,8.88,9.13,8.87,997437024.0
2443,2020-07-08,8.88,9.0,9.09,8.82,660361152.0
2444,2020-07-09,9.0,9.9,9.9,8.97,1769793104.0
2445,2020-07-10,10.05,10.14,10.46,10.03,1931424736.0
2446,2020-07-13,10.14,10.64,10.86,10.14,1608435328.0
2447,2020-07-14,10.9,10.67,11.16,10.34,1963471616.0
2448,2020-07-15,10.69,10.07,10.88,10.05,1567681584.0
2449,2020-07-16,10.27,9.73,10.4,9.66,1304971600.0
2450,2020-07-17,9.8,9.49,9.88,9.37,903290448.0
2451,2020-07-20,9.56,9.7,9.7,9.3,761970432.0
2452,2020-07-21,9.7,9.96,10.16,9.55,1200985328.0
2453,2020-07-22,9.88,9.82,9.99,9.75,754382416.0
2454,2020-07-23,9.71,9.9,10.06,9.55,882546336.0
2455,2020-07-24,9.86,9.27,9.92,9.22,821483312.0
2456,2020-07-27,9.31,9.4,9.49,9.25,469833968.0
2457,2020-07-28,9.45,9.39,9.49,9.26,417897776.0
2458,2020-07-29,9.32,9.76,9.85,9.28,830238992.0
2459,2020-07-30,9.77,9.98,10.34,9.7,1370452352.0
2460,2020-07-31,9.81,10.33,10.37,9.8,1355856000.0
2461,2020-08-03,10.33,10.46,10.52,10.1,1281309728.0
2462,2020-08-04,10.45,10.26,10.81,10.19,1410596544.0
2463,2020-08-05,10.08,10.28,10.45,9.95,892392400.0
2464,2020-08-06,10.3,10.16,10.46,10.07,675454688.0
2465,2020-08-07,10.09,9.82,10.25,9.67,978052992.0
2466,2020-08-10,9.71,9.79,9.9,9.57,687682992.0
2467,2020-08-11,9.82,9.56,9.92,9.56,578752512.0
2468,2020-08-12,9.53,9.4,9.63,9.23,508053456.0
2469,2020-08-13,9.39,9.4,9.5,9.33,352865552.0
2470,2020-08-14,9.38,9.42,9.45,9.25,336730528.0
2471,2020-08-17,9.46,9.54,9.58,9.36,556268464.0
2472,2020-08-18,9.55,9.57,9.64,9.5,387963152.0
2473,2020-08-19,9.59,9.3,9.61,9.3,428080640.0
2474,2020-08-20,9.25,9.34,9.41,9.16,275223744.0
2475,2020-08-21,9.36,9.37,9.43,9.26,262827414.0
2476,2020-08-24,9.4,9.57,9.57,9.26,370833888.0
2477,2020-08-25,9.58,9.59,9.65,9.45,365787184.0
2478,2020-08-26,9.53,9.34,9.53,9.2,467292192.0
2479,2020-08-27,9.29,9.14,9.31,9.01,572597808.0
2480,2020-08-28,9.06,9.12,9.15,9.0,405837488.0
2481,2020-08-31,9.13,8.99,9.21,8.98,366451488.0
2482,2020-09-01,9.02,9.13,9.14,8.88,369819520.0
2483,2020-09-02,9.14,9.04,9.18,8.99,266810035.0
2484,2020-09-03,9.04,9.07,9.19,8.98,366678240.0
2485,2020-09-04,8.93,8.98,8.99,8.86,255103221.0
2486,2020-09-07,8.96,8.77,9.05,8.77,296132992.0
2487,2020-09-08,8.79,8.84,8.86,8.7,214056471.0
2488,2020-09-09,8.75,8.58,8.78,8.56,303499200.0
2489,2020-09-10,8.63,8.41,8.7,8.39,235515554.0
2490,2020-09-11,8.4,8.47,8.49,8.37,160240337.0
2491,2020-09-14,8.53,8.59,8.63,8.48,180282509.0
2492,2020-09-15,8.59,8.58,8.6,8.5,128504334.0
2493,2020-09-16,8.57,8.49,8.64,8.45,135572821.0
2494,2020-09-17,8.5,8.45,8.53,8.38,182088493.0
2495,2020-09-18,8.43,8.59,8.6,8.4,198346622.0
2496,2020-09-21,8.6,8.62,8.69,8.56,169573622.0
2497,2020-09-22,8.56,8.57,8.78,8.53,257758567.0
2498,2020-09-23,8.58,8.71,8.75,8.52,243998155.0
2499,2020-09-24,8.65,8.52,8.7,8.49,199251502.0
2500,2020-09-25,8.54,8.46,8.65,8.43,155331889.0
2501,2020-09-28,8.48,8.23,8.53,8.2,207561389.0
2502,2020-09-29,8.24,8.27,8.3,8.15,129776292.0
2503,2020-09-30,8.29,8.22,8.39,8.17,127965930.0
2504,2020-10-09,8.31,8.57,8.61,8.31,248020288.0
2505,2020-10-12,8.59,8.72,8.75,8.56,257018372.0
2506,2020-10-13,8.72,8.72,8.78,8.66,188949957.0
2507,2020-10-14,8.69,8.86,8.88,8.61,350709968.0
2508,2020-10-15,8.92,9.19,9.3,8.88,724438512.0
2509,2020-10-16,9.15,9.2,9.22,9.02,400922240.0
2510,2020-10-19,9.19,8.86,9.2,8.85,318191184.0
2511,2020-10-20,8.83,9.15,9.19,8.81,286475264.0
2512,2020-10-21,9.16,9.02,9.29,9.02,267026493.0
2513,2020-10-22,8.98,9.13,9.21,8.92,218016595.0
2514,2020-10-23,9.13,9.03,9.23,9.0,186339953.0
2515,2020-10-26,8.99,8.99,9.15,8.85,236841521.0
2516,2020-10-27,8.96,8.86,9.06,8.84,176617484.0
2517,2020-10-28,8.87,8.84,8.91,8.7,188969153.0
2518,2020-10-29,8.76,8.91,9.06,8.76,297670096.0
2519,2020-10-30,8.93,8.52,8.97,8.5,325810496.0
2520,2020-11-02,8.54,8.3,8.59,8.26,242293970.0
2521,2020-11-03,8.33,8.48,8.53,8.31,172038968.0
2522,2020-11-04,8.48,8.39,8.53,8.36,155577232.0
2523,2020-11-05,8.42,8.47,8.51,8.36,178346881.0
2524,2020-11-06,8.47,8.36,8.48,8.33,171298298.0
2525,2020-11-09,8.33,8.52,8.54,8.33,243322276.0
2526,2020-11-10,8.55,8.47,8.63,8.43,196820381.0
2527,2020-11-11,8.4,8.32,8.44,8.31,177436593.0
2528,2020-11-12,8.32,8.33,8.39,8.27,140237760.0
2529,2020-11-13,8.33,8.25,8.33,8.23,138569858.0
2530,2020-11-16,8.24,8.29,8.32,8.2,136368660.0
2531,2020-11-17,8.25,8.38,8.39,8.21,163387364.0
2532,2020-11-18,8.39,8.37,8.43,8.33,129647255.0
2533,2020-11-19,8.36,8.34,8.36,8.29,110649622.0
2534,2020-11-20,8.32,8.3,8.36,8.26,122128675.0
2535,2020-11-23,8.33,8.38,8.38,8.27,163258904.0
2536,2020-11-24,8.37,8.29,8.37,8.29,142134112.0
2537,2020-11-25,8.29,8.2,8.32,8.18,190546060.0
2538,2020-11-26,8.16,8.22,8.29,8.16,133112890.0
2539,2020-11-27,8.22,8.23,8.28,8.19,100674156.0
2540,2020-11-30,8.25,8.44,8.47,8.2,327734368.0
2541,2020-12-01,8.46,8.45,8.52,8.4,216353654.0
2542,2020-12-02,8.43,8.38,8.43,8.35,169477619.0
2543,2020-12-03,8.35,8.48,8.54,8.34,272201472.0
2544,2020-12-04,8.45,8.41,8.55,8.36,245350091.0
2545,2020-12-07,8.37,8.28,8.38,8.24,200525122.0
2546,2020-12-08,8.18,8.21,8.23,8.13,204453935.0
2547,2020-12-09,8.2,8.07,8.25,8.06,237845051.0
2548,2020-12-10,8.07,7.87,8.11,7.78,308718272.0
2549,2020-12-11,7.88,8.11,8.23,7.59,569080592.0
2550,2020-12-14,8.04,7.96,8.04,7.91,181525140.0
2551,2020-12-15,7.94,7.93,8.07,7.85,136146343.0
2552,2020-12-16,7.94,7.76,7.97,7.75,160502885.0
2553,2020-12-17,7.73,7.79,7.83,7.72,140200824.0
2554,2020-12-18,7.75,7.59,7.77,7.59,221703478.0
2555,2020-12-21,7.51,7.54,7.66,7.38,187206942.0
2556,2020-12-22,7.5,7.64,7.79,7.47,231061211.0
2557,2020-12-23,7.65,7.45,7.66,7.42,199016344.0
2558,2020-12-24,7.42,7.15,7.45,7.15,259813567.0
2559,2020-12-25,7.11,7.2,7.22,7.1,106564814.0
2560,2020-12-28,7.18,7.2,7.36,7.1,134406703.0
2561,2020-12-29,7.24,7.29,7.37,7.2,134448009.0
2562,2020-12-30,7.28,7.24,7.34,7.22,102684830.0
2563,2020-12-31,7.28,7.4,7.44,7.28,135609445.0
2564,2021-01-04,7.4,7.43,7.45,7.32,150195927.0
2565,2021-01-05,7.42,7.41,7.42,7.34,146799051.0
2566,2021-01-06,7.43,7.51,7.55,7.4,196738320.0
2567,2021-01-07,7.52,7.35,7.53,7.28,172386001.0
2568,2021-01-08,7.31,7.4,7.48,7.24,215011679.0
2569,2021-01-11,7.38,7.16,7.39,7.16,207633888.0
2570,2021-01-12,7.16,7.34,7.44,7.13,183528235.0
2571,2021-01-13,7.36,7.27,7.41,7.22,148227419.0
2572,2021-01-14,7.3,7.29,7.34,7.25,125530978.0
2573,2021-01-15,7.3,7.26,7.34,7.24,118627033.0
2574,2021-01-18,7.24,7.25,7.31,7.23,144596753.0
2575,2021-01-19,7.26,7.39,7.5,7.17,249396328.0
2576,2021-01-20,7.34,7.35,7.4,7.3,138241826.0
2577,2021-01-21,7.37,7.45,7.5,7.36,200771557.0
2578,2021-01-22,7.48,7.87,8.05,7.45,693204496.0
2579,2021-01-25,7.82,7.62,7.83,7.6,360153600.0
2580,2021-01-26,7.6,7.63,7.82,7.57,205073832.0
2581,2021-01-27,7.64,7.75,7.75,7.51,202384393.0
2582,2021-01-28,7.69,7.47,7.7,7.46,227755069.0
2583,2021-01-29,7.45,7.23,7.47,7.21,206435077.0
2584,2021-02-01,7.3,7.57,7.73,7.3,267665124.0
2585,2021-02-02,7.62,7.61,7.75,7.55,192889654.0
2586,2021-02-03,7.58,7.55,7.72,7.47,200079307.0
2587,2021-02-04,7.56,7.33,7.57,7.27,184667984.0
2588,2021-02-05,7.36,7.4,7.58,7.35,169981861.0
2589,2021-02-08,7.4,7.6,7.67,7.35,220509107.0
2590,2021-02-09,7.6,7.61,7.67,7.54,170482831.0
2591,2021-02-10,7.62,7.86,8.0,7.57,366614208.0
2592,2021-02-18,7.98,7.9,8.05,7.82,295217280.0
2593,2021-02-19,7.83,7.94,7.95,7.78,241239069.0
2594,2021-02-22,7.93,7.87,8.08,7.87,335107712.0
2595,2021-02-23,7.8,7.72,7.9,7.7,234186814.0
2596,2021-02-24,7.72,7.69,7.81,7.65,212431078.0
2597,2021-02-25,7.7,7.75,7.78,7.65,170134602.0
2598,2021-02-26,7.66,7.64,7.79,7.63,147903951.0
2599,2021-03-01,7.69,7.72,7.73,7.62,139564515.0
2600,2021-03-02,7.74,7.61,7.74,7.6,156999209.0
2601,2021-03-03,7.55,7.64,7.66,7.42,179410686.0
2602,2021-03-04,7.6,7.5,7.62,7.48,147782654.0
2603,2021-03-05,7.48,7.8,7.84,7.47,261953536.0
2604,2021-03-08,7.8,7.88,8.0,7.71,378741312.0
2605,2021-03-09,7.89,7.86,8.04,7.63,296231744.0
2606,2021-03-10,7.86,7.74,7.95,7.72,182603121.0
2607,2021-03-11,7.79,7.78,7.8,7.68,155977778.0
2608,2021-03-12,7.77,7.7,7.77,7.65,121619691.0
2609,2021-03-15,7.67,7.62,7.71,7.58,122346043.0
2610,2021-03-16,7.67,7.72,7.75,7.64,119667614.0
2611,2021-03-17,7.69,7.71,7.75,7.67,94813644.0
2612,2021-03-18,7.71,7.74,7.84,7.68,133011619.0
2613,2021-03-19,7.68,7.6,7.72,7.6,127742274.0
2614,2021-03-22,7.63,7.62,7.66,7.57,123688400.0
2615,2021-03-23,7.58,7.53,7.63,7.51,127312110.0
2616,2021-03-24,7.53,7.58,7.63,7.52,103255630.0
2617,2021-03-25,7.58,7.57,7.63,7.54,77120281.0
2618,2021-03-26,7.57,7.58,7.61,7.54,100360433.0
2619,2021-03-29,7.57,7.5,7.59,7.48,127623686.0
2620,2021-03-30,7.5,7.39,7.52,7.35,149974493.0
2621,2021-03-31,7.39,7.44,7.45,7.37,63253307.0
2622,2021-04-01,7.44,7.46,7.48,7.43,63805645.0
2623,2021-04-02,7.47,7.46,7.48,7.42,69258529.0
2624,2021-04-06,7.47,7.47,7.49,7.41,75895512.0
2625,2021-04-07,7.5,7.46,7.57,7.45,146212428.0
2626,2021-04-08,7.45,7.41,7.49,7.4,164011068.0
2627,2021-04-09,7.44,7.32,7.44,7.3,156129059.0
2628,2021-04-12,7.3,7.27,7.35,7.22,136022750.0
2629,2021-04-13,7.27,7.25,7.29,7.24,93056409.0
2630,2021-04-14,7.23,7.26,7.28,7.21,85718333.0
2631,2021-04-15,7.25,7.29,7.34,7.24,85571857.0
2632,2021-04-16,7.32,7.37,7.39,7.28,100927169.0
2633,2021-04-19,7.37,7.43,7.47,7.33,120236465.0
2634,2021-04-20,7.43,7.7,7.7,7.41,365980544.0
2635,2021-04-21,7.68,7.72,7.78,7.61,238583202.0
2636,2021-04-22,7.72,8.02,8.05,7.71,472790864.0
2637,2021-04-23,8.05,7.85,8.05,7.82,300622832.0
2638,2021-04-26,7.92,7.9,8.03,7.87,249691743.0
2639,2021-04-27,7.84,7.94,7.99,7.73,266609671.0
2640,2021-04-28,7.96,7.95,8.03,7.83,250668363.0
2641,2021-04-29,7.93,7.93,8.02,7.9,161158384.0
2642,2021-04-30,7.93,7.99,8.04,7.89,221923755.0
2643,2021-05-06,7.97,7.86,8.0,7.81,210554150.0
2644,2021-05-07,7.86,7.61,7.91,7.58,217360125.0
2645,2021-05-10,7.62,7.48,7.72,7.45,181988178.0
2646,2021-05-11,7.47,7.54,7.61,7.42,136728569.0
2647,2021-05-12,7.54,7.63,7.64,7.46,129496976.0
2648,2021-05-13,7.6,7.71,7.79,7.57,170635330.0
2649,2021-05-14,7.8,7.64,7.8,7.61,225188640.0
2650,2021-05-17,7.63,7.64,7.76,7.6,182687254.0
2651,2021-05-18,7.65,7.58,7.66,7.54,124064905.0
2652,2021-05-19,7.59,7.47,7.6,7.46,153226155.0
2653,2021-05-20,7.49,7.47,7.54,7.43,153962418.0
2654,2021-05-21,7.5,7.42,7.52,7.42,142181833.0
2655,2021-05-24,7.4,7.37,7.46,7.31,207636260.0
2656,2021-05-25,7.39,7.59,7.6,7.38,269450656.0
2657,2021-05-26,7.6,7.54,7.64,7.52,208957006.0
2658,2021-05-27,7.56,7.56,7.59,7.52,211626523.0
2659,2021-05-28,7.6,7.56,7.6,7.53,166542258.0
2660,2021-05-31,7.57,7.65,7.67,7.52,151144272.0
2661,2021-06-01,7.65,7.57,7.69,7.55,136657403.0
2662,2021-06-02,7.56,7.43,7.56,7.43,170721950.0
2663,2021-06-03,7.45,7.44,7.52,7.42,121784015.0
2664,2021-06-04,7.44,7.41,7.47,7.4,143485460.0
2665,2021-06-07,7.45,7.43,7.46,7.39,131516780.0
2666,2021-06-08,7.45,7.4,7.46,7.38,130564528.0
2667,2021-06-09,7.4,7.42,7.45,7.4,112198129.0
2668,2021-06-10,7.42,7.46,7.49,7.4,135155693.0
2669,2021-06-11,7.47,7.53,7.59,7.43,203185510.0
2670,2021-06-15,7.53,7.36,7.59,7.36,175263500.0
2671,2021-06-16,7.34,7.22,7.36,7.22,179604361.0
2672,2021-06-17,7.23,7.27,7.32,7.23,95150485.0
2673,2021-06-18,7.25,7.24,7.28,7.22,91200925.0
2674,2021-06-21,7.26,7.34,7.35,7.23,90464100.0
2675,2021-06-22,7.34,7.33,7.35,7.3,79976983.0
2676,2021-06-23,7.33,7.3,7.38,7.24,115942276.0
2677,2021-06-24,7.28,7.28,7.35,7.26,89293115.0
2678,2021-06-25,7.26,7.28,7.32,7.23,106228331.0
2679,2021-06-28,7.28,7.33,7.37,7.25,143654834.0
2680,2021-06-29,7.33,7.32,7.38,7.31,100724849.0
2681,2021-06-30,7.31,7.49,7.66,7.3,290732960.0
2682,2021-07-01,7.5,7.54,7.72,7.43,361942304.0
2683,2021-07-02,7.56,7.47,7.62,7.41,174158657.0
2684,2021-07-05,7.48,7.35,7.49,7.3,191900053.0
2685,2021-07-06,7.35,7.3,7.39,7.28,141914708.0
2686,2021-07-07,7.27,7.28,7.32,7.19,187716057.0
2687,2021-07-08,7.27,7.2,7.27,7.18,190103488.0
2688,2021-07-09,7.21,7.25,7.29,7.18,162079689.0
2689,2021-07-12,7.27,7.36,7.47,7.23,227445211.0
2690,2021-07-13,7.38,7.36,7.41,7.34,126133200.0
2691,2021-07-14,7.37,7.46,7.55,7.25,358368384.0
2692,2021-07-15,7.42,7.6,7.6,7.38,265199824.0
2693,2021-07-16,7.68,7.48,7.7,7.46,205757565.0
2694,2021-07-19,7.49,7.51,7.62,7.39,181599595.0
2695,2021-07-20,7.53,7.72,7.85,7.5,488247616.0
2696,2021-07-21,7.72,7.59,7.72,7.54,368863488.0
2697,2021-07-22,7.65,7.62,7.74,7.58,232926540.0
2698,2021-07-23,7.63,7.49,7.68,7.49,211493136.0
2699,2021-07-26,7.46,7.34,7.47,7.28,217216410.0
2700,2021-07-27,7.34,7.27,7.4,7.27,207436529.0
2701,2021-07-28,7.27,7.31,7.37,7.18,221502167.0
2702,2021-07-29,7.34,7.3,7.38,7.27,181502905.0
2703,2021-07-30,7.3,7.34,7.34,7.2,221050445.0
2704,2021-08-02,7.35,7.43,7.51,7.27,284379440.0
2705,2021-08-03,7.38,7.51,7.58,7.37,343904224.0
2706,2021-08-04,7.51,7.45,7.54,7.4,234231800.0
2707,2021-08-05,7.41,7.31,7.51,7.31,208354944.0
2708,2021-08-06,7.28,7.31,7.34,7.24,163839118.0
2709,2021-08-09,7.28,7.33,7.37,7.27,156657091.0
2710,2021-08-10,7.33,7.33,7.35,7.27,176408935.0
2711,2021-08-11,7.34,7.3,7.35,7.29,142800955.0
2712,2021-08-12,7.29,7.26,7.33,7.26,173947633.0
2713,2021-08-13,7.26,7.31,7.32,7.22,175508290.0
2714,2021-08-16,7.33,7.33,7.38,7.28,164413465.0
2715,2021-08-17,7.31,7.22,7.33,7.2,254333190.0
2716,2021-08-18,7.21,7.25,7.25,7.2,124557124.0
2717,2021-08-19,7.23,7.25,7.28,7.22,111731708.0
2718,2021-08-20,7.27,7.25,7.29,7.2,165892982.0
2719,2021-08-23,7.25,7.27,7.28,7.23,136805155.0
2720,2021-08-24,7.26,7.29,7.32,7.24,152161083.0
2721,2021-08-25,7.31,7.28,7.31,7.25,115175693.0
2722,2021-08-26,7.28,7.26,7.3,7.22,133563786.0
2723,2021-08-27,7.24,7.2,7.25,7.2,176802152.0
2724,2021-08-30,7.2,7.07,7.23,7.07,277037488.0
2725,2021-08-31,7.07,6.94,7.07,6.87,277747264.0
2726,2021-09-01,6.94,7.03,7.03,6.88,160008693.0
2727,2021-09-02,7.01,7.02,7.05,6.96,113562189.0
2728,2021-09-03,7.02,7.07,7.11,7.01,125933930.0
2729,2021-09-06,7.16,7.22,7.27,7.14,264300358.0
2730,2021-09-07,7.21,7.19,7.22,7.14,180464670.0
2731,2021-09-08,7.18,7.28,7.28,7.16,209925470.0
2732,2021-09-09,7.22,7.15,7.22,7.13,209467943.0
2733,2021-09-10,7.15,7.15,7.17,7.12,151654382.0
2734,2021-09-13,7.18,7.17,7.23,7.1,180223515.0
2735,2021-09-14,7.19,7.06,7.24,7.05,190857490.0
2736,2021-09-15,7.05,7.08,7.11,7.01,122169092.0
2737,2021-09-16,7.07,7.01,7.09,7.0,146757122.0
2738,2021-09-17,7.01,6.99,7.03,6.96,105692232.0
2739,2021-09-22,6.98,7.0,7.12,6.95,154852061.0
2740,2021-09-23,7.03,7.13,7.19,7.01,213058808.0
2741,2021-09-24,7.14,7.07,7.15,7.04,136901448.0
2742,2021-09-27,7.07,6.93,7.09,6.91,173718202.0
2743,2021-09-28,6.95,6.92,6.97,6.88,117467301.0
2744,2021-09-29,6.89,6.78,6.9,6.76,160841953.0
2745,2021-09-30,6.81,6.82,6.85,6.78,69937658.0
2746,2021-10-08,6.82,6.89,6.93,6.82,137293831.0
2747,2021-10-11,6.9,6.87,6.93,6.86,100751379.0
2748,2021-10-12,6.87,6.85,6.9,6.8,118709505.0
2749,2021-10-13,6.85,6.84,6.87,6.77,100964386.0
2750,2021-10-14,6.82,6.78,6.83,6.77,107504158.0
2751,2021-10-15,6.77,6.64,6.79,6.62,186932638.0
2752,2021-10-18,6.62,6.52,6.62,6.47,140116321.0
2753,2021-10-19,6.53,6.57,6.61,6.49,106669702.0
2754,2021-10-20,6.56,6.57,6.59,6.53,77165678.0
2755,2021-10-21,6.58,6.53,6.61,6.5,87696027.0
2756,2021-10-22,6.51,6.5,6.55,6.49,73962752.0
2757,2021-10-25,6.52,6.43,6.52,6.41,104130514.0
2758,2021-10-26,6.43,6.47,6.48,6.42,94043726.0
2759,2021-10-27,6.48,6.35,6.49,6.34,109774865.0
2760,2021-10-28,6.4,6.64,6.67,6.4,261876175.0
2761,2021-10-29,6.64,6.6,6.66,6.56,142202752.0
2762,2021-11-01,6.55,6.64,6.71,6.53,124701098.0
2763,2021-11-02,6.67,6.74,6.8,6.62,198289409.0
2764,2021-11-03,6.72,6.69,6.86,6.65,131399288.0
2765,2021-11-04,6.71,6.69,6.76,6.65,93299537.0
2766,2021-11-05,6.7,6.71,6.8,6.66,99176003.0
2767,2021-11-08,6.72,6.61,6.74,6.6,119825376.0
2768,2021-11-09,6.61,6.52,6.62,6.48,138733858.0
2769,2021-11-10,6.53,6.65,6.69,6.51,152705036.0
2770,2021-11-11,6.64,6.64,6.66,6.59,117010638.0
2771,2021-11-12,6.64,6.66,6.68,6.61,114347670.0
2772,2021-11-15,6.65,6.74,6.79,6.64,177866002.0
2773,2021-11-16,6.74,6.69,6.81,6.66,192081364.0
2774,2021-11-17,6.72,6.7,6.72,6.63,135910714.0
2775,2021-11-18,6.68,6.54,6.69,6.54,220470130.0
2776,2021-11-19,6.52,6.56,6.57,6.46,148133336.0
2777,2021-11-22,6.57,6.53,6.58,6.52,143247476.0
2778,2021-11-23,6.53,6.5,6.56,6.48,180454796.0
2779,2021-11-24,6.49,6.48,6.52,6.46,131546734.0
2780,2021-11-25,6.5,6.51,6.53,6.46,166203982.0
2781,2021-11-26,6.47,6.39,6.49,6.39,234507997.0
2782,2021-11-29,6.45,6.45,6.58,6.42,215737743.0
2783,2021-11-30,6.42,6.55,6.55,6.41,235093213.0
2784,2021-12-01,6.5,6.47,6.5,6.45,186976930.0
2785,2021-12-02,6.46,6.49,6.53,6.45,136865229.0
2786,2021-12-03,6.49,6.46,6.5,6.42,152894751.0
2787,2021-12-06,6.45,6.4,6.45,6.39,165666610.0
2788,2021-12-07,6.38,6.37,6.42,6.34,167410123.0
2789,2021-12-08,6.37,6.36,6.37,6.33,148543224.0
2790,2021-12-09,6.37,6.43,6.45,6.34,215700581.0
2791,2021-12-10,6.43,6.47,6.48,6.39,246305449.0
2792,2021-12-13,6.48,6.46,6.51,6.45,208831711.0
2793,2021-12-14,6.44,6.48,6.48,6.42,18617595.0
