date,open,high,low,close,volume,turnover,pre-close,changeamount,change
2004-01-07,9.89,10.18,9.22,9.35,22944201.0,0.45888402,9.89,-0.54,-0.0546
2004-01-08,9.36,10.29,9.36,10.29,7009958.0,0.14019916,9.35,0.94,0.1005
2004-01-09,11.3,11.32,11.03,11.32,4633975.0,0.0926795,10.29,1.03,0.1001
2004-01-12,11.55,11.55,10.88,11.11,15764039.0,0.31528078,11.32,-0.21,-0.0186
2004-01-13,11.16,11.97,11.16,11.83,13991012.0,0.27982024,11.11,0.72,0.0648
2004-01-14,11.8,11.8,11.33,11.44,4757705.0,0.0951541,11.83,-0.39,-0.033
2004-01-15,11.4,11.67,11.1,11.12,6213997.0,0.12427994,11.44,-0.32,-0.028
2004-01-16,11.25,11.38,10.63,10.65,5597989.0,0.11195978,11.12,-0.47,-0.0423
2004-01-29,10.7,11.13,10.68,10.91,3539261.0,0.07078522,10.65,0.26,0.0244
2004-01-30,10.85,11.4,10.7,11.1,4375259.0,0.08750518,10.91,0.19,0.0174
2004-02-02,11.53,12.21,11.06,12.21,10492311.0,0.20984622,11.1,1.11,0.1
2004-02-03,12.2,12.39,11.91,12.09,4514583.0,0.09029166,12.21,-0.12,-0.0098
2004-02-04,12.08,12.45,12.02,12.11,3995260.0,0.0799052,12.09,0.02,0.0017
2004-02-05,12.08,12.57,12.05,12.16,4129664.0,0.08259328,12.11,0.05,0.0041
2004-02-06,12.18,12.53,11.82,11.88,5249032.0,0.10498064,12.16,-0.28,-0.023
2004-02-09,12.08,12.49,11.92,12.42,4022456.0,0.08044912,11.88,0.54,0.0455
2004-02-10,12.42,12.49,11.96,12.03,3013849.0,0.06027698,12.42,-0.39,-0.0314
2004-02-11,12.04,12.85,12.04,12.55,6218724.0,0.12437448,12.03,0.52,0.0432
2004-02-12,12.55,12.74,12.4,12.68,3289497.0,0.06578994,12.55,0.13,0.0104
2004-02-13,12.69,12.98,12.46,12.56,4042192.0,0.08084384,12.68,-0.12,-0.0095
2004-02-16,12.65,12.85,12.49,12.83,2933708.0,0.05867416,12.56,0.27,0.0215
2004-02-17,12.9,13.25,12.78,12.82,4620505.0,0.0924101,12.83,-0.01,-0.0008
2004-02-18,12.85,12.89,12.4,12.48,4453106.0,0.08906212,12.82,-0.34,-0.0265
2004-02-19,12.46,12.75,12.32,12.64,2741704.0,0.05483408,12.48,0.16,0.0128
2004-02-20,12.64,12.64,12.17,12.29,3876904.0,0.07753808,12.64,-0.35,-0.0277
2004-02-23,12.4,12.49,12.08,12.1,2197730.0,0.0439546,12.29,-0.19,-0.0155
2004-02-24,12.1,12.24,11.63,11.79,2321419.0,0.04642838,12.1,-0.31,-0.0256
2004-02-25,11.87,12.0,11.33,11.4,2248221.0,0.04496442,11.79,-0.39,-0.0331
2004-02-26,11.4,11.68,11.3,11.67,1961844.0,0.03923688,11.4,0.27,0.0237
2004-02-27,11.71,11.77,11.45,11.69,1397617.0,0.02795234,11.67,0.02,0.0017
2004-03-01,11.65,11.74,11.46,11.6,1254467.0,0.02508934,11.69,-0.09,-0.0077
2004-03-02,11.6,12.5,11.51,11.99,4360822.0,0.08721644,11.6,0.39,0.0336
2004-03-03,12.0,12.2,11.8,12.02,2926850.0,0.058537,11.99,0.03,0.0025
2004-03-04,11.98,12.15,11.88,12.06,1754151.0,0.03508302,12.02,0.04,0.0033
2004-03-05,12.06,12.7,11.95,12.14,3320033.0,0.06640066,12.06,0.08,0.0066
2004-03-08,12.2,12.3,11.38,11.4,2239540.0,0.0447908,12.14,-0.74,-0.061
2004-03-09,11.38,11.45,10.81,11.23,3114063.0,0.06228126,11.4,-0.17,-0.0149
2004-03-10,11.18,11.35,11.0,11.34,1188122.0,0.02376244,11.23,0.11,0.0098
2004-03-11,11.35,11.5,11.21,11.31,1040105.0,0.0208021,11.34,-0.03,-0.0026
2004-03-12,11.31,11.35,11.02,11.14,1140446.0,0.02280892,11.31,-0.17,-0.015
2004-03-15,11.13,11.48,11.07,11.47,1749488.0,0.03498976,11.14,0.33,0.0296
2004-03-16,11.48,11.54,11.21,11.45,1418242.0,0.02836484,11.47,-0.02,-0.0017
2004-03-17,11.41,11.41,11.24,11.28,884040.0,0.0176808,11.45,-0.17,-0.0148
2004-03-18,11.25,11.41,11.04,11.08,1270370.0,0.0254074,11.28,-0.2,-0.0177
2004-03-19,11.08,11.2,10.95,11.16,965003.0,0.01930006,11.08,0.08,0.0072
2004-03-22,11.25,11.34,11.13,11.21,704311.0,0.01408622,11.16,0.05,0.0045
2004-03-23,11.22,11.25,11.0,11.09,817151.0,0.01634302,11.21,-0.12,-0.0107
2004-03-24,11.3,11.3,11.0,11.06,761748.0,0.01523496,11.09,-0.03,-0.0027
2004-03-25,11.25,11.25,10.94,10.98,1018832.0,0.02037664,11.06,-0.08,-0.0072
2004-03-26,10.95,11.05,10.85,10.89,1285559.0,0.02571118,10.98,-0.09,-0.0082
2004-03-29,10.8,10.95,10.76,10.83,1029895.0,0.0205979,10.89,-0.06,-0.0055
2004-03-30,10.83,11.17,10.83,11.15,1503939.0,0.03007878,10.83,0.32,0.0295
2004-03-31,11.2,11.25,11.11,11.17,1016958.0,0.02033916,11.15,0.02,0.0018
2004-04-01,11.24,11.24,11.0,11.17,1331150.0,0.026623,11.17,0.0,0.0
2004-04-02,11.24,11.29,11.17,11.27,1268954.0,0.02537908,11.17,0.1,0.009
2004-04-05,11.32,11.49,11.2,11.43,1822930.0,0.0364586,11.27,0.16,0.0142
2004-04-06,11.42,11.49,11.3,11.49,1793356.0,0.03586712,11.43,0.06,0.0052
2004-04-07,11.48,11.53,11.2,11.23,1409361.0,0.02818722,11.49,-0.26,-0.0226
2004-04-08,11.23,11.42,11.05,11.33,1452800.0,0.029056,11.23,0.1,0.0089
2004-04-09,11.35,11.55,11.2,11.3,2346624.0,0.04693248,11.33,-0.03,-0.0026
2004-04-12,11.32,11.53,11.04,11.49,1588127.0,0.03176254,11.3,0.19,0.0168
2004-04-13,11.5,11.78,11.31,11.64,3078135.0,0.0615627,11.49,0.15,0.0131
2004-04-14,11.64,11.74,11.05,11.17,2065257.0,0.04130514,11.64,-0.47,-0.0404
2004-04-15,11.17,11.27,10.05,10.05,3664270.0,0.0732854,11.17,-1.12,-0.1003
2004-04-16,9.78,10.21,9.66,10.17,3365698.0,0.06731396,10.05,0.12,0.0119
2004-04-19,10.15,10.25,9.9,10.24,1026993.0,0.02053986,10.17,0.07,0.0069
2004-04-20,10.0,10.18,9.8,10.07,1068309.0,0.02136618,10.24,-0.17,-0.0166
2004-04-21,10.12,10.18,9.69,9.79,1151900.0,0.023038,10.07,-0.28,-0.0278
2004-04-22,9.8,9.85,9.35,9.63,1680481.0,0.03360962,9.79,-0.16,-0.0163
2004-04-23,9.5,9.69,9.45,9.57,900775.0,0.0180155,9.63,-0.06,-0.0062
2004-04-26,9.58,9.75,9.38,9.55,1107828.0,0.02215656,9.57,-0.02,-0.0021
2004-04-27,9.55,9.69,9.52,9.69,893319.0,0.01786638,9.55,0.14,0.0147
2004-04-28,9.9,10.15,9.77,10.02,1703828.0,0.03407656,9.69,0.33,0.0341
2004-04-29,10.02,10.02,9.81,9.85,1030951.0,0.02061902,10.02,-0.17,-0.017
2004-04-30,10.06,10.09,9.8,10.0,691648.0,0.01383296,9.85,0.15,0.0152
2004-05-10,10.0,10.08,9.6,9.65,454801.0,0.00909602,10.0,-0.35,-0.035
2004-05-11,9.6,9.78,9.42,9.76,458328.0,0.00916656,9.65,0.11,0.0114
2004-05-12,9.8,10.18,9.73,10.16,1215993.0,0.02431986,9.76,0.4,0.041
2004-05-13,10.16,10.38,9.95,10.26,1338278.0,0.02676556,10.16,0.1,0.0098
2004-05-14,10.27,10.27,10.0,10.05,795720.0,0.0159144,10.26,-0.21,-0.0205
2004-05-17,10.03,10.15,9.95,10.06,379711.0,0.00759422,10.05,0.01,0.001
2004-05-18,10.02,10.35,10.02,10.33,916874.0,0.01833748,10.06,0.27,0.0268
2004-05-19,10.4,10.4,10.1,10.11,785360.0,0.0157072,10.33,-0.22,-0.0213
2004-05-20,10.1,10.17,10.01,10.05,399878.0,0.00799756,10.11,-0.06,-0.0059
2004-05-21,10.1,10.2,9.94,10.2,437575.0,0.0087515,10.05,0.15,0.0149
2004-05-24,10.3,10.39,9.96,9.99,663520.0,0.0132704,10.2,-0.21,-0.0206
2004-05-25,9.8,9.95,9.42,9.46,883786.0,0.01767572,9.99,-0.53,-0.0531
2004-05-27,9.5,9.9,9.42,9.81,573180.0,0.0114636,9.46,0.35,0.037
2004-05-28,9.9,10.19,9.84,10.0,1082864.0,0.02165728,9.81,0.19,0.0194
2004-05-31,10.1,10.24,10.0,10.22,942587.0,0.01885174,10.0,0.22,0.022
2004-06-01,10.3,10.5,10.1,10.43,1942644.0,0.03885288,10.22,0.21,0.0205
2004-06-02,10.48,10.85,10.32,10.4,2446802.0,0.04893604,10.43,-0.03,-0.0029
2004-06-03,10.3,10.38,10.09,10.28,1282589.0,0.02565178,10.4,-0.12,-0.0115
2004-06-04,10.18,10.33,10.12,10.16,434412.0,0.00868824,10.28,-0.12,-0.0117
2004-06-07,10.2,10.23,9.92,9.95,491000.0,0.00982,10.16,-0.21,-0.0207
2004-06-08,9.9,9.95,9.6,9.68,881354.0,0.01762708,9.95,-0.27,-0.0271
2004-06-09,9.79,9.79,9.52,9.54,482198.0,0.00964396,9.68,-0.14,-0.0145
2004-06-10,9.49,9.68,9.4,9.52,660171.0,0.01320342,9.54,-0.02,-0.0021
2004-06-11,9.65,9.9,9.56,9.6,670906.0,0.01341812,9.52,0.08,0.0084
2004-06-14,9.56,9.57,8.64,9.12,1682125.0,0.0336425,9.6,-0.48,-0.05
2004-06-15,9.01,9.2,8.68,9.16,1070618.0,0.02141236,9.12,0.04,0.0044
2004-06-16,9.24,9.28,9.03,9.14,593708.0,0.01187416,9.16,-0.02,-0.0022
2004-06-17,9.14,9.15,8.78,8.82,527061.0,0.01054122,9.14,-0.32,-0.035
2004-06-18,8.75,8.89,8.72,8.85,296319.0,0.00592638,8.82,0.03,0.0034
2004-06-21,8.85,9.11,8.75,9.05,300833.0,0.00601666,8.85,0.2,0.0226
2004-06-22,9.05,9.18,9.02,9.09,379409.0,0.00758818,9.05,0.04,0.0044
2004-06-23,9.09,9.21,8.84,8.94,405678.0,0.00811356,9.09,-0.15,-0.0165
2004-06-24,8.93,9.05,8.85,8.89,256788.0,0.00513576,8.94,-0.05,-0.0056
2004-06-25,8.8,8.88,8.42,8.43,712401.0,0.01424802,8.89,-0.46,-0.0517
2004-06-28,8.45,8.45,7.89,7.9,586009.0,0.01172018,8.43,-0.53,-0.0629
2004-06-29,7.9,8.07,7.79,8.05,505190.0,0.0101038,7.9,0.15,0.019
2004-06-30,8.04,8.1,7.91,7.91,422651.0,0.00845302,8.05,-0.14,-0.0174
2004-07-01,7.9,8.38,7.89,8.19,704459.0,0.01408918,7.91,0.28,0.0354
2004-07-02,8.24,8.29,8.11,8.2,476114.0,0.00952228,8.19,0.01,0.0012
2004-07-05,8.2,8.34,8.15,8.33,342761.0,0.00685522,8.2,0.13,0.0159
2004-07-06,8.38,8.39,8.21,8.27,527060.0,0.0105412,8.33,-0.06,-0.0072
2004-07-07,8.28,8.34,8.05,8.06,422500.0,0.00845,8.27,-0.21,-0.0254
2004-07-08,8.25,8.25,7.96,8.05,171832.0,0.00343664,6.63,-0.0,-0.0005
2004-07-09,8.03,8.03,7.81,7.85,556057.0,0.0092676166666666,6.63,-0.17,-0.0256
2004-07-12,7.78,7.78,7.26,7.37,674406.0,0.0112401,6.46,-0.39,-0.0604
2004-07-13,7.35,7.47,7.3,7.37,336846.0,0.0056141,6.07,0.0,0.0
2004-07-14,7.37,7.44,6.86,7.08,825002.0,0.0137500333333333,6.07,-0.24,-0.0395
2004-07-15,7.11,7.25,7.05,7.13,478152.0,0.0079692,5.83,0.04,0.0069
2004-07-16,7.14,7.59,7.14,7.52,1113871.0,0.0185645166666666,5.87,0.32,0.0545
2004-07-19,7.61,7.82,7.51,7.59,1034587.0,0.0172431166666666,6.19,0.06,0.0097
2004-07-20,7.53,7.61,7.44,7.47,380200.0,0.0063366666666666,6.25,-0.1,-0.016
2004-07-21,7.46,7.57,7.31,7.41,317950.0,0.0052991666666666,6.15,-0.05,-0.0081
2004-07-22,7.51,7.51,7.17,7.17,548342.0,0.0091390333333333,6.1,-0.2,-0.0328
2004-07-23,7.16,7.19,6.99,7.18,429220.0,0.0071536666666666,5.9,0.01,0.0017
2004-07-26,7.05,7.12,6.95,7.02,325400.0,0.0054233333333333,5.91,-0.13,-0.022
2004-07-27,7.05,7.14,6.8,6.9,335220.0,0.005587,5.78,-0.1,-0.0173
2004-07-28,6.93,7.13,6.86,7.12,372244.0,0.0062040666666666,5.68,0.18,0.0317
2004-07-29,7.12,7.35,7.11,7.34,489469.0,0.0081578166666666,5.86,0.18,0.0307
2004-07-30,7.4,7.4,7.11,7.17,292520.0,0.0048753333333333,6.04,-0.14,-0.0232
2004-08-02,7.16,7.16,6.99,7.0,178560.0,0.002976,5.9,-0.14,-0.0237
2004-08-03,6.99,7.07,6.99,7.05,246304.0,0.0041050666666666,5.76,0.04,0.0069
2004-08-04,7.05,7.34,7.01,7.27,466830.0,0.0077805,5.8,0.18,0.031
2004-08-05,7.17,7.34,7.07,7.11,354759.0,0.00591265,5.98,-0.13,-0.0217
2004-08-06,7.07,7.51,7.05,7.42,1367607.0,0.02279345,5.85,0.26,0.0444
2004-08-09,7.36,7.4,7.24,7.36,659442.0,0.0109907,6.11,-0.05,-0.0082
2004-08-10,7.35,7.39,7.17,7.33,504563.0,0.0084093833333333,6.06,-0.03,-0.005
2004-08-11,7.22,7.33,7.08,7.08,463740.0,0.007729,6.03,-0.2,-0.0332
2004-08-12,7.06,7.14,6.98,7.08,354917.0,0.0059152833333333,5.83,0.0,0.0
2004-08-13,7.08,7.17,6.99,7.05,253646.0,0.0042274333333333,5.83,-0.03,-0.0051
2004-08-16,7.05,7.08,6.68,6.73,605640.0,0.010094,5.8,-0.26,-0.0448
2004-08-17,6.68,6.85,6.68,6.75,190680.0,0.003178,5.54,0.02,0.0036
2004-08-18,6.8,7.02,6.78,6.79,350499.0,0.00584165,5.56,0.03,0.0054
2004-08-19,6.79,6.85,6.62,6.68,400203.0,0.00667005,5.59,-0.09,-0.0161
2004-08-20,6.71,6.73,6.2,6.44,738337.0,0.0123056166666666,5.5,-0.2,-0.0364
2004-08-23,6.44,6.55,6.37,6.54,282241.0,0.0047040166666666,5.3,0.08,0.0151
2004-08-24,6.22,6.74,6.2,6.68,968797.0,0.0161466166666666,5.38,0.12,0.0223
2004-08-25,6.67,6.69,6.46,6.51,398621.0,0.0066436833333333,5.5,-0.14,-0.0255
2004-08-26,6.56,6.62,6.38,6.43,237754.0,0.0039625666666666,5.36,-0.07,-0.0131
2004-08-27,6.43,6.5,6.21,6.23,346546.0,0.0057757666666666,5.29,-0.16,-0.0302
2004-08-30,6.21,6.24,6.04,6.21,284605.0,0.0047434166666666,5.13,-0.02,-0.0039
2004-08-31,6.39,6.56,6.32,6.34,586600.0,0.0097766666666666,5.11,0.11,0.0215
2004-09-01,6.33,6.33,6.17,6.18,272340.0,0.004539,5.22,-0.13,-0.0249
2004-09-02,6.15,6.3,6.07,6.28,363962.0,0.0060660333333333,5.09,0.08,0.0157
2004-09-03,6.32,6.91,6.29,6.91,2716759.0,0.0452793166666666,5.17,0.52,0.1006
2004-09-06,7.03,7.12,6.8,6.95,5018891.0,0.0836481833333333,5.69,0.03,0.0053
2004-09-07,6.92,7.2,6.82,7.19,3376212.0,0.0562702,5.72,0.2,0.035
2004-09-08,7.17,7.2,7.06,7.09,2017464.0,0.0336244,5.92,-0.08,-0.0135
2004-09-09,7.06,7.18,6.81,7.14,1973167.0,0.0328861166666666,5.84,0.04,0.0068
2004-09-10,7.06,7.14,6.95,7.06,1471238.0,0.0245206333333333,5.88,-0.07,-0.0119
2004-09-13,7.22,7.47,7.07,7.08,5633325.0,0.09388875,5.81,0.02,0.0034
2004-09-14,7.07,7.71,7.07,7.66,6341092.0,0.1056848666666666,5.83,0.48,0.0823
2004-09-15,7.63,8.43,7.51,8.07,8598896.0,0.1433149333333333,6.31,0.33,0.0523
2004-09-16,7.9,8.3,7.83,8.13,4516885.0,0.0752814166666666,6.64,0.05,0.0075
2004-09-17,8.02,8.59,7.97,8.43,4409818.0,0.0734969666666666,6.69,0.25,0.0374
2004-09-20,8.36,8.67,8.24,8.62,5232957.0,0.08721595,6.94,0.16,0.0231
2004-09-21,8.62,8.62,8.33,8.41,4191946.0,0.0698657666666666,7.1,-0.18,-0.0254
2004-09-22,8.33,8.85,8.26,8.42,4166922.0,0.0694487,6.92,0.01,0.0014
2004-09-23,8.36,8.6,8.11,8.54,2078716.0,0.0346452666666666,6.93,0.1,0.0144
2004-09-24,8.55,8.67,7.99,8.04,3029293.0,0.0504882166666666,7.03,-0.41,-0.0583
2004-09-27,8.04,8.26,7.68,7.76,1672180.0,0.0278696666666666,6.62,-0.23,-0.0347
2004-09-28,7.81,8.05,7.71,7.99,1213765.0,0.0202294166666666,6.39,0.19,0.0297
2004-09-29,7.99,8.02,7.75,7.76,676341.0,0.01127235,6.58,-0.19,-0.0289
2004-09-30,7.77,7.8,7.41,7.53,1314239.0,0.0219039833333333,6.39,-0.19,-0.0297
2004-10-08,7.59,8.06,7.48,8.04,1118112.0,0.0186352,6.2,0.42,0.0677
2004-10-11,8.1,8.73,8.08,8.48,4305893.0,0.0717648833333333,6.62,0.36,0.0544
2004-10-12,8.38,8.48,8.16,8.31,1484047.0,0.0247341166666666,6.98,-0.14,-0.0201
2004-10-13,8.27,8.38,8.15,8.32,928374.0,0.0154729,6.84,0.01,0.0015
2004-10-14,8.26,8.26,7.49,7.49,1680262.0,0.0280043666666666,6.85,-0.68,-0.0993
2004-10-15,7.31,7.59,7.04,7.18,1430554.0,0.0238425666666666,6.17,-0.26,-0.0421
2004-10-18,7.17,7.41,7.07,7.21,728082.0,0.0121347,5.91,0.03,0.0051
2004-10-19,7.29,7.52,7.09,7.2,793356.0,0.0132226,5.94,-0.01,-0.0017
2004-10-20,7.2,7.2,6.62,6.84,1544699.0,0.0257449833333333,5.93,-0.3,-0.0506
2004-10-21,6.7,6.98,6.62,6.63,843646.0,0.0140607666666666,5.63,-0.17,-0.0302
2004-10-22,6.64,6.7,6.13,6.43,1423443.0,0.02372405,5.46,-0.17,-0.0311
2004-10-25,6.43,6.57,6.43,6.56,894976.0,0.0149162666666666,5.29,0.11,0.0208
2004-10-26,6.5,6.55,6.11,6.44,1040699.0,0.0173449833333333,5.4,-0.1,-0.0185
2004-10-27,6.39,7.03,6.26,6.97,2263733.0,0.0377288833333333,5.3,0.44,0.083
2004-10-28,6.98,7.09,6.66,6.73,1671267.0,0.02785445,5.74,-0.2,-0.0348
2004-10-29,6.44,6.71,6.26,6.44,1006091.0,0.0167681833333333,5.54,-0.24,-0.0433
2004-11-01,6.38,6.51,6.26,6.33,692661.0,0.01154435,5.3,-0.09,-0.017
2004-11-02,6.33,6.49,6.32,6.47,736444.0,0.0122740666666666,5.21,0.12,0.023
2004-11-03,6.63,6.84,6.51,6.77,1459215.0,0.02432025,5.33,0.24,0.045
2004-11-04,6.95,7.02,6.57,6.63,1856016.0,0.0309336,5.57,-0.11,-0.0197
2004-11-05,6.68,6.8,6.56,6.79,688151.0,0.0114691833333333,5.46,0.13,0.0238
2004-11-08,6.78,6.8,6.61,6.66,384130.0,0.0064021666666666,5.59,-0.11,-0.0197
2004-11-09,6.57,6.7,6.55,6.62,440375.0,0.0073395833333333,5.48,-0.03,-0.0055
2004-11-10,6.6,6.98,6.55,6.91,1143950.0,0.0190658333333333,5.45,0.24,0.044
2004-11-11,6.94,7.18,6.89,6.91,2049902.0,0.0341650333333333,5.69,0.0,0.0
2004-11-12,6.92,7.01,6.79,6.92,787362.0,0.0131227,5.69,0.01,0.0018
2004-11-15,6.87,7.01,6.83,6.91,766406.0,0.0127734333333333,5.7,-0.01,-0.0018
2004-11-16,6.97,7.51,6.8,7.38,3401287.0,0.0566881166666666,5.69,0.39,0.0685
2004-11-17,7.3,7.3,7.06,7.11,1843620.0,0.030727,6.08,-0.23,-0.0378
2004-11-18,7.08,7.34,7.06,7.29,1049874.0,0.0174979,5.85,0.15,0.0256
2004-11-19,7.38,7.38,7.19,7.31,1292733.0,0.02154555,6.0,0.02,0.0033
2004-11-22,7.34,7.46,7.27,7.36,1170734.0,0.0195122333333333,6.02,0.04,0.0066
2004-11-23,7.36,7.41,7.14,7.18,1081508.0,0.0180251333333333,6.06,-0.15,-0.0248
2004-11-24,7.16,7.23,6.92,6.99,1046006.0,0.0174334333333333,5.91,-0.15,-0.0254
2004-11-25,6.98,7.04,6.9,6.98,514058.0,0.0085676333333333,5.76,-0.01,-0.0017
2004-11-26,7.02,7.24,6.98,7.03,646902.0,0.0107817,5.75,0.04,0.007
2004-11-30,6.9,6.9,6.7,6.79,792226.0,0.0132037666666666,5.79,-0.2,-0.0345
2004-12-01,6.79,6.81,6.63,6.68,529870.0,0.0088311666666666,5.59,-0.09,-0.0161
2004-12-02,6.68,7.1,6.68,6.97,1328706.0,0.0221451,5.5,0.24,0.0436
2004-12-03,6.97,7.01,6.84,6.95,789078.0,0.0131513,5.74,-0.02,-0.0035
2004-12-06,7.17,7.17,6.91,7.0,477726.0,0.0079621,5.72,0.04,0.007
2004-12-07,7.01,7.14,6.9,6.93,525270.0,0.0087545,5.76,-0.05,-0.0087
2004-12-08,6.96,7.02,6.86,6.9,345830.0,0.0057638333333333,5.71,-0.03,-0.0053
2004-12-09,6.87,6.98,6.8,6.9,486800.0,0.0081133333333333,5.68,0.0,0.0
2004-12-10,6.83,6.84,6.5,6.51,889895.0,0.0148315833333333,5.68,-0.32,-0.0563
2004-12-13,6.42,6.56,6.38,6.52,309421.0,0.0051570166666666,5.36,0.01,0.0019
2004-12-14,6.5,6.58,6.39,6.39,227676.0,0.0037946,5.37,-0.11,-0.0205
2004-12-15,6.46,6.5,6.32,6.5,359910.0,0.0059985,5.26,0.09,0.0171
2004-12-16,6.44,6.8,6.38,6.58,786477.0,0.01310795,5.35,0.07,0.0131
2004-12-17,6.59,6.85,6.51,6.63,845821.0,0.0140970166666666,5.42,0.04,0.0074
2004-12-20,6.64,6.8,6.38,6.67,609868.0,0.0101644666666666,5.46,0.03,0.0055
2004-12-21,6.62,6.74,6.57,6.72,397447.0,0.0066241166666666,5.49,0.04,0.0073
2004-12-22,6.73,7.03,6.63,6.97,1193249.0,0.0198874833333333,5.53,0.21,0.038
2004-12-23,6.9,7.14,6.8,6.87,1867497.0,0.03112495,5.74,-0.08,-0.0139
2004-12-24,6.87,6.93,6.78,6.83,494464.0,0.0082410666666666,5.66,-0.04,-0.0071
2004-12-27,6.7,6.9,6.68,6.7,355192.0,0.0059198666666666,5.62,-0.1,-0.0178
2004-12-28,6.69,6.85,6.68,6.78,375337.0,0.0062556166666666,5.52,0.06,0.0109
2004-12-29,6.78,6.78,6.45,6.52,603875.0,0.0100645833333333,5.58,-0.21,-0.0376
2004-12-30,6.56,6.56,6.36,6.43,387923.0,0.0064653833333333,5.37,-0.08,-0.0149
2004-12-31,6.44,6.5,6.26,6.27,487506.0,0.0081251,5.29,-0.13,-0.0246
2005-01-04,6.26,6.32,6.1,6.29,164037.0,0.00273395,5.16,0.02,0.0039
2005-01-05,6.29,6.5,6.17,6.41,190093.0,0.0031682166666666,5.18,0.1,0.0193
2005-01-06,6.44,6.5,6.35,6.38,188895.0,0.00314825,5.28,-0.03,-0.0057
2005-01-07,6.38,6.53,6.33,6.42,218609.0,0.0036434833333333,5.25,0.04,0.0076
2005-01-10,6.44,6.6,6.42,6.56,378281.0,0.0063046833333333,5.29,0.11,0.0208
2005-01-11,6.53,6.56,6.42,6.47,191418.0,0.0031903,5.4,-0.07,-0.013
2005-01-12,6.46,6.5,6.29,6.42,343385.0,0.0057230833333333,5.33,-0.04,-0.0075
2005-01-13,6.42,6.49,6.32,6.36,336221.0,0.0056036833333333,5.29,-0.05,-0.0095
2005-01-14,6.35,6.53,6.34,6.36,356740.0,0.0059456666666666,5.24,0.0,0.0
2005-01-17,6.29,6.3,6.12,6.14,451869.0,0.00753115,5.24,-0.18,-0.0344
2005-01-18,6.13,6.27,6.07,6.23,275864.0,0.0045977333333333,5.06,0.07,0.0138
2005-01-19,6.13,6.25,6.12,6.14,172630.0,0.0028771666666666,5.13,-0.07,-0.0136
2005-01-20,6.17,6.33,6.13,6.32,590632.0,0.0098438666666666,5.06,0.14,0.0277
2005-01-21,6.44,6.65,6.35,6.55,1775778.0,0.0295963,5.2,0.19,0.0365
2005-01-24,6.74,6.75,6.5,6.56,867166.0,0.0144527666666666,5.39,0.01,0.0019
2005-01-25,6.53,6.53,6.38,6.47,482600.0,0.0080433333333333,5.4,-0.07,-0.013
2005-01-26,6.4,6.44,6.25,6.3,465766.0,0.0077627666666666,5.33,-0.14,-0.0263
2005-01-27,6.29,6.29,6.19,6.19,307100.0,0.0051183333333333,5.19,-0.09,-0.0173
2005-01-28,6.13,6.25,5.89,5.93,770100.0,0.012835,5.1,-0.22,-0.0431
2005-01-31,5.33,5.56,5.33,5.33,580300.0,0.0096716666666666,4.88,-0.49,-0.1004
2005-02-01,5.22,5.22,4.81,4.92,1813296.0,0.0302216,4.39,-0.34,-0.0774
2005-02-02,4.91,5.3,4.91,5.25,1426377.0,0.02377295,4.05,0.27,0.0667
2005-02-03,5.25,5.25,4.92,4.98,1206361.0,0.0201060166666666,4.32,-0.22,-0.0509
2005-02-04,5.0,5.1,4.97,5.05,777380.0,0.0129563333333333,4.1,0.06,0.0146
2005-02-16,5.03,5.34,4.99,5.22,930008.0,0.0155001333333333,4.16,0.14,0.0337
2005-02-17,5.22,5.32,5.14,5.31,581837.0,0.0096972833333333,4.3,0.07,0.0163
2005-02-18,5.3,5.3,5.16,5.17,629697.0,0.01049495,4.37,-0.11,-0.0252
2005-02-21,5.17,5.68,5.17,5.47,2249164.0,0.0374860666666666,4.26,0.24,0.0563
2005-02-22,5.4,5.61,5.33,5.56,1366781.0,0.0227796833333333,4.5,0.08,0.0178
2005-02-23,5.56,5.65,5.49,5.59,1272730.0,0.0212121666666666,4.58,0.02,0.0044
2005-02-24,5.56,5.87,5.49,5.76,1877578.0,0.0312929666666666,4.6,0.14,0.0304
2005-02-25,5.71,5.89,5.7,5.73,1848928.0,0.0308154666666666,4.74,-0.02,-0.0042
2005-02-28,5.73,5.84,5.58,5.61,1031400.0,0.01719,4.72,-0.1,-0.0212
2005-03-01,5.71,6.07,5.66,5.98,3159059.0,0.0526509833333333,4.62,0.3,0.0649
2005-03-02,5.99,6.1,5.88,5.96,2826042.0,0.0471007,4.92,-0.01,-0.002
2005-03-03,5.95,5.95,5.7,5.78,1285380.0,0.021423,4.91,-0.15,-0.0305
2005-03-04,5.78,5.94,5.72,5.84,980633.0,0.0163438833333333,4.76,0.05,0.0105
2005-03-07,5.92,6.07,5.78,6.07,1920779.0,0.0320129833333333,4.81,0.19,0.0395
2005-03-08,6.07,6.09,5.9,6.02,1989454.0,0.0331575666666666,5.0,-0.04,-0.008
2005-03-09,6.01,6.09,5.83,5.9,1259290.0,0.0209881666666666,4.96,-0.1,-0.0202
2005-03-10,5.92,5.93,5.67,5.7,958222.0,0.0159703666666666,4.86,-0.17,-0.035
2005-03-11,5.67,5.82,5.65,5.7,829241.0,0.0138206833333333,4.69,0.0,0.0
2005-03-14,5.81,5.94,5.68,5.79,1113893.0,0.0185648833333333,4.69,0.08,0.0171
2005-03-15,5.76,5.79,5.56,5.61,1100089.0,0.0183348166666666,4.77,-0.15,-0.0314
2005-03-16,5.59,5.59,5.3,5.34,895030.0,0.0149171666666666,4.62,-0.22,-0.0476
2005-03-17,5.41,5.47,5.24,5.26,530901.0,0.00884835,4.4,-0.07,-0.0159
2005-03-18,5.34,5.34,5.14,5.26,561475.0,0.0093579166666666,4.33,0.0,0.0
2005-03-21,5.28,5.48,5.28,5.42,1254927.0,0.02091545,4.33,0.13,0.03
2005-03-22,5.42,5.54,5.25,5.3,1186852.0,0.0197808666666666,4.46,-0.1,-0.0224
2005-03-23,5.2,5.43,5.14,5.31,836364.0,0.0139394,4.36,0.01,0.0023
2005-03-24,5.35,5.44,5.25,5.44,436228.0,0.0072704666666666,4.37,0.11,0.0252
2005-03-25,5.41,5.47,5.26,5.37,397700.0,0.0066283333333333,4.48,-0.06,-0.0134
2005-03-28,5.36,5.36,4.88,4.97,1697022.0,0.0282837,4.42,-0.33,-0.0747
2005-03-29,4.98,5.05,4.87,4.93,544152.0,0.0090692,4.09,-0.03,-0.0073
2005-03-30,5.03,5.03,4.82,4.83,470081.0,0.0078346833333333,4.06,-0.08,-0.0197
2005-03-31,4.92,4.96,4.82,4.92,440460.0,0.007341,3.98,0.07,0.0176
2005-04-01,4.93,5.09,4.62,5.0,1863356.0,0.0310559333333333,4.05,0.07,0.0173
2005-04-04,4.9,4.96,4.64,4.82,777800.0,0.0129633333333333,4.12,-0.15,-0.0364
2005-04-05,4.82,4.88,4.77,4.87,429600.0,0.00716,3.97,0.04,0.0101
2005-04-06,4.85,5.01,4.79,4.97,751652.0,0.0125275333333333,4.01,0.08,0.02
2005-04-07,4.98,5.25,4.97,5.1,1875318.0,0.0312553,4.09,0.11,0.0269
2005-04-08,5.1,5.31,5.1,5.28,1681370.0,0.0280228333333333,4.2,0.15,0.0357
2005-04-11,5.37,5.53,5.28,5.45,2680075.0,0.0446679166666666,4.35,0.14,0.0322
2005-04-12,5.42,5.53,5.28,5.33,1682525.0,0.0280420833333333,4.49,-0.1,-0.0223
2005-04-13,5.44,5.58,5.33,5.53,1583053.0,0.0263842166666666,4.39,0.16,0.0364
2005-04-14,5.53,5.58,5.28,5.3,1207030.0,0.0201171666666666,4.55,-0.19,-0.0418
2005-04-15,5.31,5.56,5.3,5.35,2174236.0,0.0362372666666666,4.36,0.04,0.0092
2005-04-18,5.38,5.41,5.04,5.2,1185335.0,0.0197555833333333,4.4,-0.12,-0.0273
2005-04-19,5.44,5.5,5.25,5.49,1531547.0,0.0255257833333333,4.28,0.24,0.0561
2005-04-20,5.47,5.78,5.32,5.71,2936969.0,0.0489494833333333,4.52,0.18,0.0398
2005-04-21,5.67,5.86,5.6,5.78,2808108.0,0.0468018,4.7,0.06,0.0128
2005-04-22,5.78,5.86,5.66,5.77,2307258.0,0.0384543,4.76,-0.01,-0.0021
2005-04-25,5.59,5.6,5.2,5.2,2152796.0,0.0358799333333333,4.75,-0.47,-0.0989
2005-04-26,5.02,5.41,4.92,5.32,1921438.0,0.0320239666666666,4.28,0.1,0.0234
2005-04-27,5.31,5.35,5.14,5.25,1017270.0,0.0169545,4.38,-0.06,-0.0137
2005-04-28,5.16,5.42,4.98,5.35,1457020.0,0.0242836666666666,4.32,0.08,0.0185
2005-04-29,5.35,5.77,5.28,5.58,3004955.0,0.0500825833333333,4.4,0.19,0.0432
2005-05-09,5.56,5.77,5.32,5.61,1925543.0,0.0320923833333333,4.59,0.03,0.0065
2005-05-10,5.56,6.01,5.52,5.95,3568470.0,0.0594745,4.62,0.28,0.0606
2005-05-11,5.92,5.99,5.7,5.76,2638542.0,0.0439757,4.9,-0.16,-0.0327
2005-05-12,5.75,5.95,5.66,5.82,2534218.0,0.0422369666666666,4.74,0.05,0.0105
2005-05-13,5.71,5.81,5.53,5.71,1970031.0,0.03283385,4.79,-0.09,-0.0188
2005-05-16,5.7,5.93,5.61,5.88,1766391.0,0.02943985,4.7,0.14,0.0298
2005-05-17,5.88,5.94,5.78,5.83,1771738.0,0.0295289666666666,4.84,-0.04,-0.0083
2005-05-18,5.84,5.94,5.78,5.88,1302363.0,0.02170605,4.8,0.04,0.0083
2005-05-19,5.89,5.93,5.64,5.75,1631560.0,0.0271926666666666,4.84,-0.11,-0.0227
2005-05-20,5.75,5.77,5.54,5.59,1572956.0,0.0262159333333333,4.73,-0.13,-0.0275
2005-05-23,5.49,5.54,5.03,5.03,3268113.0,0.05446855,4.6,-0.46,-0.1
2005-05-24,4.87,5.19,4.85,5.11,1629171.0,0.02715285,4.14,0.07,0.0169
2005-05-25,5.08,5.17,5.02,5.05,1172057.0,0.0195342833333333,4.21,-0.05,-0.0119
2005-05-30,4.92,5.09,4.88,5.04,957146.0,0.0159524333333333,4.16,-0.01,-0.0024
2005-05-31,5.13,5.17,5.06,5.09,1032821.0,0.0172136833333333,4.15,0.04,0.0096
2005-06-01,5.05,5.13,4.97,4.99,707323.0,0.0117887166666666,4.19,-0.08,-0.0191
2005-06-02,4.98,5.06,4.88,4.94,650039.0,0.0108339833333333,4.11,-0.04,-0.0097
2005-06-03,4.94,5.03,4.86,4.92,596941.0,0.0099490166666666,4.07,-0.02,-0.0049
2005-06-06,4.93,5.05,4.9,5.04,620116.0,0.0103352666666666,4.05,0.1,0.0247
2005-06-07,5.07,5.17,5.03,5.05,1049637.0,0.01749395,4.15,0.01,0.0024
2005-06-08,5.02,5.48,5.02,5.41,2614314.0,0.0435719,4.16,0.29,0.0697
2005-06-09,5.34,5.66,5.28,5.47,3547184.0,0.0591197333333333,4.45,0.05,0.0112
2005-06-10,5.47,5.67,5.37,5.48,2283534.0,0.0380589,4.5,0.01,0.0022
2005-06-13,5.53,5.55,5.38,5.49,980070.0,0.0163345,4.51,0.01,0.0022
2005-06-14,5.49,5.57,5.3,5.31,1144514.0,0.0190752333333333,4.52,-0.15,-0.0332
2005-06-15,5.28,5.33,4.99,5.02,1229859.0,0.02049765,4.37,-0.24,-0.0549
2005-06-16,5.0,5.11,4.98,5.1,614063.0,0.0102343833333333,4.13,0.07,0.0169
2005-06-17,5.09,5.13,5.03,5.04,697395.0,0.01162325,4.2,-0.05,-0.0119
2005-06-20,5.0,5.23,4.89,5.23,1068211.0,0.0178035166666666,4.15,0.16,0.0386
2005-06-21,5.2,5.25,5.06,5.1,784871.0,0.0130811833333333,4.31,-0.11,-0.0255
2005-06-22,5.11,5.3,5.08,5.26,989029.0,0.0164838166666666,4.2,0.13,0.031
2005-06-23,5.25,5.34,5.17,5.2,1024920.0,0.017082,4.33,-0.05,-0.0115
2005-06-24,5.2,5.28,5.16,5.28,490513.0,0.0081752166666666,4.28,0.07,0.0164
2005-06-27,5.3,5.55,5.3,5.53,2016415.0,0.0336069166666666,4.35,0.2,0.046
2005-06-28,6.08,6.08,5.46,5.71,3759762.0,0.0626627,4.43,0.15,0.0339
2005-06-29,5.85,5.98,5.75,5.79,5472051.0,0.09120085,4.58,0.06,0.0131
2005-06-30,5.73,5.73,5.46,5.48,2334124.0,0.0389020666666666,4.64,-0.25,-0.0539
2005-07-01,5.48,5.68,5.43,5.55,2103914.0,0.0350652333333333,4.39,0.06,0.0137
2005-07-04,5.49,5.79,5.45,5.78,2367519.0,0.03945865,4.45,0.18,0.0404
2005-07-05,5.73,5.76,5.56,5.64,1620752.0,0.0270125333333333,4.63,-0.11,-0.0238
2005-07-06,5.61,5.7,5.45,5.59,1059902.0,0.0176650333333333,4.52,-0.04,-0.0088
2005-07-07,5.55,5.84,5.54,5.8,3457577.0,0.0576262833333333,4.48,0.17,0.0379
2005-07-08,5.78,5.78,5.54,5.56,1840459.0,0.0306743166666666,4.65,-0.19,-0.0409
2005-07-11,5.78,5.83,5.61,5.7,2248392.0,0.0374732,4.46,0.11,0.0247
2005-07-12,5.76,6.05,5.71,5.98,4643750.0,0.0773958333333333,4.57,0.22,0.0481
2005-07-13,5.95,6.0,5.84,5.99,2418286.0,0.0403047666666666,4.79,0.01,0.0021
2005-07-14,5.98,5.99,5.75,5.85,2238368.0,0.0373061333333333,4.8,-0.11,-0.0229
2005-07-15,5.86,6.01,5.79,5.9,2116438.0,0.0352739666666666,4.69,0.04,0.0085
2005-07-18,5.89,5.9,5.38,5.39,2820600.0,0.04701,4.73,-0.41,-0.0867
2005-07-19,5.36,5.48,5.3,5.43,1361329.0,0.0226888166666666,4.32,0.03,0.0069
2005-07-20,5.4,5.45,5.35,5.45,1087666.0,0.0181277666666666,4.35,0.02,0.0046
2005-07-21,5.41,5.44,5.06,5.21,2807515.0,0.0467919166666666,4.37,-0.19,-0.0435
2005-07-22,5.14,5.38,5.14,5.3,1781919.0,0.02969865,4.18,0.07,0.0167
2005-07-25,5.26,5.36,5.24,5.31,689305.0,0.0114884166666666,4.25,0.01,0.0024
2005-07-26,5.31,5.46,5.3,5.43,1270886.0,0.0211814333333333,4.26,0.09,0.0211
2005-07-27,5.46,5.51,5.35,5.5,1365611.0,0.0227601833333333,4.35,0.06,0.0138
2005-07-28,5.51,5.64,5.45,5.63,2018129.0,0.0336354833333333,4.41,0.1,0.0227
2005-07-29,5.6,5.65,5.5,5.56,1382640.0,0.023044,4.51,-0.05,-0.0111
2005-08-01,5.51,5.6,5.44,5.54,1097382.0,0.0182897,4.46,-0.02,-0.0045
2005-08-02,5.49,5.61,5.44,5.6,1442671.0,0.0240445166666666,4.44,0.05,0.0113
2005-08-03,5.59,5.74,5.59,5.61,2636912.0,0.0439485333333333,4.49,0.01,0.0022
2005-08-04,5.61,5.61,5.49,5.51,1144962.0,0.0190827,4.5,-0.08,-0.0178
2005-08-05,5.5,5.86,5.5,5.78,2958504.0,0.0493084,4.42,0.21,0.0475
2005-08-08,5.8,5.96,5.78,5.83,3463122.0,0.0577187,4.63,0.04,0.0086
2005-08-09,5.83,5.94,5.74,5.94,2542447.0,0.0423741166666666,4.67,0.09,0.0193
2005-08-10,5.94,6.02,5.79,6.0,3451472.0,0.0575245333333333,4.76,0.05,0.0105
2005-08-11,6.06,6.09,5.9,6.04,3413573.0,0.0568928833333333,4.81,0.03,0.0062
2005-08-12,6.04,6.39,5.95,6.25,7257699.0,0.12096165,4.84,0.17,0.0351
2005-08-15,6.19,6.46,6.16,6.44,4445169.0,0.07408615,5.01,0.15,0.0299
2005-08-16,6.44,6.44,6.22,6.3,3430799.0,0.0571799833333333,5.16,-0.11,-0.0213
2005-08-17,6.3,6.6,6.09,6.51,4015618.0,0.0669269666666666,5.05,0.17,0.0337
2005-08-18,6.49,6.6,5.91,5.97,4224769.0,0.0704128166666666,5.22,-0.43,-0.0824
2005-08-19,5.97,6.19,5.91,6.05,2771871.0,0.04619785,4.79,0.06,0.0125
2005-08-22,6.1,6.2,5.99,6.15,1383938.0,0.0230656333333333,4.85,0.08,0.0165
2005-08-23,6.06,6.11,5.8,5.9,1596520.0,0.0266086666666666,4.93,-0.2,-0.0406
2005-08-24,5.85,5.97,5.81,5.95,1342476.0,0.0223746,4.73,0.04,0.0085
2005-08-25,5.92,6.04,5.84,6.02,1701553.0,0.0283592166666666,4.77,0.06,0.0126
2005-08-26,6.01,6.09,5.9,5.95,1390980.0,0.023183,4.83,-0.06,-0.0124
2005-08-29,5.92,6.0,5.77,5.82,1381321.0,0.0230220166666666,4.77,-0.1,-0.021
2005-08-30,5.82,5.97,5.75,5.92,1093350.0,0.0182225,4.67,0.08,0.0171
2005-08-31,5.92,6.07,5.82,6.06,1622714.0,0.0270452333333333,4.75,0.11,0.0232
2005-09-01,6.1,6.17,6.02,6.16,2046170.0,0.0341028333333333,4.86,0.08,0.0165
2005-09-02,6.16,6.26,6.09,6.15,1788384.0,0.0298064,4.94,-0.01,-0.002
2005-09-05,6.11,6.47,6.1,6.39,2806540.0,0.0467756666666666,4.93,0.19,0.0385
2005-09-06,6.42,6.57,6.17,6.2,3926359.0,0.0654393166666666,5.12,-0.15,-0.0293
2005-09-07,6.21,6.55,6.2,6.52,3649844.0,0.0608307333333333,4.97,0.26,0.0523
2005-09-08,6.61,6.67,6.42,6.5,3572891.0,0.0595481833333333,5.23,-0.02,-0.0038
2005-09-09,6.52,6.6,6.36,6.37,1973227.0,0.0328871166666666,5.21,-0.1,-0.0192
2005-09-12,6.4,6.47,6.3,6.47,1158822.0,0.0193137,5.11,0.08,0.0157
2005-09-13,6.47,6.62,6.41,6.6,2411900.0,0.0401983333333333,5.19,0.1,0.0193
2005-09-14,6.59,6.66,6.5,6.6,2252838.0,0.0375473,5.29,0.0,0.0
2005-09-15,6.57,6.6,6.41,6.46,2255030.0,0.0375838333333333,5.29,-0.11,-0.0208
2005-09-16,6.44,6.6,6.35,6.59,2271139.0,0.0378523166666666,5.18,0.1,0.0193
2005-09-19,6.59,6.82,6.54,6.75,3773796.0,0.0628966,5.28,0.13,0.0246
2005-09-20,6.75,6.85,6.55,6.75,3564840.0,0.059414,5.41,0.0,0.0
2005-09-21,6.74,6.74,6.44,6.46,2052733.0,0.0342122166666666,5.41,-0.23,-0.0425
2005-09-22,6.44,6.59,6.29,6.49,2446506.0,0.0407751,5.18,0.02,0.0039
2005-09-23,6.49,6.74,6.39,6.49,3541962.0,0.0590327,5.2,0.0,0.0
2005-09-26,6.49,6.69,6.34,6.64,1955257.0,0.0325876166666666,5.2,0.12,0.0231
2005-09-27,6.64,6.96,6.56,6.7,7365452.0,0.1227575333333333,5.32,0.05,0.0094
2005-09-28,6.76,6.94,6.49,6.81,4609565.0,0.0768260833333333,5.37,0.09,0.0168
2005-09-29,6.86,7.1,6.82,7.01,5561985.0,0.09269975,5.46,0.16,0.0293
2005-09-30,7.0,7.06,6.87,6.95,2860661.0,0.0476776833333333,5.62,-0.05,-0.0089
2005-10-10,7.07,7.45,7.02,7.31,6799195.0,0.1133199166666666,5.57,0.29,0.0521
2005-10-11,7.26,7.5,7.11,7.35,4447338.0,0.0741223,5.86,0.03,0.0051
2005-10-12,7.31,7.4,7.17,7.21,4108926.0,0.0684821,5.89,-0.11,-0.0187
2005-10-13,7.21,7.26,7.01,7.1,3758767.0,0.0626461166666666,5.78,-0.09,-0.0156
2005-10-14,7.05,7.27,7.05,7.12,2873011.0,0.0478835166666666,5.69,0.02,0.0035
2005-10-17,7.15,7.68,7.15,7.53,5642865.0,0.09404775,5.71,0.33,0.0578
2005-10-18,7.58,7.6,7.36,7.48,4224368.0,0.0704061333333333,6.04,-0.04,-0.0066
2005-10-19,7.6,7.6,6.94,6.96,5425165.0,0.0904194166666666,6.0,-0.42,-0.07
2005-10-20,6.94,7.06,6.72,7.02,4095313.0,0.0682552166666666,5.58,0.05,0.009
2005-10-21,6.96,7.02,6.84,6.87,2961792.0,0.0493632,5.63,-0.12,-0.0213
2005-10-24,6.86,7.02,6.81,6.97,1604099.0,0.0267349833333333,5.51,0.08,0.0145
2005-10-25,6.96,6.96,6.5,6.54,2951908.0,0.0491984666666666,5.59,-0.35,-0.0626
2005-10-26,6.52,6.61,6.33,6.36,2102556.0,0.0350426,5.24,-0.14,-0.0267
2005-10-27,6.34,6.46,6.25,6.38,1516982.0,0.0252830333333333,5.1,0.01,0.002
2005-10-31,6.24,6.33,6.05,6.26,1764392.0,0.0294065333333333,5.11,-0.09,-0.0176
2005-11-01,6.21,6.21,5.95,6.06,1445548.0,0.0240924666666666,5.02,-0.16,-0.0319
2005-11-02,5.99,6.24,5.99,6.2,1698888.0,0.0283148,4.86,0.11,0.0226
2005-11-03,6.18,6.32,6.13,6.25,1397598.0,0.0232933,4.97,0.04,0.008
2005-11-04,6.21,6.31,6.18,6.3,976420.0,0.0162736666666666,5.01,0.04,0.008
2005-11-07,6.29,6.34,6.16,6.3,920507.0,0.0153417833333333,5.05,0.0,0.0
2005-11-08,6.3,6.41,6.21,6.39,1196488.0,0.0199414666666666,5.05,0.07,0.0139
2005-11-09,6.36,6.4,6.24,6.24,896256.0,0.0149376,5.12,-0.12,-0.0234
2005-11-10,6.3,6.31,5.61,5.68,3223140.0,0.053719,5.0,-0.45,-0.09
2005-11-11,5.61,5.74,5.5,5.64,1712255.0,0.0285375833333333,4.55,-0.03,-0.0066
2005-11-14,5.58,5.71,5.55,5.64,798433.0,0.0133072166666666,4.52,0.0,0.0
2005-11-15,5.66,5.69,5.55,5.59,618651.0,0.01031085,4.52,-0.04,-0.0088
2005-11-16,5.64,5.7,5.5,5.69,882741.0,0.01471235,4.48,0.08,0.0179
2005-11-17,5.71,5.91,5.69,5.78,1501620.0,0.025027,4.56,0.07,0.0154
2005-11-18,5.75,5.9,5.69,5.85,1787440.0,0.0297906666666666,4.63,0.06,0.013
2005-11-21,5.84,5.88,5.76,5.86,883836.0,0.0147306,4.69,0.01,0.0021
2005-11-22,5.85,5.9,5.65,5.67,969523.0,0.0161587166666666,4.7,-0.16,-0.034
2005-11-23,5.63,5.73,5.59,5.68,605461.0,0.0100910166666666,4.54,0.01,0.0022
2005-11-24,5.68,5.82,5.64,5.77,837683.0,0.0139613833333333,4.55,0.07,0.0154
2005-11-25,5.78,5.85,5.72,5.84,853653.0,0.01422755,4.62,0.06,0.013
2005-11-28,5.84,5.84,5.69,5.72,736659.0,0.01227765,4.68,-0.1,-0.0214
2005-11-29,5.69,5.69,5.59,5.59,718919.0,0.0119819833333333,4.58,-0.1,-0.0218
2005-11-30,5.6,5.67,5.53,5.64,430528.0,0.0071754666666666,4.48,0.04,0.0089
2005-12-01,5.62,5.68,5.58,5.6,391221.0,0.00652035,4.52,-0.03,-0.0066
2005-12-02,5.59,5.62,5.37,5.37,1070600.0,0.0178433333333333,4.49,-0.19,-0.0423
2005-12-05,5.38,5.53,5.32,5.35,1046899.0,0.0174483166666666,4.3,-0.01,-0.0023
2005-12-06,5.34,5.4,5.07,5.39,804932.0,0.0134155333333333,4.29,0.03,0.007
2005-12-07,5.37,5.47,5.3,5.43,705699.0,0.01176165,4.32,0.03,0.0069
2005-12-08,5.47,5.47,5.3,5.34,559900.0,0.0093316666666666,4.35,-0.07,-0.0161
2005-12-09,5.33,5.48,5.28,5.44,643939.0,0.0107323166666666,4.28,0.08,0.0187
2005-12-12,5.45,5.5,5.43,5.47,643600.0,0.0107266666666666,4.36,0.02,0.0046
2005-12-13,5.44,5.45,5.33,5.4,385731.0,0.00642885,4.38,-0.05,-0.0114
2005-12-14,5.39,5.54,5.35,5.52,911941.0,0.0151990166666666,4.33,0.09,0.0208
2005-12-15,5.5,5.58,5.45,5.47,836790.0,0.0139465,4.42,-0.04,-0.009
2005-12-16,5.44,5.55,5.43,5.5,508582.0,0.0084763666666666,4.38,0.03,0.0068
2005-12-20,5.62,5.87,5.6,5.82,4453028.0,0.0742171333333333,4.41,0.25,0.0567
2005-12-21,5.74,5.82,5.67,5.72,1468327.0,0.0244721166666666,4.66,-0.08,-0.0172
2005-12-22,5.72,5.87,5.67,5.87,1528065.0,0.02546775,4.58,0.12,0.0262
2005-12-23,5.87,5.92,5.82,5.85,1384676.0,0.0230779333333333,4.7,-0.01,-0.0021
2005-12-26,5.89,5.9,5.79,5.82,1191040.0,0.0198506666666666,4.69,-0.03,-0.0064
2005-12-27,5.82,6.01,5.73,5.99,2575779.0,0.04292965,4.66,0.14,0.03
2005-12-28,6.03,6.18,5.93,6.16,3007952.0,0.0501325333333333,4.8,0.14,0.0292
2005-12-29,6.24,6.41,6.23,6.34,9475309.0,0.1579218166666666,4.94,0.14,0.0283
2005-12-30,6.36,6.43,6.26,6.36,3264646.0,0.0544107666666666,5.08,0.02,0.0039
2006-01-04,6.36,6.5,6.3,6.43,2260053.0,0.03766755,5.1,0.05,0.0098
2006-01-05,6.41,6.43,6.34,6.41,2085182.0,0.0347530333333333,5.15,-0.01,-0.0019
2006-01-06,6.41,6.49,6.31,6.4,2198991.0,0.03664985,5.14,-0.01,-0.0019
2006-01-09,6.41,6.61,6.34,6.61,2669443.0,0.0444907166666666,5.13,0.17,0.0331
2006-01-10,6.66,7.1,6.36,6.51,2974961.0,0.0495826833333333,5.3,-0.08,-0.0151
2006-01-11,6.49,6.49,6.25,6.28,3682738.0,0.0613789666666666,5.22,-0.19,-0.0364
2006-01-12,6.24,6.39,6.2,6.36,2393962.0,0.0398993666666666,5.03,0.07,0.0139
2006-01-13,6.36,6.55,6.34,6.49,2109963.0,0.03516605,5.1,0.1,0.0196
2006-01-16,6.5,6.69,6.46,6.53,2584096.0,0.0430682666666666,5.2,0.03,0.0058
2006-01-17,6.48,6.51,6.36,6.43,1153390.0,0.0192231666666666,5.23,-0.08,-0.0153
2006-01-18,6.43,6.59,6.38,6.59,1336420.0,0.0222736666666666,5.15,0.13,0.0252
2006-01-19,6.63,6.7,6.56,6.69,3143402.0,0.0523900333333333,5.28,0.08,0.0152
2006-01-20,6.69,6.73,6.55,6.66,1353201.0,0.02255335,5.36,-0.02,-0.0037
2006-01-23,6.66,6.73,6.54,6.71,1922415.0,0.03204025,5.34,0.04,0.0075
2006-01-24,6.71,6.71,6.56,6.58,2051335.0,0.0341889166666666,5.38,-0.11,-0.0204
2006-01-25,6.49,6.66,6.29,6.33,2027532.0,0.0337922,5.27,-0.2,-0.038
2006-02-06,6.34,6.55,6.33,6.51,1789485.0,0.02982475,5.07,0.15,0.0296
2006-02-07,6.53,7.08,6.53,6.98,7002548.0,0.1167091333333333,5.22,0.37,0.0709
2006-02-08,6.96,7.23,6.85,7.05,6411922.0,0.1068653666666666,5.59,0.06,0.0107
2006-02-09,7.05,7.05,6.71,6.78,2834225.0,0.0472370833333333,5.65,-0.22,-0.0389
2006-02-10,6.74,7.04,6.74,7.01,2761339.0,0.0460223166666666,5.43,0.19,0.035
2006-02-13,7.01,7.01,6.85,6.98,1951990.0,0.0325331666666666,5.62,-0.03,-0.0053
2006-02-14,6.95,7.23,6.93,7.05,3267301.0,0.0544550166666666,5.59,0.06,0.0107
2006-02-15,7.05,7.08,6.85,6.95,2182068.0,0.0363678,5.65,-0.08,-0.0142
2006-02-16,6.9,6.91,6.54,6.59,2224409.0,0.0370734833333333,5.57,-0.29,-0.0521
2006-02-17,6.51,6.63,6.34,6.36,1449857.0,0.0241642833333333,5.28,-0.18,-0.0341
2006-02-20,6.36,6.54,6.33,6.46,1299016.0,0.0216502666666666,5.1,0.08,0.0157
2006-02-21,6.46,6.59,6.38,6.59,1053359.0,0.0175559833333333,5.18,0.1,0.0193
2006-02-22,6.64,6.94,6.63,6.69,2978817.0,0.04964695,5.28,0.08,0.0152
2006-02-23,6.69,6.79,6.6,6.78,1460067.0,0.02433445,5.36,0.07,0.0131
2006-02-24,6.76,6.76,6.66,6.7,1261227.0,0.02102045,5.43,-0.06,-0.011
2006-02-28,6.7,6.93,6.7,6.86,3395808.0,0.0565968,5.37,0.13,0.0242
2006-03-01,6.84,6.98,6.76,6.9,1846484.0,0.0307747333333333,5.5,0.03,0.0055
2006-03-02,6.9,6.9,6.4,6.54,1680151.0,0.0280025166666666,5.53,-0.29,-0.0524
2006-03-03,6.49,6.62,6.47,6.54,1250620.0,0.0208436666666666,5.24,0.0,0.0
2006-03-06,6.55,6.6,6.45,6.48,1004356.0,0.0167392666666666,5.24,-0.05,-0.0095
2006-03-07,6.48,6.48,6.0,6.05,1725541.0,0.0287590166666666,5.19,-0.34,-0.0655
2006-03-08,6.05,6.12,6.0,6.08,810040.0,0.0135006666666666,4.85,0.02,0.0041
2006-03-09,6.09,6.12,5.8,5.84,1148179.0,0.0191363166666666,4.87,-0.19,-0.039
2006-03-10,5.83,5.9,5.77,5.78,889721.0,0.0148286833333333,4.68,-0.05,-0.0107
2006-03-13,5.77,5.85,5.74,5.82,765228.0,0.0127538,4.63,0.03,0.0065
2006-03-14,5.83,6.04,5.77,5.93,1485122.0,0.0247520333333333,4.66,0.09,0.0193
2006-03-15,5.92,5.95,5.83,5.95,881137.0,0.0146856166666666,4.75,0.02,0.0042
2006-03-16,5.97,5.97,5.87,5.9,942600.0,0.01571,4.77,-0.04,-0.0084
2006-03-17,5.93,5.97,5.78,5.94,1244382.0,0.0207397,4.73,0.03,0.0063
2006-03-20,5.97,6.09,5.95,6.07,1915675.0,0.0319279166666666,4.76,0.1,0.021
2006-03-21,6.05,6.09,5.98,6.04,1142099.0,0.0190349833333333,4.86,-0.02,-0.0041
2006-03-22,6.04,6.12,5.98,6.08,1033365.0,0.01722275,4.84,0.03,0.0062
2006-03-23,6.09,6.12,5.99,6.05,1758308.0,0.0293051333333333,4.87,-0.02,-0.0041
2006-03-24,6.07,6.09,5.95,5.95,1189159.0,0.0198193166666666,4.85,-0.08,-0.0165
2006-03-27,5.95,6.05,5.93,6.05,780957.0,0.01301595,4.77,0.08,0.0168
2006-03-28,6.1,6.13,6.03,6.1,1755722.0,0.0292620333333333,4.85,0.04,0.0082
2006-03-29,6.14,6.22,6.1,6.17,2109789.0,0.03516315,4.89,0.05,0.0102
2006-03-30,6.18,6.32,6.07,6.2,2024230.0,0.0337371666666666,4.94,0.03,0.0061
2006-03-31,6.15,6.24,6.09,6.2,1444264.0,0.0240710666666666,4.97,0.0,0.0
2006-04-03,6.2,6.52,6.18,6.44,3577254.0,0.0596209,4.97,0.19,0.0382
2006-04-04,6.44,6.57,6.4,6.49,2390547.0,0.03984245,5.16,0.04,0.0078
2006-04-05,6.66,6.67,6.41,6.59,1933195.0,0.0322199166666666,5.12,0.08,0.0156
2006-04-06,6.59,6.59,6.4,6.48,2215558.0,0.0369259666666666,5.2,-0.09,-0.0173
2006-04-07,6.41,6.55,6.39,6.49,1812873.0,0.03021455,5.11,0.01,0.002
2006-04-10,6.53,6.68,6.48,6.66,2524045.0,0.0420674166666666,5.12,0.13,0.0254
2006-04-11,6.68,6.78,6.53,6.57,1871272.0,0.0311878666666666,5.25,-0.07,-0.0133
2006-04-12,6.57,6.88,6.47,6.85,3411308.0,0.0568551333333333,5.18,0.22,0.0425
2006-04-13,6.83,6.83,6.4,6.41,2486259.0,0.04143765,5.4,-0.34,-0.063
2006-04-14,6.4,6.6,6.36,6.57,1776232.0,0.0296038666666666,5.06,0.12,0.0237
2006-04-27,7.23,7.23,6.85,7.23,10571715.0,0.17619525,5.18,0.52,0.1004
2006-04-28,7.2,7.39,6.99,7.19,6058967.0,0.1009827833333333,5.7,-0.03,-0.0053
2006-05-08,7.19,7.54,7.19,7.47,5226577.0,0.0871096166666666,5.67,0.22,0.0388
2006-05-09,7.45,7.71,7.25,7.53,5175725.0,0.0862620833333333,5.89,0.05,0.0085
2006-05-10,7.53,8.28,7.49,8.23,7125060.0,0.118751,5.94,0.55,0.0926
2006-05-11,8.2,8.63,7.83,7.91,6109704.0,0.1018284,6.49,-0.25,-0.0385
2006-05-12,7.92,8.7,7.92,8.7,7035393.0,0.11725655,6.24,0.62,0.0994
2006-05-15,8.98,9.57,8.91,9.57,9054991.0,0.1509165166666666,6.86,0.69,0.1006
2006-05-16,9.57,10.32,9.0,9.89,9053835.0,0.15089725,7.55,0.25,0.0331
2006-05-17,9.93,10.84,9.93,10.32,10268819.0,0.1711469833333333,7.8,0.34,0.0436
2006-06-15,9.3,9.79,8.75,9.17,14345230.0,0.1811266414141414,6.17,-0.69,-0.1114
2006-06-16,9.12,9.87,8.97,9.56,10591249.0,0.1337278914141414,5.48,0.23,0.042
2006-06-19,9.39,9.66,9.04,9.35,6336042.0,0.0800005303030303,5.71,-0.12,-0.021
2006-06-20,9.35,10.19,9.24,10.11,9127462.0,0.1152457323232323,5.59,0.45,0.0805
2006-06-21,10.02,10.02,9.61,9.74,6060392.0,0.076520101010101,6.04,-0.22,-0.0364
2006-06-22,9.71,10.31,9.54,9.94,8152227.0,0.1029321590909091,5.82,0.12,0.0206
2006-06-23,9.89,10.41,9.64,10.38,8052509.0,0.1016730934343434,5.94,0.26,0.0438
2006-06-26,10.63,11.41,10.48,11.41,14329963.0,0.1809338762626262,6.2,0.62,0.1
2006-06-27,11.43,12.45,11.18,11.93,13972337.0,0.1764183964646464,6.82,0.31,0.0455
2006-06-28,11.72,12.08,11.52,11.65,7071423.0,0.0892856439393939,7.13,-0.17,-0.0238
2006-06-29,11.65,12.23,11.56,11.72,8523917.0,0.1076252146464646,6.96,0.04,0.0057
2006-06-30,11.97,11.97,10.78,10.96,9401914.0,0.1187110353535353,7.0,-0.45,-0.0643
2006-07-03,10.91,11.35,10.88,11.23,6074884.0,0.0767030808080808,6.55,0.16,0.0244
2006-07-04,11.21,11.65,10.84,11.53,9196330.0,0.1161152777777777,6.71,0.18,0.0268
2006-07-05,11.35,11.43,10.81,11.03,5077690.0,0.0641122474747474,6.89,-0.3,-0.0435
2006-07-06,10.93,11.26,10.88,11.25,4284166.0,0.054093005050505,6.59,0.13,0.0197
2006-07-07,11.3,11.5,11.1,11.16,3750539.0,0.0473552904040404,6.72,-0.05,-0.0074
2006-07-10,11.21,11.21,10.68,10.9,4015640.0,0.0507025252525252,6.67,-0.16,-0.024
2006-07-11,10.54,10.54,9.81,10.12,11280395.0,0.1424292297979798,6.51,-0.46,-0.0707
2006-07-12,10.11,10.54,10.07,10.44,7237582.0,0.0913836111111111,6.05,0.19,0.0314
2006-07-13,10.36,10.36,9.4,9.4,6150387.0,0.0776564015151515,6.24,-0.62,-0.0994
2006-07-14,9.04,9.34,8.94,9.19,4944229.0,0.0624271338383838,5.62,-0.13,-0.0231
2006-07-17,9.17,9.59,9.02,9.56,5155018.0,0.0650886111111111,5.49,0.22,0.0401
2006-07-18,9.62,9.76,9.47,9.67,5730164.0,0.0723505555555555,5.71,0.07,0.0123
2006-07-19,9.62,9.62,9.17,9.34,3286304.0,0.0414937373737373,5.78,-0.2,-0.0346
2006-07-20,9.41,9.62,9.41,9.47,3579216.0,0.0451921212121212,5.58,0.08,0.0143
2006-07-21,9.42,9.49,9.24,9.32,1909041.0,0.024104053030303,5.66,-0.09,-0.0159
2006-07-25,9.32,9.69,9.32,9.54,2438065.0,0.0307836489898989,5.57,0.13,0.0233
2006-07-26,9.56,9.62,9.35,9.44,1454028.0,0.0183589393939393,5.7,-0.06,-0.0105
2006-07-27,9.52,9.57,9.17,9.2,1804188.0,0.0227801515151515,5.64,-0.14,-0.0248
2006-07-28,9.22,9.32,8.69,8.82,3049589.0,0.0385049116161616,5.5,-0.23,-0.0418
2006-07-31,8.82,8.87,8.18,8.22,2295032.0,0.0289776767676767,5.27,-0.36,-0.0683
2006-08-01,8.2,8.45,8.13,8.27,1751103.0,0.0221098863636363,4.91,0.03,0.0061
2006-08-02,8.3,8.55,8.2,8.54,2412301.0,0.0304583459595959,4.94,0.16,0.0324
2006-08-03,8.52,8.6,8.28,8.4,1343883.0,0.0169682196969696,5.1,-0.08,-0.0157
2006-08-04,8.45,8.59,8.25,8.33,2462681.0,0.031094457070707,5.02,-0.04,-0.008
2006-08-07,8.33,8.47,7.7,7.73,3328326.0,0.0420243181818181,4.98,-0.36,-0.0723
2006-08-08,7.82,8.05,7.78,8.03,2547362.0,0.0321636616161616,4.62,0.18,0.039
2006-08-09,8.03,8.13,7.95,8.02,1536667.0,0.0194023611111111,4.8,-0.01,-0.0021
2006-08-10,7.97,8.33,7.97,8.28,2592590.0,0.0327347222222222,4.79,0.16,0.0334
2006-08-11,8.55,9.0,8.52,8.6,5908468.0,0.0746018686868686,4.95,0.19,0.0384
2006-08-14,8.59,8.6,8.03,8.18,2582064.0,0.0326018181818181,5.14,-0.25,-0.0486
2006-08-15,8.03,8.43,7.9,8.42,1700948.0,0.0214766161616161,4.89,0.14,0.0286
2006-08-16,8.42,8.62,8.3,8.6,2587279.0,0.0326676641414141,5.03,0.11,0.0219
2006-08-17,8.45,8.64,8.28,8.54,2263061.0,0.0285740025252525,5.14,-0.04,-0.0078
2006-08-18,8.6,8.6,8.37,8.42,2587021.0,0.0326644065656565,5.1,-0.07,-0.0137
2006-08-21,8.03,8.55,7.83,8.49,2512465.0,0.0317230429292929,5.03,0.04,0.008
2006-08-22,8.45,8.52,8.2,8.45,2328129.0,0.0293955681818181,5.07,-0.02,-0.0039
2006-08-23,8.42,8.42,8.22,8.29,2025381.0,0.0255729924242424,5.05,-0.1,-0.0198
2006-08-24,8.34,8.34,8.12,8.3,1430681.0,0.018064154040404,4.95,0.01,0.002
2006-08-25,8.28,8.59,8.25,8.54,2955507.0,0.0373170075757575,4.96,0.14,0.0282
2006-08-28,8.52,8.92,8.44,8.87,6145569.0,0.0775955681818181,5.1,0.2,0.0392
2006-08-29,8.97,8.99,8.7,8.74,6625193.0,0.0836514267676767,5.3,-0.08,-0.0151
2006-08-30,8.64,8.94,8.64,8.85,2676209.0,0.0337905176767676,5.22,0.07,0.0134
2006-08-31,8.84,8.9,8.67,8.87,2394683.0,0.0302358964646464,5.29,0.01,0.0019
2006-09-01,8.79,8.85,8.54,8.57,2503540.0,0.0316103535353535,5.3,-0.18,-0.034
2006-09-04,8.45,8.7,8.45,8.69,1447988.0,0.0182826767676767,5.12,0.07,0.0137
2006-09-05,8.65,8.7,8.55,8.64,1559693.0,0.0196930934343434,5.19,-0.03,-0.0058
2006-09-06,8.64,8.82,8.57,8.79,2265276.0,0.0286019696969697,5.16,0.09,0.0174
2006-09-07,8.7,8.77,8.5,8.55,1594337.0,0.0201305176767676,5.25,-0.14,-0.0267
2006-09-08,8.54,8.62,8.43,8.48,1163523.0,0.0146909469696969,5.11,-0.04,-0.0078
2006-09-11,8.48,8.52,8.13,8.35,1833187.0,0.0231463005050505,5.07,-0.08,-0.0158
2006-09-12,8.37,8.5,8.28,8.4,1396843.0,0.0176369065656565,4.99,0.03,0.006
2006-09-13,8.4,8.42,8.17,8.18,1615236.0,0.0203943939393939,5.02,-0.13,-0.0259
2006-09-14,8.15,8.25,8.1,8.22,922481.0,0.0116474873737373,4.89,0.02,0.0041
2006-09-15,8.3,8.33,8.22,8.3,977527.0,0.0123425126262626,4.91,0.05,0.0102
2006-09-18,8.3,8.45,8.3,8.42,1765161.0,0.0222873863636363,4.96,0.07,0.0141
2006-09-19,8.42,8.55,8.4,8.5,1874217.0,0.023664356060606,5.03,0.05,0.0099
2006-09-20,8.5,8.5,8.35,8.42,1006755.0,0.012711553030303,5.08,-0.05,-0.0098
2006-09-21,8.42,8.57,8.37,8.52,1697809.0,0.0214369823232323,5.03,0.06,0.0119
2006-09-22,8.53,8.69,8.38,8.55,3320250.0,0.0419223484848484,5.09,0.02,0.0039
2006-09-25,8.57,8.57,8.17,8.3,2131973.0,0.026918851010101,5.11,-0.15,-0.0294
2006-09-26,8.25,8.67,8.22,8.67,4146927.0,0.0523601893939393,4.96,0.22,0.0444
2006-09-27,8.67,8.7,8.47,8.58,2134629.0,0.0269523863636363,5.18,-0.05,-0.0097
2006-09-28,8.58,8.65,8.5,8.6,2056367.0,0.0259642297979798,5.13,0.01,0.0019
2006-09-29,8.63,8.94,8.63,8.85,5555604.0,0.0701465151515151,5.14,0.15,0.0292
2006-10-09,8.94,9.07,8.8,9.07,5027967.0,0.0634844318181818,5.29,0.13,0.0246
2006-10-10,9.2,9.22,8.89,8.95,4049799.0,0.0511338257575757,5.42,-0.07,-0.0129
2006-10-11,8.9,9.12,8.89,9.09,2820131.0,0.0356077146464646,5.35,0.08,0.015
2006-10-12,9.1,9.15,8.77,8.79,2612146.0,0.0329816414141414,5.43,-0.18,-0.0331
2006-10-13,8.77,8.87,8.72,8.75,1584734.0,0.0200092676767676,5.25,-0.02,-0.0038
2006-10-16,8.75,8.89,8.62,8.77,1816083.0,0.0229303409090909,5.23,0.01,0.0019
2006-10-17,8.7,8.82,8.62,8.65,1296779.0,0.0163734722222222,5.24,-0.07,-0.0134
2006-10-18,8.6,8.77,8.6,8.74,1149933.0,0.014519356060606,5.17,0.05,0.0097
2006-10-19,8.7,8.87,8.69,8.87,1710364.0,0.021595505050505,5.22,0.08,0.0153
2006-10-20,8.85,8.9,8.53,8.65,2329924.0,0.0294182323232323,5.3,-0.13,-0.0245
2006-10-23,8.72,9.02,8.65,8.87,6850686.0,0.0864985606060606,5.17,0.13,0.0251
2006-10-24,8.74,9.29,8.74,9.27,7248667.0,0.0915235732323232,5.3,0.24,0.0453
2006-10-25,9.29,9.32,8.95,9.12,5353089.0,0.0675895075757575,5.54,-0.09,-0.0162
2006-10-26,9.04,9.25,8.85,8.87,3326585.0,0.0420023358585858,5.45,-0.15,-0.0275
2006-10-27,8.85,8.87,8.17,8.22,4796384.0,0.060560404040404,5.3,-0.39,-0.0736
2006-10-30,8.17,8.32,7.68,7.9,3345197.0,0.0422373358585858,4.91,-0.19,-0.0387
2006-10-31,7.9,7.98,7.77,7.97,1704365.0,0.0215197601010101,4.72,0.04,0.0085
2006-11-01,7.97,8.03,7.78,7.98,1879270.0,0.0237281565656565,4.76,0.01,0.0021
2006-11-02,7.98,7.98,7.82,7.88,1378355.0,0.0174034722222222,4.77,-0.06,-0.0126
2006-11-03,7.93,8.07,7.87,7.98,1968088.0,0.0248495959595959,4.71,0.06,0.0127
2006-11-06,7.93,8.27,7.83,8.0,2172920.0,0.0274358585858585,4.77,0.01,0.0021
2006-11-07,7.95,8.0,7.77,7.83,1923054.0,0.0242809848484848,4.78,-0.1,-0.0209
2006-11-08,7.85,8.0,7.75,7.83,995621.0,0.0125709722222222,4.68,0.0,0.0
2006-11-09,7.83,7.92,7.78,7.9,931369.0,0.0117597095959595,4.68,0.04,0.0085
2006-11-10,7.87,7.93,7.4,7.41,3097366.0,0.0391081565656565,4.72,-0.29,-0.0614
2006-11-13,7.41,7.51,6.88,7.0,2710626.0,0.0342250757575757,4.43,-0.25,-0.0564
2006-11-14,7.0,7.16,6.84,7.13,1433831.0,0.0181039267676767,4.18,0.08,0.0191
2006-11-15,7.13,7.23,7.05,7.18,1522113.0,0.0192185984848484,4.26,0.03,0.007
2006-11-16,7.18,7.35,7.03,7.1,2108869.0,0.0266271338383838,4.29,-0.05,-0.0117
2006-11-17,7.06,7.13,6.93,7.11,1011459.0,0.0127709469696969,4.24,0.01,0.0024
2006-11-20,7.1,7.26,7.03,7.18,1316337.0,0.0166204166666666,4.25,0.04,0.0094
2006-11-21,7.2,7.28,7.05,7.23,1773992.0,0.0223988888888888,4.29,0.03,0.007
2006-11-22,7.23,7.43,7.15,7.28,2218858.0,0.0280158838383838,4.32,0.03,0.0069
2006-11-23,7.35,7.51,7.25,7.48,3181396.0,0.0401691414141414,4.35,0.12,0.0276
2006-11-24,7.48,7.58,7.36,7.56,2815528.0,0.0355495959595959,4.47,0.05,0.0112
2006-11-27,7.61,7.83,7.56,7.75,2426334.0,0.0306355303030303,4.52,0.11,0.0243
2006-11-28,7.75,7.98,7.61,7.68,2520959.0,0.0318302904040404,4.63,-0.04,-0.0086
2006-11-29,7.58,7.82,7.45,7.71,2136642.0,0.026977803030303,4.59,0.02,0.0044
2006-11-30,7.71,7.77,7.58,7.73,1931733.0,0.0243905681818181,4.61,0.01,0.0022
2006-12-01,7.83,7.83,7.56,7.58,2357191.0,0.0297625126262626,4.62,-0.09,-0.0195
2006-12-04,7.56,7.72,7.55,7.72,2489265.0,0.0314301136363636,4.53,0.08,0.0177
2006-12-05,7.72,8.2,7.67,8.05,4968321.0,0.0627313257575757,4.61,0.2,0.0434
2006-12-06,8.07,8.07,7.45,7.9,2906231.0,0.0366948358585858,4.81,-0.09,-0.0187
2006-12-07,7.95,8.15,7.9,7.92,3281234.0,0.0414297222222222,4.72,0.01,0.0021
2006-12-08,7.77,7.77,7.61,7.65,1869976.0,0.023610808080808,4.73,-0.16,-0.0338
2006-12-11,7.6,8.13,7.58,8.02,2149323.0,0.0271379166666666,4.57,0.22,0.0481
2006-12-12,8.0,8.13,7.78,7.88,1659677.0,0.0209555176767676,4.79,-0.08,-0.0167
2006-12-13,7.8,7.87,7.61,7.7,1278008.0,0.0161364646464646,4.71,-0.11,-0.0234
2006-12-14,7.7,7.95,7.61,7.9,1782382.0,0.0225048232323232,4.6,0.12,0.0261
2006-12-15,7.88,8.1,7.85,8.07,4270221.0,0.0539169318181818,4.72,0.1,0.0212
2006-12-18,8.07,8.35,8.07,8.3,5247320.0,0.0662540404040404,4.82,0.14,0.029
2006-12-19,8.28,8.43,8.15,8.4,4096856.0,0.0517279797979798,4.96,0.06,0.0121
2006-12-20,8.6,9.24,8.48,8.9,14171995.0,0.1789393308080808,5.02,0.3,0.0598
2006-12-21,8.74,8.87,8.54,8.6,4449974.0,0.0561865404040404,5.32,-0.18,-0.0338
2006-12-22,8.57,8.57,8.3,8.32,2254082.0,0.0284606313131313,5.14,-0.17,-0.0331
2006-12-25,8.25,8.74,8.23,8.45,1958752.0,0.0247317171717171,4.97,0.08,0.0161
2006-12-26,8.45,8.52,8.12,8.2,1358162.0,0.0171485101010101,5.05,-0.15,-0.0297
2006-12-27,8.1,8.33,8.1,8.17,1097393.0,0.0138559722222222,4.9,-0.02,-0.0041
2006-12-28,8.17,8.18,7.63,7.88,2713480.0,0.0342611111111111,4.88,-0.17,-0.0348
2007-01-04,7.88,8.03,7.5,7.55,3692974.0,0.0466284595959596,4.71,-0.2,-0.0425
2007-01-05,7.53,7.75,7.38,7.75,2597529.0,0.0327970833333333,4.51,0.12,0.0266
2007-01-08,7.65,8.08,7.65,8.07,2439650.0,0.0308036616161616,4.63,0.19,0.041
2007-01-09,8.12,8.32,8.02,8.25,2734644.0,0.0345283333333333,4.82,0.11,0.0228
2007-01-10,8.27,8.3,8.03,8.3,3581270.0,0.0452180555555555,4.93,0.03,0.0061
2007-01-11,8.3,8.62,8.25,8.42,4591677.0,0.0579757196969697,4.96,0.07,0.0141
2007-01-12,8.35,8.48,7.87,7.87,3304314.0,0.0417211363636363,5.03,-0.33,-0.0656
2007-01-15,7.83,8.37,7.81,8.35,2949487.0,0.0372409974747474,4.7,0.29,0.0617
2007-01-16,8.37,8.62,8.17,8.62,6283645.0,0.079338952020202,4.99,0.16,0.0321
2007-01-17,8.59,8.84,8.37,8.53,7330205.0,0.0925530934343434,5.15,-0.05,-0.0097
2007-01-18,8.55,8.99,8.53,8.97,7791481.0,0.0983772853535353,5.1,0.26,0.051
2007-01-19,8.87,9.87,8.87,9.87,12770684.0,0.1612460101010101,5.36,0.54,0.1007
2007-01-22,10.54,10.59,10.04,10.44,21499466.0,0.271457904040404,5.9,0.34,0.0576
2007-01-23,10.34,10.34,9.89,10.19,8727147.0,0.11019125,6.24,-0.15,-0.024
2007-01-24,10.19,10.54,10.06,10.26,5694079.0,0.0718949368686868,6.09,0.04,0.0066
2007-01-25,10.02,10.11,9.35,9.41,6194715.0,0.0782160984848484,6.13,-0.51,-0.0832
2007-01-26,9.29,9.4,8.72,9.22,4446660.0,0.0561446969696969,5.62,-0.11,-0.0196
2007-01-29,9.22,9.86,9.22,9.62,4800003.0,0.0606060984848484,5.51,0.24,0.0436
2007-01-30,9.86,10.41,9.79,9.89,6929780.0,0.0874972222222222,5.75,0.16,0.0278
2007-01-31,9.87,9.87,9.17,9.27,3959004.0,0.0499874242424242,5.91,-0.37,-0.0626
2007-02-01,9.07,9.54,8.87,9.3,2797015.0,0.0353158459595959,5.54,0.02,0.0036
2007-02-02,9.24,9.62,9.1,9.15,2369773.0,0.0299213762626262,5.56,-0.09,-0.0162
2007-02-05,9.02,9.44,9.02,9.39,2264349.0,0.0285902651515151,5.47,0.14,0.0256
2007-02-06,9.62,9.76,9.46,9.57,2613726.0,0.0330015909090909,5.61,0.11,0.0196
2007-02-07,9.57,9.86,9.51,9.84,3740072.0,0.0472231313131313,5.72,0.16,0.028
2007-02-08,9.86,10.04,9.57,9.94,5615890.0,0.070907702020202,5.88,0.06,0.0102
2007-02-09,9.97,10.36,9.84,10.24,7223566.0,0.0912066414141414,5.94,0.18,0.0303
2007-02-12,10.17,10.31,10.09,10.16,5592652.0,0.0706142929292929,6.12,-0.05,-0.0082
2007-02-13,10.26,10.53,10.11,10.49,5665242.0,0.0715308333333333,6.07,0.2,0.0329
2007-02-14,10.66,10.91,10.64,10.78,17183814.0,0.2169673484848484,6.27,0.17,0.0271
2007-02-15,10.58,11.3,10.58,10.79,9200000.0,0.1161616161616161,6.44,0.01,0.0016
2007-02-16,10.79,10.93,10.54,10.78,10490535.0,0.13245625,6.45,-0.01,-0.0016
2007-02-26,10.79,11.29,10.79,11.26,8383852.0,0.1058567171717171,6.44,0.29,0.045
2007-02-27,11.28,11.55,10.14,10.14,8890640.0,0.1122555555555555,6.73,-0.67,-0.0996
2007-02-28,10.21,10.86,10.14,10.84,5902018.0,0.0745204292929292,6.06,0.42,0.0693
2007-03-01,10.78,11.46,10.34,11.34,12531795.0,0.1582297348484848,6.48,0.3,0.0463
2007-03-02,11.34,12.05,11.21,11.55,12400001.0,0.1565656691919192,6.78,0.12,0.0177
2007-03-05,11.58,11.81,10.81,11.14,8169212.0,0.1031466161616161,6.9,-0.24,-0.0348
2007-03-06,11.08,11.08,10.68,10.88,3792293.0,0.0478824873737373,6.66,-0.16,-0.024
2007-03-07,10.88,11.21,10.88,11.11,3337898.0,0.0421451767676767,6.5,0.14,0.0215
2007-03-08,11.13,11.28,11.03,11.26,4485717.0,0.0566378409090909,6.64,0.09,0.0136
2007-03-09,11.09,11.6,10.81,11.39,7990212.0,0.1008865151515151,6.73,0.08,0.0119
2007-03-13,11.55,11.78,11.46,11.6,8242825.0,0.1040760732323232,6.81,0.12,0.0176
2007-03-14,11.63,11.96,11.21,11.78,10249103.0,0.1294078661616161,6.93,0.11,0.0159
2007-03-15,11.73,12.28,11.71,12.01,9610118.0,0.1213398737373737,7.04,0.14,0.0199
2007-03-16,12.0,12.1,11.21,11.41,7314368.0,0.0923531313131313,7.18,-0.36,-0.0501
2007-03-19,10.98,11.48,10.84,11.34,4544726.0,0.057382904040404,6.82,-0.04,-0.0059
2007-03-20,11.38,11.88,11.35,11.76,5702258.0,0.071998207070707,6.78,0.25,0.0369
2007-03-21,11.76,12.4,11.75,12.37,12497429.0,0.1577958207070707,7.03,0.36,0.0512
2007-03-22,12.35,12.85,12.2,12.5,12616687.0,0.1593016035353535,7.39,0.08,0.0108
2007-03-23,12.47,12.97,12.3,12.78,10602854.0,0.1338744191919192,7.47,0.17,0.0228
2007-03-26,12.85,13.29,12.8,13.09,8834218.0,0.1115431565656565,7.64,0.18,0.0236
2007-03-27,12.97,13.47,12.89,12.95,11286613.0,0.1425077398989899,7.82,-0.08,-0.0102
2007-03-28,12.95,13.17,11.92,12.57,10719665.0,0.1353493055555555,7.74,-0.23,-0.0297
2007-03-29,12.53,13.25,12.5,13.1,17109951.0,0.2160347348484848,7.51,0.32,0.0426
2007-03-30,12.84,12.94,12.47,12.58,7790814.0,0.0983688636363636,7.83,-0.31,-0.0396
2007-04-02,12.58,13.3,12.47,13.25,10466624.0,0.1321543434343434,7.52,0.4,0.0532
2007-04-03,13.39,13.39,12.97,13.27,10447341.0,0.1319108712121212,7.92,0.01,0.0013
2007-04-04,13.22,13.81,13.07,13.35,9256247.0,0.1168718055555555,7.93,0.05,0.0063
2007-04-05,13.31,13.49,13.02,13.37,5578461.0,0.0704351136363636,7.98,0.01,0.0013
2007-04-06,13.2,13.66,13.05,13.47,6936721.0,0.0875848611111111,7.99,0.06,0.0075
2007-04-09,13.41,13.81,13.41,13.59,7349012.0,0.0927905555555555,8.05,0.07,0.0087
2007-04-10,13.56,13.59,12.89,13.37,7179438.0,0.0906494696969697,8.12,-0.13,-0.016
2007-04-11,13.39,13.86,13.07,13.71,10173614.0,0.1284547222222222,7.99,0.2,0.025
2007-04-12,13.69,13.97,13.41,13.84,7305364.0,0.0922394444444444,8.19,0.08,0.0098
2007-04-13,13.81,13.81,13.31,13.42,7783692.0,0.0982789393939393,8.27,-0.25,-0.0302
2007-04-16,13.36,13.88,13.31,13.84,7608925.0,0.0960722853535353,8.02,0.25,0.0312
2007-04-17,13.86,14.56,13.66,14.43,9737460.0,0.1229477272727272,8.27,0.35,0.0423
2007-04-18,14.43,14.78,14.24,14.44,8454850.0,0.1067531565656565,8.62,0.01,0.0012
2007-04-20,13.72,15.06,13.72,15.0,11887787.0,0.1500983207070707,8.63,0.33,0.0382
2007-04-23,15.0,15.88,14.91,15.55,10756973.0,0.1358203661616161,8.96,0.33,0.0368
2007-04-24,16.2,16.49,15.65,15.7,13001595.0,0.164161553030303,9.29,0.09,0.0097
2007-04-25,15.65,15.87,14.75,15.72,9101064.0,0.1149124242424242,9.38,0.01,0.0011
2007-04-26,15.82,16.3,15.72,15.82,6431566.0,0.0812066414141414,9.39,0.06,0.0064
2007-04-27,15.92,16.15,15.23,15.45,5793449.0,0.0731496085858585,9.45,-0.22,-0.0233
2007-04-30,15.6,15.98,15.25,15.85,7992729.0,0.1009182954545454,9.23,0.24,0.026
2007-05-08,16.32,16.99,15.92,16.75,9378897.0,0.1184204166666666,9.47,0.54,0.057
2007-05-09,16.87,17.34,16.1,17.11,9494782.0,0.1198836111111111,10.01,0.21,0.021
2007-05-10,17.11,17.39,16.75,17.19,7527964.0,0.0950500505050505,10.22,0.05,0.0049
2007-05-11,16.85,17.04,16.57,16.89,6860306.0,0.0866200252525252,10.27,-0.18,-0.0175
2007-05-14,16.89,18.18,16.74,17.83,8649463.0,0.1092103914141414,10.09,0.56,0.0555
2007-05-15,17.84,18.41,17.57,17.57,9959792.0,0.1257549494949495,10.65,-0.15,-0.0141
2007-05-16,17.12,17.89,16.82,17.89,5800226.0,0.0732351767676767,10.5,0.19,0.0181
2007-05-17,17.92,18.9,17.92,18.53,8054863.0,0.1017028156565656,10.69,0.38,0.0355
2007-05-18,18.31,18.63,18.06,18.28,5276758.0,0.0666257323232323,11.01,-0.15,-0.0136
2007-05-21,17.77,19.3,17.64,19.15,7964651.0,0.1005637752525252,10.86,0.52,0.0479
2007-05-22,19.32,19.74,18.87,19.08,7821089.0,0.0987511237373737,11.38,-0.04,-0.0035
2007-05-23,19.08,20.98,19.08,20.63,11149273.0,0.140773648989899,11.34,0.92,0.0811
2007-05-24,20.53,21.19,19.71,21.0,10691414.0,0.134992601010101,12.26,0.22,0.0179
2007-05-25,20.87,21.91,20.46,21.57,9137995.0,0.1153787247474747,12.48,0.34,0.0272
2007-05-28,21.82,22.73,21.67,22.48,9548211.0,0.1205582196969697,12.82,0.54,0.0421
2007-05-29,22.53,22.68,21.71,22.43,8975667.0,0.1133291287878787,13.36,-0.03,-0.0022
2007-05-30,20.19,21.91,20.19,20.19,9813231.0,0.1239044318181818,13.33,-1.33,-0.0998
2007-05-31,19.62,20.36,18.17,18.32,9463887.0,0.1194935227272727,12.0,-1.11,-0.0925
2007-06-01,18.31,18.81,16.49,16.49,8463064.0,0.1068568686868686,10.89,-1.09,-0.1001
2007-06-04,16.31,16.66,14.84,14.84,6900603.0,0.0871288257575757,9.8,-0.98,-0.1
2007-06-05,13.76,15.26,13.36,15.23,10950952.0,0.1382695959595959,8.82,0.23,0.0261
2007-06-06,15.33,16.0,14.81,15.92,10935867.0,0.1380791287878787,9.05,0.41,0.0453
2007-06-07,16.54,17.52,16.15,17.52,12394729.0,0.1564991035353535,9.46,0.95,0.1004
2007-06-08,18.17,18.37,17.5,17.67,15078572.0,0.1903860101010101,10.41,0.09,0.0086
2007-06-11,17.67,18.66,17.3,17.95,7808668.0,0.0985942929292929,10.5,0.17,0.0162
2007-06-12,17.95,18.37,16.79,18.0,7677613.0,0.096939558080808,10.67,0.03,0.0028
2007-06-13,18.05,18.85,18.05,18.81,10415710.0,0.1315114898989899,10.7,0.48,0.0449
2007-06-14,18.78,18.78,17.8,17.85,6573804.0,0.0830025757575757,11.18,-0.57,-0.051
2007-06-15,17.85,18.0,17.1,17.45,5283264.0,0.0667078787878787,10.61,-0.24,-0.0226
2007-06-18,17.89,18.21,17.53,18.11,5554521.0,0.0608491425479521,10.37,0.39,0.0376
2007-06-19,18.17,18.17,17.41,17.95,4949384.0,0.0542199358937618,10.76,-0.09,-0.0084
2007-06-20,17.99,19.11,17.67,18.36,11195294.0,0.122643165895355,10.67,0.24,0.0225
2007-06-21,18.09,19.77,18.0,19.72,14992250.0,0.1642383847976334,10.91,0.81,0.0742
2007-06-22,19.52,19.96,18.36,18.98,16503828.0,0.1807975489801702,11.72,-0.44,-0.0375
2007-06-25,19.18,19.37,17.08,17.08,10007502.0,0.1096310403267745,11.28,-1.13,-0.1002
2007-06-26,15.38,15.98,15.38,15.72,11120697.0,0.1218259642884749,10.15,-0.81,-0.0798
2007-06-27,15.65,15.92,14.82,15.78,8284280.0,0.0907533403199212,9.34,0.04,0.0043
2007-06-28,15.45,15.73,14.2,14.2,6208405.0,0.0680123670142608,9.38,-0.94,-0.1002
2007-06-29,13.06,13.95,12.8,13.04,6463572.0,0.0708076923279167,8.44,-0.69,-0.0818
2007-07-02,13.46,14.13,13.14,13.8,4601465.0,0.0504085230237517,7.75,0.45,0.0581
2007-07-03,13.97,13.98,13.39,13.81,3640923.0,0.03988589522537,8.2,0.01,0.0012
2007-07-04,13.85,14.07,13.39,13.7,3094671.0,0.0339017670142958,8.21,-0.07,-0.0085
2007-07-05,13.31,13.49,12.33,12.33,3225958.0,0.0353400010902302,8.14,-0.81,-0.0995
2007-07-06,12.08,13.43,11.86,13.31,4962301.0,0.0543614401520573,7.33,0.58,0.0791
2007-07-09,13.44,13.88,13.09,13.7,4972455.0,0.054472676061226,7.91,0.23,0.0291
2007-07-10,13.76,14.27,13.46,13.93,6061434.0,0.0664023165113614,8.14,0.14,0.0172
2007-07-11,13.8,14.44,13.51,14.34,4588751.0,0.0502692426072487,8.28,0.24,0.029
2007-07-12,14.25,14.4,13.8,14.03,2615758.0,0.0286553298498549,8.52,-0.18,-0.0211
2007-07-13,13.9,14.18,13.55,13.83,2175815.0,0.0238358045802639,8.34,-0.12,-0.0144
2007-07-16,13.87,13.87,12.62,12.87,2509315.0,0.0274892589536909,8.22,-0.57,-0.0693
2007-07-17,12.87,13.55,12.87,13.38,2271718.0,0.0248864109813877,7.65,0.3,0.0392
2007-07-18,13.38,13.81,13.21,13.5,2196963.0,0.0240674785025705,7.95,0.07,0.0088
2007-07-19,13.33,13.76,13.33,13.5,1371060.0,0.0150198055569139,8.02,0.0,0.0
2007-07-20,13.36,13.95,13.36,13.88,3165402.0,0.034676617033147,8.02,0.23,0.0287
2007-07-23,14.03,15.08,13.88,14.96,7402869.0,0.0810975835800811,8.25,0.64,0.0776
2007-07-24,15.09,15.97,14.77,15.03,8789760.0,0.0962908159321547,8.89,0.04,0.0045
2007-07-25,15.2,15.79,15.2,15.58,5465086.0,0.0598693923473901,8.93,0.33,0.037
2007-07-26,15.62,16.21,15.41,15.99,5913773.0,0.0647847071373446,9.26,0.24,0.0259
2007-07-27,15.79,16.61,15.65,16.49,6651279.0,0.0728640010537723,9.5,0.3,0.0316
2007-07-30,16.46,17.08,16.22,16.83,7128397.0,0.0780907741984222,9.8,0.2,0.0204
2007-07-31,16.91,17.16,16.32,17.08,6779973.0,0.0742738291111451,10.0,0.15,0.015
2007-08-01,17.1,17.64,16.49,16.96,10802199.0,0.1183368551099809,10.15,-0.07,-0.0069
2007-08-02,17.27,17.91,16.79,17.82,10884646.0,0.119240052569429,10.08,0.51,0.0506
2007-08-03,18.19,18.73,17.38,18.28,11330037.0,0.1241192600561906,10.59,0.27,0.0255
2007-08-06,18.41,18.78,17.84,18.33,9204490.0,0.1008341356691603,10.86,0.03,0.0028
2007-08-07,18.18,19.17,17.35,19.14,12251131.0,0.1342097395243686,10.89,0.48,0.0441
2007-08-08,19.03,19.03,17.67,18.18,11080295.0,0.1213833649973348,11.37,-0.57,-0.0501
2007-08-09,17.86,18.31,17.67,17.79,4636192.0,0.0507889533386723,10.8,-0.23,-0.0213
2007-08-10,17.52,17.69,16.24,17.12,7618837.0,0.083463488330067,10.57,-0.4,-0.0378
2007-08-13,17.4,17.55,16.68,17.28,6481351.0,0.0710024592403759,10.17,0.1,0.0098
2007-08-14,17.25,17.72,16.86,17.42,3954636.0,0.0433225852758974,10.27,0.08,0.0078
2007-08-16,17.05,17.25,16.66,17.18,3588909.0,0.0393160878017435,10.35,-0.14,-0.0135
2007-08-17,17.0,17.45,16.85,17.13,3413145.0,0.0373906132755336,10.21,-0.03,-0.0029
2007-08-20,17.52,18.35,17.35,17.74,4785098.0,0.0524202015453575,10.18,0.36,0.0354
2007-08-21,17.84,17.98,17.46,17.56,4045239.0,0.0443151307829307,10.54,-0.11,-0.0104
2007-08-22,17.3,17.86,17.15,17.64,4670231.0,0.0511618466922467,10.43,0.05,0.0048
2007-08-23,17.93,17.93,17.54,17.84,4099273.0,0.0449070670756256,10.48,0.12,0.0115
2007-08-24,17.98,18.13,17.76,17.98,5950862.0,0.0651910128922353,10.6,0.08,0.0075
2007-08-27,18.18,18.31,17.54,18.01,7161099.0,0.0784490208698459,10.68,0.02,0.0019
2007-08-28,18.16,18.33,17.67,18.26,6377711.0,0.0698670948887658,10.7,0.15,0.014
2007-08-29,18.2,18.2,17.35,17.42,4666520.0,0.0511211931114977,10.85,-0.5,-0.0461
2007-08-30,17.42,18.01,17.42,17.86,4364678.0,0.0478145485088472,10.35,0.26,0.0251
2007-08-31,17.93,19.11,17.86,19.04,11478711.0,0.1257479667293987,10.61,0.7,0.066
2007-09-03,20.37,20.79,19.53,19.8,22711628.0,0.2488032882885962,11.31,0.45,0.0398
2007-09-04,19.78,20.77,19.49,19.88,12031496.0,0.1318036632086036,11.76,0.05,0.0043
2007-09-05,20.03,20.79,19.7,20.35,9228428.0,0.1010963737225069,11.81,0.28,0.0237
2007-09-06,20.59,21.31,20.2,20.28,8618045.0,0.0944096977380527,12.09,-0.04,-0.0033
2007-09-07,19.95,20.2,19.11,19.14,7841821.0,0.0859062525579658,12.05,-0.68,-0.0564
2007-09-10,18.85,19.7,18.69,19.53,5019855.0,0.0549919376423368,11.37,0.23,0.0202
2007-09-11,19.53,19.86,17.57,17.57,6222397.0,0.0681656477746595,11.6,-1.16,-0.1
2007-09-12,17.58,18.0,16.83,17.51,5074752.0,0.0555933280013713,10.44,-0.04,-0.0038
2007-09-13,17.78,18.16,17.52,18.0,4031129.0,0.044160557346022,10.4,0.29,0.0279
2007-09-14,17.84,19.02,17.84,18.8,5347969.0,0.0585863890015051,10.69,0.48,0.0449
2007-09-17,18.99,19.7,18.85,19.36,5550688.0,0.0608071524711505,11.17,0.33,0.0295
2007-09-18,19.36,20.62,18.99,20.37,9003404.0,0.0986312615278262,11.5,0.6,0.0522
2007-09-19,20.74,20.84,19.81,19.97,6666637.0,0.0730322461880065,12.1,-0.24,-0.0198
2007-09-20,19.87,20.52,19.66,19.73,4604654.0,0.0504434581541771,11.86,-0.14,-0.0118
2007-09-21,20.03,20.29,18.35,18.85,4626232.0,0.0506798426773249,11.72,-0.52,-0.0444
2007-09-26,19.61,19.61,17.68,18.32,3571064.0,0.0391205978668296,11.2,-0.32,-0.0286
2007-09-27,18.26,18.75,18.05,18.52,2480608.0,0.0271747770505486,10.88,0.12,0.011
2007-09-28,18.85,19.36,18.52,19.21,4566539.0,0.0500259126865814,11.0,0.41,0.0373
2007-10-08,19.49,19.68,18.89,18.99,3481491.0,0.038139335892044,11.41,-0.13,-0.0114
2007-10-09,18.94,19.85,18.85,19.68,4310973.0,0.0472262163735402,11.28,0.41,0.0363
2007-10-10,19.69,20.37,19.44,19.81,7031287.0,0.0770269452502858,11.69,0.08,0.0068
2007-10-11,20.03,20.43,19.52,20.2,6412172.0,0.0702446112040961,11.77,0.23,0.0195
2007-10-12,20.28,22.05,18.26,21.38,12589570.0,0.1379173000781565,12.0,0.7,0.0583
2007-10-15,21.04,21.71,20.38,21.04,8816001.0,0.0965782830872164,12.7,-0.2,-0.0157
2007-10-16,20.79,21.04,19.73,20.33,5394690.0,0.0590982122152408,12.5,-0.42,-0.0336
2007-10-17,20.2,20.82,19.86,20.6,4423405.0,0.0484578960800264,12.08,0.16,0.0132
2007-10-18,20.74,20.74,19.56,19.58,2989262.0,0.0327470234699223,12.24,-0.61,-0.0498
2007-10-19,20.0,20.2,19.1,19.19,2872267.0,0.03146535662009,11.63,-0.23,-0.0198
2007-10-22,18.92,19.76,18.65,18.83,2359461.0,0.0258476255153835,11.4,-0.21,-0.0184
2007-10-23,18.53,19.34,18.13,18.85,2366885.0,0.0259289545866528,11.19,0.01,0.0009
2007-10-24,18.8,18.94,17.34,17.4,3619819.0,0.0396547033180333,11.2,-0.86,-0.0768
2007-10-25,17.4,17.4,15.67,15.67,4129650.0,0.0452398436378493,10.34,-1.03,-0.0996
2007-10-26,15.65,15.79,14.74,15.4,2591527.0,0.0283898820150048,9.31,-0.16,-0.0172
2007-10-29,15.45,15.75,14.81,15.57,2295057.0,0.0251420870582135,9.15,0.1,0.0109
2007-10-30,15.74,15.87,15.13,15.86,1949415.0,0.021355618462891,9.25,0.17,0.0184
2007-10-31,15.84,16.61,15.74,16.58,2994690.0,0.0328064865893795,9.42,0.43,0.0456
2007-11-01,16.63,16.66,15.47,15.48,1959044.0,0.0214611030570791,9.85,-0.65,-0.066
2007-11-02,15.28,15.72,14.64,15.48,2628237.0,0.0287920358682237,9.2,0.0,0.0
2007-11-05,15.32,16.02,14.81,15.8,1730918.0,0.0189620088070269,9.2,0.19,0.0207
2007-11-06,15.8,15.99,15.4,15.67,1106674.0,0.0121234871521977,9.39,-0.08,-0.0085
2007-11-07,15.74,16.29,15.65,16.14,1946876.0,0.021327804008156,9.31,0.28,0.0301
2007-11-08,16.24,16.24,15.17,15.17,1349691.0,0.0147857106048726,9.59,-0.58,-0.0605
2007-11-09,15.17,15.32,14.81,15.1,1397587.0,0.0153104058092794,9.01,-0.04,-0.0044
2007-11-12,14.81,15.12,14.11,14.59,1489641.0,0.0163188468554307,8.97,-0.3,-0.0334
2007-11-13,14.76,15.07,14.46,14.78,1020603.0,0.0111805891870545,8.67,0.11,0.0127
2007-11-14,15.0,15.47,14.98,15.45,1622912.0,0.0177788154245491,8.78,0.4,0.0456
2007-11-15,15.4,15.59,14.98,15.03,1240059.0,0.0135847045782833,9.18,-0.25,-0.0272
2007-11-16,14.75,15.47,14.75,15.42,1073772.0,0.0117630495036385,8.93,0.23,0.0258
2007-11-19,15.34,15.81,15.34,15.74,1298115.0,0.0142207014211729,9.16,0.19,0.0207
2007-11-20,15.67,15.94,15.49,15.84,1212782.0,0.0132858881616597,9.35,0.06,0.0064
2007-11-21,15.91,15.99,15.25,15.35,1375202.0,0.0150651806933899,9.41,-0.29,-0.0308
2007-11-22,15.15,15.22,14.5,14.56,1142020.0,0.0125106985413525,9.12,-0.47,-0.0515
2007-11-23,14.56,15.0,14.48,15.0,677265.0,0.0074193606483329,8.65,0.26,0.0301
2007-11-26,15.1,15.47,14.95,14.98,983352.0,0.0107725087406841,8.91,-0.01,-0.0011
2007-11-27,14.98,15.3,14.85,15.1,516920.0,0.0056627995043834,8.9,0.07,0.0079
2007-11-28,15.25,15.35,15.0,15.15,716169.0,0.0078455495207281,8.97,0.03,0.0033
2007-11-29,15.17,15.61,15.17,15.51,1196524.0,0.0131077836303159,9.0,0.21,0.0233
2007-11-30,15.62,15.62,15.03,15.07,956330.0,0.0104764858199083,9.21,-0.26,-0.0282
2007-12-03,14.98,15.27,14.92,15.08,691340.0,0.0075735506642429,8.95,0.01,0.0011
2007-12-04,15.15,15.47,15.07,15.39,1034068.0,0.0113280967227013,8.96,0.18,0.0201
2007-12-05,15.45,15.61,15.17,15.54,1549720.0,0.0169770054320457,9.14,0.09,0.0098
2007-12-06,15.54,15.54,15.29,15.47,1077025.0,0.0117986857467472,9.23,-0.04,-0.0043
2007-12-07,15.59,16.06,15.39,16.03,2965037.0,0.0324816413643863,9.19,0.33,0.0359
2007-12-10,15.83,16.52,15.69,16.4,3845214.0,0.0421238797753003,9.52,0.22,0.0231
2007-12-11,16.33,16.73,16.09,16.53,2683489.0,0.0293973152116738,9.74,0.08,0.0082
2007-12-12,16.48,17.17,16.18,16.89,3417544.0,0.0374388038176286,9.82,0.21,0.0214
2007-12-13,16.8,17.76,16.67,16.68,5092758.0,0.0557905816728794,10.03,-0.12,-0.012
2007-12-14,16.58,17.36,16.41,17.29,3091104.0,0.0338626909370844,9.91,0.36,0.0363
2007-12-17,17.37,18.52,17.34,17.71,5665176.0,0.0620613554225895,10.27,0.25,0.0243
2007-12-18,17.64,17.94,17.22,17.49,2003108.0,0.0219438191395699,10.52,-0.13,-0.0124
2007-12-19,17.93,17.98,17.46,17.74,1871110.0,0.0204977961399189,10.39,0.15,0.0144
2007-12-20,17.77,18.18,17.52,17.76,2086709.0,0.0228596585370898,10.54,0.01,0.0009
2007-12-21,17.76,18.13,17.64,17.87,2431702.0,0.0266390174116076,10.55,0.07,0.0066
2007-12-24,18.16,18.68,18.03,18.09,4146166.0,0.0454207745296979,10.62,0.13,0.0122
2007-12-25,18.18,18.58,17.92,18.39,2371535.0,0.0259798948050529,10.75,0.18,0.0167
2007-12-26,18.43,18.82,18.33,18.71,2487212.0,0.0272471231155624,10.93,0.19,0.0174
2007-12-27,18.78,19.34,18.56,18.63,3405676.0,0.0373087912344087,11.12,-0.05,-0.0045
2007-12-28,18.63,18.93,18.14,18.48,3038699.0,0.033288600153158,11.07,-0.09,-0.0081
2008-01-02,18.51,19.98,18.51,19.68,6281447.0,0.0688125337739125,10.98,0.71,0.0647
2008-01-03,19.52,20.47,19.49,20.21,5305130.0,0.0581170926539691,11.69,0.32,0.0274
2008-01-04,20.35,22.02,19.86,21.7,8291054.0,0.0908275487155002,12.01,0.88,0.0733
2008-01-07,21.71,23.87,21.56,23.87,8623987.0,0.0944747916687481,12.89,1.29,0.1001
2008-01-08,24.91,25.05,22.52,22.89,15733554.0,0.1723592853698641,14.18,-0.58,-0.0409
2008-01-09,23.06,25.18,22.89,25.18,9031614.0,0.0989402988527868,13.6,1.36,0.1
2008-01-11,26.09,27.42,25.23,26.02,24991399.0,0.2737779189643444,14.96,0.5,0.0334
2008-01-14,26.92,28.63,26.11,28.63,16063575.0,0.1759746276960192,15.46,1.55,0.1003
2008-01-15,28.83,31.49,28.28,31.44,18550809.0,0.2032219918190666,17.01,1.67,0.0982
2008-01-17,29.76,33.46,28.97,32.05,21196903.0,0.2322096490808325,18.68,0.36,0.0193
2008-01-18,32.82,33.28,30.89,31.92,10838992.0,0.118739918218711,19.04,-0.08,-0.0042
2008-01-21,31.71,32.79,30.79,30.86,9947501.0,0.1089737362312423,18.96,-0.63,-0.0332
2008-01-22,29.63,31.62,27.78,27.78,13096062.0,0.1434658620346956,18.33,-1.83,-0.0998
2008-01-23,28.67,30.55,27.95,30.55,13207416.0,0.1446857323744215,16.5,1.65,0.1
2008-01-24,30.14,33.08,29.88,31.47,14576710.0,0.1596861916032291,18.15,0.54,0.0298
2008-01-25,31.31,31.31,28.32,28.82,15365279.0,0.168324874847004,18.69,-1.57,-0.084
2008-01-28,27.63,27.69,25.94,25.94,7456703.0,0.0816873288956406,17.12,-1.71,-0.0999
2008-01-29,25.27,26.85,24.43,25.71,7413493.0,0.0812139682855183,15.41,-0.14,-0.0091
2008-01-30,25.76,28.28,25.25,28.28,11812315.0,0.1294025604109361,15.27,1.53,0.1002
2008-01-31,27.36,27.53,25.49,25.57,6860189.0,0.0751525862206468,16.8,-1.61,-0.0958
2008-02-01,25.08,28.13,23.57,26.57,11511390.0,0.1261059614384518,15.19,0.59,0.0388
2008-02-04,27.79,29.22,27.79,29.22,9542075.0,0.1045323407505796,15.78,1.58,0.1001
2008-02-05,29.64,31.63,27.96,30.27,11757447.0,0.1288014877435862,17.36,0.62,0.0357
2008-02-13,30.3,32.32,29.46,30.75,7537478.0,0.082572209786236,17.98,0.29,0.0161
2008-02-14,31.14,32.32,30.1,30.79,6693014.0,0.0733212032075204,18.27,0.02,0.0011
2008-02-15,30.3,31.98,29.93,31.48,6717699.0,0.073591624560468,18.29,0.41,0.0224
2008-02-18,31.61,33.97,31.61,32.74,12136033.0,0.1329488540926664,18.7,0.75,0.0401
2008-02-19,32.79,32.81,31.6,32.14,7674781.0,0.0840763484544058,19.45,-0.36,-0.0185
2008-02-20,31.98,34.49,30.65,32.66,11137399.0,0.1220089327890595,19.09,0.31,0.0162
2008-02-21,32.0,33.97,31.06,31.85,9189415.0,0.1006689907675729,19.4,-0.48,-0.0247
2008-02-22,32.24,33.97,30.55,33.6,12754293.0,0.1397218217116018,18.92,1.04,0.055
2008-02-25,33.6,36.97,31.98,36.97,22246955.0,0.243712848696202,19.96,2.0,0.1002
2008-02-26,36.83,37.54,33.26,33.38,15414044.0,0.1688590898470645,21.96,-2.13,-0.097
2008-02-27,32.66,34.74,30.64,34.29,12208882.0,0.1337469065593824,19.83,0.54,0.0272
2008-03-07,37.7,37.72,34.86,37.72,13636722.0,0.1493887305250615,17.02,1.7,0.1001
2008-03-10,37.48,37.78,35.67,36.05,6979248.0,0.0764568639545174,18.72,-0.83,-0.0443
2008-03-11,35.02,36.72,33.86,36.11,6683984.0,0.0732222805898531,17.89,0.03,0.0017
2008-03-12,36.64,37.04,33.45,33.57,6249335.0,0.0684607504850385,17.92,-1.26,-0.0703
2008-03-13,32.31,33.96,30.21,30.77,5669769.0,0.062111671212506,16.66,-1.39,-0.0834
2008-03-14,30.39,33.86,30.25,33.39,8475256.0,0.0928454605670564,15.27,1.3,0.0851
2008-03-17,32.65,33.25,30.43,30.57,5296064.0,0.0580177756604174,16.57,-1.4,-0.0845
2008-03-18,29.24,31.94,28.74,30.69,7339068.0,0.0803986509189746,15.17,0.06,0.004
2008-03-19,31.44,33.75,30.73,33.73,9069812.0,0.0993587535758937,15.23,1.51,0.0991
2008-03-20,32.04,35.75,31.4,34.84,21024042.0,0.1788957609736852,16.74,0.55,0.0329
2008-03-21,34.06,35.37,32.85,33.15,13307079.0,0.1132313198404924,17.29,-0.84,-0.0486
2008-03-24,33.21,34.26,31.8,31.94,10593921.0,0.0901447761087094,16.45,-0.6,-0.0365
2008-03-25,31.03,31.78,29.02,31.11,9488467.0,0.0807383529979011,15.85,-0.41,-0.0259
2008-03-26,31.64,32.95,29.83,30.25,7479040.0,0.0636399295698054,15.44,-0.43,-0.0278
2008-03-27,30.73,32.23,29.22,29.38,9967779.0,0.0848168686793205,15.01,-0.43,-0.0286
2008-03-31,29.42,30.23,26.44,26.5,11429120.0,0.0972515713039179,14.58,-1.43,-0.0981
2008-04-01,25.8,26.4,23.86,23.86,9319624.0,0.0793016503424327,13.15,-1.31,-0.0996
2008-04-02,23.86,24.18,21.48,21.64,11004668.0,0.0936398650707966,11.84,-1.1,-0.0929
2008-04-03,21.36,23.8,20.17,23.8,14517633.0,0.1235320497871762,10.74,1.07,0.0996
2008-04-07,23.07,25.96,22.97,25.41,15638909.0,0.1330731039422968,11.81,0.8,0.0677
2008-04-08,24.99,27.21,24.34,26.32,14845350.0,0.1263206278398177,12.61,0.45,0.0357
2008-04-09,25.59,26.78,23.68,23.68,9303397.0,0.0791635731109793,13.06,-1.31,-0.1003
2008-04-10,22.57,26.06,22.17,26.06,11868478.0,0.1009901142420397,11.75,1.18,0.1004
2008-04-11,26.92,27.21,26.16,26.5,12287920.0,0.1045591898638599,12.93,0.22,0.017
2008-04-14,25.55,27.93,25.09,27.33,18142840.0,0.1543793133605714,13.15,0.41,0.0312
2008-04-15,26.8,29.02,26.6,28.8,12427262.0,0.1057448654406874,13.56,0.73,0.0538
2008-04-16,29.02,29.54,27.91,28.37,10687327.0,0.0909395774817997,14.29,-0.21,-0.0147
2008-04-17,28.82,29.6,27.21,28.74,10483421.0,0.0892045201109525,14.08,0.18,0.0128
2008-04-18,28.62,29.76,26.66,28.43,10329250.0,0.0878926630301365,14.26,-0.15,-0.0105
2008-04-21,30.79,30.79,27.53,27.59,11881602.0,0.1011017877236194,14.11,-0.42,-0.0298
2008-04-22,26.9,28.74,25.49,28.19,9953468.0,0.0846950948912309,13.69,0.3,0.0219
2008-04-23,27.22,29.62,27.2,29.4,13284377.0,0.1130381461603016,13.99,0.6,0.0429
2008-04-24,31.24,32.34,30.35,32.32,32360810.0,0.2753614995001837,14.59,1.45,0.0994
2008-04-25,30.73,34.26,30.23,31.34,31734582.0,0.2700328602878463,16.04,-0.49,-0.0305
2008-04-28,30.23,33.78,29.59,32.87,26177505.0,0.2227471138693239,15.55,0.76,0.0489
2008-04-29,32.69,32.69,30.83,31.36,16639086.0,0.1415837141058123,16.31,-0.75,-0.046
2008-04-30,31.02,32.55,30.47,31.82,18323933.0,0.155920252540678,15.56,0.23,0.0148
2008-05-05,31.5,33.9,30.73,33.17,20833641.0,0.1772756190530616,15.79,0.67,0.0424
2008-05-06,32.45,33.57,31.96,32.39,14578069.0,0.1240463059996688,16.46,-0.39,-0.0237
2008-05-07,32.2,32.83,29.14,29.14,14070094.0,0.1197238938688042,16.07,-1.61,-0.1002
2008-05-08,28.52,30.41,27.61,30.19,13590222.0,0.1156406130891156,14.46,0.52,0.036
2008-05-09,30.29,31.62,29.28,30.13,11473102.0,0.0976258187183373,14.98,-0.03,-0.002
2008-05-12,29.5,31.92,28.84,31.36,12314638.0,0.1047865361059239,14.95,0.61,0.0408
2008-05-13,30.23,34.5,29.81,34.5,24083204.0,0.2049264887439104,15.56,1.56,0.1003
2008-05-14,35.71,35.71,32.49,33.03,22993520.0,0.1956542542040037,17.12,-0.73,-0.0426
2008-05-15,32.95,35.01,32.85,33.5,18564949.0,0.1579710827628986,16.39,0.23,0.014
2008-05-16,33.44,35.51,33.25,34.93,18811819.0,0.1600717252802401,16.62,0.71,0.0427
2008-05-19,34.32,35.27,33.03,33.98,11795504.0,0.1003691708829419,17.33,-0.47,-0.0271
2008-05-20,33.84,34.24,31.64,31.96,13437133.0,0.114337962858884,16.86,-1.0,-0.0593
2008-05-21,31.04,32.45,29.14,31.46,12811948.0,0.1090181986420729,15.86,-0.25,-0.0158
2008-05-22,31.4,32.43,30.23,30.45,9678001.0,0.0823511175253115,15.61,-0.5,-0.032
2008-05-23,29.92,30.58,28.2,28.64,7272333.0,0.0618810381985083,15.06,-0.9,-0.0595
2008-05-26,28.72,30.24,28.36,29.33,6337514.0,0.0539265660576298,14.16,0.34,0.024
2008-05-27,29.39,30.82,29.37,30.28,7215969.0,0.0614014310577158,14.5,0.47,0.0324
2008-05-28,30.5,32.56,29.96,31.67,8106435.0,0.0689784989065716,14.97,0.69,0.0461
2008-05-29,31.45,32.52,30.36,30.42,5732269.0,0.0487764733756175,15.66,-0.62,-0.0396
2008-05-30,30.34,31.15,29.35,30.5,4144848.0,0.0352689429121316,15.04,0.04,0.0027
2008-06-02,30.85,31.15,29.73,30.1,6107224.0,0.051967004485472,15.08,-0.2,-0.0133
2008-06-03,30.04,30.2,28.72,29.33,5604667.0,0.0476906946803617,14.88,-0.38,-0.0255
2008-06-04,29.33,29.35,27.37,27.39,6121229.0,0.0520861744877217,14.5,-0.96,-0.0662
2008-06-05,27.0,27.06,25.79,25.85,5219467.0,0.0444129877994934,13.54,-0.76,-0.0561
2008-06-06,25.89,26.6,25.3,26.28,3144155.0,0.0267539420509251,12.78,0.21,0.0164
2008-06-10,25.49,25.49,23.65,23.65,3585080.0,0.0305058187550966,12.99,-1.3,-0.1001
2008-06-11,23.26,24.86,22.15,24.39,7001556.0,0.0595769685305932,11.69,0.37,0.0317
2008-06-12,23.87,25.57,23.87,24.58,7438064.0,0.0632912605221666,12.06,0.09,0.0075
2008-06-13,24.66,24.66,22.13,22.13,4481816.0,0.038136238686359,12.15,-1.21,-0.0996
2008-06-16,21.99,22.11,20.03,20.23,5763404.0,0.0490414043302796,10.94,-0.94,-0.0859
2008-06-17,20.31,21.0,18.61,18.73,4815886.0,0.0409788750770435,10.0,-0.74,-0.074
2008-06-18,18.81,20.41,17.84,20.21,5782447.0,0.0492034431987437,9.26,0.73,0.0788
2008-06-19,19.82,20.13,18.21,18.43,6733495.0,0.0572960095892837,9.99,-0.88,-0.0881
2008-06-20,19.22,19.96,18.31,19.8,10470531.0,0.089094837759721,9.11,0.68,0.0746
2008-06-23,19.16,19.72,18.21,18.63,4919751.0,0.0418626731694147,9.79,-0.58,-0.0592
2008-06-24,18.55,19.8,18.23,19.46,6074972.0,0.0516925688615838,9.21,0.41,0.0445
2008-06-25,19.36,21.4,19.22,21.4,9032875.0,0.0768616732645975,9.62,0.96,0.0998
2008-06-26,21.77,23.55,21.77,22.25,16612972.0,0.1413615073625958,10.58,0.42,0.0397
2008-06-27,21.24,21.44,20.05,20.43,9306910.0,0.0791934655935143,11.0,-0.9,-0.0818
2008-06-30,19.82,21.75,19.64,21.14,7024928.0,0.0597758433104989,10.1,0.35,0.0347
2008-07-01,21.04,21.22,20.23,20.41,3965935.0,0.0337465535788585,10.45,-0.36,-0.0344
2008-07-02,20.41,22.35,20.13,21.79,10627241.0,0.0904282994557253,10.09,0.68,0.0674
2008-07-03,21.34,23.83,21.28,23.35,13854631.0,0.1178904967824269,10.77,0.77,0.0715
2008-07-04,22.86,23.87,22.29,23.25,11776631.0,0.1002085785621666,11.54,-0.05,-0.0043
2008-07-07,23.02,24.26,22.86,23.83,11671981.0,0.0993181008231145,11.49,0.29,0.0252
2008-07-08,23.47,25.67,23.06,24.84,12913591.0,0.1098830895052403,11.78,0.5,0.0424
2008-07-09,24.58,25.47,24.24,24.66,9873531.0,0.0840149026406183,12.28,-0.09,-0.0073
2008-07-10,24.58,25.03,22.56,22.64,12401302.0,0.1055239690994949,12.19,-1.0,-0.082
2008-07-15,23.45,24.9,23.45,24.9,24343728.0,0.2071433145679792,11.19,1.12,0.1001
2008-07-16,25.09,25.9,23.67,24.36,23699907.0,0.2016649746880532,12.31,-0.27,-0.0219
2008-07-17,24.68,25.09,21.93,21.93,13424568.0,0.1142310459664694,12.04,-1.2,-0.0997
2008-07-18,21.28,22.84,20.25,22.23,9373802.0,0.0797626565817673,10.84,0.15,0.0138
2008-07-21,21.44,23.71,21.24,23.63,10085671.0,0.0858200239742304,10.99,0.69,0.0628
2008-07-22,23.59,24.18,23.08,23.18,8197939.0,0.0697571159637548,11.68,-0.22,-0.0188
2008-07-23,23.2,24.28,22.6,23.89,9963904.0,0.0847838959011186,11.46,0.35,0.0305
2008-07-24,23.67,24.21,23.53,23.99,7461473.0,0.0634904501389221,11.81,0.05,0.0042
2008-07-25,23.85,24.8,23.49,23.71,7828702.0,0.0666152399108701,11.86,-0.14,-0.0118
2008-07-28,23.91,24.28,23.29,23.85,5526484.0,0.0470254273982565,11.72,0.07,0.006
2008-07-29,23.67,24.58,23.47,24.18,6850882.0,0.0582948677866474,11.79,0.16,0.0136
2008-07-30,24.58,24.72,23.49,23.77,4277872.0,0.0364008579695579,11.95,-0.2,-0.0167
2008-07-31,23.51,24.06,22.01,22.11,3864341.0,0.0328820796617896,11.75,-0.82,-0.0698
2008-08-01,21.55,22.68,21.22,22.38,3315744.0,0.0282140107061206,10.93,0.13,0.0119
2008-08-04,22.38,22.92,21.65,21.69,2574462.0,0.0219063650361731,11.06,-0.34,-0.0307
2008-08-05,21.69,21.75,20.03,20.15,3808810.0,0.0324095606046725,10.72,-0.76,-0.0709
2008-08-06,20.27,20.82,19.42,20.23,3448226.0,0.0293413138291507,9.96,0.04,0.004
2008-08-07,20.03,20.64,19.85,20.13,1925619.0,0.0163852924356975,10.0,-0.05,-0.005
2008-08-08,20.23,20.6,18.13,18.13,3389118.0,0.0288383577068393,9.95,-0.99,-0.0995
2008-08-11,18.01,18.01,16.31,16.31,2530358.0,0.0215310795110593,8.96,-0.9,-0.1004
2008-08-12,15.92,15.98,14.77,15.46,3715099.0,0.0316121639548464,8.06,-0.42,-0.0521
2008-08-13,15.34,16.53,14.85,16.21,5706648.0,0.0485584616206987,7.64,0.37,0.0484
2008-08-14,16.08,16.87,15.72,16.59,4986887.0,0.0424339403790564,8.01,0.19,0.0237
2008-08-15,16.49,16.59,16.0,16.23,3134429.0,0.0266711825049144,8.2,-0.18,-0.022
2008-08-18,16.35,16.37,14.61,14.61,2537385.0,0.0215908729852334,8.02,-0.8,-0.0998
2008-08-19,13.96,15.33,13.57,15.03,3700261.0,0.0314859058689213,7.22,0.21,0.0291
2008-08-20,14.77,16.45,14.36,16.25,5659733.0,0.0481592570040945,7.43,0.6,0.0808
2008-08-21,15.8,16.73,14.77,14.93,4356983.0,0.0370740217002234,8.03,-0.65,-0.0809
2008-08-22,14.57,15.05,13.78,14.32,3887512.0,0.0330792441117808,7.38,-0.3,-0.0407
2008-08-25,14.38,14.67,13.9,14.22,2073986.0,0.0176477626765951,7.08,-0.05,-0.0071
2008-08-26,13.98,14.16,12.81,12.81,4281660.0,0.0364330904557072,7.03,-0.7,-0.0996
2008-08-27,12.5,13.09,11.79,12.36,3712659.0,0.0315914017409592,6.33,-0.22,-0.0348
2008-08-28,12.24,13.59,11.98,13.59,5781774.0,0.0491977165717167,6.11,0.61,0.0998
2008-08-29,14.32,14.95,14.14,14.46,15860053.0,0.134954841248794,6.72,0.43,0.064
2008-09-01,13.98,15.35,13.76,15.01,15001760.0,0.1276515368046064,7.15,0.27,0.0378
2008-09-03,14.56,14.79,13.55,13.76,8720582.0,0.0742043396328556,7.42,-0.62,-0.0836
2008-09-04,13.92,14.36,13.76,13.96,5540550.0,0.0471451164558533,6.8,0.1,0.0147
2008-09-05,13.15,13.55,12.68,12.86,5879457.0,0.0500289113828378,6.9,-0.54,-0.0783
2008-09-08,12.95,13.15,11.83,11.97,4493006.0,0.038231455560702,6.36,-0.44,-0.0692
2008-09-09,12.1,12.52,11.59,12.4,4809885.0,0.0409278119436269,5.92,0.21,0.0355
2008-09-10,12.06,12.72,11.89,12.08,4272482.0,0.0363549938987171,6.13,-0.16,-0.0261
2008-09-12,11.75,12.52,11.57,11.93,3582691.0,0.0304854905055161,5.97,-0.07,-0.0117
2008-09-16,11.73,12.26,11.57,11.65,3201508.0,0.0272419646956251,5.9,-0.14,-0.0237
2008-09-17,11.63,12.82,11.55,12.82,9031951.0,0.0768538108524534,5.76,0.58,0.1007
2008-09-18,12.76,14.1,12.66,14.1,17571212.0,0.1495152712294785,6.34,0.63,0.0994
2008-09-22,15.52,15.52,15.52,15.52,3281850.0,0.0279256031333788,6.97,0.7,0.1004
2008-09-23,15.64,16.24,14.97,15.92,21935202.0,0.1866489162217951,7.67,0.2,0.0261
2008-09-24,15.58,16.67,15.19,16.63,16249425.0,0.1382680481117676,7.87,0.35,0.0445
2008-09-25,16.28,17.3,15.98,16.51,21543888.0,0.1833191846787523,8.22,-0.06,-0.0073
2008-09-26,16.49,16.49,15.54,15.7,12705403.0,0.1004211500198867,8.16,-0.4,-0.049
2008-10-06,15.48,17.28,15.42,17.28,21904171.0,0.1731265070499734,7.76,0.78,0.1005
2008-10-07,16.79,17.46,15.98,16.63,17087622.0,0.1350573966323711,8.54,-0.32,-0.0375
2008-10-08,15.96,16.95,15.96,16.28,8526190.0,0.0673894251987173,8.22,-0.17,-0.0207
2008-10-09,16.75,16.79,15.19,15.41,8731671.0,0.0690135089312235,8.05,-0.43,-0.0534
2008-10-10,14.57,15.42,13.88,14.22,8970477.0,0.0709009872860344,7.62,-0.59,-0.0774
2008-10-13,14.1,15.17,14.08,14.99,9202730.0,0.0727366719436221,7.03,0.38,0.0541
2008-10-14,15.52,16.39,15.17,15.21,13097592.0,0.1035209391729856,7.41,0.11,0.0148
2008-10-15,14.79,15.21,14.12,14.24,7638971.0,0.059115468882943,7.52,-0.48,-0.0638
2008-10-16,13.55,14.04,12.87,13.57,7395133.0,0.0572284872853589,7.04,-0.33,-0.0469
2008-10-17,13.7,14.36,13.55,13.88,6873070.0,0.0531884144756263,6.71,0.15,0.0224
2008-10-20,14.18,14.97,14.08,14.95,9029340.0,0.0698750745098408,6.86,0.53,0.0773
2008-10-21,14.99,16.06,14.73,15.05,11923423.0,0.0922714252135094,7.39,0.05,0.0068
2008-10-22,14.77,15.36,14.18,14.2,6639282.0,0.0513792065025622,7.44,-0.42,-0.0565
2008-10-23,13.74,14.85,13.41,14.45,7613583.0,0.0589189995516679,7.02,0.12,0.0171
2008-10-24,14.49,14.55,13.56,14.04,5586981.0,0.0432357972631515,7.14,-0.2,-0.028
2008-10-27,13.64,13.8,12.65,12.65,5569141.0,0.043097739406292,6.94,-0.69,-0.0994
2008-10-28,12.06,13.39,12.06,13.35,5681392.0,0.0439664127521627,6.25,0.35,0.056
2008-10-29,13.55,13.6,12.4,12.46,5250951.0,0.0406353722833034,6.6,-0.44,-0.0667
2008-10-30,12.46,13.19,12.46,12.62,4865774.0,0.0376546149328795,6.16,0.08,0.013
2008-10-31,12.75,13.07,12.56,12.77,5612684.0,0.0434347042751952,6.24,0.07,0.0112
2008-11-03,13.11,13.55,12.89,13.13,7602004.0,0.058829393502084,6.31,0.18,0.0285
2008-11-04,12.87,13.86,12.64,13.7,10540050.0,0.0815659593156806,6.49,0.28,0.0431
2008-11-05,13.55,14.06,13.37,13.8,10319361.0,0.0798581201692422,6.77,0.05,0.0074
2008-11-06,13.35,13.53,12.75,12.85,5862592.0,0.0453686595942557,6.82,-0.47,-0.0689
2008-11-07,12.54,13.05,12.4,12.91,3684980.0,0.0285168408839708,6.35,0.03,0.0047
2008-11-10,13.07,14.1,13.07,13.88,8236411.0,0.0637388593539143,6.38,0.48,0.0752
2008-11-11,13.8,15.27,13.45,14.38,14697554.0,0.1137395070805185,6.86,0.25,0.0364
2008-11-12,14.32,14.83,14.1,14.73,9328902.0,0.072193285704714,7.11,0.17,0.0239
2008-11-13,14.38,15.88,14.38,15.31,13398130.0,0.1036836947155089,7.28,0.29,0.0398
2008-11-14,15.49,16.59,15.47,15.98,15405833.0,0.1192206438965821,7.57,0.33,0.0436
2008-11-17,15.88,16.75,15.49,16.57,15130694.0,0.1170914342172962,7.9,0.29,0.0367
2008-11-18,16.28,16.28,14.91,14.91,11947497.0,0.0924577259335787,8.19,-0.82,-0.1001
2008-11-19,14.58,16.1,14.58,16.02,10872091.0,0.084135514744463,7.37,0.55,0.0746
2008-11-20,15.58,16.53,15.37,15.7,9197630.0,0.0711774151337691,7.92,-0.16,-0.0202
2008-11-21,15.31,15.9,14.48,15.37,8431383.0,0.0652476831469415,7.76,-0.16,-0.0206
2008-11-24,15.27,16.14,15.21,15.58,9685537.0,0.074953165961501,7.6,0.1,0.0132
2008-11-25,16.0,16.89,15.7,16.59,18442912.0,0.1427235933278,7.7,0.5,0.0649
2008-11-26,16.47,16.47,15.8,16.06,8526153.0,0.065981076818162,8.2,-0.26,-0.0317
2008-11-27,17.38,17.38,15.58,15.68,13209178.0,0.1022214577105026,7.94,-0.19,-0.0239
2008-11-28,15.17,15.76,14.93,15.07,7435676.0,0.0575422361469426,7.75,-0.3,-0.0387
2008-12-01,14.95,15.72,14.77,15.56,6888201.0,0.0533055082778763,7.45,0.24,0.0322
2008-12-02,15.17,16.59,15.09,15.94,8454433.0,0.0654260594698457,7.69,0.19,0.0247
2008-12-03,16.0,16.83,15.98,16.71,10734129.0,0.0830678724771958,7.88,0.38,0.0482
2008-12-04,16.95,18.0,16.53,17.01,15820412.0,0.1224289335960745,8.26,0.15,0.0182
2008-12-05,16.81,18.71,16.75,18.71,16202081.0,0.125382543695273,8.41,0.84,0.0999
2008-12-08,19.32,20.17,18.41,19.91,23931592.0,0.1851986716791161,9.25,0.59,0.0638
2008-12-09,19.6,19.6,18.92,18.98,14513850.0,0.112317882610983,9.84,-0.46,-0.0467
2008-12-10,18.81,19.78,18.81,19.6,12088499.0,0.0935488937549296,9.38,0.31,0.033
2008-12-11,19.84,20.17,18.87,18.99,11918600.0,0.0922341016124089,9.69,-0.3,-0.031
2008-12-12,18.81,19.38,18.39,18.75,9491610.0,0.07345242907769,9.39,-0.12,-0.0128
2008-12-15,19.24,19.36,18.53,19.16,6096331.0,0.0471774883725335,9.27,0.2,0.0216
2008-12-16,19.12,19.32,18.41,19.3,7823026.0,0.0605398096253349,9.47,0.07,0.0074
2008-12-17,19.26,19.8,19.14,19.4,12799408.0,0.0990503832707432,9.54,0.05,0.0052
2008-12-18,19.22,19.62,18.81,19.46,7138281.0,0.0552407946480231,9.59,0.03,0.0031
2008-12-19,19.46,20.23,19.24,19.28,14239502.0,0.1101947942189603,9.62,-0.09,-0.0094
2008-12-22,19.01,19.07,18.37,18.87,8734755.0,0.0675953786711104,9.53,-0.2,-0.021
2008-12-23,18.79,18.91,17.35,17.88,6054643.0,0.0468548787348229,9.33,-0.49,-0.0525
2008-12-24,17.76,17.96,17.37,17.9,5507543.0,0.0426210528666715,8.84,0.01,0.0011
2008-12-25,18.0,19.62,17.98,18.57,17350644.0,0.1342708927002109,8.85,0.33,0.0373
2008-12-26,18.2,18.59,17.6,18.16,9306846.0,0.0720226016189017,9.18,-0.2,-0.0218
2008-12-29,18.38,18.57,17.62,18.08,5419434.0,0.0419392064703693,8.98,-0.04,-0.0045
2008-12-30,18.18,18.39,17.21,17.27,6389725.0,0.0494479674563581,8.94,-0.4,-0.0447
2008-12-31,17.29,17.39,16.26,16.57,5266794.0,0.0407579760179573,8.54,-0.35,-0.041
2009-01-05,16.73,17.49,16.52,17.27,5620781.0,0.0434973642789503,8.19,0.35,0.0427
2009-01-06,17.45,17.9,17.19,17.74,8002836.0,0.0619312997173698,8.54,0.23,0.0269
2009-01-07,18.0,19.52,17.62,18.43,17888866.0,0.138436014664035,8.77,0.34,0.0388
2009-01-08,17.8,19.62,17.6,19.13,15605034.0,0.1207621945212606,9.11,0.35,0.0384
2009-01-09,18.95,19.98,18.81,19.19,22815852.0,0.1765643290102599,9.46,0.03,0.0032
2009-01-12,18.61,19.82,18.28,19.38,14534665.0,0.1124789630084342,9.49,0.09,0.0095
2009-01-13,18.81,19.13,18.2,18.22,7056616.0,0.054608816235443,9.58,-0.57,-0.0595
2009-01-14,18.0,18.73,18.0,18.71,5478582.0,0.042396933270679,9.01,0.24,0.0266
2009-01-15,18.43,18.99,18.41,18.73,6618034.0,0.0512147752613878,9.25,0.01,0.0011
2009-01-16,18.93,19.42,18.73,19.01,10023089.0,0.0775653691957292,9.26,0.14,0.0151
2009-01-19,18.93,19.15,18.45,18.63,4999929.0,0.0386927960868583,9.4,-0.19,-0.0202
2009-01-20,18.67,18.79,18.37,18.69,3206521.0,0.0248142050019568,9.21,0.03,0.0033
2009-01-21,18.41,19.03,18.37,18.91,5690121.0,0.0440339635947931,9.24,0.11,0.0119
2009-01-22,18.97,19.03,18.63,18.87,3839934.0,0.0297159786166952,9.35,-0.02,-0.0021
2009-01-23,18.87,19.54,18.71,18.77,5400864.0,0.0417954993850621,9.33,-0.05,-0.0054
2009-02-02,19.42,19.52,19.07,19.18,8546481.0,0.0661383884837583,9.28,0.2,0.0216
2009-02-03,19.18,19.72,19.07,19.68,9962386.0,0.077095608764959,9.48,0.25,0.0264
2009-02-04,19.7,20.07,19.42,19.92,11238433.0,0.0869705142622665,9.73,0.12,0.0123
2009-02-05,20.13,20.59,19.54,20.43,16778304.0,0.1298417428238122,9.85,0.25,0.0254
2009-02-06,20.57,21.08,20.25,21.0,12602692.0,0.0975280632387942,10.1,0.28,0.0277
2009-02-09,21.28,21.36,20.39,21.04,14186009.0,0.1097808295924478,10.38,0.02,0.0019
2009-02-10,21.18,21.95,20.87,21.52,13815943.0,0.1069170112708917,10.4,0.24,0.0231
2009-02-11,21.0,21.36,20.43,20.59,11109733.0,0.0859745475482634,10.64,-0.46,-0.0432
2009-02-12,20.59,20.83,19.54,20.27,12034718.0,0.0931327003917144,10.18,-0.16,-0.0157
2009-02-13,20.23,20.75,20.15,20.67,13477830.0,0.1043004666432948,10.02,0.2,0.02
2009-02-16,20.84,21.38,20.43,21.34,15299403.0,0.1183970173435801,10.22,0.33,0.0323
2009-02-17,21.7,22.17,21.04,21.1,24346828.0,0.1884120456842115,10.55,-0.12,-0.0114
2009-02-18,20.67,21.06,20.19,20.27,9972600.0,0.0771746515312125,10.43,-0.41,-0.0393
2009-02-19,20.27,21.64,20.23,21.12,10143402.0,0.0784964316919363,10.02,0.42,0.0419
2009-02-20,21.04,21.74,20.79,21.62,10258776.0,0.0793892729014265,10.44,0.25,0.0239
2009-02-23,21.64,22.96,21.44,22.63,16678522.0,0.1290695629430301,10.69,0.5,0.0468
2009-02-24,22.25,22.66,20.63,21.08,15562727.0,0.120434794647373,11.19,-0.77,-0.0688
2009-02-25,21.26,22.07,20.94,21.56,12036799.0,0.0931488045621249,10.42,0.24,0.023
2009-02-26,21.42,21.74,19.4,19.4,12009815.0,0.0929399843149559,10.66,-1.07,-0.1004
2009-02-27,19.03,19.6,17.46,17.46,11321762.0,0.0876153698202398,9.59,-0.96,-0.1001
2009-03-02,17.09,17.94,16.91,17.84,6407232.0,0.0495834483364051,8.63,0.19,0.022
2009-03-03,17.23,18.12,17.01,17.82,6771129.0,0.0523995268082433,8.82,-0.01,-0.0011
2009-03-04,18.0,18.91,17.84,18.77,10605057.0,0.0820690269782851,8.81,0.47,0.0533
2009-03-05,18.83,18.97,17.8,18.36,11930849.0,0.0923288925702941,9.28,-0.2,-0.0216
2009-03-06,17.9,18.08,17.6,18.02,7487682.0,0.0579446933724938,9.08,-0.17,-0.0187
2009-03-09,18.04,18.18,16.79,16.83,6590561.0,0.0510021708050257,8.91,-0.59,-0.0662
2009-03-10,16.79,17.35,16.44,17.33,5089520.0,0.0393861111907764,8.32,0.25,0.03
2009-03-11,17.53,17.7,17.25,17.37,6888808.0,0.0533102056500239,8.57,0.02,0.0023
2009-03-12,17.35,17.58,16.79,17.33,4102708.0,0.0317494996524795,8.59,-0.02,-0.0023
2009-03-13,17.43,17.5,16.91,16.93,4049202.0,0.0313354344232686,8.57,-0.2,-0.0233
2009-03-16,16.99,17.35,16.55,17.11,4076809.0,0.031549075861291,8.37,0.09,0.0108
2009-03-17,17.17,17.9,17.03,17.8,8076084.0,0.0624981417520808,8.46,0.34,0.0402
2009-03-18,17.94,18.12,17.74,17.86,9190479.0,0.0711220759109887,8.8,0.03,0.0034
2009-03-19,17.94,18.85,17.8,18.81,12056156.0,0.0932986019800189,8.83,0.47,0.0532
2009-03-20,18.79,18.85,18.1,18.39,10651563.0,0.0824289215237507,9.3,-0.21,-0.0226
2009-03-23,18.51,19.62,18.39,19.58,15602707.0,0.1207441866382498,9.09,0.59,0.0649
2009-03-24,19.64,19.92,19.11,19.17,11636480.0,0.0900508682840908,9.68,-0.2,-0.0207
2009-03-25,19.05,19.5,18.3,18.55,9805595.0,0.075882255097086,9.48,-0.31,-0.0327
2009-03-26,18.43,18.79,17.96,18.77,7175213.0,0.0555265991754633,9.17,0.11,0.012
2009-03-27,18.73,18.91,18.53,18.61,7399319.0,0.0572608813542386,9.28,-0.08,-0.0086
2009-03-30,18.61,18.77,18.4,18.57,5742026.0,0.0444356392147646,9.2,-0.02,-0.0022
2009-03-31,18.22,18.59,18.0,18.53,5751521.0,0.0445091178779306,9.18,-0.02,-0.0022
2009-04-01,18.69,19.32,18.55,19.09,9781227.0,0.0756936792082994,9.16,0.28,0.0306
2009-04-02,19.19,19.27,18.79,18.87,8751361.0,0.0677238870102925,9.44,-0.11,-0.0117
2009-04-03,18.97,19.92,18.34,19.13,14712324.0,0.1138538072232211,9.33,0.13,0.0139
2009-04-07,19.19,19.82,19.03,19.56,10419617.0,0.0806339681791807,9.46,0.21,0.0222
2009-04-08,19.39,19.58,18.12,18.26,8516513.0,0.0659064760479756,9.67,-0.64,-0.0662
2009-04-13,19.21,19.29,18.67,18.89,12112983.0,0.0937383673293325,9.03,0.31,0.0343
2009-04-14,18.99,19.35,18.79,19.05,7276883.0,0.0563133896635184,9.34,0.08,0.0086
2009-04-15,18.91,18.93,18.32,18.93,8483887.0,0.0656539942297078,9.42,-0.06,-0.0064
2009-04-16,18.95,19.39,18.71,19.19,11363657.0,0.0879395813624555,9.36,0.13,0.0139
2009-04-17,19.21,19.92,19.19,19.7,16608183.0,0.1285252326967499,9.49,0.25,0.0263
2009-04-20,19.47,20.83,19.41,20.79,21912276.0,0.1695718533337095,9.74,0.54,0.0554
2009-04-21,20.4,20.93,19.9,20.08,13806896.0,0.1068469995314854,10.28,-0.35,-0.034
2009-04-22,20.36,20.59,19.27,19.33,12928328.0,0.1000480524919497,9.93,-0.37,-0.0373
2009-04-23,19.64,20.26,19.41,19.68,12661108.0,0.097980125333318,9.56,0.17,0.0178
2009-04-24,19.64,19.76,18.58,18.63,9223604.0,0.0713784193251406,9.73,-0.52,-0.0534
2009-04-27,18.4,18.56,16.83,17.09,7877718.0,0.0609630529161061,9.21,-0.76,-0.0825
2009-04-28,17.09,17.35,16.99,17.31,4152523.0,0.0321350014540185,8.45,0.11,0.013
2009-04-29,17.37,17.59,17.11,17.53,5251938.0,0.0406430103497115,8.56,0.11,0.0129
2009-04-30,17.39,17.66,17.19,17.41,6168709.0,0.0477375977651218,8.67,-0.06,-0.0069
2009-05-04,17.57,18.16,17.55,18.14,7207056.0,0.0557730216158207,8.61,0.36,0.0418
2009-05-05,18.16,18.61,18.0,18.53,8998021.0,0.0696327071320952,8.97,0.19,0.0212
2009-05-06,18.45,18.75,18.08,18.65,8286478.0,0.064126311300068,9.16,0.06,0.0066
2009-05-07,18.71,18.71,17.8,18.08,8330245.0,0.064465009630851,9.22,-0.28,-0.0304
2009-05-08,18.1,18.34,17.8,18.22,6510217.0,0.0503804151743352,8.94,0.07,0.0078
2009-05-11,18.2,18.28,17.39,17.39,5707427.0,0.0441678890023498,9.01,-0.41,-0.0455
2009-05-12,17.29,17.88,17.29,17.8,3519980.0,0.0272399604814027,8.6,0.2,0.0233
2009-05-13,17.72,18.42,17.72,18.26,6887201.0,0.0532977696087698,8.8,0.23,0.0261
2009-05-14,18.12,18.71,18.02,18.57,8313743.0,0.064337306113256,9.03,0.15,0.0166
2009-05-15,18.57,18.95,18.53,18.75,7960036.0,0.0616000846796128,9.18,0.09,0.0098
2009-05-18,18.93,19.72,18.73,19.21,18915448.0,0.1463803930726963,9.27,0.23,0.0248
2009-05-19,19.19,19.19,18.67,18.99,12355515.0,0.0956152422250636,9.5,-0.11,-0.0116
2009-05-20,18.97,18.97,18.4,18.44,6681099.0,0.0517028144285875,9.39,-0.27,-0.0288
2009-05-21,18.28,18.44,17.8,18.02,6219968.0,0.0481342742048505,9.12,-0.21,-0.023
2009-05-25,17.63,18.04,17.39,17.92,3928137.0,0.0303985524478934,8.91,-0.05,-0.0056
2009-05-26,18.16,18.48,17.92,18.0,4493157.0,0.0347710552664328,8.86,0.04,0.0045
2009-05-27,18.18,18.18,17.65,17.78,3621620.0,0.0280265188093847,8.9,-0.11,-0.0124
2009-06-01,18.0,18.18,17.69,18.04,3931625.0,0.0304255449257368,8.79,0.13,0.0148
2009-06-02,18.08,18.79,17.96,18.69,9526115.0,0.0737194518552089,8.92,0.32,0.0359
2009-06-03,18.6,19.11,18.56,18.91,10584153.0,0.0819072578392834,9.24,0.11,0.0119
2009-06-04,18.71,18.79,18.08,18.34,6884077.0,0.0532735940064812,9.35,-0.28,-0.0299
2009-06-05,18.49,19.11,18.36,18.85,9710689.0,0.075147808966867,9.07,0.25,0.0276
2009-06-08,18.81,18.95,18.38,18.55,6095126.0,0.0471681632762602,9.32,-0.15,-0.0161
2009-06-09,18.57,18.63,18.24,18.59,4807343.0,0.0372024367583191,9.17,0.02,0.0022
2009-06-10,18.71,18.99,18.43,18.99,8335517.0,0.0645058078943804,9.19,0.2,0.0218
2009-06-11,18.85,19.46,18.77,19.03,12650901.0,0.0979011367377482,9.39,0.02,0.0021
2009-06-12,19.05,19.25,18.24,18.46,9450099.0,0.0731311891844112,9.41,-0.28,-0.0298
2009-06-15,18.48,19.31,18.32,19.27,11424478.0,0.0884102549561803,9.13,0.4,0.0438
2009-06-16,19.03,19.52,19.01,19.35,10437352.0,0.080771213475784,9.53,0.04,0.0042
2009-06-17,19.25,19.98,19.07,19.74,16207096.0,0.1254213531208419,9.57,0.19,0.0199
2009-06-18,19.62,20.12,19.33,19.9,16668381.0,0.1289910850996213,9.76,0.08,0.0082
2009-06-19,19.92,20.69,19.64,20.41,22870960.0,0.1769907915873795,9.84,0.25,0.0254
2009-06-22,20.37,20.37,19.54,20.12,14361733.0,0.1111406994825136,10.09,-0.14,-0.0139
2009-06-23,19.76,20.41,19.66,20.04,12774677.0,0.098858998245071,9.95,-0.04,-0.004
2009-06-24,19.92,20.71,19.68,20.49,15868662.0,0.1228023243804618,9.91,0.22,0.0222
2009-06-25,20.43,20.83,20.02,20.59,17003956.0,0.131587988985026,10.13,0.05,0.0049
2009-06-26,20.75,21.19,20.34,20.99,22184276.0,0.1716767713306702,10.18,0.2,0.0196
2009-06-29,21.38,21.38,20.57,20.71,14244667.0,0.1102347644448952,10.38,-0.14,-0.0135
2009-06-30,20.81,21.6,20.32,20.5,14355845.0,0.1110951341988147,10.24,-0.1,-0.0098
2009-07-01,20.81,21.43,20.04,20.46,18172442.0,0.1406305154945722,10.14,-0.02,-0.002
2009-07-02,20.42,20.44,19.76,20.12,15772681.0,0.1220595591809535,10.12,-0.17,-0.0168
2009-07-03,19.96,20.79,19.82,20.18,13027623.0,0.1008164636408769,9.95,0.03,0.003
2009-07-06,20.2,20.22,19.41,19.67,9685890.0,0.0749558977116956,9.98,-0.25,-0.0251
2009-07-07,19.69,19.86,19.53,19.77,6621548.0,0.051241968944628,9.73,0.05,0.0051
2009-07-08,19.73,20.3,19.63,20.2,9150358.0,0.0708115927677679,9.78,0.21,0.0215
2009-07-09,20.14,20.3,19.84,20.18,7759922.0,0.06005146865004,9.99,-0.01,-0.001
2009-07-10,20.18,20.46,20.02,20.12,7923189.0,0.0613149379390466,9.98,-0.03,-0.003
2009-07-13,20.14,20.5,20.12,20.38,8917956.0,0.0690131105900854,9.95,0.13,0.0131
2009-07-14,20.24,20.81,20.04,20.52,13592801.0,0.1051901891691351,10.08,0.07,0.0069
2009-07-15,20.42,20.46,20.14,20.28,9527906.0,0.0737333118115786,10.15,-0.12,-0.0118
2009-07-16,20.26,20.38,19.88,19.92,8145696.0,0.0630368459859206,10.03,-0.18,-0.0179
2009-07-17,19.82,20.12,19.82,20.12,6502209.0,0.0503184439121306,9.85,0.1,0.0102
2009-07-20,20.3,20.85,20.26,20.63,15482939.0,0.1198173417167058,9.95,0.25,0.0251
2009-07-21,20.61,20.73,19.86,19.94,8721300.0,0.0674912548782828,10.2,-0.34,-0.0333
2009-07-22,20.02,20.46,19.92,20.24,7217892.0,0.0558568778342585,9.86,0.15,0.0152
2009-07-23,20.22,21.03,20.2,20.97,17635440.0,0.136474834707058,10.01,0.36,0.036
2009-07-24,20.91,20.99,20.12,20.51,11413831.0,0.0883278613462037,10.37,-0.23,-0.0222
2009-07-27,20.51,20.91,20.24,20.71,10541091.0,0.0815740152702204,10.14,0.1,0.0099
2009-07-28,20.63,22.55,20.61,22.04,26619756.0,0.206001483379049,10.24,0.66,0.0645
2009-07-29,21.98,21.98,19.84,19.96,17794419.0,0.137705120582936,10.9,-1.03,-0.0945
2009-07-30,19.72,20.31,19.03,19.74,10266559.0,0.0794495029630822,9.87,-0.11,-0.0111
2009-07-31,19.94,20.29,19.62,20.24,7766042.0,0.0600988293049717,9.76,0.25,0.0256
2009-08-03,20.25,21.38,20.23,21.12,11681829.0,0.0904018091894002,10.01,0.43,0.043
2009-08-04,21.24,23.23,20.95,23.23,26063778.0,0.2016989536065703,10.4,1.04,0.1
2009-08-05,24.12,25.07,23.21,23.45,35847752.0,0.2774138909389053,11.44,0.11,0.0096
2009-08-06,22.84,23.02,22.09,22.17,15671477.0,0.121276374912702,11.55,-0.63,-0.0545
2009-08-07,22.23,22.8,21.24,21.42,12133295.0,0.0938955551762232,10.92,-0.37,-0.0339
2009-08-10,21.99,22.66,21.64,22.23,10977562.0,0.0849517199137918,10.55,0.4,0.0379
2009-08-11,22.13,22.23,21.44,21.84,6349921.0,0.049139937471244,10.95,-0.19,-0.0174
2009-08-12,21.74,21.82,20.67,20.87,6933717.0,0.0536577415409265,10.76,-0.48,-0.0446
2009-08-13,21.01,21.24,20.4,20.67,7423453.0,0.0574476463944542,10.28,-0.1,-0.0097
2009-08-14,20.83,21.28,19.27,19.94,10302194.0,0.0797252704366913,10.18,-0.36,-0.0354
2009-08-17,19.94,20.47,19.29,19.35,10458182.0,0.0809324099532719,9.82,-0.29,-0.0295
2009-08-18,19.29,19.63,18.37,19.33,6587065.0,0.0509751164178295,9.53,-0.01,-0.001
2009-08-19,19.29,20.06,18.48,18.66,7994561.0,0.0618672622305138,9.52,-0.33,-0.0347
2009-08-20,18.52,19.21,18.27,19.04,6805039.0,0.0526619450776438,9.19,0.19,0.0207
2009-08-21,18.88,19.98,18.6,19.47,9018469.0,0.0697909474379843,9.38,0.21,0.0224
2009-08-24,19.29,19.53,18.94,19.37,7022035.0,0.054341205319072,9.59,-0.05,-0.0052
2009-08-25,19.29,19.29,17.68,18.35,7576322.0,0.0586306490020916,9.54,-0.5,-0.0524
2009-08-26,18.17,19.98,18.05,19.37,10844836.0,0.0839245973179661,9.04,0.5,0.0553
2009-08-27,19.25,19.61,18.8,19.45,8588200.0,0.0664612380202113,9.54,0.04,0.0042
2009-08-28,19.39,20.04,18.98,19.74,11150644.0,0.0862911442400784,9.58,0.14,0.0146
2009-08-31,19.45,20.06,18.31,18.35,7706593.0,0.059638773165261,9.72,-0.68,-0.07
2009-09-01,18.27,18.64,17.01,17.54,6051249.0,0.0468286136918755,9.04,-0.4,-0.0442
2009-09-02,17.3,17.58,16.53,17.14,4326659.0,0.0334825823375433,8.64,-0.2,-0.0231
2009-09-03,17.08,17.99,17.08,17.79,4998512.0,0.0386818303927345,8.44,0.32,0.0379
2009-09-04,17.75,18.76,17.62,18.32,7572787.0,0.0586032928068002,8.76,0.26,0.0297
2009-09-07,18.38,20.0,18.17,19.88,13708106.0,0.106082496410457,9.02,0.77,0.0854
2009-09-08,19.45,20.08,19.27,19.76,10952203.0,0.0847554750039207,9.79,-0.06,-0.0061
2009-09-09,19.84,20.49,19.51,19.84,10570769.0,0.0818036834919623,9.73,0.04,0.0041
2009-09-10,19.9,20.29,19.13,20.0,8561173.0,0.0662520850102706,9.77,0.08,0.0082
2009-09-11,19.78,20.16,19.53,19.98,7617056.0,0.0589458759494747,9.85,-0.01,-0.001
2009-09-14,20.19,21.3,19.98,20.43,13437011.0,0.1039845819090377,9.84,0.22,0.0224
2009-09-15,20.51,21.87,20.17,21.24,17064096.0,0.1320533925450893,10.06,0.4,0.0398
2009-09-16,21.32,21.65,20.61,21.18,11090485.0,0.0858255936453021,10.46,-0.03,-0.0029
2009-09-17,21.16,21.45,20.88,21.34,11776712.0,0.0911360773302297,10.43,0.08,0.0077
2009-09-18,21.24,22.1,20.13,20.23,11459081.0,0.0886780361232716,10.51,-0.55,-0.0523
2009-09-21,20.35,20.76,19.25,20.69,6849175.0,0.0530034989773271,9.96,0.23,0.0231
2009-09-22,20.35,20.71,19.66,19.68,5529162.0,0.0427883551540844,10.19,-0.5,-0.0491
2009-09-23,19.66,19.88,18.62,18.74,6125200.0,0.0474008960109683,9.69,-0.46,-0.0475
2009-09-24,18.74,19.07,18.3,18.82,2986368.0,0.0231105137821595,9.23,0.04,0.0043
2009-09-25,18.88,19.01,18.38,18.68,2534071.0,0.0196103369613091,9.27,-0.07,-0.0076
2009-09-28,18.7,18.86,17.26,17.56,3719500.0,0.0287839797415262,9.2,-0.55,-0.0598
2009-09-29,17.58,17.83,16.85,17.18,2870701.0,0.0222154051426211,8.65,-0.19,-0.022
2009-09-30,17.42,17.6,17.22,17.36,2362715.0,0.0182842695779003,8.46,0.09,0.0106
2009-10-09,17.66,18.46,17.62,18.44,3815832.0,0.029529461213891,8.55,0.53,0.062
2009-10-12,18.44,20.28,18.44,20.28,10189940.0,0.0788565738748133,9.08,0.91,0.1002
2009-10-13,20.3,21.5,19.92,20.89,18376436.0,0.142209157560278,9.99,0.3,0.03
2009-10-14,20.59,22.27,20.36,21.48,18225526.0,0.1410413150054202,10.29,0.29,0.0282
2009-10-15,21.58,22.31,21.12,22.11,15713470.0,0.1216013448444901,10.58,0.31,0.0293
2009-10-16,21.89,22.29,21.32,21.6,10919387.0,0.0845015228385227,10.89,-0.25,-0.023
2009-10-19,21.6,22.03,21.34,21.81,9639210.0,0.0745946566378055,10.64,0.1,0.0094
2009-10-20,21.62,22.6,21.52,21.74,16196656.0,0.1253405614153704,10.74,-0.03,-0.0028
2009-10-21,21.36,21.6,20.71,20.75,13235692.0,0.1024266407831916,10.71,-0.49,-0.0458
2009-10-22,20.73,21.3,20.73,20.87,7174635.0,0.0555221262247198,10.22,0.06,0.0059
2009-10-23,21.01,22.31,20.77,21.99,17184328.0,0.1329838282090987,10.28,0.55,0.0535
2009-10-26,21.64,22.51,21.03,22.27,13728777.0,0.1062424624395569,10.83,0.14,0.0129
2009-10-27,21.82,23.41,21.7,22.64,17709208.0,0.1370457008497043,10.97,0.18,0.0164
2009-10-28,22.64,23.0,22.09,22.49,10189462.0,0.0788528747909804,11.15,-0.07,-0.0063
2009-10-29,22.09,22.9,21.17,21.96,12164079.0,0.0941337823659968,11.08,-0.26,-0.0235
2009-10-30,22.05,22.82,21.6,21.95,10084042.0,0.0780370642937761,10.82,-0.01,-0.0009
2009-11-02,21.52,23.2,21.11,23.06,10933994.0,0.084614561578161,10.81,0.55,0.0509
2009-11-03,23.35,23.92,22.9,23.21,10917139.0,0.0844841263103714,11.36,0.07,0.0062
2009-11-04,23.25,23.98,22.94,23.53,8830646.0,0.0683374473903992,11.43,0.16,0.014
2009-11-05,23.47,24.18,23.23,23.96,12604291.0,0.0975404373706955,11.59,0.21,0.0181
2009-11-06,24.0,24.02,23.14,23.24,11214553.0,0.0867857148440039,11.8,-0.35,-0.0297
2009-11-09,22.84,24.28,22.76,24.04,9703696.0,0.0750936924538055,11.45,0.39,0.0341
2009-11-10,24.16,25.25,23.91,24.54,15622538.0,0.1208976521853003,11.84,0.25,0.0211
2009-11-11,24.32,24.97,24.2,24.67,7289612.0,0.0564118951825747,12.09,0.06,0.005
2009-11-12,24.38,24.81,24.22,24.24,6615866.0,0.051197997826765,12.15,-0.21,-0.0173
2009-11-13,24.16,24.55,23.86,24.49,7334082.0,0.0567560337977396,11.94,0.12,0.0101
2009-11-16,24.47,25.89,24.47,25.01,9755145.0,0.0754918392406644,12.06,0.26,0.0216
2009-11-17,24.99,25.38,24.69,25.01,5913648.0,0.0457637650841557,12.32,0.0,0.0
2009-11-18,25.24,27.41,24.97,26.96,13646701.0,0.105607303433974,12.32,0.96,0.0779
2009-11-19,26.68,28.38,26.6,27.29,13280017.0,0.1027696572913361,13.28,0.16,0.012
2009-11-20,27.1,28.55,26.49,28.16,15744654.0,0.1218426675019063,13.44,0.43,0.032
2009-11-23,28.59,29.54,28.06,28.61,13918462.0,0.1077103718890182,13.87,0.22,0.0159
2009-11-24,29.4,30.21,26.39,27.43,15931244.0,0.1232866257704831,14.09,-0.58,-0.0412
2009-11-25,27.1,28.93,26.76,28.79,11667857.0,0.0902936845046446,13.51,0.67,0.0496
2009-11-26,28.79,28.93,26.03,26.17,13566249.0,0.10498471202702,14.18,-1.29,-0.091
2009-11-27,25.38,25.99,24.02,24.67,8928452.0,0.0690943356610269,12.89,-0.74,-0.0574
2009-11-30,24.79,26.35,24.79,26.23,8084037.0,0.0625596873874845,12.15,0.77,0.0634
2009-12-01,26.19,27.16,25.6,26.9,8077740.0,0.0625109569881211,12.92,0.33,0.0255
2009-12-02,26.66,27.3,26.39,26.84,7391505.0,0.0572004113938406,13.25,-0.03,-0.0023
2009-12-03,26.84,28.32,26.84,28.16,13208161.0,0.1022135874840213,13.22,0.65,0.0492
2009-12-04,28.85,29.48,27.0,28.36,18676368.0,0.1445302320627207,13.87,0.1,0.0072
2009-12-07,28.36,29.42,28.02,29.21,12505492.0,0.0967758646016451,13.97,0.42,0.0301
2009-12-08,28.93,28.99,27.71,28.06,8258148.0,0.0639070748042817,14.39,-0.57,-0.0396
2009-12-09,27.41,27.61,26.8,26.9,6661693.0,0.0515526378159073,13.82,-0.57,-0.0412
2009-12-10,26.9,27.39,26.52,26.92,4118700.0,0.0318732564488303,13.25,0.01,0.0008
2009-12-11,27.0,27.9,26.84,26.96,5184071.0,0.0401178100934625,13.26,0.02,0.0015
2009-12-14,26.82,26.82,25.68,26.35,4864822.0,0.0376472477198901,13.28,-0.3,-0.0226
2009-12-15,26.56,27.21,26.5,26.86,3854045.0,0.0298251789764566,12.98,0.25,0.0193
2009-12-16,26.8,26.8,26.19,26.4,3811721.0,0.0294976475451943,13.23,-0.23,-0.0174
2009-12-17,26.66,26.66,24.93,25.02,4806180.0,0.0371934366861483,13.0,-0.68,-0.0523
2009-12-18,24.59,24.69,23.72,24.0,4350782.0,0.0336692622523987,12.32,-0.5,-0.0406
2009-12-21,23.59,24.67,23.51,24.47,3433966.0,0.0265743265968786,11.82,0.23,0.0195
2009-12-22,24.49,24.69,22.34,22.82,4370663.0,0.0338231147329045,12.05,-0.81,-0.0672
2009-12-23,22.88,23.72,22.74,23.53,3970684.0,0.0307278096023665,11.24,0.35,0.0311
2009-12-24,23.51,24.65,23.31,24.37,3950189.0,0.0305692055790294,11.59,0.41,0.0354
2009-12-25,24.57,24.57,24.16,24.29,2933759.0,0.022703390139137,12.0,-0.04,-0.0033
2009-12-28,25.38,26.72,24.85,26.72,9384089.0,0.072620359636693,11.96,1.2,0.1003
2009-12-29,26.82,27.49,26.7,26.96,12796249.0,0.0990259368150358,13.16,0.12,0.0091
2010-01-04,28.41,28.93,27.09,27.13,13566436.0,0.104986159158143,13.28,0.08,0.006
2010-01-05,26.8,27.57,26.4,27.55,7628330.0,0.0590331217049811,13.36,0.21,0.0157
2010-01-06,26.9,28.43,26.82,27.84,11403123.0,0.0882449956774115,13.57,0.14,0.0103
2010-01-07,27.65,27.88,26.54,26.76,7684919.0,0.0594710452510473,13.71,-0.53,-0.0387
2010-01-08,26.64,27.69,26.11,27.61,6609408.0,0.0511480215016754,13.18,0.42,0.0319
2010-01-11,27.43,28.32,26.84,28.08,7621802.0,0.058982603673054,13.6,0.23,0.0169
2010-01-12,28.12,28.93,27.61,28.79,13061557.0,0.101079067638336,13.83,0.35,0.0253
2010-01-13,28.02,28.59,27.2,27.39,9471480.0,0.0732966496685768,14.18,-0.69,-0.0487
2010-01-14,27.43,29.4,27.43,29.15,13354725.0,0.1033477977829425,13.49,0.87,0.0645
2010-01-15,29.17,29.95,28.48,29.24,11652319.0,0.0901734410640682,14.36,0.04,0.0028
2010-01-18,28.83,29.44,28.59,29.11,7531860.0,0.0582865722962796,14.4,-0.06,-0.0042
2010-01-19,29.24,29.24,28.24,28.5,6850823.0,0.0530162523040146,14.34,-0.3,-0.0209
2010-01-20,28.55,28.63,26.86,27.1,7553322.0,0.0584526596126427,14.04,-0.69,-0.0491
2010-01-21,26.84,27.55,26.72,26.88,5810642.0,0.0449666357341744,13.35,-0.11,-0.0082
2010-01-22,26.58,26.6,25.18,25.79,5772352.0,0.0446703220940875,13.24,-0.54,-0.0408
2010-01-25,25.83,26.39,25.38,25.44,4165726.0,0.0322371751022313,12.7,-0.17,-0.0134
2010-01-26,25.46,25.73,24.36,24.69,4332509.0,0.0335278535518161,12.53,-0.37,-0.0295
2010-01-27,24.69,25.91,24.36,25.34,6019065.0,0.0465795523653528,12.16,0.32,0.0263
2010-01-28,24.83,25.54,24.61,25.36,3156574.0,0.015107727272253,12.48,0.01,0.0008
2010-01-29,24.97,26.7,24.73,25.97,6619765.0,0.0284289844868089,12.49,0.3,0.024
2010-02-01,26.23,26.78,25.46,25.6,6997171.0,0.0300497775692262,12.79,-0.18,-0.0141
2010-02-02,25.58,25.72,24.75,24.91,4969017.0,0.0213397465329493,12.61,-0.34,-0.027
2010-02-03,24.91,25.09,23.16,24.95,5498252.0,0.0236125785148817,12.27,0.02,0.0016
2010-02-04,24.52,26.19,24.28,25.88,6853586.0,0.0294331430304566,12.29,0.46,0.0374
2010-02-05,25.48,27.2,24.97,25.88,9735880.0,0.0418113303849053,12.75,0.0,0.0
2010-02-08,25.62,26.03,24.71,24.87,4757419.0,0.0204310260180308,12.75,-0.5,-0.0392
2010-02-09,24.85,25.15,24.3,24.57,2820439.0,0.0121125472848342,12.25,-0.15,-0.0122
2010-02-10,24.95,24.95,24.4,24.77,1799825.0,0.0077294582215487,12.1,0.1,0.0083
2010-02-11,24.79,24.97,23.96,24.1,3247740.0,0.0139476174875072,12.2,-0.33,-0.027
2010-02-12,24.35,24.63,24.16,24.61,1792439.0,0.007697738594127,11.87,0.25,0.0211
2010-02-22,25.22,27.07,25.04,26.19,12147246.0,0.0521670887246679,12.12,0.78,0.0644
2010-02-23,26.15,28.14,25.89,27.9,16301148.0,0.0700062741818139,12.9,0.84,0.0651
2010-02-24,27.41,28.33,27.13,27.88,10059738.0,0.0432021583157955,13.74,-0.01,-0.0007
2010-02-25,28.08,29.2,27.64,28.21,12455478.0,0.0534908098456349,13.73,0.16,0.0117
2010-02-26,28.23,28.8,28.02,28.29,8470827.0,0.0363784831294527,13.89,0.04,0.0029
2010-03-01,28.29,29.02,27.86,28.84,10584367.0,0.0454552095498393,13.93,0.27,0.0194
2010-03-02,28.84,29.02,28.23,28.74,7290395.0,0.0313090459189577,14.2,-0.05,-0.0035
2010-03-03,28.88,31.62,28.55,31.62,25134140.0,0.1079400969897395,14.15,1.42,0.1004
2010-03-04,32.31,32.49,29.65,29.83,26861904.0,0.1153600848522794,15.57,-0.88,-0.0565
2010-03-05,29.75,30.16,28.47,28.74,10915267.0,0.0468762797791729,14.69,-0.54,-0.0368
2010-03-08,28.8,29.06,28.21,28.88,7294886.0,0.0313283327923331,14.15,0.07,0.0049
2010-03-09,28.78,28.78,27.82,28.15,7599890.0,0.0326381910704464,14.22,-0.36,-0.0253
2010-03-10,27.98,28.23,27.42,27.66,5421115.0,0.0232813089643223,13.86,-0.24,-0.0173
2010-03-11,27.7,27.84,26.81,27.23,6167959.0,0.026488676067243,13.62,-0.21,-0.0154
2010-03-12,27.23,28.21,27.21,27.25,8230264.0,0.0353453706556564,13.41,0.01,0.0007
2010-03-15,27.43,28.43,27.43,28.21,10460300.0,0.0449223962523393,13.42,0.47,0.035
2010-03-16,28.19,28.21,27.17,27.68,4815968.0,0.0206824682690349,13.89,-0.26,-0.0187
2010-03-17,27.56,28.33,27.46,28.27,6169202.0,0.0264940142065451,13.63,0.29,0.0213
2010-03-18,28.27,28.53,27.92,28.17,5676412.0,0.0243776974996447,13.92,-0.05,-0.0036
2010-03-19,28.41,28.7,28.03,28.43,6983927.0,0.029992900403565,13.87,0.13,0.0094
2010-03-22,28.53,29.2,28.33,28.63,6348990.0,0.0272661247365888,14.0,0.1,0.0071
2010-03-23,28.88,29.57,28.69,29.1,10980107.0,0.0471547391133222,14.1,0.23,0.0163
2010-03-24,29.24,29.4,28.43,28.63,6317032.0,0.0271288791566884,14.33,-0.23,-0.0161
2010-03-25,28.37,28.41,27.09,27.21,7826708.0,0.0336122748035289,14.1,-0.7,-0.0496
2010-03-26,26.93,27.35,26.62,27.09,6404957.0,0.0275064784311343,13.4,-0.06,-0.0045
2010-03-29,27.19,27.54,26.97,27.33,5603800.0,0.0240658608375342,13.34,0.12,0.009
2010-03-30,27.33,27.92,27.23,27.66,5028131.0,0.0215936152109089,13.46,0.16,0.0119
2010-03-31,27.78,27.94,27.11,27.31,4808285.0,0.0206494731570011,13.62,-0.17,-0.0125
2010-04-01,27.33,27.5,27.15,27.45,5252071.0,0.0225553391974819,13.45,0.07,0.0052
2010-04-02,27.41,27.46,26.93,27.23,5648373.0,0.0242572823042374,13.52,-0.11,-0.0081
2010-04-06,27.31,27.37,27.01,27.33,6285996.0,0.0269955931620144,13.41,0.05,0.0037
2010-04-07,27.5,28.29,27.39,28.13,12052429.0,0.0517598913359259,13.46,0.39,0.029
2010-04-08,28.02,28.61,27.82,28.25,10138441.0,0.0435401531488545,13.85,0.06,0.0043
2010-04-09,28.12,28.63,27.78,28.61,8079762.0,0.0346990306385661,13.91,0.18,0.0129
2010-04-12,28.83,28.83,28.22,28.43,6537249.0,0.0280746144927209,14.09,-0.09,-0.0064
2010-04-13,28.43,28.53,27.35,28.41,7361750.0,0.0316154843179124,14.0,-0.01,-0.0007
2010-04-14,28.27,29.56,28.12,29.24,13590629.0,0.0583657850402506,13.99,0.41,0.0293
2010-04-15,29.34,29.93,28.43,28.61,11615307.0,0.049882644249837,14.4,-0.31,-0.0215
2010-04-16,28.59,28.59,27.61,27.88,4404156.0,0.0189139165214303,14.09,-0.36,-0.0256
2010-04-19,27.72,28.04,26.66,26.78,4756335.0,0.020426370713925,13.73,-0.54,-0.0393
2010-04-20,27.09,28.12,27.09,27.88,6728277.0,0.0288949958882155,13.19,0.54,0.0409
2010-04-21,27.74,28.93,27.61,28.91,8824790.0,0.0378985988187415,13.73,0.51,0.0371
2010-04-22,28.83,30.86,28.43,30.52,23367406.0,0.100352750085685,14.24,0.79,0.0555
2010-04-23,30.21,30.68,29.67,30.11,13351627.0,0.0573393763761491,15.03,-0.2,-0.0133
2010-04-26,30.7,31.25,30.07,30.76,10951075.0,0.0470300594188586,14.83,0.32,0.0216
2010-04-27,30.6,30.97,29.44,30.36,11132574.0,0.0478095179427445,15.15,-0.2,-0.0132
2010-04-28,29.87,31.37,29.77,31.05,14573740.0,0.062587815182984,14.95,0.34,0.0227
2010-04-29,31.15,32.45,28.43,28.91,20849250.0,0.0895383755785289,15.29,-1.05,-0.0687
2010-04-30,29.14,29.4,26.11,27.21,12645480.0,0.0543067850215607,14.24,-0.84,-0.059
2010-05-04,26.41,28.34,26.17,28.22,7317168.0,0.0314240242001603,13.4,0.5,0.0373
2010-05-05,28.22,30.46,28.12,30.29,14788875.0,0.0635117255601,13.9,1.02,0.0734
2010-05-06,30.15,30.86,29.32,29.48,12667910.0,0.0544031120244134,14.92,-0.4,-0.0268
2010-05-07,28.55,32.18,28.42,31.25,19300940.0,0.0828890638626642,14.52,0.87,0.0599
2010-05-10,31.29,32.67,30.01,31.61,22266546.0,0.0956250396817434,15.39,0.18,0.0117
2010-05-11,31.67,32.1,29.85,30.03,14736280.0,0.0632858531251898,15.57,-0.78,-0.0501
2010-05-12,28.93,28.95,27.02,27.02,13767635.0,0.0591259481016391,14.79,-1.48,-0.1001
2010-05-13,26.19,27.45,24.42,27.35,13434033.0,0.0576932739685289,13.31,0.16,0.012
2010-05-14,26.39,28.3,25.78,27.22,16373183.0,0.0703156328822372,13.47,-0.06,-0.0045
2010-05-17,26.19,27.77,24.69,24.83,13358071.0,0.0573670505271247,13.41,-1.18,-0.088
2010-05-20,25.74,26.39,24.65,24.91,14345933.0,0.0616094841290891,12.23,0.04,0.0033
2010-05-21,24.32,26.74,24.0,26.55,18744062.0,0.0804975173314738,12.27,0.81,0.066
2010-05-24,26.86,28.58,26.86,27.94,17119762.0,0.0735218619264974,13.08,0.68,0.052
2010-05-25,27.87,27.87,26.78,27.18,11683533.0,0.0501756449674754,13.76,-0.37,-0.0269
2010-05-26,27.0,29.52,26.84,28.91,19710052.0,0.0846460202956142,13.39,0.85,0.0635
2010-05-27,29.38,30.19,28.61,29.84,20144634.0,0.0865123591968057,14.24,0.46,0.0323
2010-05-28,29.94,30.01,29.15,29.29,13045674.0,0.0560254425596628,14.7,-0.27,-0.0184
2010-05-31,29.4,29.94,28.04,28.2,11824843.0,0.0507825093800083,14.43,-0.54,-0.0374
2010-06-01,27.61,27.92,25.82,26.76,11745421.0,0.0504414267576023,13.89,-0.71,-0.0511
2010-06-02,26.58,27.39,25.97,27.35,7123222.0,0.0305911112757168,13.18,0.29,0.022
2010-06-03,27.49,28.3,26.8,26.9,9365050.0,0.0402187783355133,13.47,-0.22,-0.0163
2010-06-04,26.39,27.18,26.19,26.88,5699956.0,0.0244788086434327,13.25,-0.01,-0.0008
2010-06-07,25.95,26.53,25.58,26.15,6249704.0,0.0268397349548129,13.24,-0.36,-0.0272
2010-06-08,26.19,26.8,26.13,26.68,5886922.0,0.0252817455322136,12.88,0.26,0.0202
2010-06-09,26.86,27.1,26.37,27.02,7688341.0,0.0330180492839695,13.14,0.17,0.0129
2010-06-10,27.04,27.75,26.96,27.26,8482878.0,0.036430236883861,13.31,0.12,0.009
2010-06-11,27.41,27.61,26.82,26.98,6321408.0,0.0271476721555507,13.43,-0.14,-0.0104
2010-06-17,27.1,27.3,26.39,26.41,4172411.0,0.0179186734863837,13.29,-0.28,-0.0211
2010-06-18,26.19,26.59,24.87,25.42,5850507.0,0.0251253590940111,13.01,-0.49,-0.0377
2010-06-21,25.34,26.17,25.01,26.05,3984351.0,0.0171110383478872,12.52,0.31,0.0248
2010-06-22,25.97,26.8,25.8,26.27,4029278.0,0.0173039800891784,12.83,0.11,0.0086
2010-06-23,26.03,26.76,25.88,26.33,3977940.0,0.017083505917424,12.94,0.03,0.0023
2010-06-24,26.21,26.53,25.96,26.11,2735699.0,0.0117486261871197,12.97,-0.11,-0.0085
2010-06-25,26.0,26.0,25.23,25.41,2675405.0,0.0114896899271999,12.82,-0.34,-0.0265
2010-06-28,25.56,26.23,25.21,25.72,2559620.0,0.0109924441837626,12.48,0.15,0.012
2010-06-29,25.66,25.76,23.79,23.83,3964733.0,0.0170267876505192,12.63,-0.93,-0.0736
2010-06-30,23.83,24.01,22.36,22.56,3573232.0,0.0153454627310439,11.7,-0.62,-0.053
2010-07-01,22.67,22.81,21.61,21.69,2593154.0,0.0111364579917725,11.08,-0.43,-0.0388
2010-07-02,21.59,21.59,20.37,21.4,4295257.0,0.0184462431249232,10.65,-0.14,-0.0131
2010-07-05,21.1,21.1,20.37,20.61,3863540.0,0.0165922081409484,10.51,-0.39,-0.0371
2010-07-06,20.57,21.36,20.41,21.32,4354892.0,0.018702349269155,10.12,0.35,0.0346
2010-07-07,21.51,22.5,21.51,21.85,5292711.0,0.0227298701558382,10.47,0.26,0.0248
2010-07-08,22.04,22.24,21.38,21.53,2970168.0,0.0127555676062845,10.73,-0.16,-0.0149
2010-07-09,21.63,22.5,21.47,22.32,6131275.0,0.0263311343921361,10.57,0.39,0.0369
2010-07-12,22.79,23.24,22.46,22.87,6561233.0,0.0281776152433415,10.96,0.27,0.0246
2010-07-13,22.48,22.58,22.12,22.38,4310531.0,0.0185118382493802,11.23,-0.24,-0.0214
2010-07-14,22.6,23.26,22.36,22.97,7515853.0,0.0322772890491031,10.99,0.29,0.0264
2010-07-15,22.26,22.81,21.14,21.38,9133197.0,0.0392230714878805,11.28,-0.78,-0.0691
2010-07-19,22.4,22.93,21.96,22.26,6900872.0,0.0296362156411071,10.5,0.43,0.041
2010-07-20,22.0,23.32,21.83,23.2,10232331.0,0.0439433694795651,10.93,0.46,0.0421
2010-07-21,22.99,23.58,22.71,23.3,9846786.0,0.0422876229653057,11.39,0.05,0.0044
2010-07-22,23.06,23.38,22.77,23.3,7163721.0,0.0307650367009746,11.44,0.0,0.0
2010-07-23,23.32,23.59,22.85,23.24,6555967.0,0.028155000085204,11.44,-0.03,-0.0026
2010-07-26,23.2,23.79,22.85,23.77,8787043.0,0.0377364920253094,11.41,0.26,0.0228
2010-07-27,23.65,23.75,23.18,23.32,6400133.0,0.0274857614689514,11.67,-0.22,-0.0189
2010-07-28,23.38,24.03,23.22,23.81,8766407.0,0.0376478694648606,11.45,0.24,0.021
2010-07-29,23.67,24.2,23.61,24.05,8488376.0,0.0364538483801465,11.69,0.12,0.0103
2010-07-30,23.97,24.95,23.75,24.52,11283794.0,0.0484589414546207,11.81,0.23,0.0195
2010-08-02,24.56,24.91,24.28,24.75,9153461.0,0.0393100964716436,12.04,0.11,0.0091
2010-08-03,24.85,24.95,23.99,24.03,7695875.0,0.0330504045064168,12.15,-0.35,-0.0288
2010-08-04,23.99,24.67,23.93,24.63,5757407.0,0.0247255354664772,11.8,0.29,0.0246
2010-08-05,24.77,25.28,24.6,25.03,11585400.0,0.0497542068145131,12.09,0.2,0.0165
2010-08-06,24.91,26.76,24.75,26.05,16959424.0,0.0728332806075766,12.29,0.5,0.0407
2010-08-09,26.27,27.01,25.85,26.4,13109329.0,0.056298812839047,12.79,0.17,0.0133
2010-08-10,26.34,26.34,25.11,25.15,8370163.0,0.0359461754426421,12.96,-0.61,-0.0471
2010-08-11,25.09,26.19,25.09,25.81,6868298.0,0.0294963246116411,12.35,0.32,0.0259
2010-08-12,25.38,26.01,25.17,25.26,5496970.0,0.0236070728877012,12.67,-0.27,-0.0213
2010-08-13,25.56,25.87,24.89,25.6,4580024.0,0.0196691923724199,12.4,0.17,0.0137
2010-08-16,25.54,26.42,25.42,26.33,7788988.0,0.0334502839632435,12.57,0.36,0.0286
2010-08-17,26.29,26.58,25.99,26.37,6058309.0,0.0260177774554375,12.93,0.02,0.0015
2010-08-18,26.37,26.6,25.93,26.19,6544568.0,0.0281060463845568,12.95,-0.09,-0.0069
2010-08-19,26.27,26.4,25.72,26.21,6348542.0,0.0272642007732683,12.86,0.01,0.0008
2010-08-20,25.93,26.07,24.85,25.07,6775134.0,0.0290962261322043,12.87,-0.56,-0.0435
2010-08-23,25.07,25.54,24.97,25.32,3203530.0,0.0137577549464409,12.31,0.12,0.0097
2010-08-24,25.36,26.64,25.17,26.37,10058833.0,0.0431982717381057,12.43,0.52,0.0418
2010-08-25,26.27,26.54,25.68,25.74,5121379.0,0.0219940744334683,12.95,-0.31,-0.0239
2010-08-26,25.74,26.29,25.64,25.97,3580381.0,0.0153761645475126,12.64,0.11,0.0087
2010-08-27,26.09,26.64,26.05,26.52,10404834.0,0.0446841941328463,12.75,0.27,0.0212
2010-08-30,27.09,27.27,26.56,26.68,9860657.0,0.0423471928207033,13.02,0.08,0.0061
2010-08-31,26.82,27.29,26.66,27.04,8911062.0,0.0382690991838822,13.1,0.18,0.0137
2010-09-01,27.29,27.64,26.47,26.66,9959281.0,0.0427707396031083,13.28,-0.19,-0.0143
2010-09-02,27.17,27.43,26.68,27.04,8007246.0,0.03438760625431,13.09,0.19,0.0145
2010-09-03,27.49,27.55,26.72,27.29,9213361.0,0.039567340674536,13.28,0.12,0.009
2010-09-06,27.69,28.33,27.25,28.18,12657388.0,0.0543579246537484,13.4,0.44,0.0328
2010-09-07,27.98,28.67,27.7,28.16,8306927.0,0.0356746045843098,13.84,-0.01,-0.0007
2010-09-08,28.2,28.37,27.78,28.0,6714143.0,0.0288342965632792,13.83,-0.08,-0.0058
2010-09-09,27.9,27.92,26.68,26.76,10593949.0,0.0454963600331801,13.75,-0.61,-0.0444
2010-09-10,26.84,27.04,25.88,26.9,5863990.0,0.0251832626597473,13.14,0.07,0.0053
2010-09-13,27.26,28.81,27.26,27.94,13408658.0,0.0575842994835807,13.21,0.51,0.0386
2010-09-14,27.75,27.88,27.27,27.63,7115692.0,0.0305587732315135,13.72,-0.15,-0.0109
2010-09-15,28.1,29.53,27.9,28.16,18121968.0,0.0778258967112046,13.57,0.26,0.0192
2010-09-16,28.2,30.48,28.1,29.85,27603700.0,0.1185457730113571,13.83,0.83,0.06
2010-09-17,29.73,29.73,28.61,29.36,13117625.0,0.0563344405169634,14.66,-0.24,-0.0164
2010-09-20,30.95,31.93,29.34,29.36,15211099.0,0.0653249922766615,14.42,0.0,0.0
2010-09-21,28.81,29.08,27.59,28.41,11274415.0,0.0484186627671594,14.42,-0.47,-0.0326
2010-09-27,31.26,31.26,31.26,31.26,5856296.0,0.0251502203075427,13.95,1.4,0.1004
2010-09-28,32.58,32.58,30.4,31.56,28414704.0,0.1220286791469586,15.35,0.15,0.0098
2010-09-29,30.99,31.26,29.28,29.57,14669953.0,0.0630010077788585,15.5,-0.98,-0.0632
2010-09-30,28.82,30.0,28.51,29.75,9088140.0,0.0390295714536614,14.52,0.09,0.0062
2010-10-08,30.87,32.34,30.16,31.71,19033744.0,0.0817415743462029,14.61,0.96,0.0657
2010-10-11,33.6,34.88,32.58,34.88,37561160.0,0.1613086922189151,15.57,1.56,0.1002
2010-10-12,33.6,34.84,33.13,34.13,20687912.0,0.0888454996986249,17.13,-0.37,-0.0216
2010-10-13,33.89,35.52,33.56,34.07,17040044.0,0.0731795081140404,16.76,-0.03,-0.0018
2010-10-14,34.13,35.8,32.77,35.09,23472100.0,0.1008023648532579,16.73,0.5,0.0299
2010-10-15,35.35,37.14,34.11,34.56,23380026.0,0.1004069474452928,17.23,-0.26,-0.0151
2010-10-18,33.09,33.58,31.1,31.14,19739312.0,0.084771679149982,16.97,-1.68,-0.099
2010-10-19,31.56,32.48,31.14,32.42,9078961.0,0.0389901516783968,15.29,0.63,0.0412
2010-10-20,30.95,33.99,30.75,33.97,14264573.0,0.0612600786474977,15.92,0.76,0.0477
2010-10-21,34.92,35.39,33.82,34.58,14028777.0,0.0602474383459082,16.68,0.3,0.018
2010-10-22,34.82,34.99,33.34,34.21,9691337.0,0.0416200377550316,16.98,-0.18,-0.0106
2010-10-25,36.02,37.63,35.23,37.63,25728298.0,0.1104917447543827,16.8,1.68,0.1
2010-10-26,38.16,39.06,36.25,36.7,25691564.0,0.1103339883512266,18.48,-0.46,-0.0249
2010-10-27,35.84,36.61,35.19,35.25,14615154.0,0.0627656701315413,18.02,-0.71,-0.0394
2010-10-28,34.62,36.7,34.62,36.61,14329019.0,0.0615368459246196,17.31,0.67,0.0387
2010-10-29,36.04,36.25,35.04,35.57,10473841.0,0.0449805489026125,17.98,-0.51,-0.0284
2010-11-01,35.7,37.75,35.58,37.53,14977476.0,0.0643216840560884,17.47,0.96,0.055
2010-11-02,37.55,39.24,36.66,37.08,22395012.0,0.0961767447530084,18.43,-0.22,-0.0119
2010-11-03,37.94,40.79,37.88,38.82,22333300.0,0.0959117188056145,18.21,0.85,0.0467
2010-11-04,38.28,39.14,37.37,39.1,13896199.0,0.0596780740398804,19.06,0.14,0.0073
2010-11-05,39.81,40.16,38.49,38.93,11944181.0,0.0512950136986188,19.2,-0.08,-0.0042
2010-11-08,40.01,41.26,39.42,40.52,21543096.0,0.0925181395384632,19.12,0.78,0.0408
2010-11-09,40.1,40.1,38.65,39.73,14927146.0,0.0641055388018051,19.9,-0.39,-0.0196
2010-11-10,39.71,40.28,38.92,39.2,10028733.0,0.043069005452512,19.51,-0.26,-0.0133
2010-11-11,38.08,39.02,37.7,37.9,12790510.0,0.0549296252009511,19.25,-0.64,-0.0332
2010-11-12,37.06,37.53,34.11,34.19,14403809.0,0.0618580361405515,18.61,-1.82,-0.0978
2010-11-15,34.19,34.99,33.01,34.78,6437632.0,0.0276468032112596,16.79,0.29,0.0173
2010-11-16,34.82,35.64,32.58,33.07,8342820.0,0.035828749261679,17.08,-0.84,-0.0492
2010-11-17,32.05,33.09,31.77,32.03,6130382.0,0.0263272993491781,16.24,-0.51,-0.0314
2010-11-18,32.48,33.09,31.59,32.42,5014773.0,0.0215362484652956,15.73,0.19,0.0121
2010-11-19,32.79,32.89,32.06,32.79,4738381.0,0.020349266166033,15.92,0.18,0.0113
2010-11-22,32.54,33.52,32.08,33.16,5557069.0,0.0238651717082293,16.1,0.18,0.0112
2010-11-23,32.14,32.79,30.1,30.61,7304261.0,0.0313685943015504,16.28,-1.25,-0.0768
2010-11-24,30.14,31.24,30.14,31.18,4650835.0,0.0199732945301997,15.03,0.28,0.0186
2010-11-25,31.28,31.71,30.85,31.55,5339722.0,0.0229317617622184,15.31,0.18,0.0118
2010-11-26,31.26,31.32,30.71,31.08,4056279.0,0.0174199375302852,15.49,-0.23,-0.0148
2010-11-29,30.77,31.55,30.55,31.34,4394603.0,0.018872890580358,15.26,0.13,0.0085
2010-11-30,31.26,31.26,28.72,30.65,6776901.0,0.0291038146214615,15.39,-0.34,-0.0221
2010-12-01,30.55,31.02,30.24,30.67,3885919.0,0.016688316121191,15.05,0.01,0.0007
2010-12-02,31.14,31.96,30.71,31.63,7633989.0,0.0327846313054118,15.06,0.47,0.0312
2010-12-03,31.47,32.42,31.2,32.34,9579178.0,0.0411383640897193,15.53,0.35,0.0225
2010-12-06,32.69,32.93,31.51,31.73,5152695.0,0.0221285629052176,15.88,-0.3,-0.0189
2010-12-07,31.4,31.4,29.83,31.12,3980339.0,0.0170938085692226,15.58,-0.3,-0.0193
2010-12-08,30.89,31.26,30.36,30.4,5247350.0,0.0225350645750803,15.28,-0.35,-0.0229
2010-12-09,30.2,30.38,29.0,29.04,4348113.0,0.01867323644025,14.93,-0.67,-0.0449
2010-12-10,28.86,29.79,28.71,29.47,3015527.0,0.0129503645979205,14.26,0.21,0.0147
2010-12-13,29.73,30.26,29.55,30.24,6055857.0,0.0260072471919068,14.47,0.38,0.0263
2010-12-14,30.61,31.91,30.26,31.58,9211166.0,0.0395579141131779,14.85,0.66,0.0444
2010-12-17,31.16,31.56,30.38,30.99,5595271.0,0.0240292325269086,15.51,-0.29,-0.0187
2010-12-20,31.46,31.97,30.18,31.73,8820122.0,0.037878551808072,15.22,0.36,0.0237
2010-12-21,31.79,32.48,31.26,32.06,8270589.0,0.0355185488273031,15.58,0.16,0.0103
2010-12-22,32.18,32.18,31.18,31.3,5071725.0,0.0217808323024096,15.74,-0.37,-0.0235
2010-12-23,31.04,31.2,29.53,30.08,4306359.0,0.0184939213409584,15.37,-0.6,-0.039
2010-12-24,30.08,30.08,28.9,29.47,2746194.0,0.0117936976046381,14.77,-0.3,-0.0203
2010-12-27,29.55,30.08,29.0,29.39,4162534.0,0.0178762561075528,14.47,-0.04,-0.0028
2010-12-28,28.92,30.26,27.88,29.92,6633974.0,0.0284900059038188,14.43,0.26,0.018
2010-12-29,29.57,30.89,29.33,29.92,5849605.0,0.0251214854000043,14.69,0.0,0.0
2010-12-30,29.53,30.12,28.66,29.23,3690004.0,0.0158469472061716,14.69,-0.34,-0.0231
2010-12-31,29.27,30.55,29.18,30.32,6244217.0,0.0268161706986982,14.35,0.54,0.0376
2011-01-04,30.24,30.85,29.94,30.77,5574894.0,0.0239417222577544,14.89,0.22,0.0148
2011-01-05,30.65,31.36,30.16,31.14,6901807.0,0.0296402310556264,15.11,0.18,0.0119
2011-01-06,31.06,31.34,30.47,30.53,4608347.0,0.0197908272231464,15.29,-0.3,-0.0196
2011-01-07,30.23,30.45,29.59,29.82,3258872.0,0.013995424540372,14.99,-0.35,-0.0233
2011-01-10,29.82,30.04,28.35,28.41,3215355.0,0.013808538130067,14.64,-0.69,-0.0471
2011-01-11,28.11,28.39,27.5,27.84,3306813.0,0.0142013100884665,13.95,-0.28,-0.0201
2011-01-12,28.11,28.29,27.66,28.25,2380817.0,0.0102245637962874,13.67,0.2,0.0146
2011-01-13,28.27,28.41,27.72,27.82,1909039.0,0.0081984844047656,13.87,-0.21,-0.0151
2011-01-14,27.74,27.74,26.78,26.93,2698899.0,0.0115905863429387,13.66,-0.44,-0.0322
2011-01-17,26.87,26.87,25.4,25.48,2671400.0,0.0114724902104623,13.22,-0.71,-0.0537
2011-01-18,25.46,25.83,25.05,25.73,1631676.0,0.0070073320867883,12.51,0.12,0.0096
2011-01-19,25.77,26.42,25.54,26.28,2772297.0,0.011905798529982,12.63,0.27,0.0214
2011-01-20,26.21,26.21,24.6,24.77,3125303.0,0.0134218043244099,12.9,-0.74,-0.0574
2011-01-21,24.79,26.03,24.79,25.66,3564387.0,0.0153074773391477,12.16,0.44,0.0362
2011-01-24,25.66,26.7,25.48,25.68,3984009.0,0.0171095696080309,12.6,0.01,0.0008
2011-01-25,26.07,26.07,24.28,24.91,2794840.0,0.0120026108182258,12.61,-0.38,-0.0301
2011-01-26,25.12,25.75,25.12,25.48,2168165.0,0.0093113168140926,12.23,0.28,0.0229
2011-01-27,25.26,27.4,25.26,27.25,5460159.0,0.0234489858033495,12.51,0.87,0.0695
2011-01-28,26.89,27.34,26.48,27.11,4695574.0,0.0201654288940261,13.38,-0.07,-0.0052
2011-01-31,26.89,27.99,26.7,27.58,4746994.0,0.0203862552197812,13.31,0.23,0.0173
2011-02-01,27.91,27.97,27.09,27.74,3582739.0,0.015386291122311,13.54,0.08,0.0059
2011-02-09,27.6,29.43,27.42,28.35,7689663.0,0.0330237266935893,13.62,0.3,0.022
2011-02-10,28.78,29.9,28.78,29.29,8537638.0,0.0366654070432998,13.92,0.46,0.033
2011-02-11,29.82,29.82,28.68,28.92,5526034.0,0.0237318900081163,14.38,-0.18,-0.0125
2011-02-14,28.78,29.45,28.62,29.39,6037615.0,0.0259289058104516,14.2,0.23,0.0162
2011-02-15,29.23,30.35,29.05,29.7,9330476.0,0.0400702981840809,14.43,0.15,0.0104
2011-02-16,29.64,30.1,29.33,29.86,5690673.0,0.0244389422338258,14.58,0.08,0.0055
2011-02-17,30.39,31.12,30.15,30.55,9457016.0,0.0406137319308923,14.66,0.34,0.0232
2011-02-18,30.57,31.16,30.25,30.49,8023778.0,0.0344586039364839,15.0,-0.03,-0.002
2011-02-21,29.74,30.27,29.29,30.19,7827579.0,0.0336160153661453,14.97,-0.15,-0.01
2011-02-22,30.17,31.12,29.53,30.23,11090730.0,0.0476298163329644,14.82,0.02,0.0013
2011-02-23,29.94,30.23,29.23,29.62,5279579.0,0.0226734739810071,14.84,-0.3,-0.0202
2011-02-24,29.43,29.62,29.15,29.45,3517780.0,0.0151073207354047,14.54,-0.08,-0.0055
2011-02-25,29.43,29.86,29.15,29.64,3158269.0,0.0135633788217813,14.46,0.09,0.0062
2011-02-28,29.8,30.35,29.74,30.02,4649342.0,0.0199668827506518,14.55,0.19,0.0131
2011-03-01,30.57,31.14,30.35,30.76,9459595.0,0.0406248076036679,14.74,0.36,0.0244
2011-03-02,30.55,31.57,29.9,31.47,11406056.0,0.048984003069546,15.1,0.35,0.0232
2011-03-03,31.37,31.41,30.21,30.25,6757549.0,0.0290207062773151,15.45,-0.6,-0.0388
2011-03-04,30.35,30.51,29.82,30.41,3500319.0,0.0150323334060774,14.85,0.08,0.0054
2011-03-07,30.43,31.35,30.23,31.17,6953938.0,0.0298641108142405,14.93,0.37,0.0248
2011-03-08,31.04,31.53,30.74,31.04,5295195.0,0.0227405378453205,15.3,-0.06,-0.0039
2011-03-09,31.23,31.25,30.6,31.11,5011766.0,0.0215233347204192,15.24,0.03,0.002
2011-03-10,30.98,31.98,30.78,31.74,10771794.0,0.0462601262312334,15.27,0.31,0.0203
2011-03-11,31.53,34.51,31.39,32.86,18560992.0,0.0797113120522834,15.58,0.55,0.0353
2011-03-14,32.02,33.18,31.74,32.47,11234929.0,0.0482490877321777,16.13,-0.19,-0.0118
2011-03-15,31.98,32.17,30.03,31.13,8033907.0,0.0345021035446825,15.94,-0.66,-0.0414
2011-03-16,31.03,31.56,30.37,31.15,5131995.0,0.0220396654928658,15.28,0.01,0.0007
2011-03-17,30.76,31.25,30.11,30.17,4378032.0,0.0188017254103057,15.29,-0.48,-0.0314
2011-03-18,30.99,31.09,30.42,30.62,3060346.0,0.0131428425266255,14.81,0.22,0.0149
2011-03-21,30.58,30.74,29.74,29.93,3987037.0,0.017122573538688,15.03,-0.34,-0.0226
2011-03-22,29.89,30.09,29.44,29.87,2566687.0,0.0110227938462308,14.69,-0.03,-0.002
2011-03-23,30.05,30.8,29.91,30.72,4182893.0,0.0179636890746093,14.66,0.42,0.0286
2011-03-24,30.72,30.9,30.21,30.25,4033445.0,0.0173218755247953,15.08,-0.23,-0.0153
2011-03-25,30.31,30.64,30.19,30.56,3212862.0,0.013797831789536,14.85,0.15,0.0101
2011-03-28,30.8,30.9,30.19,30.29,3649280.0,0.0156720555046926,15.0,-0.13,-0.0087
2011-03-29,30.11,30.19,29.25,29.29,4578576.0,0.0196629738481162,14.87,-0.49,-0.033
2011-03-30,29.33,29.44,28.38,28.54,3687431.0,0.0158358973007619,14.38,-0.37,-0.0257
2011-03-31,28.84,28.84,27.93,27.97,2243553.0,0.0096350751774924,14.01,-0.28,-0.02
2011-04-01,28.07,28.72,28.03,28.62,1698804.0,0.0072956173764671,13.73,0.32,0.0233
2011-04-06,28.85,29.01,28.44,28.74,2062968.0,0.0088595418823452,14.05,0.06,0.0043
2011-04-07,28.87,29.34,28.7,29.34,2616196.0,0.0112354132659469,14.11,0.29,0.0206
2011-04-08,29.34,30.33,29.23,29.66,4913210.0,0.0211000799681611,14.4,0.16,0.0111
2011-04-11,29.8,30.21,29.58,29.7,2890073.0,0.0124115947443368,14.56,0.02,0.0014
2011-04-12,29.74,30.44,29.3,29.85,6741289.0,0.0289508767157286,14.58,0.07,0.0048
2011-04-13,29.85,30.66,29.56,30.56,8655713.0,0.0371724873313886,14.65,0.35,0.0239
2011-04-14,30.54,32.05,30.35,31.72,17332656.0,0.0744361481924502,15.0,0.57,0.038
2011-04-15,31.37,32.51,30.88,32.11,19612772.0,0.0842282454031706,15.57,0.19,0.0122
2011-04-18,31.72,33.21,31.19,31.88,17727812.0,0.076133169732319,15.76,-0.11,-0.007
2011-04-19,31.48,32.55,30.46,30.99,10878094.0,0.0467166380637453,15.65,-0.44,-0.0281
2011-04-20,30.78,31.52,29.95,30.23,6592153.0,0.0283104030689413,15.21,-0.37,-0.0243
2011-04-21,30.19,30.97,29.99,30.84,5483924.0,0.0235510460451147,14.84,0.3,0.0202
2011-04-22,31.01,31.07,30.11,30.15,4484631.0,0.0192595213165516,15.14,-0.34,-0.0225
2011-04-25,30.13,30.13,28.56,28.66,4200115.0,0.0180376500038616,14.8,-0.73,-0.0493
2011-04-26,28.77,29.03,27.91,28.79,3298068.0,0.0141637541526686,14.07,0.06,0.0043
2011-04-27,28.68,29.11,27.97,28.07,2291661.0,0.0098416779172712,14.13,-0.35,-0.0248
2011-04-28,28.48,28.48,27.2,27.32,2508559.0,0.0107731596054006,13.78,-0.37,-0.0269
2011-04-29,27.4,27.56,26.69,27.4,1858716.0,0.0079823692124091,13.41,0.04,0.003
2011-05-03,27.4,27.89,27.32,27.85,1724289.0,0.0074050642631234,13.45,0.22,0.0164
2011-05-04,27.79,27.97,26.89,27.12,1959897.0,0.008416897187248,13.67,-0.36,-0.0263
2011-05-05,27.0,27.2,26.45,26.55,2391564.0,0.0102707174431736,13.31,-0.28,-0.021
2011-05-09,26.49,27.42,26.49,27.32,2311091.0,0.0099251212371743,13.03,0.38,0.0292
2011-05-10,27.28,27.53,27.0,27.51,1262954.0,0.0054238329719488,13.41,0.09,0.0067
2011-05-11,27.71,27.85,27.36,27.61,2184092.0,0.0093797162868717,13.5,0.05,0.0037
2011-05-12,27.3,27.3,26.49,26.53,2387771.0,0.0102544281733644,13.55,-0.53,-0.0391
2011-05-13,26.53,26.85,26.3,26.69,2302045.0,0.0098862726385205,13.02,0.08,0.0061
2011-05-16,26.61,26.89,26.49,26.55,2127920.0,0.0091384822073246,13.1,-0.07,-0.0053
2011-05-17,26.41,26.65,25.63,26.2,2834705.0,0.0121738134918202,13.03,-0.17,-0.013
2011-05-18,26.24,26.67,26.08,26.59,2091873.0,0.008983676167564,12.86,0.19,0.0148
2011-05-19,26.59,27.35,26.49,26.86,3576900.0,0.0153612151807302,13.05,0.13,0.01
2011-05-20,26.57,26.65,26.04,26.19,2565246.0,0.011016605383854,13.18,-0.33,-0.025
2011-05-23,26.02,26.65,25.29,25.37,3590621.0,0.0154201408519804,12.85,-0.4,-0.0311
2011-05-24,25.23,25.41,24.48,25.13,1916329.0,0.0082297917543329,12.45,-0.12,-0.0096
2011-05-25,25.13,25.53,24.72,24.96,1324148.0,0.0056866343367534,12.33,-0.08,-0.0065
2011-05-26,25.17,25.8,25.17,25.33,2651634.0,0.0113876039180688,12.25,0.18,0.0147
2011-05-27,25.33,25.51,24.45,24.5,1929713.0,0.0082872701585318,12.43,-0.41,-0.033
2011-05-30,24.48,25.6,24.46,24.6,1474959.0,0.0063343013731875,12.02,0.05,0.0042
2011-05-31,24.46,25.39,24.46,25.31,1638861.0,0.0070381885074524,12.07,0.35,0.029
2011-06-01,25.31,26.06,24.98,25.88,3344462.0,0.0143629960149222,12.42,0.28,0.0225
2011-06-02,25.47,25.76,24.9,25.31,2232199.0,0.0095863147320894,12.7,-0.28,-0.022
2011-06-03,25.17,25.76,25.17,25.68,1434042.0,0.0061585808214388,12.42,0.18,0.0145
2011-06-07,25.8,25.96,25.56,25.74,1237392.0,0.0053140554040968,12.6,0.03,0.0024
2011-06-08,25.74,25.74,25.07,25.45,2224684.0,0.0095540411063008,12.63,-0.14,-0.0111
2011-06-09,25.41,25.41,24.76,24.78,1639785.0,0.0070421566818009,12.49,-0.33,-0.0264
2011-06-10,24.84,25.01,24.46,24.82,1448806.0,0.0062219857197945,12.16,0.02,0.0016
2011-06-13,24.78,24.78,24.05,24.5,1081248.0,0.0046434854739395,12.18,-0.16,-0.0131
2011-06-14,24.48,24.92,24.44,24.88,1168088.0,0.0050164251497187,12.02,0.19,0.0158
2011-06-15,24.86,25.62,24.78,24.99,2347336.0,0.0100807776000096,12.21,0.05,0.0041
2011-06-16,24.6,24.64,24.23,24.25,1658258.0,0.0071214901068431,12.26,-0.36,-0.0294
2011-06-17,24.29,24.56,24.09,24.15,818567.0,0.0035153859003172,11.9,-0.05,-0.0042
2011-06-20,24.35,24.5,23.84,23.97,854580.0,0.0036700459250044,11.85,-0.09,-0.0076
2011-06-21,24.21,24.35,24.03,24.33,867081.0,0.0037237322318551,11.76,0.18,0.0153
2011-06-22,24.41,24.54,24.21,24.37,838480.0,0.0036009034931752,11.94,0.02,0.0017
2011-06-23,24.32,24.7,23.95,24.64,834428.0,0.0035835019320714,9.17,0.1,0.011
2011-06-24,24.46,25.31,24.35,25.15,3155832.0,0.0104253176605819,9.27,0.19,0.0205
2011-06-27,25.25,25.78,24.91,25.57,3820002.0,0.0126194088639883,9.46,0.16,0.0169
2011-06-28,25.78,25.78,25.01,25.31,2509583.0,0.0082904286320045,9.62,-0.1,-0.0104
2011-06-29,25.31,25.49,24.64,24.8,2018141.0,0.0066669458351535,9.52,-0.19,-0.02
2011-06-30,24.83,25.2,24.83,25.12,2267006.0,0.0074890734641277,9.33,0.12,0.0129
2011-07-01,25.17,25.36,24.83,25.17,2987057.0,0.0098677680229064,9.45,0.02,0.0021
2011-07-04,25.15,27.7,25.15,27.7,11842709.0,0.0391224891840986,9.47,0.95,0.1003
2011-07-05,28.42,28.44,27.27,27.83,14621491.0,0.0483022189857823,10.42,0.05,0.0048
2011-07-06,27.4,28.84,27.4,28.18,13145669.0,0.0434268285465969,10.47,0.13,0.0124
2011-07-07,27.96,30.83,27.86,30.38,24684836.0,0.081546564170516,10.6,0.83,0.0783
2011-07-08,30.04,31.07,29.77,30.17,26554188.0,0.0877219842877606,11.43,-0.08,-0.007
2011-07-11,30.14,31.5,29.77,30.38,25215832.0,0.0833007139403702,11.35,0.08,0.007
2011-07-12,30.22,30.22,29.45,30.06,8410866.0,0.0277853668543154,11.43,-0.12,-0.0105
2011-07-13,30.01,30.41,29.66,30.14,7860923.0,0.0259686255099683,11.31,0.03,0.0027
2011-07-14,30.03,30.49,29.9,30.22,7063209.0,0.0233333705748851,11.34,0.03,0.0026
2011-07-15,30.19,30.94,30.09,30.62,9165283.0,0.0302775897842886,11.37,0.15,0.0132
2011-07-18,30.7,30.7,29.53,29.88,7969225.0,0.0263264020814957,11.52,-0.28,-0.0243
2011-07-19,29.64,31.5,29.18,31.1,27943594.0,0.0923118987412291,11.24,0.46,0.0409
2011-07-20,31.04,31.47,30.46,30.75,12112526.0,0.0400138319219963,11.7,-0.13,-0.0111
2011-07-21,30.83,32.0,30.25,31.07,28010288.0,0.0925322229334088,11.57,0.12,0.0104
2011-07-22,30.83,31.68,30.04,31.07,16444074.0,0.0543231373165985,11.69,0.0,0.0
2011-07-25,31.1,31.87,30.25,30.67,18444668.0,0.0609321164890811,11.69,-0.15,-0.0128
2011-07-26,30.43,30.99,29.34,30.81,9308075.0,0.0307493043620576,11.54,0.05,0.0043
2011-07-27,30.91,32.03,30.65,31.9,18399342.0,0.0607823816653378,11.59,0.41,0.0354
2011-07-28,31.58,31.76,30.7,31.52,10009345.0,0.0330659557287451,12.0,-0.14,-0.0117
2011-07-29,31.04,32.69,30.03,32.11,32639482.0,0.1078248044024033,11.86,0.22,0.0185
2011-08-01,31.89,32.8,31.42,32.77,31173252.0,0.102981101216215,12.08,0.25,0.0207
2011-08-02,32.66,33.12,32.16,32.58,19303724.0,0.0637700152391505,12.33,-0.07,-0.0057
2011-08-03,32.59,32.77,31.63,32.37,16308090.0,0.0538739130243179,12.26,-0.08,-0.0065
2011-08-04,32.56,33.49,32.29,32.8,22934660.0,0.0757648429756214,12.18,0.16,0.0131
2011-08-05,31.84,32.35,31.28,32.0,12330285.0,0.0407332006173041,12.34,-0.3,-0.0243
2011-08-08,31.36,31.87,29.85,31.52,14663906.0,0.0484423372964444,12.04,-0.18,-0.015
2011-08-09,31.52,32.69,30.72,32.53,30715174.0,0.1014678366750975,11.86,0.38,0.032
2011-08-11,31.89,32.95,30.96,32.13,29569106.0,0.0976817913594318,12.24,-0.15,-0.0123
2011-08-12,31.97,31.97,31.28,31.44,13885055.0,0.0458693964411448,12.09,-0.26,-0.0215
2011-08-15,31.44,33.14,31.09,32.93,30107028.0,0.0994588212287707,11.83,0.56,0.0473
2011-08-16,32.85,33.35,32.23,32.9,25267972.0,0.0834729588706525,12.39,-0.01,-0.0008
2011-08-17,32.55,33.62,32.39,32.95,28330360.0,0.0935895834881715,12.38,0.02,0.0016
2011-08-18,33.09,33.46,31.15,31.2,19699972.0,0.0650790238531611,12.4,-0.66,-0.0532
2011-08-19,30.3,30.3,28.7,29.07,15337051.0,0.0506660774881379,11.74,-0.8,-0.0681
2011-08-22,28.83,29.58,28.57,28.73,7448560.0,0.0246063808573789,10.94,-0.13,-0.0119
2011-08-23,28.97,29.34,28.62,29.29,5641866.0,0.0186379519722331,10.81,0.21,0.0194
2011-08-24,29.55,29.58,28.38,28.44,6398718.0,0.0211382189452681,11.02,-0.32,-0.029
2011-08-25,28.14,28.83,28.01,28.73,5786262.0,0.0191149653775467,10.7,0.11,0.0103
2011-08-26,28.52,29.18,28.46,28.97,5569407.0,0.0183985830538724,10.81,0.09,0.0083
2011-08-29,28.86,29.69,28.84,28.91,7223687.0,0.0238635110029988,10.9,-0.02,-0.0018
2011-08-30,29.05,29.68,28.12,28.14,7901216.0,0.0261017337757118,10.88,-0.29,-0.0267
2011-08-31,27.8,28.25,27.0,27.4,6277586.0,0.0207380583604012,10.59,-0.28,-0.0264
2011-09-01,27.61,27.8,26.92,27.0,4213671.0,0.0139198977297213,10.31,-0.15,-0.0145
2011-09-02,27.27,27.3,26.15,26.23,4828494.0,0.0159509707019302,10.16,-0.29,-0.0285
2011-09-05,26.02,26.63,25.01,26.5,5350219.0,0.0176744936449978,9.87,0.1,0.0101
2011-09-06,26.02,26.47,25.78,25.99,2978355.0,0.0098390208924247,9.97,-0.19,-0.0191
2011-09-07,26.44,26.55,25.91,26.55,3642490.0,0.0120329964730356,9.78,0.21,0.0215
2011-09-08,26.84,27.16,26.31,26.42,4271682.0,0.0141115375580797,9.99,-0.05,-0.005
2011-09-09,26.87,28.22,26.84,27.48,10658860.0,0.0352116340159013,9.94,0.4,0.0402
2011-09-13,26.84,26.87,26.05,26.28,5050547.0,0.0166845246624975,10.34,-0.45,-0.0435
2011-09-15,27.24,27.48,26.28,26.36,5144146.0,0.0169937297493693,9.89,0.03,0.003
2011-09-16,26.42,26.95,25.8,25.86,3997363.0,0.013205322425166,9.92,-0.19,-0.0192
2011-09-19,25.89,25.91,25.03,25.14,2681535.0,0.0088584735160073,9.73,-0.27,-0.0277
2011-09-20,24.98,25.27,24.58,25.01,3220963.0,0.0106404784690632,9.46,-0.05,-0.0053
2011-09-21,24.95,25.81,24.85,25.73,4328411.0,0.0142989422886126,9.41,0.27,0.0287
2011-09-22,25.65,26.05,24.98,24.98,3907434.0,0.0129082412142846,9.68,-0.28,-0.0289
2011-09-23,24.42,24.88,24.05,24.64,2930410.0,0.0096806341800659,9.4,-0.13,-0.0138
2011-09-26,24.45,24.85,24.05,24.16,2342647.0,0.0077389541463579,9.27,-0.18,-0.0194
2011-09-27,24.27,24.58,24.13,24.43,1866386.0,0.0061656219111989,9.09,0.1,0.011
2011-09-28,24.69,25.01,23.68,23.84,2400602.0,0.0079304089782435,9.19,-0.22,-0.0239
2011-09-29,23.55,23.63,21.56,21.71,4250901.0,0.0140428873491001,8.97,-0.8,-0.0892
2011-09-30,21.79,22.06,21.24,21.71,2602880.0,0.0085986360593261,8.17,0.0,0.0
2011-10-10,21.69,21.85,21.32,21.4,1500544.0,0.0049570597749437,8.17,-0.12,-0.0147
2011-10-11,21.95,22.09,20.94,21.26,1866146.0,0.0061648290691723,8.05,-0.05,-0.0062
2011-10-12,21.26,22.17,20.78,22.06,3588838.0,0.0118557566379856,8.0,0.3,0.0375
2011-10-13,22.11,22.57,21.87,22.41,3468429.0,0.0114579844897239,8.3,0.13,0.0157
2011-10-14,22.33,22.35,21.79,21.98,2191511.0,0.0072396750941303,8.43,-0.16,-0.019
2011-10-17,22.09,22.19,21.87,21.98,1840427.0,0.0060798661354951,8.27,0.0,0.0
2011-10-18,21.87,22.51,21.42,21.53,4506139.0,0.0148860682373893,8.27,-0.17,-0.0206
2011-10-19,21.58,21.74,20.86,21.0,2892665.0,0.0095559432538383,8.1,-0.2,-0.0247
2011-10-20,20.89,20.89,19.45,19.64,3687270.0,0.0121809275811684,7.9,-0.51,-0.0646
2011-10-21,19.67,19.8,19.45,19.48,1471485.0,0.0048610631230627,7.39,-0.06,-0.0081
2011-10-24,19.48,19.93,19.0,19.91,3066541.0,0.0101303440880878,7.33,0.16,0.0218
2011-10-25,19.69,20.41,19.69,20.25,2930428.0,0.0096806936432179,7.49,0.13,0.0174
2011-10-26,20.15,20.68,19.93,20.28,4355501.0,0.0143884343323669,7.62,0.01,0.0013
2011-10-27,20.38,20.94,20.09,20.89,4560835.0,0.0150667569352551,7.63,0.23,0.0301
2011-10-28,20.89,21.05,20.57,20.92,5693658.0,0.0188090472815769,7.86,0.01,0.0013
2011-10-31,20.84,21.47,20.73,20.97,4547168.0,0.0150216078853478,7.87,0.02,0.0025
2011-11-01,20.94,21.37,20.67,21.18,4364974.0,0.0144197284678591,7.89,0.08,0.0101
2011-11-02,20.73,21.5,20.41,21.44,4844456.0,0.016003701303717,7.97,0.1,0.0125
2011-11-03,21.36,22.27,21.36,21.6,7778345.0,0.0256958283896604,8.07,0.06,0.0074
2011-11-04,21.66,23.75,21.47,23.75,20738724.0,0.0685105498566254,8.13,0.81,0.0996
2011-11-07,23.76,24.29,23.52,24.02,16396802.0,0.0541669738654227,8.94,0.1,0.0112
2011-11-08,23.7,23.94,22.88,23.04,8436281.0,0.0278693255214256,9.04,-0.37,-0.0409
2011-11-09,23.09,23.92,22.75,23.86,8236834.0,0.0272104506727485,8.67,0.31,0.0358
2011-11-10,23.38,24.66,23.33,23.86,9068175.0,0.029956792686286,8.98,0.0,0.0
2011-11-11,23.68,24.1,23.49,23.62,4785838.0,0.0158100562457329,8.98,-0.09,-0.01
2011-11-14,23.92,24.16,23.65,24.13,5382859.0,0.0177823201606176,8.89,0.19,0.0214
2011-11-15,23.92,24.18,23.78,24.05,3967038.0,0.0131051435315946,9.08,-0.03,-0.0033
2011-11-16,24.1,24.1,22.46,22.83,5893202.0,0.019468242570573,9.05,-0.46,-0.0508
2011-11-17,22.83,23.25,22.46,22.54,3044050.0,0.0100560448796686,8.59,-0.11,-0.0128
2011-11-18,22.43,22.43,21.63,21.69,2906794.0,0.0096026185246469,8.48,-0.32,-0.0377
2011-11-21,21.87,21.93,21.29,21.87,1617361.0,0.0053429657208737,8.16,0.07,0.0086
2011-11-22,21.66,21.87,21.37,21.79,1628775.0,0.0053806719662562,8.23,-0.03,-0.0036
2011-11-23,21.98,22.27,21.61,22.01,2531891.0,0.0083641232983784,8.2,0.08,0.0098
2011-11-24,21.74,22.04,21.26,21.61,1827965.0,0.006038697813263,8.28,-0.15,-0.0181
2011-11-25,21.56,21.82,21.29,21.32,1314837.0,0.0043435751322904,8.13,-0.11,-0.0135
2011-11-29,22.12,23.45,22.04,23.45,6725378.0,0.0222173430136613,8.02,0.8,0.0998
2011-11-30,24.14,24.14,22.06,22.86,9844300.0,0.0325207281775666,8.82,-0.22,-0.0249
2011-12-01,23.53,24.59,23.02,24.43,13953679.0,0.0460960964046219,8.6,0.59,0.0686
2011-12-02,23.93,24.17,23.31,23.58,6322555.0,0.0208866138316299,9.19,-0.32,-0.0348
2011-12-05,22.89,23.37,21.21,21.27,6210557.0,0.0205166274928927,8.87,-0.87,-0.0981
2011-12-06,21.24,21.24,19.94,20.49,4621429.0,0.015266929725925,8.0,-0.29,-0.0363
2011-12-07,20.31,20.84,20.23,20.81,2874482.0,0.0094958755597968,7.71,0.12,0.0156
2011-12-08,20.74,21.61,19.96,21.05,3926472.0,0.0129711334080459,7.83,0.09,0.0115
2011-12-09,20.74,21.16,20.5,20.66,2211697.0,0.0073063597155856,7.92,-0.15,-0.0189
2011-12-12,20.66,21.11,20.36,20.58,1859587.0,0.0061431613572866,7.77,-0.03,-0.0039
2011-12-13,20.34,20.57,19.3,19.43,2737861.0,0.0090445469326372,7.74,-0.43,-0.0556
2011-12-14,19.27,20.12,19.14,19.48,2511314.0,0.0082961470051215,7.31,0.02,0.0027
2011-12-15,19.4,19.4,18.37,18.42,2989414.0,0.0098755543923094,7.33,-0.4,-0.0546
2011-12-16,18.5,19.08,18.15,19.06,2023191.0,0.0066836285527969,6.93,0.24,0.0346
2011-12-19,18.87,19.4,18.5,19.22,2001947.0,0.0066134488194076,7.17,0.06,0.0084
2011-12-20,19.14,19.46,19.06,19.19,2048919.0,0.0067686212180502,7.23,-0.01,-0.0014
2011-12-21,19.27,19.4,18.1,18.15,1934813.0,0.0063916710835125,7.22,-0.39,-0.054
2011-12-22,18.07,18.07,17.14,17.86,1916398.0,0.0063308369755119,6.83,-0.11,-0.0161
2011-12-23,17.7,18.29,17.57,17.94,1213055.0,0.0040073374358195,6.72,0.03,0.0045
2011-12-26,18.05,19.54,17.81,18.74,3629023.0,0.0119885081248171,6.75,0.3,0.0444
2011-12-27,18.45,18.98,17.81,18.66,3608655.0,0.011921222264825,7.05,-0.03,-0.0043
2011-12-28,18.45,18.53,17.84,18.5,1448567.0,0.0047853533165378,7.02,-0.06,-0.0085
2011-12-29,18.5,19.24,18.29,18.85,2722614.0,0.008994178339388,6.96,0.13,0.0187
2011-12-30,19.14,19.22,18.69,18.93,1964042.0,0.006488229331829,7.09,0.03,0.0042
2012-01-04,19.11,19.11,18.71,18.95,2010737.0,0.0066424866586324,7.12,0.01,0.0014
2012-01-05,18.74,18.74,17.86,18.34,2093668.0,0.0069164499174212,7.13,-0.23,-0.0323
2012-01-06,18.29,18.34,17.76,18.31,1250728.0,0.0041317905094391,6.9,-0.01,-0.0014
2012-01-09,18.07,19.03,18.07,19.0,1702290.0,0.005623529389534,6.89,0.26,0.0377
2012-01-10,19.27,20.89,19.27,20.2,5071854.0,0.0167549125169188,7.15,0.45,0.0629
2012-01-11,19.93,20.86,19.69,20.28,5645153.0,0.0186488106044893,7.6,0.03,0.0039
2012-01-12,19.93,20.25,19.8,20.01,2686395.0,0.0088745285670463,7.63,-0.1,-0.0131
2012-01-13,19.96,20.47,19.22,19.4,2206427.0,0.0072889502260845,7.53,-0.23,-0.0305
2012-01-16,19.03,19.64,18.69,18.71,1740989.0,0.0057513718628174,7.3,-0.26,-0.0356
2012-01-17,18.61,19.88,18.34,19.7,2488685.0,0.0082213919125369,7.04,0.37,0.0526
2012-01-18,19.72,20.1,19.17,19.4,2290504.0,0.0075666993055503,7.41,-0.11,-0.0148
2012-01-19,19.4,19.64,18.98,19.3,1661761.0,0.0054896414957977,7.3,-0.04,-0.0055
2012-01-20,19.54,19.91,19.35,19.75,1774455.0,0.0058619270764121,7.26,0.17,0.0234
2012-01-30,19.94,19.94,19.38,19.4,1575330.0,0.0052041159574541,7.43,-0.13,-0.0175
2012-01-31,19.22,19.4,18.39,18.95,2674896.0,0.008836541523446,7.3,-0.17,-0.0233
2012-02-02,19.35,20.71,19.35,19.64,5341184.0,0.0176446464462042,7.13,0.26,0.0365
2012-02-03,19.7,20.15,19.3,19.86,5216116.0,0.0172314832521008,7.39,0.08,0.0108
2012-02-06,20.2,20.2,19.67,19.93,3658246.0,0.0120850465520829,7.47,0.03,0.004
2012-02-07,19.93,19.93,19.38,19.46,2098739.0,0.0069332020087419,7.5,-0.18,-0.024
2012-02-08,19.48,19.91,19.32,19.91,3328425.0,0.0109954800934974,7.32,0.17,0.0232
2012-02-09,20.01,20.2,19.83,20.07,4647772.0,0.0153539540488714,7.49,0.06,0.008
2012-02-10,20.04,20.79,19.93,20.47,8480530.0,0.0280155024665744,7.55,0.15,0.0199
2012-02-13,20.25,20.55,20.04,20.44,4995949.0,0.0165041597084593,7.7,-0.01,-0.0013
2012-02-14,20.33,20.47,20.12,20.28,2980483.0,0.009846050758394,7.69,-0.06,-0.0078
2012-02-15,20.25,20.71,20.12,20.71,5644341.0,0.0186461281556326,7.63,0.16,0.021
2012-02-16,20.71,21.08,20.33,20.6,6027720.0,0.0199126239194744,7.79,-0.04,-0.0051
2012-02-17,20.63,20.71,20.26,20.44,3922641.0,0.012958477667196,7.75,-0.06,-0.0077
2012-02-20,20.73,20.84,20.42,20.44,3559697.0,0.0117594890984122,7.69,0.0,0.0
2012-02-21,20.52,20.79,20.31,20.76,4062464.0,0.0134203841283941,7.69,0.12,0.0156
2012-02-22,20.73,21.35,20.6,21.13,7068046.0,0.0233493496452299,7.81,0.14,0.0179
2012-02-23,21.0,21.4,20.81,21.35,6761788.0,0.0223376237561159,7.95,0.08,0.0101
2012-02-24,21.27,21.5,21.05,21.42,6093018.0,0.0201283364138659,8.03,0.03,0.0037
2012-02-27,21.53,22.25,21.34,21.69,8362324.0,0.0276250079474154,8.06,0.1,0.0124
2012-02-28,21.56,22.57,21.56,22.22,13462303.0,0.0444728316393283,8.16,0.2,0.0245
2012-02-29,22.01,22.09,21.34,21.5,7071036.0,0.0233592271354782,8.36,-0.27,-0.0323
2012-03-01,21.37,22.38,21.29,22.33,9238049.0,0.0305179728797417,8.09,0.31,0.0383
2012-03-02,22.25,22.62,22.06,22.57,12225353.0,0.0403865568692338,8.4,0.09,0.0107
2012-03-05,22.78,23.6,22.14,23.18,15188580.0,0.0501756022859142,8.49,0.23,0.0271
2012-03-06,24.19,24.59,22.86,22.99,19621536.0,0.0648199098648292,8.72,-0.07,-0.008
2012-03-07,22.36,22.67,22.06,22.36,9754251.0,0.0322232505456718,8.65,-0.24,-0.0277
2012-03-08,22.33,22.51,22.14,22.25,6546608.0,0.0216267748090857,8.41,-0.04,-0.0048
2012-03-09,22.36,22.81,22.28,22.49,5916635.0,0.0195456536839467,8.37,0.09,0.0108
2012-03-12,22.49,22.49,21.93,22.06,6589463.0,0.0217683466634634,8.46,-0.16,-0.0189
2012-03-13,22.04,22.2,21.88,22.17,4549650.0,0.0150298071933063,8.3,0.04,0.0048
2012-03-14,22.22,22.33,20.2,20.76,9192415.0,0.0303672205753975,8.34,-0.53,-0.0635
2012-03-15,20.79,20.92,19.67,19.94,5369492.0,0.0177381621632435,7.81,-0.31,-0.0397
2012-03-16,19.94,20.6,19.86,20.5,4716118.0,0.015579735637001,7.5,0.21,0.028
2012-03-19,20.71,21.11,20.55,20.87,4082965.0,0.0134881093550093,7.71,0.14,0.0182
2012-03-20,20.82,20.82,20.28,20.6,2798211.0,0.0092439136672467,7.85,-0.1,-0.0127
2012-03-21,20.6,20.79,20.29,20.74,3379330.0,0.0111636451908511,7.75,0.05,0.0065
2012-03-22,20.68,20.68,20.26,20.45,2197427.0,0.0072592186500864,7.8,-0.11,-0.0141
2012-03-23,20.47,20.5,19.73,19.86,2217128.0,0.0073243010699462,7.69,-0.22,-0.0286
2012-03-26,19.94,20.05,19.67,19.78,1341973.0,0.0044332191374331,7.47,-0.03,-0.004
2012-03-27,19.94,20.07,19.73,19.86,1361864.0,0.0044989292238974,7.44,0.03,0.004
2012-03-28,19.81,19.81,18.43,18.61,2844927.0,0.0093982403677275,7.47,-0.47,-0.0629
2012-03-29,18.37,18.61,17.49,17.76,5148819.0,0.0170091670443292,7.0,-0.32,-0.0457
2012-03-30,17.81,17.84,17.31,17.49,3654925.0,0.0120740756005396,6.68,-0.1,-0.015
2012-04-06,18.0,19.25,17.81,19.25,13115976.0,0.0433287374703623,6.58,0.66,0.1003
2012-04-09,19.14,19.19,18.4,18.48,9027322.0,0.0298218344558137,7.24,-0.29,-0.0401
2012-04-10,18.11,18.96,18.08,18.88,4894487.0,0.0161689791346904,6.95,0.15,0.0216
2012-04-11,18.66,18.72,18.1,18.64,4691803.0,0.0154994108291794,7.1,-0.09,-0.0127
2012-04-12,18.5,19.01,18.48,18.93,5432476.0,0.0179462303390951,7.01,0.11,0.0157
2012-04-13,18.93,19.33,18.88,19.06,4712522.0,0.0155678562206355,7.12,0.05,0.007
2012-04-16,18.98,19.27,18.8,19.03,4157780.0,0.0137352613392646,7.17,-0.01,-0.0014
2012-04-17,18.93,19.46,18.93,19.25,6140158.0,0.0202840638019271,7.16,0.08,0.0112
2012-04-18,19.04,19.57,18.88,19.51,5919335.0,0.0195545731567461,7.24,0.1,0.0138
2012-04-19,19.54,19.59,19.28,19.41,3517180.0,0.0116190338298887,7.34,-0.04,-0.0054
2012-04-20,19.38,19.65,19.3,19.59,4504447.0,0.0148804787011017,7.3,0.07,0.0096
2012-04-23,19.57,19.57,18.64,18.66,4338319.0,0.0143316734502781,7.37,-0.35,-0.0475
2012-04-24,18.61,18.85,17.68,18.29,4487051.0,0.0148230108682058,7.02,-0.14,-0.0199
2012-04-25,18.24,18.77,18.08,18.77,3439420.0,0.0113621530132651,6.88,0.18,0.0262
2012-04-26,18.61,20.66,18.53,20.39,14296564.0,0.0472288198975229,7.06,0.61,0.0864
2012-04-27,19.86,20.13,19.46,19.65,11457047.0,0.0378484515104786,7.67,-0.28,-0.0365
2012-05-02,19.89,19.89,18.96,19.25,6666617.0,0.0220232255539697,7.39,-0.15,-0.0203
2012-05-03,19.14,19.81,18.64,19.65,6330381.0,0.0209124670887145,7.24,0.15,0.0207
2012-05-04,19.6,20.0,19.2,19.28,7443084.0,0.0245882908451383,7.39,-0.14,-0.0189
2012-05-07,19.04,19.06,18.75,18.91,4700276.0,0.0155274014562274,7.25,-0.14,-0.0193
2012-05-08,18.91,19.25,18.88,18.96,3066433.0,0.0101299873091758,7.11,0.02,0.0028
2012-05-10,18.61,18.83,18.35,18.67,3457467.0,0.0114217714301582,7.13,-0.11,-0.0154
2012-05-11,18.67,18.77,18.4,18.4,2173026.0,0.0071786097405386,7.02,-0.1,-0.0142
2012-05-14,18.48,18.69,18.4,18.45,1920184.0,0.0063433440584818,6.92,0.02,0.0029
2012-05-15,18.35,18.35,18.06,18.27,2296458.0,0.0075863683948272,6.94,-0.07,-0.0101
2012-05-16,18.27,18.8,18.27,18.32,2136615.0,0.0070583256945756,6.87,0.02,0.0029
2012-05-17,18.32,18.69,18.22,18.56,2257874.0,0.0074589058250149,6.89,0.09,0.0131
2012-05-21,18.51,19.23,18.22,18.83,3857427.0,0.0127430426675138,6.98,0.1,0.0143
2012-05-22,18.83,19.62,18.83,19.52,7447564.0,0.0246030905629685,7.08,0.26,0.0367
2012-05-23,19.38,20.34,19.17,20.16,12288631.0,0.040595596276568,7.34,0.24,0.0327
2012-05-24,20.18,20.45,19.78,20.13,8843400.0,0.0292142465757334,7.58,-0.01,-0.0013
2012-05-25,20.64,20.95,19.52,19.86,8576799.0,0.0283335279209923,7.57,-0.1,-0.0132
2012-05-28,19.41,20.16,19.41,19.97,6354959.0,0.0209936607192569,7.47,0.04,0.0054
2012-05-29,19.94,20.61,19.68,20.21,8116549.0,0.0268130881595339,7.51,0.09,0.012
2012-05-30,20.21,20.53,19.84,20.1,6225590.0,0.0205662891353348,7.6,-0.04,-0.0053
2012-05-31,19.94,20.5,19.86,20.21,5949483.0,0.0196541673293229,7.56,0.04,0.0053
2012-06-01,20.24,20.72,19.94,20.21,6625560.0,0.0218875934077749,7.6,0.0,0.0
2012-06-04,19.86,19.86,18.56,19.2,7482383.0,0.0247181154234882,7.6,-0.38,-0.05
2012-06-05,18.88,19.09,18.59,18.83,3322006.0,0.0109742748727939,7.22,-0.14,-0.0194
2012-06-06,18.75,19.01,18.43,18.56,2326409.0,0.0076853117762405,7.08,-0.1,-0.0141
2012-06-07,18.7,19.04,18.48,18.54,3441785.0,0.0113699658107357,6.98,-0.01,-0.0014
2012-06-11,18.35,18.88,17.82,18.77,3868268.0,0.0127788560025577,6.97,0.09,0.0129
2012-06-12,18.59,18.59,18.24,18.43,2089949.0,0.0069041641695171,7.06,-0.13,-0.0184
2012-06-13,18.38,18.67,18.3,18.62,2302555.0,0.0076065098858117,6.93,0.07,0.0101
2012-06-14,18.62,19.09,18.48,18.78,3240001.0,0.0107033706628245,7.0,0.06,0.0086
2012-06-15,18.88,18.94,18.35,18.59,2525640.0,0.0083434730670935,7.06,-0.07,-0.0099
2012-06-18,18.56,18.86,18.56,18.64,2379740.0,0.0078614911850799,6.99,0.02,0.0029
2012-06-19,18.75,18.83,18.43,18.48,1997120.0,0.0065975027841473,7.01,-0.06,-0.0086
2012-06-20,18.75,18.8,18.38,18.43,1480313.0,0.0048902264956084,6.95,-0.02,-0.0029
2012-06-21,18.35,18.62,17.95,18.06,2025251.0,0.006690433780192,6.93,-0.14,-0.0202
2012-06-25,17.82,18.03,17.42,17.47,1946051.0,0.0064287959114088,6.79,-0.22,-0.0324
2012-06-26,17.45,17.71,16.94,17.37,1583480.0,0.0052310395512746,6.57,-0.04,-0.0061
2012-06-27,17.42,17.55,17.02,17.21,1130527.0,0.0037347054909338,6.53,-0.06,-0.0092
2012-06-28,17.29,17.37,16.65,16.67,1511310.0,0.0049926253468543,6.47,-0.2,-0.0309
2012-06-29,16.6,17.02,16.52,16.89,1803546.0,0.0059580294405633,6.27,0.08,0.0128
2012-07-02,17.02,17.21,16.91,17.1,1142211.0,0.0037733036835962,6.35,0.08,0.0126
2012-07-03,17.15,17.29,16.62,16.81,1580640.0,0.005221657587293,6.43,-0.11,-0.0171
2012-07-04,16.81,17.18,16.81,16.94,1570500.0,0.0051881600116685,6.32,0.05,0.0079
2012-07-05,16.94,17.02,16.14,16.2,2241430.0,0.007404582932158,6.37,-0.28,-0.044
2012-07-06,16.41,16.49,16.12,16.44,1344940.0,0.0044430206469872,6.09,0.09,0.0148
2012-07-09,16.38,16.54,15.96,15.98,1613595.0,0.0053305247080727,6.18,-0.17,-0.0275
2012-07-10,15.96,16.12,15.77,15.9,1152796.0,0.0038082713204784,6.01,-0.03,-0.005
2012-07-11,15.9,16.12,15.82,16.06,946387.0,0.0031263974460126,5.98,0.06,0.01
2012-07-12,16.04,16.33,15.64,16.2,2211451.0,0.0073055470525083,6.04,0.05,0.0083
2012-07-13,15.93,16.27,15.93,16.04,1332257.0,0.004401122249389,6.09,-0.06,-0.0099
2012-07-16,16.06,16.89,16.06,16.35,3973235.0,0.0131256153734236,6.03,0.12,0.0199
2012-07-17,16.35,17.29,16.35,17.29,6208496.0,0.0205098189619891,6.15,0.35,0.0569
2012-07-18,17.31,17.31,16.75,17.23,3749864.0,0.0123877073887267,6.5,-0.02,-0.0031
2012-07-19,17.02,17.23,16.81,17.02,3619921.0,0.0119584395909577,6.48,-0.08,-0.0123
2012-07-20,16.89,17.23,16.75,16.75,2461541.0,0.0081317214793266,6.4,-0.1,-0.0156
2012-07-23,16.7,17.45,16.04,16.97,4245694.0,0.0140256859806309,6.3,0.08,0.0127
2012-07-24,16.75,16.78,16.28,16.62,2845270.0,0.0093993734711239,6.38,-0.13,-0.0204
2012-07-25,16.35,16.59,16.22,16.22,1899621.0,0.006275414014343,6.25,-0.15,-0.024
2012-07-26,16.36,16.49,15.96,16.01,2087384.0,0.0068956906703576,6.1,-0.08,-0.0131
2012-07-27,16.06,16.22,15.96,16.12,1520546.0,0.0050231365508452,6.02,0.04,0.0066
2012-07-30,15.85,16.09,15.1,15.16,2735304.0,0.0090360998615453,6.06,-0.36,-0.0594
2012-07-31,15.16,15.18,14.09,14.47,1911586.0,0.0063149404928783,5.7,-0.26,-0.0456
2012-08-01,14.41,14.76,14.36,14.57,1202580.0,0.0039727331848661,5.44,0.04,0.0074
2012-08-02,14.63,14.63,14.2,14.28,1652819.0,0.0054601015232893,5.48,-0.11,-0.0201
2012-08-03,14.23,14.55,14.09,14.55,1062752.0,0.0035108102061259,5.37,0.1,0.0186
2012-08-06,14.55,14.92,14.41,14.92,1677886.0,0.0055429105694609,5.47,0.14,0.0256
2012-08-07,14.89,15.77,14.89,15.56,3220268.0,0.0106381825306945,5.61,0.24,0.0428
2012-08-08,15.53,15.61,15.16,15.24,2359878.0,0.0077958769003605,5.85,-0.12,-0.0205
2012-08-09,15.35,15.48,14.97,15.45,1852606.0,0.0061200995648374,5.73,0.08,0.014
2012-08-10,15.48,15.56,15.24,15.53,1911291.0,0.0063139659578872,5.81,0.03,0.0052
2012-08-13,15.51,16.2,15.32,15.37,3830683.0,0.0126546936376812,5.84,-0.06,-0.0103
2012-08-14,15.16,15.88,14.63,15.69,3721184.0,0.0122929627665461,5.78,0.12,0.0208
2012-08-15,15.59,15.59,15.16,15.32,1842530.0,0.0060868134137533,5.9,-0.14,-0.0237
2012-08-16,15.32,15.59,15.08,15.13,1282795.0,0.0042377241147203,5.76,-0.07,-0.0122
2012-08-17,14.92,15.19,14.71,15.03,1205795.0,0.0039833539645143,5.69,-0.04,-0.007
2012-08-20,15.05,15.53,14.84,15.32,2012212.0,0.0066473593335877,5.65,0.11,0.0195
2012-08-21,15.35,15.45,15.16,15.4,2681653.0,0.0088588633300037,5.76,0.03,0.0052
2012-08-22,15.35,15.8,15.29,15.51,3422189.0,0.0113052302592625,5.79,0.04,0.0069
2012-08-23,15.51,15.75,15.27,15.72,2487087.0,0.008216112906043,5.83,0.08,0.0137
2012-08-24,15.56,15.67,15.05,15.08,2024249.0,0.0066871236647309,5.91,-0.24,-0.0406
2012-08-27,14.92,15.05,14.58,14.6,1541852.0,0.0050935211017581,5.67,-0.18,-0.0317
2012-08-28,14.52,14.82,14.36,14.58,1360015.0,0.004492821036784,5.49,-0.01,-0.0018
2012-08-29,14.58,14.81,14.47,14.5,1229194.0,0.004060652758601,5.48,-0.03,-0.0055
2012-08-30,14.5,14.66,14.1,14.34,1334666.0,0.0044090804012311,5.45,-0.06,-0.011
2012-08-31,14.34,14.63,14.31,14.5,716294.0,0.0023662832775537,5.39,0.06,0.0111
2012-09-03,14.5,14.87,14.47,14.84,1419157.0,0.0046881971331929,5.45,0.13,0.0239
2012-09-04,14.87,15.29,14.63,14.68,2238673.0,0.0073954751593772,5.58,-0.06,-0.0108
2012-09-05,14.66,15.0,14.63,14.89,1572818.0,0.0051958175442422,5.52,0.08,0.0145
2012-09-06,14.89,15.05,14.76,14.95,1766542.0,0.0058357864140929,5.6,0.02,0.0036
2012-09-07,15.05,15.69,14.97,15.69,5066678.0,0.0167378135572114,5.62,0.28,0.0498
2012-09-10,15.8,16.86,15.37,16.14,6408041.0,0.0211690175544937,5.9,0.17,0.0288
2012-09-11,15.99,15.99,15.48,15.61,4211756.0,0.0139135715110505,6.07,-0.2,-0.0329
2012-09-12,15.69,16.04,15.59,15.72,3089354.0,0.0102057070262261,5.87,0.04,0.0068
2012-09-13,15.59,16.07,15.48,15.51,2953952.0,0.00975840537586,5.91,-0.08,-0.0135
2012-09-14,15.61,15.88,15.43,15.56,2049761.0,0.0067714027721602,5.83,0.02,0.0034
2012-09-17,15.37,15.64,15.03,15.05,1508529.0,0.0049834382898709,5.85,-0.19,-0.0325
2012-09-18,15.03,15.19,14.84,14.87,1635875.0,0.0054041268762102,5.66,-0.07,-0.0124
2012-09-19,14.87,15.03,14.79,14.97,1334539.0,0.0044086608556587,5.59,0.04,0.0072
2012-09-20,14.92,14.92,14.36,14.39,1622826.0,0.0053610193945214,5.63,-0.22,-0.0391
2012-09-21,14.34,14.6,14.26,14.34,1336206.0,0.0044141678042353,5.41,-0.02,-0.0037
2012-09-24,14.36,14.47,13.99,14.36,1260149.0,0.0041629128624922,5.39,0.01,0.0019
2012-09-25,14.28,14.55,14.28,14.36,910706.0,0.003008524961214,5.4,0.0,0.0
2012-09-26,14.42,14.5,13.83,13.94,982877.0,0.0032469424691427,5.4,-0.16,-0.0296
2012-09-27,13.94,14.36,13.89,14.18,1272754.0,0.0042045535864318,5.24,0.09,0.0172
2012-09-28,14.12,14.84,14.04,14.6,2112398.0,0.0069783246305817,5.33,0.16,0.03
2012-10-08,14.5,14.71,14.44,14.6,1352902.0,0.0044693231812202,5.49,0.0,0.0
2012-10-09,14.55,15.16,14.55,15.08,2685199.0,0.008870577570947,5.49,0.18,0.0328
2012-10-10,14.95,15.38,14.82,15.11,2666596.0,0.0088091224033589,5.67,0.01,0.0018
2012-10-11,14.95,15.03,14.68,14.71,2108733.0,0.0069662172721335,5.68,-0.15,-0.0264
2012-10-12,14.76,14.87,14.6,14.74,1508540.0,0.0049834746284638,5.53,0.01,0.0018
2012-10-15,14.95,15.08,14.63,14.79,1933478.0,0.0063872608997394,5.54,0.02,0.0036
2012-10-16,14.74,14.9,14.63,14.79,1060079.0,0.0035019799280544,5.56,0.0,0.0
2012-10-17,14.87,14.95,14.63,14.84,1365553.0,0.0045111158665482,5.56,0.02,0.0036
2012-10-18,15.06,15.14,14.87,15.0,2674293.0,0.0088345495078542,5.58,0.06,0.0108
2012-10-19,14.92,15.46,14.92,15.3,3763072.0,0.0124313401282581,5.64,0.11,0.0195
2012-10-22,15.22,15.35,15.0,15.27,3153688.0,0.0104182349384774,5.75,-0.01,-0.0017
2012-10-23,15.19,15.32,14.9,14.98,1916521.0,0.0063312433070505,5.74,-0.11,-0.0192
2012-10-24,14.98,15.03,14.79,14.84,1504762.0,0.0049709939735615,5.63,-0.05,-0.0089
2012-10-25,14.79,15.0,14.6,14.63,1408599.0,0.0046533186910386,5.58,-0.08,-0.0143
2012-10-26,14.61,14.68,14.1,14.15,1534693.0,0.0050698712848058,5.5,-0.18,-0.0327
2012-10-29,14.15,14.26,14.07,14.13,738281.0,0.002438917517717,5.32,-0.01,-0.0019
2012-10-30,14.1,14.34,14.02,14.15,959440.0,0.0031695181417352,5.31,0.01,0.0019
2012-10-31,14.15,14.26,14.13,14.26,594949.0,0.0019654190453882,5.32,0.04,0.0075
2012-11-01,14.18,14.5,14.18,14.47,1213858.0,0.0040099901531002,5.36,0.08,0.0149
2012-11-02,14.47,14.66,14.42,14.52,1231808.0,0.0040692881296742,5.44,0.02,0.0037
2012-11-05,14.52,14.82,14.39,14.63,1521281.0,0.0050255646295517,5.46,0.04,0.0073
2012-11-06,14.63,14.76,14.1,14.42,1204832.0,0.0039801726858825,5.5,-0.08,-0.0145
2012-11-07,14.34,14.55,14.26,14.39,739999.0,0.0024445929452242,5.42,-0.01,-0.0018
2012-11-08,14.26,14.39,13.83,13.91,1542507.0,0.005095684899789,5.41,-0.18,-0.0333
2012-11-09,13.75,13.99,13.67,13.83,710596.0,0.0023474598864384,5.23,-0.03,-0.0057
2012-11-12,13.91,14.07,13.91,14.02,593781.0,0.0019615605475253,5.2,0.07,0.0135
2012-11-13,14.05,14.13,13.78,13.81,937078.0,0.0030956450859053,5.27,-0.08,-0.0152
2012-11-14,15.19,15.19,15.19,15.19,4350586.0,0.0143721975883635,5.19,0.52,0.1002
2012-11-15,15.35,15.78,14.71,14.74,12034122.0,0.0397548236459346,5.71,-0.17,-0.0298
2012-11-16,14.15,14.42,13.73,14.39,4725236.0,0.0156098570269955,5.54,-0.13,-0.0235
2012-11-19,14.05,15.08,13.89,14.84,5520148.0,0.0182358555314179,5.41,0.17,0.0314
2012-11-20,14.68,15.43,14.52,15.08,5773218.0,0.0190718744134001,5.58,0.09,0.0161
2012-11-21,14.9,15.24,14.58,15.11,4522189.0,0.0149390895479192,5.67,0.01,0.0018
2012-11-22,14.95,15.62,14.9,15.16,6236980.0,0.0206039160965146,5.68,0.02,0.0035
2012-11-23,15.27,15.3,14.82,15.06,3507805.0,0.011588063438224,5.7,-0.04,-0.007
2012-11-26,14.92,15.06,14.15,14.21,3596884.0,0.0118823366669279,5.66,-0.32,-0.0565
2012-11-27,14.1,14.21,13.38,13.41,4088511.0,0.013506430612841,5.34,-0.3,-0.0562
2012-11-28,13.3,13.7,13.25,13.49,2174468.0,0.0071833733997152,5.04,0.03,0.006
2012-11-29,13.62,13.75,13.25,13.3,1688900.0,0.0055792954114657,5.07,-0.07,-0.0138
2012-11-30,13.3,13.54,13.22,13.38,1098545.0,0.0036290526838703,5.0,0.03,0.006
2012-12-03,13.33,13.52,13.04,13.04,1631424.0,0.0053894229601249,5.03,-0.13,-0.0258
2012-12-04,13.06,13.14,12.4,12.88,1889562.0,0.0062421840229025,4.9,-0.06,-0.0122
2012-12-05,12.85,13.44,12.8,13.33,2436978.0,0.0080505774014109,4.84,0.17,0.0351
2012-12-06,13.33,13.52,13.12,13.25,1757091.0,0.0058045649557864,5.01,-0.03,-0.006
2012-12-07,13.25,13.94,13.2,13.84,4235497.0,0.0139920001050251,4.98,0.22,0.0442
2012-12-10,13.76,14.07,13.65,14.07,3960132.0,0.0130823295022788,5.2,0.09,0.0173
2012-12-11,14.05,15.17,13.86,14.21,5343470.0,0.0176521982665077,5.29,0.05,0.0095
2012-12-12,14.1,14.37,13.89,14.1,3314858.0,0.0109506613944345,5.34,-0.04,-0.0075
2012-12-13,13.97,14.32,13.76,13.94,2504716.0,0.0082743504564064,5.3,-0.06,-0.0113
2012-12-14,13.86,14.69,13.81,14.42,5610793.0,0.0185353020543455,5.24,0.18,0.0344
2012-12-17,14.42,14.79,14.26,14.48,4389918.0,0.0145021311824921,5.42,0.02,0.0037
2012-12-18,14.48,15.19,14.32,14.82,7928654.0,0.0261923754404047,5.44,0.13,0.0239
2012-12-19,14.77,14.82,14.5,14.61,3916791.0,0.0129391521427972,5.57,-0.08,-0.0144
2012-12-20,14.53,14.9,14.34,14.9,4948551.0,0.0163475800152195,5.49,0.11,0.02
2012-12-21,15.09,15.35,14.66,14.79,5515177.0,0.0182194337909417,5.6,-0.04,-0.0071
2012-12-24,14.79,14.79,14.4,14.58,2938533.0,0.0097074685791584,5.56,-0.08,-0.0144
2012-12-25,14.39,14.9,14.39,14.82,4039933.0,0.013345952779637,5.48,0.09,0.0164
2012-12-26,14.79,15.09,14.69,15.06,4045099.0,0.0133630187042599,5.57,0.09,0.0162
2012-12-27,15.06,15.22,14.71,14.74,2969755.0,0.0098106107198042,5.66,-0.12,-0.0212
2012-12-28,14.71,14.9,14.55,14.82,2474590.0,0.0081748289610154,5.54,0.03,0.0054
2012-12-31,14.82,15.03,14.74,14.9,2341792.0,0.0077361296466381,5.57,0.03,0.0054
2013-01-04,15.01,15.03,14.69,14.77,2304049.0,0.0076114453274274,5.6,-0.05,-0.0089
2013-01-07,14.66,14.98,14.66,14.93,2766998.0,0.0091408012581768,5.55,0.06,0.0108
2013-01-08,14.9,15.14,14.72,15.09,3951442.0,0.0130536220138984,5.61,0.06,0.0107
2013-01-09,14.98,15.41,14.93,15.17,6736066.0,0.0222526509119133,5.67,0.03,0.0053
2013-01-10,15.14,15.27,14.95,15.11,3108209.0,0.0102679946779421,5.7,-0.02,-0.0035
2013-01-11,15.17,15.25,14.48,14.56,3581890.0,0.011832803861315,5.68,-0.21,-0.037
2013-01-14,14.5,14.95,14.34,14.9,4002401.0,0.0132219655007081,5.47,0.13,0.0238
2013-01-15,14.85,15.35,14.77,15.25,6264449.0,0.0206946601699693,5.6,0.13,0.0232
2013-01-16,15.35,15.51,14.93,15.3,5530941.0,0.0182715102980566,5.73,0.02,0.0035
2013-01-17,15.25,15.25,14.9,15.11,3201764.0,0.0105770544104424,5.75,-0.07,-0.0122
2013-01-18,15.19,16.13,15.09,15.94,13128589.0,0.0433704046223694,5.68,0.31,0.0546
2013-01-21,15.86,15.99,15.57,15.94,6867762.0,0.0226877097599851,5.99,0.0,0.0
2013-01-22,15.83,16.63,15.25,16.47,12338574.0,0.0407605833987984,5.99,0.2,0.0334
2013-01-23,16.13,16.6,15.99,16.29,9643254.0,0.0318565710188873,6.19,-0.07,-0.0113
2013-01-24,16.21,16.34,15.57,15.67,5965244.0,0.0197062339259124,6.12,-0.23,-0.0376
2013-01-25,15.91,15.91,14.9,15.17,5012312.0,0.0165582150171322,5.89,-0.19,-0.0323
2013-01-28,15.49,15.83,15.27,15.7,5382715.0,0.0177818444554016,5.7,0.2,0.0351
2013-01-29,15.75,17.24,15.75,17.11,11580669.0,0.0382568378313717,5.9,0.53,0.0898
2013-01-30,16.63,17.03,16.36,16.9,11108682.0,0.0366976247913033,6.43,-0.08,-0.0124
2013-01-31,16.66,17.14,16.55,17.0,7359414.0,0.0243118862936093,6.35,0.04,0.0063
2013-02-01,17.43,18.28,16.71,16.76,16282000.0,0.0537877244890078,6.39,-0.09,-0.0141
2013-02-04,16.36,16.63,15.99,16.15,9696186.0,0.0320314323278574,6.3,-0.23,-0.0365
2013-02-05,15.99,16.5,15.91,16.31,4727010.0,0.0156157174509756,6.07,0.06,0.0099
2013-02-06,16.26,16.39,16.18,16.26,3592523.0,0.0118679300666026,6.13,-0.02,-0.0033
2013-02-07,16.29,16.31,16.05,16.15,2413639.0,0.007973476817831,6.11,-0.04,-0.0065
2013-02-08,16.28,16.76,16.28,16.68,5611053.0,0.018536160966541,6.07,0.2,0.0329
2013-02-18,16.63,17.08,16.63,16.79,4688320.0,0.0154879047092682,6.27,0.04,0.0064
2013-02-19,16.74,16.82,16.37,16.47,3496728.0,0.0115514704751872,6.31,-0.12,-0.019
2013-02-20,16.42,16.82,16.34,16.74,3716543.0,0.0122776311838564,6.19,0.1,0.0162
2013-02-21,16.68,16.9,16.44,16.87,6246174.0,0.0206342885531509,6.29,0.05,0.0079
2013-02-22,16.95,16.98,16.6,16.66,3580168.0,0.0118271152197741,6.34,-0.08,-0.0126
2013-02-25,16.63,16.87,16.53,16.82,3318457.0,0.0109625507213253,6.26,0.06,0.0096
2013-02-26,16.76,17.19,16.5,16.63,4713556.0,0.0155712720483669,6.32,-0.07,-0.0111
2013-02-27,16.5,16.68,16.13,16.34,3994164.0,0.0131947545016529,6.25,-0.11,-0.0176
2013-02-28,16.39,16.52,16.02,16.44,3854523.0,0.0127334492789917,6.14,0.04,0.0065
2013-03-01,16.45,17.0,16.31,16.98,5647757.0,0.0186574129404781,6.18,0.2,0.0324
2013-03-04,17.03,17.3,16.5,16.61,8403921.0,0.0277624239881702,6.38,-0.14,-0.0219
2013-03-05,16.63,17.08,16.63,17.06,5078626.0,0.0167772838761031,6.24,0.17,0.0272
2013-03-06,17.08,17.3,16.84,17.3,6464830.0,0.0213566204955332,6.41,0.09,0.014
2013-03-07,17.22,17.22,16.66,16.9,4524102.0,0.0149454091595731,6.5,-0.15,-0.0231
2013-03-08,16.9,16.95,16.52,16.68,3034391.0,0.0100241362916057,6.35,-0.08,-0.0126
2013-03-11,16.6,16.76,16.5,16.63,1999909.0,0.0066067162691983,6.27,-0.02,-0.0032
2013-03-12,16.63,16.68,15.7,16.07,4673469.0,0.0154388443053629,6.25,-0.21,-0.0336
2013-03-13,15.99,16.02,15.46,15.78,2686679.0,0.0088754667634444,6.04,-0.11,-0.0182
2013-03-14,15.7,15.91,15.62,15.7,1695083.0,0.0055997210041764,5.93,-0.03,-0.0051
2013-03-15,15.78,16.02,15.7,15.89,2049050.0,0.0067690539776564,5.9,0.07,0.0119
2013-03-18,15.89,15.89,15.49,15.49,1765743.0,0.0058331469108459,5.97,-0.15,-0.0251
2013-03-19,15.41,16.02,15.22,15.89,2501773.0,0.008264628231055,5.82,0.15,0.0258
2013-03-20,15.83,16.1,15.7,16.07,2614055.0,0.0086355527661904,5.97,0.07,0.0117
2013-03-21,16.1,16.26,15.91,16.15,2566857.0,0.0084796337746395,6.04,0.03,0.005
2013-03-22,16.05,16.18,15.94,16.07,1788259.0,0.0059075287069763,6.07,-0.03,-0.0049
2013-03-25,16.05,16.26,16.05,16.13,1876628.0,0.0061994564446847,6.04,0.02,0.0033
2013-03-26,16.13,16.13,15.65,15.78,1720297.0,0.0056830156660893,6.06,-0.13,-0.0215
2013-03-27,15.91,16.05,15.78,15.89,1760828.0,0.0058169101668425,5.93,0.04,0.0067
2013-03-28,15.7,15.7,14.98,15.03,2898527.0,0.0095753084203384,5.97,-0.32,-0.0536
2013-03-29,15.06,15.25,14.87,14.93,1549358.0,0.0051183172361405,5.65,-0.04,-0.0071
2013-04-01,14.9,15.19,14.74,15.09,1090320.0,0.0036018813269165,5.61,0.06,0.0107
2013-04-02,15.27,15.78,15.19,15.41,2840988.0,0.0093852278479656,5.67,0.12,0.0212
2013-04-03,15.03,15.3,14.93,15.25,1832688.0,0.0060543002836451,5.79,-0.06,-0.0104
2013-04-08,15.17,15.17,14.69,14.98,1210373.0,0.003998477426172,5.73,-0.1,-0.0175
2013-04-09,14.98,15.35,14.93,15.33,1473518.0,0.0048677791557298,5.63,0.13,0.0231
2013-04-10,15.27,15.27,14.93,15.11,1450377.0,0.0047913326668218,5.76,-0.08,-0.0139
2013-04-11,15.11,15.35,14.95,15.01,1229207.0,0.0040606957042107,5.68,-0.04,-0.007
2013-04-12,14.98,15.06,14.55,14.61,2007060.0,0.006630339658083,5.64,-0.15,-0.0266
2013-04-15,14.61,14.63,14.0,14.08,1864395.0,0.0061590446258864,5.49,-0.2,-0.0364
2013-04-16,14.0,14.18,13.7,14.18,1621965.0,0.0053581750737509,5.29,0.04,0.0076
2013-04-17,14.16,14.18,13.92,14.18,1267525.0,0.0041872795407769,5.33,0.0,0.0
2013-04-18,14.02,14.56,13.92,14.34,1776172.0,0.0058675992004108,5.33,0.06,0.0113
2013-04-19,14.32,14.64,14.21,14.58,1786370.0,0.0059012883795251,5.39,0.09,0.0167
2013-04-22,14.5,14.53,14.34,14.53,1233372.0,0.004074454816881,5.48,-0.02,-0.0036
2013-04-23,14.53,14.61,13.97,14.02,1400314.0,0.0046259491235782,5.46,-0.19,-0.0348
2013-04-24,14.21,14.34,14.02,14.26,1138715.0,0.0037617546180752,5.27,0.09,0.0171
2013-04-25,14.42,14.72,14.34,14.42,2633410.0,0.0086994921721286,5.36,0.06,0.0112
2013-04-26,14.26,14.42,13.76,13.89,1776460.0,0.0058685506108428,5.42,-0.2,-0.0369
2013-05-02,13.79,14.13,13.79,14.03,772796.0,0.0025529381116697,5.22,0.05,0.0096
2013-05-03,14.16,14.48,13.95,14.32,1220923.0,0.0040333294402587,5.27,0.11,0.0209
2013-05-06,14.45,14.53,14.29,14.48,1605134.0,0.005302573723126,5.38,0.06,0.0112
2013-05-07,14.64,14.72,14.43,14.59,1698312.0,0.0056103880329428,5.44,0.04,0.0074
2013-05-08,14.51,14.67,14.4,14.59,1712992.0,0.0056588835369042,5.48,0.0,0.0
2013-05-09,14.61,14.67,14.37,14.56,1825341.0,0.0060300294071053,5.48,-0.01,-0.0018
2013-05-10,14.56,15.36,14.48,15.04,4779807.0,0.0157901327863058,5.47,0.18,0.0329
2013-05-13,14.99,14.99,14.75,14.91,2468262.0,0.0081539243595803,5.65,-0.05,-0.0088
2013-05-14,14.91,14.91,14.61,14.72,1672612.0,0.005525487865926,5.6,-0.07,-0.0125
2013-05-15,14.72,14.88,14.72,14.83,1414162.0,0.0046716961085139,5.53,0.04,0.0072
2013-05-16,14.8,14.96,14.69,14.93,2132841.0,0.0070458582537071,5.57,0.04,0.0072
2013-05-17,14.91,15.12,14.85,15.07,2534624.0,0.0083731517869565,5.61,0.05,0.0089
2013-05-20,15.04,15.41,15.04,15.39,3571358.0,0.0117980113103804,5.66,0.12,0.0212
2013-05-21,15.25,15.57,15.15,15.44,3619857.0,0.0119582281664173,5.78,0.02,0.0035
2013-05-22,15.44,15.47,15.2,15.28,2741124.0,0.0090553262806907,5.8,-0.06,-0.0103
2013-05-23,15.23,15.55,15.09,15.41,3921968.0,0.012956254406013,5.74,0.05,0.0087
2013-05-24,15.25,15.76,15.25,15.73,4449673.0,0.0146995323295772,5.79,0.12,0.0207
2013-05-27,15.78,16.0,15.65,15.97,4463196.0,0.0147442056742686,5.91,0.09,0.0152
2013-05-28,15.97,17.57,15.73,17.57,18336162.0,0.0605736660018311,6.0,0.6,0.1
2013-05-29,17.7,18.05,17.09,17.14,22633258.0,0.0747691589235126,6.6,-0.16,-0.0242
2013-05-30,17.09,17.09,16.61,16.85,8066513.0,0.0266477938110183,6.44,-0.11,-0.0171
2013-05-31,16.77,16.8,16.4,16.5,5537907.0,0.0182945225378791,6.33,-0.13,-0.0205
2013-06-03,16.43,17.49,16.4,17.25,7897379.0,0.0260890582138113,6.2,0.28,0.0452
2013-06-04,17.14,18.58,16.58,17.52,18487154.0,0.0610724693488428,6.48,0.1,0.0154
2013-06-05,17.14,17.49,16.66,16.82,9686965.0,0.0320009706764931,6.58,-0.26,-0.0395
2013-06-06,16.61,16.77,16.0,16.34,6114262.0,0.0201985161472552,6.32,-0.18,-0.0285
2013-06-07,16.24,16.42,16.02,16.18,2868600.0,0.0094764443231278,6.14,-0.06,-0.0098
2013-06-13,16.11,16.13,14.91,15.57,2918974.0,0.0096428552574976,6.08,-0.23,-0.0378
2013-06-14,15.57,15.81,15.39,15.68,2063072.0,0.0068153757730614,5.85,0.04,0.0068
2013-06-17,15.7,15.84,15.2,15.49,2045632.0,0.006757762585794,5.89,-0.07,-0.0119
2013-06-18,15.57,15.84,15.31,15.81,2292728.0,0.0075740463083303,5.82,0.12,0.0206
2013-06-19,15.65,15.92,15.04,15.86,3477925.0,0.0114893546059103,5.94,0.02,0.0034
2013-06-20,15.54,16.45,15.52,16.05,7414237.0,0.0244929945370475,5.96,0.07,0.0117
2013-06-21,15.68,17.27,15.57,16.48,12486623.0,0.0412496645204587,6.03,0.16,0.0265
2013-06-24,16.13,16.32,14.83,14.83,6462979.0,0.0213505057014029,6.19,-0.62,-0.1002
2013-06-25,14.05,14.32,13.33,14.05,6764936.0,0.0223480232006983,5.57,-0.29,-0.0521
2013-06-26,14.0,14.16,13.44,13.79,4051900.0,0.0133854858651892,5.28,-0.1,-0.0189
2013-06-27,13.84,13.97,13.41,13.41,3221898.0,0.0106435672494586,5.18,-0.14,-0.027
2013-06-28,13.47,13.81,13.1,13.47,2615999.0,0.008641974786606,5.04,0.02,0.004
2013-07-01,13.44,13.63,13.23,13.57,2028317.0,0.0067005623370821,5.06,0.04,0.0079
2013-07-02,13.6,13.79,13.42,13.79,2448835.0,0.0080897471010342,5.1,0.08,0.0157
2013-07-03,13.68,13.68,13.26,13.47,2407358.0,0.0079527274812927,5.18,-0.12,-0.0232
2013-07-04,13.65,14.03,13.52,13.92,3672256.0,0.0121313287053866,5.06,0.17,0.0336
2013-07-05,14.0,14.0,13.68,13.71,2864939.0,0.0094643501787135,5.23,-0.08,-0.0153
2013-07-08,13.47,13.6,12.99,12.99,2581159.0,0.0085268805524089,5.15,-0.27,-0.0524
2013-07-09,12.88,13.12,12.86,13.02,1182395.0,0.0039060518669193,4.88,0.01,0.002
2013-07-10,12.99,13.39,12.91,13.33,1712874.0,0.0056584937229078,4.89,0.12,0.0245
2013-07-11,13.33,13.84,13.33,13.71,2826677.0,0.0093379513386202,5.01,0.14,0.0279
2013-07-12,13.71,13.95,13.57,13.63,2430310.0,0.0080285496071048,5.15,-0.03,-0.0058
2013-07-15,13.52,13.87,13.52,13.76,1850224.0,0.0061122306077232,5.12,0.05,0.0098
2013-07-16,13.79,13.89,13.52,13.87,2589911.0,0.0085557928583129,5.17,0.04,0.0077
2013-07-17,13.81,13.87,13.63,13.65,1731507.0,0.0057200479957492,5.21,-0.08,-0.0154
2013-07-18,13.57,13.65,13.44,13.47,1915207.0,0.0063269024969548,5.13,-0.07,-0.0136
2013-07-19,13.47,13.57,13.04,13.09,2136429.0,0.007057711242005,5.06,-0.14,-0.0277
2013-07-22,12.96,13.49,12.91,13.41,1683856.0,0.005562632514873,4.92,0.12,0.0244
2013-07-23,13.49,13.76,13.33,13.73,2362986.0,0.0078061442046052,5.04,0.12,0.0238
2013-07-24,13.65,13.81,13.44,13.71,2445979.0,0.0080803122809175,5.16,-0.01,-0.0019
2013-07-25,13.71,13.97,13.55,13.76,3993993.0,0.013194189601709,5.15,0.02,0.0039
2013-07-26,13.76,13.89,13.55,13.65,1728546.0,0.0057102663072458,5.17,-0.04,-0.0077
2013-07-29,13.68,13.87,13.6,13.68,1917539.0,0.0063346062786468,5.13,0.01,0.0019
2013-07-30,13.65,13.79,13.15,13.36,2303174.0,0.0076085547575387,5.14,-0.12,-0.0233
2013-07-31,13.36,13.52,13.36,13.47,1150491.0,0.0038006567335145,5.02,0.04,0.008
2013-08-01,13.5,13.76,13.36,13.73,2304117.0,0.0076116699660016,5.06,0.1,0.0198
2013-08-02,13.73,13.84,13.63,13.81,2799295.0,0.0092474946704002,5.16,0.03,0.0058
2013-08-05,13.81,14.56,13.76,14.24,4734058.0,0.0156390005784905,5.19,0.16,0.0308
2013-08-06,14.11,14.29,13.97,14.16,2983817.0,0.0098570646555471,5.35,-0.03,-0.0056
2013-08-07,14.08,14.21,13.92,14.05,2303554.0,0.0076098100907475,5.32,-0.04,-0.0075
2013-08-08,14.11,14.91,14.0,14.48,6349611.0,0.0209759935560971,5.28,0.16,0.0303
2013-08-09,14.4,15.12,14.35,14.85,7399928.0,0.024445724634719,5.44,0.14,0.0257
2013-08-12,14.77,15.3,14.69,15.14,6405977.0,0.0211621991130648,5.58,0.11,0.0197
2013-08-13,15.14,15.14,14.69,14.93,4559534.0,0.0150624590707691,5.69,-0.08,-0.0141
2013-08-14,14.93,14.96,14.61,14.74,3481886.0,0.0115024398028579,5.61,-0.07,-0.0125
2013-08-15,14.75,14.82,14.51,14.53,2788803.0,0.0092128342598033,5.54,-0.08,-0.0144
2013-08-16,14.53,14.77,14.21,14.32,3224568.0,0.0106523876170047,5.46,-0.08,-0.0147
2013-08-19,14.16,14.69,14.13,14.67,2068564.0,0.0068335186414371,5.38,0.13,0.0242
2013-08-20,14.56,14.82,14.48,14.51,2845565.0,0.0094003480061149,5.51,-0.06,-0.0109
2013-08-21,14.48,14.59,14.24,14.56,2011949.0,0.0066464905108669,5.45,0.02,0.0037
2013-08-22,14.53,14.75,14.4,14.53,1856676.0,0.0061335448442054,5.47,-0.01,-0.0018
2013-08-23,14.59,14.75,14.35,14.67,2962493.0,0.0097866206414822,5.46,0.05,0.0092
2013-08-26,14.69,14.88,14.67,14.85,3135400.0,0.0103578203760493,5.51,0.07,0.0127
2013-08-27,14.85,14.91,14.69,14.85,2612401.0,0.0086300887632237,5.58,0.0,0.0
2013-08-28,14.72,15.01,14.61,14.75,4475439.0,0.0147846505281513,5.58,-0.04,-0.0072
2013-08-29,14.88,14.96,14.64,14.88,2746678.0,0.00907367396659,5.54,0.05,0.009
2013-08-30,14.74,15.17,14.74,15.01,5788231.0,0.0191214699856734,5.59,0.05,0.0089
2013-09-02,15.06,16.45,14.8,15.81,12774819.0,0.042201722440053,5.64,0.3,0.0532
2013-09-03,15.68,17.14,15.62,16.37,16135202.0,0.0533027760564112,5.94,0.21,0.0354
2013-09-04,16.37,17.01,15.68,16.98,16732317.0,0.0552753505010897,6.15,0.23,0.0374
2013-09-05,16.64,16.79,16.1,16.16,9929667.0,0.0328027387829255,6.38,-0.31,-0.0486
2013-09-06,16.1,16.32,15.7,15.97,6958590.0,0.0229877608249579,6.07,-0.07,-0.0115
2013-09-09,15.97,16.56,15.92,16.26,8513044.0,0.0281229127401302,6.0,0.11,0.0183
2013-09-10,16.26,16.72,16.02,16.53,8960150.0,0.0295999311865977,6.11,0.1,0.0164
2013-09-11,16.45,17.57,16.05,16.74,14914363.0,0.0492697241108618,6.21,0.08,0.0129
2013-09-12,16.42,16.69,16.26,16.37,6559814.0,0.0216704009416003,6.29,-0.14,-0.0223
2013-09-13,16.32,16.74,16.1,16.29,5387857.0,0.0177988310958219,6.15,-0.03,-0.0049
2013-09-16,16.21,16.39,16.05,16.16,4265982.0,0.0140927075599475,6.12,-0.05,-0.0082
2013-09-17,16.24,17.3,16.21,16.64,15882128.0,0.0524667439603953,6.07,0.18,0.0297
2013-09-18,16.53,16.71,16.0,16.29,5754907.0,0.0190113838702777,6.25,-0.13,-0.0208
2013-09-23,16.29,16.74,16.29,16.63,5390423.0,0.0178073078984898,6.12,0.13,0.0212
2013-09-24,16.66,17.27,16.34,17.03,9077851.0,0.0299887574339924,6.25,0.15,0.024
2013-09-25,17.03,18.1,16.77,17.17,15716972.0,0.0519211497197795,6.4,0.05,0.0078
2013-09-26,16.98,17.57,16.71,16.85,9344050.0,0.0308681480783388,6.45,-0.12,-0.0186
2013-09-27,16.77,16.9,15.7,16.18,6760592.0,0.0223336727600166,6.33,-0.25,-0.0395
2013-09-30,16.13,16.63,16.13,16.53,3710210.0,0.0122567100648791,6.08,0.13,0.0214
2013-10-08,16.53,17.22,16.45,16.71,5043703.0,0.0166619154507052,6.21,0.07,0.0113
2013-10-09,16.66,17.75,16.32,17.54,12908324.0,0.0426427573349003,6.28,0.31,0.0494
2013-10-10,17.51,18.05,17.19,17.99,14817158.0,0.0489486065725401,6.59,0.17,0.0258
2013-10-11,17.83,18.02,17.51,17.62,13096410.0,0.0432641010241424,6.76,-0.14,-0.0207
2013-10-14,17.62,18.71,17.51,18.63,17302212.0,0.057158003445916,6.62,0.38,0.0574
2013-10-15,18.39,18.6,18.15,18.39,9536126.0,0.0315026727662734,7.0,-0.09,-0.0129
2013-10-16,18.15,18.15,16.71,17.11,10557678.0,0.0348773784244969,6.91,-0.48,-0.0695
2013-10-17,17.3,17.65,16.93,17.3,6492334.0,0.0214474801917834,6.43,0.07,0.0109
2013-10-18,17.22,17.38,16.9,17.14,3076693.0,0.0101638813058137,6.5,-0.06,-0.0092
2013-10-21,17.06,17.43,16.98,17.43,4662562.0,0.0154028129387616,6.44,0.11,0.0171
2013-10-22,17.46,17.73,17.11,17.27,6796005.0,0.0224506599045522,6.55,-0.06,-0.0092
2013-10-23,17.03,17.17,16.02,16.05,8606419.0,0.0284313778411105,6.49,-0.46,-0.0709
2013-10-24,16.08,16.37,16.02,16.1,3348995.0,0.0110634332621953,6.03,0.02,0.0033
2013-10-25,16.07,16.29,15.78,15.91,2622467.0,0.0086633418792233,6.05,-0.07,-0.0116
2013-10-28,16.31,16.66,16.05,16.34,3169230.0,0.0104695780667177,5.98,0.16,0.0268
2013-10-29,16.29,16.42,15.28,16.08,3771413.0,0.0124588946921915,6.14,-0.1,-0.0163
2013-10-30,16.0,16.45,15.7,16.34,2967608.0,0.0098035180871745,6.04,0.1,0.0166
2013-10-31,16.18,16.31,16.0,16.1,1802758.0,0.0059554262759092,6.14,-0.09,-0.0147
2013-11-01,15.94,16.29,15.75,16.07,1527963.0,0.0050476386729761,6.05,-0.01,-0.0017
2013-11-04,16.34,16.34,15.97,16.1,2032615.0,0.0067147608163754,6.04,0.01,0.0017
2013-11-05,16.05,16.5,15.62,16.42,3658971.0,0.012087441595705,6.05,0.12,0.0198
2013-11-06,16.26,16.61,16.16,16.23,3602818.0,0.011901939686036,6.17,-0.07,-0.0113
2013-11-07,16.18,16.42,15.89,16.21,3358701.0,0.011095497115155,6.1,-0.01,-0.0016
2013-11-08,15.73,15.97,15.65,15.7,2329051.0,0.0076940396455501,6.09,-0.19,-0.0312
2013-11-11,15.7,15.84,15.46,15.6,1278089.0,0.0042221778039817,5.9,-0.04,-0.0068
2013-11-12,15.6,15.73,15.3,15.65,2244325.0,0.007414146589104,5.86,0.02,0.0034
2013-11-13,15.54,16.1,15.38,15.44,2751796.0,0.0090905813228076,5.88,-0.08,-0.0136
2013-11-15,15.7,16.37,15.7,15.89,4310826.0,0.0142408500926207,5.8,0.17,0.0293
2013-11-18,15.89,16.77,15.76,16.61,7286195.0,0.024070006708831,5.97,0.27,0.0452
2013-11-19,16.5,16.66,16.37,16.58,5321723.0,0.0175803568683709,6.24,-0.01,-0.0016
2013-11-20,16.45,16.85,16.39,16.58,3870785.0,0.0127871709333118,6.23,0.0,0.0
2013-11-21,16.55,16.98,16.31,16.69,6084306.0,0.0200995562482998,6.23,0.04,0.0064
2013-11-22,16.74,16.95,16.66,16.71,5304067.0,0.0175220301232796,6.27,0.01,0.0016
2013-11-25,16.71,16.71,16.39,16.42,2969073.0,0.0098083577270453,6.28,-0.11,-0.0175
2013-11-26,16.45,16.55,16.34,16.47,2057233.0,0.0067960865872555,6.17,0.02,0.0032
2013-11-27,16.47,16.69,16.37,16.66,2886266.0,0.0095348041033036,6.19,0.07,0.0113
2013-11-28,16.74,16.9,16.61,16.77,4148663.0,0.0137051432527785,6.26,0.04,0.0064
2013-11-29,16.77,17.06,16.66,16.9,3135935.0,0.010359587753067,6.3,0.05,0.0079
2013-12-02,16.23,16.47,15.43,15.73,4201193.0,0.0138786765513541,6.35,-0.44,-0.0693
2013-12-03,15.51,16.13,15.44,16.1,1820593.0,0.0060143443490121,5.91,0.14,0.0237
2013-12-04,16.13,16.61,16.02,16.55,3439334.0,0.0113618689115389,6.05,0.17,0.0281
2013-12-05,16.53,16.95,16.31,16.85,5941736.0,0.0196285750494054,6.22,0.11,0.0177
2013-12-06,17.01,17.01,16.42,16.47,4094560.0,0.0135264135354202,6.33,-0.14,-0.0221
2013-12-09,16.5,17.09,16.5,17.03,6187791.0,0.0204414198196513,6.19,0.21,0.0339
2013-12-10,16.93,17.19,16.66,16.77,4222449.0,0.0139488959268447,6.4,-0.1,-0.0156
2013-12-11,16.77,17.4,16.63,17.19,8512576.0,0.0281213666981783,6.3,0.16,0.0254
2013-12-12,17.25,17.3,16.79,17.01,4791578.0,0.0158290183842028,6.46,-0.07,-0.0108
2013-12-13,16.95,16.95,16.61,16.82,3674065.0,0.0121373047521623,6.39,-0.07,-0.011
2013-12-16,16.82,17.27,16.69,16.71,4665948.0,0.0154139986183538,6.32,-0.04,-0.0063
2013-12-17,16.69,16.85,16.13,16.37,3818153.0,0.012613300676875,6.28,-0.13,-0.0207
2013-12-18,16.29,16.5,16.1,16.23,2152918.0,0.007112182792742,6.15,-0.05,-0.0081
2013-12-19,16.32,16.42,16.0,16.08,1953910.0,0.006454758184272,6.1,-0.06,-0.0098
2013-12-20,16.08,16.29,15.86,16.18,1998123.0,0.0066008162031169,6.04,0.04,0.0066
2013-12-23,16.1,16.21,15.81,16.02,1524482.0,0.0050361391600817,6.08,-0.06,-0.0099
2013-12-24,16.08,16.26,15.97,16.26,1687731.0,0.0055754336100944,6.02,0.09,0.015
2013-12-25,16.21,16.26,15.94,16.05,2239152.0,0.007397057539922,6.11,-0.08,-0.0131
2013-12-26,16.05,16.1,15.49,15.52,2288451.0,0.0075599172027143,6.03,-0.2,-0.0332
2013-12-27,15.52,15.7,15.38,15.7,1641828.0,0.0054237926619787,5.83,0.07,0.012
2013-12-30,15.68,15.94,15.68,15.89,2207243.0,0.007291645888975,5.9,0.07,0.0119
2013-12-31,15.73,15.89,15.6,15.78,1042751.0,0.0034447367337327,5.97,-0.04,-0.0067
2014-01-02,15.84,16.02,15.65,15.97,1615985.0,0.0053384200932544,5.93,0.07,0.0118
2014-01-03,15.92,15.92,15.6,15.78,1965435.0,0.0064928311190918,6.0,-0.07,-0.0117
2014-01-06,15.65,15.7,14.74,14.9,2262000.0,0.0074725361008559,5.93,-0.33,-0.0556
2014-01-07,14.69,15.09,14.59,14.72,2016231.0,0.0066606361340251,5.6,-0.07,-0.0125
2014-01-08,14.72,14.88,14.29,14.32,2496137.0,0.0082460096574633,5.53,-0.15,-0.0271
2014-01-09,14.32,14.51,13.97,13.97,1727574.0,0.005707055297038,5.38,-0.13,-0.0242
2014-01-10,13.89,14.21,13.87,13.92,1246116.0,0.0041165547284943,5.25,-0.02,-0.0038
2014-01-13,13.92,14.08,13.92,14.0,917036.0,0.003029436169666,5.23,0.03,0.0057
2014-01-14,14.05,14.32,13.97,14.27,967571.0,0.0031963789688953,5.26,0.1,0.019
2014-01-15,14.37,14.37,14.1,14.32,1063616.0,0.0035136644374217,5.36,0.02,0.0037
2014-01-16,14.37,14.37,14.13,14.26,1316909.0,0.0043504200017869,5.38,-0.02,-0.0037
2014-01-17,14.18,14.24,13.89,13.92,1190491.0,0.0039327970712838,5.36,-0.13,-0.0243
2014-01-20,14.08,14.32,13.97,14.08,1474222.0,0.0048701048256746,5.23,0.06,0.0115
2014-01-21,14.08,14.34,14.0,14.24,1092447.0,0.0036089078893774,5.29,0.06,0.0113
2014-01-22,14.18,14.58,14.18,14.53,1838331.0,0.0060729419817959,5.35,0.11,0.0206
2014-01-23,14.53,14.61,14.37,14.37,1353532.0,0.00447140439154,5.46,-0.06,-0.011
2014-01-24,14.48,14.66,14.4,14.58,1468336.0,0.0048506603749718,5.4,0.08,0.0148
2014-01-27,14.53,14.56,14.32,14.4,1514002.0,0.0050015183915862,5.48,-0.07,-0.0128
2014-01-28,14.37,14.48,14.26,14.29,937742.0,0.0030978386155122,5.41,-0.04,-0.0074
2014-01-29,14.29,14.4,14.24,14.29,964241.0,0.003185378285776,5.37,0.0,0.0
2014-01-30,14.1,14.21,13.92,13.94,1831016.0,0.0060487768175264,5.37,-0.13,-0.0242
2014-02-07,13.89,14.24,13.84,14.21,1555567.0,0.0051388287200707,5.24,0.1,0.0191
2014-02-10,14.32,14.58,14.24,14.53,2380474.0,0.007863915960278,5.34,0.12,0.0225
2014-02-11,14.5,14.85,14.45,14.8,2676562.0,0.0088420451685141,5.46,0.1,0.0183
2014-02-12,14.8,15.25,14.77,15.2,3020319.0,0.0099776493207785,5.56,0.15,0.027
2014-02-13,15.17,15.17,14.8,14.82,2892237.0,0.0095545293522242,5.71,-0.14,-0.0245
2014-02-14,14.8,15.12,14.8,15.09,1900979.0,0.0062799001788103,5.57,0.1,0.018
2014-02-17,15.12,15.33,14.96,15.25,2803111.0,0.0092601008586234,5.67,0.06,0.0106
2014-02-18,15.25,15.46,15.09,15.22,2827591.0,0.0093409707453383,5.73,-0.01,-0.0017
2014-02-19,15.23,15.33,14.99,15.2,2892070.0,0.009553977666314,5.72,-0.01,-0.0017
2014-02-20,15.23,15.46,14.93,15.31,4280384.0,0.0141402846885614,5.71,0.04,0.007
2014-02-21,15.31,15.31,14.85,15.01,2626853.0,0.0086778310672597,5.75,-0.11,-0.0191
2014-02-24,15.04,15.04,14.4,14.83,2344111.0,0.0077437904827203,5.64,-0.07,-0.0124
2014-02-25,14.8,14.88,14.16,14.32,2700647.0,0.0089216101693935,5.57,-0.19,-0.0341
2014-02-26,14.32,14.45,14.13,14.37,2008987.0,0.006636705518855,5.38,0.02,0.0037
2014-02-27,14.35,14.43,14.05,14.08,2334458.0,0.0077119017157081,5.4,-0.11,-0.0204
2014-02-28,14.08,14.32,13.95,14.27,2376892.0,0.0078520827930307,5.29,0.07,0.0132
2014-03-03,14.21,14.75,14.19,14.69,3031452.0,0.0100144272802881,5.36,0.16,0.0299
2014-03-04,14.59,14.88,14.45,14.8,1930203.0,0.0063764419095845,5.52,0.04,0.0072
2014-03-05,14.75,14.96,14.61,14.64,1946686.0,0.0064308936392708,5.56,-0.06,-0.0108
2014-03-06,14.75,14.8,14.43,14.53,1693400.0,0.0055941611994648,5.5,-0.04,-0.0073
2014-03-07,14.59,14.83,14.4,14.45,1449596.0,0.0047887526267269,5.46,-0.03,-0.0055
2014-03-10,14.37,14.77,14.0,14.72,3928315.0,0.0129772217741086,5.43,0.1,0.0184
2014-03-11,14.67,15.14,14.45,15.04,6355325.0,0.0209948698033474,5.53,0.12,0.0217
2014-03-12,14.93,15.76,14.88,15.57,10379374.0,0.0342883496548563,5.65,0.2,0.0354
2014-03-13,15.41,15.76,15.28,15.44,6755336.0,0.0223163095196337,5.85,-0.05,-0.0085
2014-03-14,15.44,15.52,15.04,15.09,3110618.0,0.0102759528297843,5.8,-0.13,-0.0224
2014-03-17,15.12,15.23,14.88,14.91,4676877.0,0.0154501026621408,5.67,-0.07,-0.0123
2014-03-18,14.91,15.23,14.88,15.23,4916511.0,0.0162417356046662,5.6,0.12,0.0214
2014-03-19,15.17,15.22,14.64,14.91,4255459.0,0.0140579447405889,5.72,-0.12,-0.021
2014-03-20,14.69,14.88,14.27,14.29,3675137.0,0.0121408461132145,5.6,-0.23,-0.0411
2014-03-21,14.27,14.59,14.16,14.53,2664461.0,0.0088020694128305,5.37,0.09,0.0168
2014-03-24,14.56,14.75,14.48,14.64,2177961.0,0.0071949125547109,5.46,0.04,0.0073
2014-03-25,14.64,14.77,14.56,14.72,2021706.0,0.0066787228427572,5.5,0.03,0.0055
2014-03-26,14.69,14.83,14.59,14.83,2341840.0,0.0077362882150434,5.53,0.04,0.0072
2014-03-27,14.77,14.83,14.53,14.69,1973646.0,0.0065199562269274,5.57,-0.05,-0.009
2014-03-28,14.69,14.72,14.21,14.29,1862740.0,0.0061535773194112,5.52,-0.15,-0.0272
2014-03-31,14.27,14.53,14.24,14.35,1148968.0,0.0037956254901539,5.37,0.02,0.0037
2014-04-01,14.35,14.53,14.32,14.45,1857369.0,0.0061358341755573,5.39,0.04,0.0074
2014-04-02,14.4,14.56,14.4,14.53,1835349.0,0.0060630909196152,5.43,0.03,0.0055
2014-04-03,14.53,14.61,14.42,14.56,1408705.0,0.0046536688629337,5.46,0.01,0.0018
2014-04-04,14.56,14.64,14.53,14.61,990807.0,0.0032731392911055,5.47,0.02,0.0037
2014-04-08,14.64,14.8,14.58,14.74,1787698.0,0.0059056754387391,5.49,0.05,0.0091
2014-04-09,14.74,14.93,14.69,14.88,2252972.0,0.0074427120266213,5.54,0.05,0.009
2014-04-10,14.82,14.9,14.64,14.82,2466826.0,0.0081491805214544,5.59,-0.02,-0.0036
2014-04-11,14.8,14.82,14.64,14.74,1383650.0,0.0045708994588635,5.57,-0.03,-0.0054
2014-04-14,14.74,15.25,14.74,15.12,4724138.0,0.0156062297747237,5.54,0.14,0.0253
2014-04-15,15.09,16.63,14.96,15.76,19158400.0,0.0632899361780007,5.68,0.24,0.0423
2014-04-16,15.17,16.13,15.06,15.54,12407549.0,0.0409884428937394,5.92,-0.08,-0.0135
2014-04-17,15.94,15.94,15.3,15.38,6859847.0,0.022661562490649,5.84,-0.06,-0.0103
2014-04-18,15.22,15.78,15.12,15.65,5558545.0,0.0183627003451512,5.78,0.1,0.0173
2014-04-21,15.44,15.73,15.22,15.25,3543308.0,0.0117053478985196,5.88,-0.15,-0.0255
2014-04-22,15.3,15.41,14.88,15.14,3004010.0,0.0099237724015615,5.73,-0.04,-0.007
2014-04-23,15.65,16.66,15.49,15.86,11908306.0,0.039339189427515,5.69,0.27,0.0475
2014-04-24,15.68,15.92,15.41,15.62,5592347.0,0.0184743655375832,5.96,-0.09,-0.0151
2014-04-25,15.62,15.62,14.9,14.93,4322082.0,0.014278034383669,5.87,-0.26,-0.0443
2014-04-28,14.96,15.04,13.87,14.08,4037439.0,0.0133377138295771,5.61,-0.32,-0.057
2014-04-29,14.03,14.8,13.95,14.56,3094433.0,0.0102224855456144,5.29,0.18,0.034
2014-04-30,14.48,14.53,14.11,14.37,1906493.0,0.0062981157243718,5.47,-0.07,-0.0128
2014-05-05,14.32,14.43,14.03,14.37,1841694.0,0.0060840516806939,5.4,0.0,0.0
2014-05-06,14.37,14.72,14.29,14.56,3763356.0,0.0124322783246563,5.4,0.07,0.013
2014-05-07,14.43,14.48,14.13,14.16,2477852.0,0.0081856050055605,5.47,-0.15,-0.0274
2014-05-08,14.24,14.4,14.05,14.11,2487173.0,0.0082163970077692,5.32,-0.02,-0.0038
2014-05-09,14.11,14.19,13.92,14.08,1673133.0,0.0055272089938255,5.3,-0.01,-0.0019
2014-05-12,14.11,14.4,14.11,14.37,2156972.0,0.0071255752159749,5.29,0.11,0.0208
2014-05-13,14.4,14.59,14.35,14.48,2390366.0,0.0078965942658083,5.4,0.04,0.0074
2014-05-14,14.51,14.77,14.4,14.61,2866604.0,0.0094698505202731,5.44,0.05,0.0092
2014-05-15,14.69,14.72,14.37,14.51,2658655.0,0.0087828892428032,5.49,-0.04,-0.0073
2014-05-16,14.45,14.48,14.08,14.29,1956119.0,0.0064620556344253,5.45,-0.08,-0.0147
2014-05-19,14.24,14.32,14.11,14.19,1090007.0,0.0036008473287734,5.37,-0.04,-0.0074
2014-05-20,14.24,14.43,14.24,14.27,1420598.0,0.004692957488861,5.33,0.03,0.0056
2014-05-21,14.16,14.35,14.03,14.35,1548011.0,0.0051138674102661,5.36,0.03,0.0056
2014-05-22,14.32,14.45,14.05,14.21,1733250.0,0.0057258060109675,5.39,-0.05,-0.0093
2014-05-23,14.24,14.37,14.16,14.37,1429378.0,0.0047219622930014,5.34,0.06,0.0112
2014-05-26,14.37,14.69,14.32,14.66,2943453.0,0.009723721840704,5.4,0.11,0.0204
2014-05-27,14.77,15.94,14.69,15.38,10097077.0,0.0333557791315746,5.51,0.27,0.049
2014-05-28,15.14,15.54,15.01,15.22,6499450.0,0.0214709879578726,5.78,-0.06,-0.0104
2014-05-29,15.2,16.37,15.09,15.54,12261995.0,0.0405076040256474,5.72,0.12,0.021
2014-05-30,15.41,17.09,15.28,17.09,17216052.0,0.0568733731583609,5.84,0.58,0.0993
2014-06-03,17.22,17.22,16.05,16.21,23932788.0,0.0790621672520472,6.42,-0.33,-0.0514
2014-06-04,16.15,16.23,15.49,15.76,11549030.0,0.0381523181277046,6.09,-0.17,-0.0279
2014-06-05,15.7,15.92,15.49,15.78,8685110.0,0.0286913342240957,5.92,0.01,0.0017
2014-06-06,15.7,15.76,15.17,15.33,8399771.0,0.0277487144281266,5.93,-0.17,-0.0287
2014-06-09,15.2,15.41,15.06,15.25,3943287.0,0.0130266819025357,5.76,-0.03,-0.0052
2014-06-10,15.33,15.44,15.22,15.38,4669711.0,0.0154264297206294,5.73,0.05,0.0087
2014-06-11,15.38,15.54,15.09,15.52,5277736.0,0.0174350454424344,5.78,0.05,0.0087
2014-06-12,15.41,15.89,15.2,15.6,7691053.0,0.0254074585305464,5.83,0.03,0.0051
2014-06-13,15.76,16.16,15.57,15.81,9377606.0,0.0309790006076935,5.86,0.08,0.0137
2014-06-16,15.62,15.68,15.41,15.57,4895021.0,0.0161707432081997,5.94,-0.09,-0.0152
2014-06-17,15.44,15.57,15.17,15.17,3567889.0,0.0117865514395873,5.85,-0.15,-0.0256
2014-06-18,15.12,15.17,14.8,14.82,4164681.0,0.0137580588510383,5.7,-0.13,-0.0228
2014-06-19,14.8,15.12,14.37,14.53,3448533.0,0.0113922578857174,5.57,-0.11,-0.0197
2014-06-20,14.51,14.69,14.32,14.69,1967875.0,0.0065008916796957,5.46,0.06,0.011
2014-06-23,14.61,14.9,14.59,14.77,1953766.0,0.006454282479056,5.52,0.03,0.0054
2014-06-24,14.72,14.9,14.69,14.77,2425685.0,0.0080132708805502,5.55,0.0,0.0
2014-06-25,14.72,14.77,14.51,14.59,1809504.0,0.005977711743874,5.55,-0.07,-0.0126
2014-06-26,14.64,14.91,14.64,14.77,2369014.0,0.007826057753507,5.48,0.07,0.0128
2014-06-27,14.75,15.09,14.61,15.09,3653926.0,0.0120707753956038,5.55,0.12,0.0216
2014-06-30,15.06,15.17,14.9,15.06,3079778.0,0.0101740726293641,5.67,-0.01,-0.0018
2014-07-01,15.09,15.28,14.98,15.17,3103346.0,0.0102519297163778,5.66,0.04,0.0071
2014-07-02,15.09,15.22,15.04,15.2,3279693.0,0.0108344935199931,5.7,0.01,0.0018
2014-07-03,15.17,15.44,15.15,15.28,3240889.0,0.010706304178323,5.71,0.03,0.0053
2014-07-04,15.28,15.36,15.09,15.17,2166089.0,0.007155693302461,5.74,-0.04,-0.007
2014-07-07,15.25,15.25,15.04,15.22,1936015.0,0.0063956419006624,5.7,0.02,0.0035
2014-07-08,15.17,15.41,15.07,15.38,2728793.0,0.0090145907180649,5.72,0.06,0.0105
2014-07-09,15.36,15.39,14.83,14.91,2943128.0,0.0097226482004596,5.78,-0.18,-0.0311
2014-07-10,14.83,15.04,14.83,14.93,2209243.0,0.0072982529058634,5.6,0.01,0.0018
2014-07-11,14.99,15.33,14.96,15.25,2254409.0,0.0074474591682557,5.61,0.12,0.0214
2014-07-14,15.31,15.52,15.2,15.44,3092295.0,0.0102154226445606,5.73,0.07,0.0122
2014-07-15,15.49,15.6,15.36,15.44,3220188.0,0.0106379182500189,5.8,0.0,0.0
2014-07-16,15.46,16.21,15.39,16.13,12037583.0,0.0397662570886601,5.8,0.26,0.0448
2014-07-17,15.97,16.02,15.6,15.73,5793373.0,0.0191384566260936,6.06,-0.15,-0.0248
2014-07-18,16.1,16.69,15.89,16.05,12156097.0,0.04015776908842,5.91,0.12,0.0203
2014-07-21,16.05,16.08,15.54,15.7,5878320.0,0.0194190797579059,6.03,-0.13,-0.0216
2014-07-22,15.68,16.02,15.52,16.0,4990386.0,0.016485782290984,5.9,0.11,0.0186
2014-07-23,16.0,16.08,15.68,15.73,4310547.0,0.0142399284137648,6.01,-0.1,-0.0166
2014-07-24,15.84,16.34,15.73,16.16,7724344.0,0.0255174356301634,5.91,0.16,0.0271
2014-07-25,15.97,16.26,15.94,16.16,4428585.0,0.0146298679435052,6.07,0.0,0.0
2014-07-28,16.16,16.42,16.02,16.34,5905398.0,0.0195085321595589,6.07,0.07,0.0115
2014-07-29,16.39,16.39,16.18,16.26,5114697.0,0.0168964447291951,6.14,-0.03,-0.0049
2014-07-30,16.21,16.37,16.1,16.26,4703284.0,0.0155373384096277,6.11,0.0,0.0
2014-07-31,16.29,16.87,16.21,16.47,6566816.0,0.0216935321077268,6.11,0.08,0.0131
2014-08-01,16.31,16.42,15.94,16.02,6061125.0,0.020022977619054,6.19,-0.17,-0.0275
2014-08-04,16.02,16.34,15.97,16.31,4031818.0,0.0133191448086121,6.02,0.11,0.0183
2014-08-05,16.31,17.03,16.21,16.82,11773174.0,0.0388927797244288,6.13,0.19,0.031
2014-08-06,16.61,16.77,16.48,16.71,4439104.0,0.0146646175488301,6.32,-0.04,-0.0063
2014-08-07,16.82,16.98,16.53,16.71,5487064.0,0.0181265622580489,6.28,0.0,0.0
2014-08-08,16.71,16.87,16.61,16.71,3142040.0,0.010379755672119,6.28,0.0,0.0
2014-08-11,16.66,17.01,16.66,16.85,6027121.0,0.0199106451179163,6.28,0.05,0.008
2014-08-12,16.77,16.93,16.69,16.85,4781902.0,0.0157970536364964,6.33,0.0,0.0
2014-08-13,16.85,16.87,16.47,16.66,5329355.0,0.0176055692448173,6.33,-0.07,-0.0111
2014-08-14,16.61,17.11,16.4,16.79,7052266.0,0.0232972202819799,6.26,0.05,0.008
2014-08-15,16.79,17.14,16.71,16.98,5950533.0,0.0196576360131893,6.31,0.07,0.0111
2014-08-18,16.95,17.41,16.87,17.27,7231244.0,0.0238884756163119,6.38,0.11,0.0172
2014-08-19,17.33,17.51,17.06,17.38,6562631.0,0.0216797069248877,6.49,0.04,0.0062
2014-08-20,17.38,17.43,17.11,17.22,5420488.0,0.0179066278798656,6.53,-0.06,-0.0092
2014-08-21,17.19,17.33,16.79,17.27,4592240.0,0.0151705036179462,6.47,0.02,0.0031
2014-08-22,17.22,17.7,17.17,17.38,4675593.0,0.0154458609572984,6.49,0.04,0.0062
2014-08-25,17.43,17.86,17.33,17.73,7369195.0,0.0243441979097023,6.53,0.13,0.0199
2014-08-26,17.62,18.05,16.93,17.01,7977064.0,0.02635229828419,6.66,-0.27,-0.0405
2014-08-27,17.04,17.43,16.69,17.3,5458300.0,0.018031540141159,6.39,0.11,0.0172
2014-08-28,17.27,18.37,17.14,17.78,13017445.0,0.0430032394798435,6.5,0.18,0.0277
2014-08-29,17.67,17.83,17.25,17.78,8149914.0,0.0269233097187758,6.68,0.0,0.0
2014-09-01,17.7,18.29,17.7,18.18,7242208.0,0.0239246952828945,6.68,0.15,0.0225
2014-09-02,18.21,18.53,17.99,18.42,7568956.0,0.0250041100600308,6.83,0.09,0.0132
2014-09-03,18.5,18.9,18.21,18.61,9043029.0,0.0298737226629473,6.92,0.07,0.0101
2014-09-04,18.74,18.9,18.39,18.82,7633949.0,0.0252188149843469,6.99,0.08,0.0114
2014-09-05,18.69,18.85,18.53,18.74,5223955.0,0.0172573794547951,7.07,-0.03,-0.0042
2014-09-09,18.74,18.82,18.45,18.63,5394325.0,0.0178201981884392,7.04,-0.04,-0.0057
2014-09-10,18.61,19.01,18.37,19.01,6134798.0,0.020266356996666,7.0,0.14,0.02
2014-09-11,18.98,19.88,18.98,19.56,11007869.0,0.0363645881945148,7.14,0.21,0.0294
2014-09-12,19.38,20.18,19.35,19.96,6386236.0,0.0210969845528671,7.35,0.15,0.0204
2014-09-15,20.02,21.4,20.02,20.74,11474110.0,0.0379048192750626,7.5,0.29,0.0387
2014-09-16,20.92,21.93,20.5,21.53,16909840.0,0.0558617992306353,7.79,0.3,0.0385
2014-09-17,21.46,21.51,20.71,21.43,11332549.0,0.0374371713161885,8.09,-0.04,-0.0049
2014-09-18,21.38,21.38,20.58,20.6,11047763.0,0.036496378360389,8.05,-0.31,-0.0385
2014-09-19,20.6,21.99,20.47,21.83,15268978.0,0.0504411977578136,7.74,0.46,0.0594
2014-09-22,21.56,21.77,21.03,21.32,8454333.0,0.0279289604558609,8.2,-0.19,-0.0232
2014-09-23,21.32,22.57,21.08,22.17,10091750.0,0.0333381813420921,8.01,0.32,0.04
2014-09-24,22.04,22.33,21.69,22.25,6703358.0,0.0221445997577193,8.33,0.03,0.0036
2014-09-25,22.28,22.87,21.99,22.12,7004612.0,0.0231397948905784,8.36,-0.05,-0.006
2014-09-26,21.96,23.9,21.83,23.66,12835685.0,0.0424027937850197,8.31,0.58,0.0698
2014-09-29,23.96,25.4,23.82,24.49,14872030.0,0.0491298766878921,8.89,0.31,0.0349
2014-09-30,24.44,24.49,23.43,24.25,9346014.0,0.0308746361689233,9.2,-0.09,-0.0098
2014-10-08,24.25,24.49,23.77,24.22,5721713.0,0.0189017272109798,9.11,-0.01,-0.0011
2014-10-09,24.28,24.3,23.29,23.69,10831133.0,0.0357807393261148,9.1,-0.2,-0.022
2014-10-10,23.64,23.64,22.92,22.97,9146120.0,0.0302142846519717,8.9,-0.27,-0.0303
2014-10-13,22.79,22.81,22.07,22.71,7631574.0,0.0252109691517918,8.63,-0.1,-0.0116
2014-10-14,22.76,23.13,22.31,22.68,6235485.0,0.0205989773513905,8.53,-0.01,-0.0012
2014-10-15,22.79,22.92,22.47,22.89,4378034.0,0.0144628722881408,8.52,0.08,0.0094
2014-10-16,22.81,23.53,22.36,22.49,7019595.0,0.0231892913575984,8.6,-0.15,-0.0174
2014-10-17,22.36,22.47,20.98,21.38,9395920.0,0.0310395010613412,8.45,-0.42,-0.0497
2014-10-20,21.53,21.8,21.38,21.69,3879257.0,0.0128151582568514,8.03,0.12,0.0149
2014-10-21,21.67,22.15,21.56,21.61,4077612.0,0.0134704256743073,8.15,-0.03,-0.0037
2014-10-22,21.61,21.69,21.06,21.19,4263518.0,0.014084567715141,8.12,-0.16,-0.0197
2014-10-23,21.19,21.35,20.23,20.76,4872001.0,0.0160946964438134,7.96,-0.16,-0.0201
2014-10-24,20.84,20.95,20.58,20.84,3450373.0,0.0113983363412548,7.8,0.03,0.0038
2014-10-27,20.89,21.45,20.76,21.29,4021678.0,0.0132856472329876,7.83,0.17,0.0217
2014-10-28,21.45,21.83,21.32,21.64,5207517.0,0.0172030763829888,8.0,0.13,0.0163
2014-10-29,21.64,22.36,21.51,22.17,7139547.0,0.023585553802501,8.13,0.2,0.0246
2014-10-30,22.07,22.81,21.96,22.55,10181735.0,0.0336354475494465,8.33,0.14,0.0168
2014-10-31,22.57,22.62,22.09,22.23,5302528.0,0.0175169460237839,8.47,-0.12,-0.0142
2014-11-03,22.12,22.73,21.83,22.41,6625569.0,0.0218876231393509,8.35,0.07,0.0084
2014-11-04,22.28,22.49,21.96,22.36,6573380.0,0.0217152163371548,8.42,-0.02,-0.0024
2014-11-05,22.22,22.44,22.04,22.3,5374193.0,0.0177536919564399,8.4,-0.02,-0.0024
2014-11-06,22.23,22.52,21.8,22.07,6191072.0,0.0204522586308568,8.38,-0.09,-0.0107
2014-11-07,22.07,22.2,21.69,21.69,5381701.0,0.0177784946978392,8.29,-0.14,-0.0169
2014-11-10,21.69,22.76,21.59,22.73,9798630.0,0.0323698569469185,8.15,0.39,0.0479
2014-11-11,22.71,24.04,22.41,23.26,14446178.0,0.0477230710098984,8.54,0.2,0.0234
2014-11-12,23.03,24.65,22.73,24.52,19356472.0,0.0639442687025669,8.74,0.47,0.0538
2014-11-13,24.62,25.24,23.74,24.04,17302524.0,0.0571590341405506,9.21,-0.18,-0.0195
2014-11-14,23.69,24.23,23.16,23.19,7609989.0,0.0251396629220231,9.03,-0.32,-0.0354
2014-11-17,22.97,23.67,22.95,23.35,4701325.0,0.0155308668365854,8.71,0.06,0.0069
2014-11-18,23.21,23.93,23.13,23.43,5309106.0,0.01753867650233,8.77,0.03,0.0034
2014-11-19,23.45,23.85,22.55,23.0,6160830.0,0.0203523539284863,8.8,-0.16,-0.0182
2014-11-20,22.76,23.29,22.63,23.11,4275453.0,0.0141239950884229,8.64,0.04,0.0046
2014-11-21,23.85,24.3,23.03,23.35,7374769.0,0.0243626116657705,8.68,0.09,0.0104
2014-11-24,22.92,23.53,22.92,23.4,5232356.0,0.0172851322292351,8.77,0.02,0.0023
2014-11-25,23.4,23.85,23.21,23.75,7055515.0,0.0233079533809152,8.79,0.13,0.0148
2014-11-26,23.77,24.17,23.56,23.77,8502699.0,0.0280887379452747,8.92,0.01,0.0011
2014-11-27,23.96,24.7,23.96,24.3,9965649.0,0.0329216056237659,8.93,0.2,0.0224
2014-11-28,24.57,24.65,23.75,23.93,7265889.0,0.0240029256663624,9.13,-0.14,-0.0153
2014-12-01,23.93,24.49,23.24,24.44,8721885.0,0.0288128207471324,8.99,0.19,0.0211
2014-12-02,24.36,24.76,24.01,24.25,7896894.0,0.0260874560122158,9.18,-0.07,-0.0076
2014-12-03,24.57,25.29,24.36,24.65,13111719.0,0.0433146744349152,9.11,0.15,0.0165
2014-12-04,24.87,24.87,24.36,24.71,8468837.0,0.027976874542336,9.26,0.02,0.0022
2014-12-05,24.68,24.68,23.16,23.27,10929246.0,0.0361048564501038,9.28,-0.54,-0.0582
2014-12-08,23.19,23.83,22.76,23.4,7504599.0,0.0247915061670853,8.74,0.05,0.0057
2014-12-09,23.3,24.41,22.63,22.74,12909435.0,0.0426464275327819,8.79,-0.25,-0.0284
2014-12-10,22.6,23.37,22.5,23.35,5764521.0,0.0190431438004606,8.54,0.23,0.0269
2014-12-11,23.38,23.67,23.03,23.67,5547314.0,0.018325598641814,8.77,0.12,0.0137
2014-12-12,23.59,24.07,23.51,23.96,6726698.0,0.0222217036448077,8.89,0.11,0.0124
2014-12-15,23.99,24.31,23.69,24.07,5813020.0,0.0192033606564975,9.0,0.04,0.0044
2014-12-16,24.09,24.15,23.83,23.93,5397696.0,0.0178313343154047,9.04,-0.05,-0.0055
2014-12-17,23.83,23.83,23.03,23.14,5361219.0,0.0177108322378844,8.99,-0.3,-0.0334
2014-12-18,23.16,23.43,22.87,23.38,3571541.0,0.0117986158524257,8.69,0.09,0.0104
2014-12-19,23.38,23.56,22.15,22.71,5308758.0,0.0175375268813915,8.78,-0.25,-0.0285
2014-12-22,23.03,24.09,21.83,23.72,11191271.0,0.0369704582502041,8.53,0.38,0.0445
2014-12-23,23.75,23.75,22.39,22.5,4788698.0,0.0158195042798834,8.91,-0.46,-0.0516
2014-12-24,22.6,22.9,22.23,22.5,3143969.0,0.0103861281399079,8.45,0.0,0.0
2014-12-25,22.44,23.0,22.26,22.66,3103208.0,0.0102514738322125,8.45,0.06,0.0071
2014-12-26,22.63,22.63,22.31,22.44,3066641.0,0.0101306744389322,8.51,-0.08,-0.0094
2014-12-29,22.44,22.44,21.46,21.57,4976956.0,0.0164414161725779,8.43,-0.33,-0.0391
2014-12-30,21.73,21.99,21.17,21.33,2665291.0,0.0088048113248392,8.1,-0.09,-0.0111
2014-12-31,21.43,21.56,20.82,21.4,2853666.0,0.0094271097280216,8.01,0.03,0.0037
2015-01-05,21.38,21.83,21.11,21.72,2693518.0,0.0088980594576946,8.04,0.12,0.0149
2015-01-06,21.7,22.15,21.51,22.1,2860005.0,0.0094480506680496,8.16,0.14,0.0172
2015-01-07,22.07,22.23,21.78,22.04,2202064.0,0.0072745370187423,8.3,-0.02,-0.0024
2015-01-08,22.18,22.47,21.96,22.1,3435310.0,0.0113485755935593,8.28,0.02,0.0024
2015-01-09,21.91,22.18,21.8,21.8,2020260.0,0.0066739459695469,8.3,-0.11,-0.0133
2015-01-12,21.78,22.1,20.98,21.54,3037762.0,0.0100352724185712,8.19,-0.1,-0.0122
2015-01-13,21.54,21.72,21.16,21.62,2135181.0,0.0070535884634666,8.09,0.03,0.0037
2015-01-14,21.33,22.36,21.27,21.75,3083470.0,0.0101862691825402,8.12,0.05,0.0062
2015-01-15,21.73,22.31,21.73,22.04,2450025.0,0.0080936782760828,8.17,0.11,0.0135
2015-01-16,21.99,22.23,21.86,22.2,2516613.0,0.0083136522963674,8.28,0.06,0.0072
2015-01-19,21.99,22.55,21.06,21.67,4572250.0,0.015104466484146,8.34,-0.2,-0.024
2015-01-20,21.7,22.23,21.7,22.12,2690302.0,0.0088874353745379,8.14,0.17,0.0209
2015-01-21,22.1,22.74,22.1,22.6,4457261.0,0.0147245993516521,8.31,0.18,0.0217
2015-01-22,22.6,23.03,22.31,23.0,5126827.0,0.0169365162866236,8.49,0.15,0.0177
2015-01-23,22.84,23.0,22.63,22.82,4106366.0,0.0135654147561128,8.64,-0.07,-0.0081
2015-01-26,22.82,23.67,22.82,23.51,6082439.0,0.0200933885980344,8.57,0.26,0.0303
2015-01-27,23.64,24.63,23.64,24.01,10132492.0,0.0334727728831271,8.83,0.19,0.0215
2015-01-28,24.01,24.23,23.72,23.96,3497563.0,0.0115542289047382,9.02,-0.02,-0.0022
2015-01-29,23.75,24.23,23.75,23.83,4029636.0,0.0133119365531868,9.0,-0.05,-0.0056
2015-01-30,24.07,24.28,23.48,23.67,4332211.0,0.0143114956207007,8.95,-0.06,-0.0067
2015-02-02,23.91,24.76,23.67,23.77,7148396.0,0.0236147865487241,8.89,0.04,0.0045
2015-02-03,23.61,24.87,22.68,24.57,9968039.0,0.0329295010089476,8.93,0.3,0.0336
2015-02-04,23.96,24.33,23.51,23.64,8441393.0,0.0278862130565925,9.23,-0.35,-0.0379
2015-02-05,24.15,24.15,23.13,23.16,5233513.0,0.0172889543885051,8.88,-0.18,-0.0203
2015-02-06,22.74,23.16,22.52,22.63,3114070.0,0.0102873565409338,8.7,-0.2,-0.023
2015-02-09,22.63,22.63,21.96,22.36,2119708.0,0.007002473277309,8.5,-0.1,-0.0118
2015-02-10,22.36,22.58,22.15,22.47,1202247.0,0.0039716331165542,8.4,0.04,0.0048
2015-02-11,22.31,23.22,22.31,23.06,2402278.0,0.007935945658396,8.44,0.22,0.0261
2015-02-12,22.9,23.24,22.84,23.19,1802070.0,0.0059531534620996,8.66,0.05,0.0058
2015-02-13,23.3,23.88,23.22,23.72,4125972.0,0.0136301833426704,8.71,0.2,0.023
2015-02-16,23.8,24.2,23.62,23.8,3390360.0,0.011200082888991,8.91,0.03,0.0034
2015-02-17,23.78,24.1,23.7,23.88,3082575.0,0.0101833125424827,8.94,0.03,0.0034
2015-02-25,23.99,24.18,23.43,23.75,2389194.0,0.0078927225539117,8.97,-0.05,-0.0056
2015-02-26,23.59,24.63,23.59,24.47,7665909.0,0.0253243951142246,8.92,0.27,0.0303
2015-02-27,24.66,24.66,24.36,24.44,6141970.0,0.020290049759228,9.19,-0.01,-0.0011
2015-03-02,24.6,25.24,24.23,25.16,9643884.0,0.0318586522292071,9.18,0.27,0.0294
2015-03-03,25.03,25.75,24.58,25.3,10168246.0,0.0335908865240422,9.45,0.05,0.0053
2015-03-04,25.14,25.72,25.03,25.64,7112849.0,0.0234973567340569,9.5,0.13,0.0137
2015-03-05,25.56,26.36,25.14,25.3,8268880.0,0.0273163149043524,9.63,-0.13,-0.0135
2015-03-06,25.29,25.53,24.92,25.06,4800683.0,0.0158590968285876,9.5,-0.09,-0.0095
2015-03-09,25.05,25.83,24.92,25.32,5854534.0,0.0193405025060514,9.41,0.1,0.0106
2015-03-10,25.29,26.23,25.16,26.01,7209671.0,0.0238172090286445,9.51,0.26,0.0273
2015-03-11,25.99,26.33,25.77,26.09,5962471.0,0.0196970732969966,9.77,0.03,0.0031
2015-03-12,26.01,27.42,25.96,26.84,8224101.0,0.0271683870997281,9.8,0.28,0.0286
2015-03-13,27.16,27.16,26.17,26.57,6617731.0,0.021861730240165,10.08,-0.1,-0.0099
2015-03-16,26.65,27.11,26.23,26.84,6060300.0,0.0200202522245875,9.98,0.1,0.01
2015-03-17,26.89,27.0,26.49,26.87,7891271.0,0.0260688803842339,10.08,0.01,0.001
2015-03-18,26.79,27.77,26.6,27.27,8003223.0,0.0264387147615827,10.09,0.15,0.0149
2015-03-19,27.42,27.69,27.0,27.66,7911833.0,0.0261368071248643,10.24,0.15,0.0146
2015-03-20,27.67,27.75,27.13,27.35,5413572.0,0.0178837808154653,10.39,-0.12,-0.0115
2015-03-23,27.66,27.88,27.19,27.5,6728255.0,0.0222268472074554,10.27,0.06,0.0058
2015-03-24,27.5,27.61,26.09,26.89,9198200.0,0.0303863313717474,10.33,-0.23,-0.0223
2015-03-25,26.86,27.1,26.49,26.89,5668888.0,0.0187272193774132,10.1,0.0,0.0
2015-03-26,26.89,29.58,26.6,28.91,17643088.0,0.0582840901903525,10.1,0.76,0.0752
2015-03-27,29.63,29.82,28.52,28.73,11793176.0,0.0389588565003304,10.86,-0.07,-0.0064
2015-03-30,29.29,30.09,28.76,29.69,12555332.0,0.0414766452821535,10.79,0.36,0.0334
2015-03-31,29.74,30.03,28.97,29.39,7799460.0,0.0257655819704604,11.15,-0.11,-0.0099
2015-04-01,29.63,31.29,29.26,30.67,10600568.0,0.0350190659016701,11.04,0.48,0.0435
2015-04-02,30.41,30.65,29.29,30.33,9661572.0,0.0319170846865687,11.52,-0.13,-0.0113
2015-04-03,30.09,30.86,29.55,30.3,8345561.0,0.0275696312353647,11.39,-0.01,-0.0009
2015-04-07,30.25,30.59,30.11,30.35,10831165.0,0.035780845038385,11.38,0.02,0.0018
2015-04-08,30.35,30.43,28.75,29.37,8908948.0,0.029430784947236,11.4,-0.37,-0.0325
2015-04-09,29.39,29.5,27.34,28.7,9995918.0,0.0330215995208644,11.03,-0.25,-0.0227
2015-04-10,28.43,29.55,28.11,28.89,6538769.0,0.0216008786063914,10.78,0.07,0.0065
2015-04-13,28.91,31.07,28.91,30.75,14131804.0,0.046684533846251,10.85,0.7,0.0645
2015-04-14,30.62,31.18,30.08,30.99,13044285.0,0.0430919056464867,11.55,0.09,0.0078
2015-04-15,30.62,30.94,29.42,29.87,9617109.0,0.0317702007906128,11.64,-0.42,-0.0361
2015-04-16,29.66,32.16,29.07,31.47,20821208.0,0.0687830364471395,11.22,0.6,0.0535
2015-04-17,31.36,32.38,30.46,31.79,22509544.0,0.0743604686798427,11.82,0.12,0.0102
2015-04-20,32.78,32.96,31.1,31.23,24413406.0,0.0806498928734978,11.94,-0.21,-0.0176
2015-04-21,30.38,31.28,29.82,31.28,11344403.0,0.0374763311052864,11.73,0.02,0.0017
2015-04-22,31.26,31.82,31.02,31.63,12273185.0,0.0405445702851384,11.75,0.13,0.0111
2015-04-23,31.55,33.63,31.1,32.88,18398572.0,0.0607798379638357,11.88,0.47,0.0396
2015-04-24,32.22,32.59,31.15,31.55,12057533.0,0.0398321620821226,12.35,-0.5,-0.0405
2015-04-27,31.68,32.27,31.15,31.63,10064827.0,0.0332492409842481,11.85,0.03,0.0025
2015-04-28,31.53,31.53,29.88,30.01,11272044.0,0.0372372925377701,11.88,-0.61,-0.0513
2015-04-29,29.82,30.49,29.71,30.38,6032116.0,0.0199271461425952,11.27,0.14,0.0124
2015-04-30,30.51,32.48,30.17,32.4,16662032.0,0.0550431634100867,11.41,0.76,0.0666
2015-05-04,32.01,32.91,31.42,32.86,21829956.0,0.0721154439832431,12.17,0.17,0.014
2015-05-05,32.3,32.75,30.73,31.05,10498997.0,0.0346835252454809,12.34,-0.68,-0.0551
2015-05-06,31.42,31.95,29.37,29.77,8071664.0,0.0266648101830145,11.66,-0.48,-0.0412
2015-05-07,29.29,29.55,28.14,28.33,5853646.0,0.0193375689905529,11.18,-0.54,-0.0483
2015-05-08,28.57,29.66,28.38,29.5,5810997.0,0.0191966776589148,10.64,0.44,0.0414
2015-05-11,29.53,30.33,29.29,30.2,6739516.0,0.0222640480160459,11.08,0.26,0.0235
2015-05-12,30.22,30.73,29.72,30.41,6823200.0,0.0225404988166931,11.34,0.08,0.0071
2015-05-13,30.52,31.69,29.93,31.58,12472264.0,0.0412022294427079,11.42,0.44,0.0385
2015-05-14,32.22,32.91,31.55,31.58,12906486.0,0.0426366854863798,11.86,0.0,0.0
2015-05-15,31.79,33.15,31.79,32.7,16049967.0,0.053021201514167,11.86,0.42,0.0354
2015-05-18,33.98,35.97,33.52,34.46,23414852.0,0.0773511613024748,12.28,0.66,0.0537
2015-05-19,33.9,34.91,33.74,34.75,11808625.0,0.0390098924022853,12.94,0.11,0.0085
2015-05-20,34.94,36.45,33.44,33.98,19068200.0,0.0629919597163309,13.05,-0.29,-0.0222
2015-05-21,34.08,35.15,33.55,34.62,10394981.0,0.0343399075111455,12.76,0.24,0.0188
2015-05-22,35.36,35.89,34.69,35.55,13865714.0,0.0458055032843249,13.0,0.35,0.0269
2015-05-25,35.44,37.22,35.28,36.74,13071036.0,0.0431802778008784,13.35,0.45,0.0337
2015-05-26,36.96,38.29,36.5,37.22,14125238.0,0.0466628430098061,13.8,0.18,0.013
2015-05-27,38.05,40.95,37.22,40.95,18607102.0,0.0614687185797117,13.98,1.4,0.1001
2015-05-28,41.06,42.6,36.85,36.85,20440268.0,0.0675245979403933,15.38,-1.54,-0.1001
2015-05-29,35.49,37.81,33.55,35.65,16228723.0,0.0536117234696244,13.84,-0.45,-0.0325
2015-06-01,35.68,38.21,35.68,37.81,11626280.0,0.0384075141550216,13.39,0.81,0.0605
2015-06-02,37.81,40.87,36.77,40.77,14809814.0,0.0489243456065257,14.2,1.11,0.0782
2015-06-03,40.76,42.6,38.61,40.18,12335935.0,0.040751865440014,15.31,-0.22,-0.0144
2015-06-04,40.21,40.21,36.21,38.9,14124209.0,0.046659443699617,15.09,-0.48,-0.0318
2015-06-05,39.09,42.28,38.74,41.59,23119748.0,0.0763762827465477,14.61,1.01,0.0691
2015-06-08,42.52,42.55,39.54,41.11,18792494.0,0.062081162617205,15.62,-0.18,-0.0115
2015-06-09,40.69,42.26,40.02,41.64,15427752.0,0.0509657090075383,15.44,0.2,0.013
2015-06-10,41.27,44.39,40.47,43.14,18691262.0,0.0617467418503784,15.64,0.56,0.0358
2015-06-11,42.87,45.4,42.63,44.09,16537956.0,0.05463327729636,16.2,0.36,0.0222
2015-06-12,43.93,47.93,43.37,46.99,17221612.0,0.0568917406653108,16.56,1.09,0.0658
2015-06-15,46.86,47.05,44.09,44.65,15362032.0,0.0507486024325833,17.65,-0.88,-0.0499
2015-06-16,43.56,43.9,40.73,41.43,13316055.0,0.0439897001363761,16.77,-1.21,-0.0722
2015-06-17,41.53,43.32,38.71,42.81,13119640.0,0.0433408415253019,15.56,0.52,0.0334
2015-06-18,42.6,44.49,41.53,42.06,12468425.0,0.0411895472737905,16.08,-0.28,-0.0174
2015-06-19,40.52,42.04,38.18,38.82,11303157.0,0.0373400745959956,15.8,-1.22,-0.0772
2015-06-23,38.79,40.58,35.94,40.36,11076711.0,0.0365920083228327,14.58,0.58,0.0398
2015-06-24,40.81,42.2,40.02,41.08,11956787.0,0.0394993468203998,15.16,0.27,0.0178
2015-06-25,41.24,44.06,39.94,41.85,27586448.0,0.0911320639144049,15.43,0.29,0.0188
2015-06-26,40.2,42.25,37.67,38.87,22664436.0,0.0748721557097869,15.72,-1.12,-0.0712
2015-06-29,39.67,40.58,34.99,34.99,18472286.0,0.061023352785294,14.6,-1.46,-0.1
2015-06-30,34.24,36.85,31.5,35.84,17378736.0,0.0574108011261026,13.14,0.32,0.0244
2015-07-01,35.15,37.55,32.25,32.41,14180419.0,0.0468451339092674,13.46,-1.29,-0.0958
2015-07-02,31.95,31.95,29.16,29.16,12990378.0,0.0429138234167835,12.17,-1.22,-0.1002
2015-07-03,26.9,28.44,26.26,26.26,9547864.0,0.0315414493483918,10.95,-1.09,-0.0995
2015-07-13,28.71,28.89,27.3,28.89,12987213.0,0.0429033678125575,9.86,0.99,0.1004
2015-07-14,31.11,31.8,28.89,30.2,30946808.0,0.102233041550069,10.85,0.49,0.0452
2015-07-15,29.3,29.3,27.19,27.19,10920399.0,0.0360756303108977,11.34,-1.13,-0.0996
2015-07-16,24.48,27.59,24.48,25.78,17421668.0,0.0575526273506304,10.21,-0.53,-0.0519
2015-07-17,25.7,28.36,25.35,27.67,15464167.0,0.0510860062675351,9.68,0.71,0.0733
2015-07-20,27.64,28.89,26.76,27.72,16947496.0,0.0559861961446114,10.39,0.02,0.0019
2015-07-21,27.72,29.77,26.95,29.4,19081078.0,0.0630345022980757,10.41,0.63,0.0605
2015-07-22,29.03,31.74,28.12,30.81,22856512.0,0.0755066803977215,11.04,0.53,0.048
2015-07-23,30.33,31.9,29.69,31.18,24126496.0,0.0797020832657628,11.57,0.14,0.0121
2015-07-24,31.21,31.56,29.32,29.67,19602320.0,0.0647564296465648,11.71,-0.57,-0.0487
2015-07-27,28.63,30.28,26.71,26.71,12778367.0,0.0422134432880131,11.14,-1.11,-0.0996
2015-07-28,24.45,26.68,24.05,25.03,14382532.0,0.0475128159114567,10.03,-0.63,-0.0628
2015-07-29,25.57,26.36,23.97,26.34,10640669.0,0.0351515398937923,9.4,0.49,0.0521
2015-07-30,25.91,27.14,25.57,25.99,17130718.0,0.0565914715687807,9.89,-0.13,-0.0131
2015-07-31,25.3,26.21,24.5,24.87,8859839.0,0.0292685529510482,9.76,-0.42,-0.043
2015-08-03,24.9,27.35,24.5,27.35,31619516.0,0.1044553381085724,9.34,0.93,0.0996
2015-08-04,27.38,29.8,26.47,29.56,32676422.0,0.1079468360043333,10.27,0.83,0.0808
2015-08-05,28.74,29.59,27.8,27.99,22274988.0,0.0735856109531971,11.1,-0.59,-0.0532
2015-08-06,27.56,29.13,27.22,28.31,16138066.0,0.0533122373045955,10.51,0.12,0.0114
2015-08-07,28.28,29.24,27.8,29.14,16575170.0,0.0547562140596037,10.63,0.31,0.0292
2015-08-10,29.64,31.21,28.89,30.73,22222536.0,0.0734123353282802,10.94,0.6,0.0548
2015-08-11,30.36,33.8,30.33,32.84,34946348.0,0.1154455557131182,11.54,0.79,0.0685
2015-08-12,32.22,33.32,30.89,30.95,22297168.0,0.0736588827704902,12.33,-0.71,-0.0576
2015-08-13,30.92,32.22,30.04,32.06,15303659.0,0.0505557667341681,11.62,0.42,0.0361
2015-08-14,32.17,35.26,32.09,34.46,28886574.0,0.0954270411339723,12.04,0.9,0.0748
2015-08-17,33.82,37.55,33.02,36.67,32230412.0,0.1064734382031208,12.94,0.83,0.0641
2015-08-18,35.95,36.72,33.0,33.0,22233672.0,0.0734491231983152,13.77,-1.38,-0.1002
2015-08-19,31.43,36.3,30.63,36.3,29819902.0,0.0985102980632118,12.39,1.24,0.1001
2015-08-20,36.27,37.1,33.72,33.85,30519980.0,0.1008230116478338,13.63,-0.92,-0.0675
2015-08-21,32.44,33.26,30.47,30.47,18267388.0,0.0603464705120874,12.71,-1.27,-0.0999
2015-08-24,28.28,29.0,27.43,27.43,8577369.0,0.0283354109208056,11.44,-1.14,-0.0997
2015-08-25,24.69,25.46,24.69,24.69,9139383.0,0.0301920289155829,10.3,-1.03,-0.1
2015-08-26,24.61,25.38,22.21,22.21,17160582.0,0.0566901275449593,9.27,-0.93,-0.1003
2015-08-27,22.85,24.15,21.76,24.07,14950680.0,0.049389697627031,8.34,0.7,0.0839
2015-08-28,24.5,26.31,24.07,26.07,16854044.0,0.0556774766734809,9.04,0.75,0.083
2015-08-31,25.51,25.97,23.65,23.84,9793442.0,0.0323527183451098,9.79,-0.84,-0.0858
2015-09-01,23.97,24.77,21.47,21.47,10213530.0,0.0337404826004309,8.95,-0.89,-0.0994
2015-09-02,19.97,21.84,19.31,19.31,11251371.0,0.0371689991077025,8.06,-0.81,-0.1005
2015-09-07,19.92,20.93,19.52,20.08,8031010.0,0.0265305093507227,7.25,0.29,0.04
2015-09-08,20.24,21.71,19.79,21.47,7081182.0,0.0233927445321534,7.54,0.52,0.069
2015-09-09,21.57,23.04,21.31,22.98,11319819.0,0.0373951176536934,8.06,0.57,0.0707
2015-09-10,22.59,25.28,22.27,23.7,16752623.0,0.0553424315435583,8.63,0.27,0.0313
2015-09-11,23.12,24.9,22.74,24.32,13879990.0,0.0458526641708748,8.9,0.23,0.0258
2015-09-14,24.66,24.71,21.89,21.89,12127454.0,0.0400631466960518,9.13,-0.91,-0.0997
2015-09-15,20.8,21.73,19.71,19.71,8071876.0,0.0266655105268047,8.22,-0.82,-0.0998
2015-09-16,20.18,21.68,19.57,21.65,9942443.0,0.032844944406809,7.4,0.73,0.0986
2015-09-17,22.31,22.63,20.24,20.72,11358407.0,0.0375225934375395,8.13,-0.35,-0.0431
2015-09-18,21.17,21.7,20.61,21.33,7122759.0,0.0235300945027392,7.78,0.23,0.0296
2015-09-21,20.85,22.63,20.77,22.23,8881068.0,0.0293386831318108,8.01,0.34,0.0424
2015-09-22,22.31,24.04,22.23,22.95,11749371.0,0.0388141463129307,8.35,0.27,0.0323
2015-09-23,22.47,24.07,22.37,23.59,14842490.0,0.0490322910484494,8.62,0.24,0.0278
2015-09-24,23.59,23.86,22.82,23.4,9616736.0,0.0317689685819631,8.86,-0.07,-0.0079
2015-09-25,23.27,23.3,21.35,21.67,9105605.0,0.0300804430073536,8.79,-0.65,-0.0739
2015-09-28,21.7,23.57,20.93,23.41,11515395.0,0.0380412046211828,8.14,0.65,0.0799
2015-09-29,22.63,25.72,22.42,24.34,23903632.0,0.0789658501598472,8.79,0.35,0.0398
2015-09-30,24.02,24.52,23.38,23.99,14220903.0,0.0469788731451237,9.14,-0.13,-0.0142
2015-10-08,24.5,25.46,23.99,24.66,20849034.0,0.0688749598731088,9.01,0.25,0.0277
2015-10-09,24.68,24.82,23.96,24.63,11492422.0,0.0379653131216934,9.26,-0.01,-0.0011
2015-10-12,24.71,26.09,24.52,25.77,18032600.0,0.0595708463714828,9.25,0.43,0.0465
2015-10-13,25.32,25.69,25.03,25.53,12849040.0,0.0424469121402924,9.68,-0.09,-0.0093
2015-10-14,26.07,26.23,24.76,24.81,12319340.0,0.040697043717382,9.59,-0.27,-0.0282
2015-10-15,24.55,25.4,24.5,25.32,11159341.0,0.0368649772255797,9.32,0.19,0.0204
2015-10-16,25.43,25.96,24.84,25.69,13502269.0,0.0446048596578105,9.51,0.14,0.0147
2015-10-19,25.59,25.72,24.95,25.32,9699436.0,0.0320421687303012,9.65,-0.14,-0.0145
2015-10-20,25.19,25.85,25.06,25.77,10667789.0,0.0352411310427999,9.51,0.17,0.0179
2015-10-21,25.72,26.09,23.32,23.38,13423781.0,0.0443455738870395,9.68,-0.9,-0.093
2015-10-22,23.46,23.94,22.95,23.91,7296278.0,0.0241033159844742,8.78,0.2,0.0228
2015-10-23,23.91,25.88,23.91,25.43,12203945.0,0.0403158353604597,8.98,0.57,0.0635
2015-10-26,25.51,26.41,25.16,26.09,14229030.0,0.04700572075825,9.55,0.25,0.0262
2015-10-27,25.78,25.78,24.15,25.56,10382936.0,0.0343001167519347,9.8,-0.2,-0.0204
2015-10-28,25.56,26.28,25.08,25.3,11809570.0,0.0390130142177651,9.6,-0.1,-0.0104
2015-10-29,25.43,25.93,25.14,25.46,9739748.0,0.0321753397627051,9.5,0.06,0.0063
2015-10-30,25.4,26.2,24.84,25.67,10748413.0,0.0355074731076078,9.56,0.08,0.0084
2015-11-02,25.08,25.94,24.55,25.08,7410604.0,0.0244809928908696,9.64,-0.22,-0.0228
2015-11-03,25.24,26.31,25.19,25.86,11250282.0,0.0371654015870067,9.42,0.29,0.0308
2015-11-04,25.96,27.11,25.64,26.98,14689790.0,0.048527845309015,9.71,0.42,0.0433
2015-11-05,26.66,27.11,26.42,26.71,14708781.0,0.0485905822378794,10.13,-0.1,-0.0099
2015-11-06,26.87,27.88,26.87,27.67,17226176.0,0.0569068178778503,10.03,0.36,0.0359
2015-11-09,27.51,27.88,26.97,27.64,10070327.0,0.0332674102806913,10.39,-0.01,-0.001
2015-11-10,27.45,28.81,27.32,28.39,14339798.0,0.0473716437816009,10.38,0.28,0.027
2015-11-11,28.41,28.81,27.91,28.76,9783243.0,0.032319025862487,10.66,0.14,0.0131
2015-11-12,28.62,29.66,28.52,28.68,11547371.0,0.0381468376071956,10.8,-0.03,-0.0028
2015-11-13,28.11,29.42,28.01,28.8,8998700.0,0.0297272814371229,8.28,0.04,0.0043
2015-11-16,28.35,28.66,27.35,28.56,10202976.0,0.0259273979918775,8.32,-0.07,-0.0084
2015-11-17,28.73,29.08,28.04,28.11,12408642.0,0.0315323489610018,8.25,-0.13,-0.0158
2015-11-18,28.04,28.39,27.35,27.45,8790668.0,0.0223384969101624,8.12,-0.19,-0.0234
2015-11-19,27.45,28.04,27.24,27.94,8536862.0,0.0216935351681446,7.93,0.14,0.0177
2015-11-20,27.97,29.08,27.8,29.05,15988358.0,0.0406289812994384,8.07,0.32,0.0397
2015-11-23,29.22,29.39,28.22,28.25,13865013.0,0.0352332211909109,8.39,-0.23,-0.0274
2015-11-24,28.32,29.01,27.73,28.94,11934314.0,0.0303270054578228,8.16,0.2,0.0245
2015-11-25,28.98,30.33,28.56,30.02,19340876.0,0.0491482670902638,8.36,0.31,0.0371
2015-11-26,29.91,31.47,29.6,30.6,23951788.0,0.0608653338097704,8.67,0.17,0.0196
2015-11-27,30.74,32.09,28.56,29.91,30884000.0,0.0784811960335048,8.84,-0.2,-0.0226
2015-11-30,29.6,30.47,27.04,28.91,17544112.0,0.0445824016677167,8.64,-0.29,-0.0336
2015-12-01,28.91,30.78,28.8,30.08,15062117.0,0.0382752544021689,8.35,0.34,0.0407
2015-12-02,30.47,30.6,28.08,29.05,11304593.0,0.0287267834254625,8.69,-0.3,-0.0345
2015-12-03,28.91,29.57,28.56,29.5,8236473.0,0.0209301985538683,8.39,0.13,0.0155
2015-12-04,29.29,30.46,28.98,30.36,14477317.0,0.036789183833577,8.52,0.25,0.0293
2015-12-07,30.5,30.64,30.05,30.53,11862963.0,0.0301456911261887,8.77,0.05,0.0057
2015-12-08,30.53,30.53,29.15,29.25,9200846.0,0.0233808249773374,8.82,-0.37,-0.042
2015-12-09,28.94,29.29,28.32,28.49,6525273.0,0.0165817649749105,8.45,-0.22,-0.026
2015-12-10,28.32,28.8,28.04,28.11,5887877.0,0.0149620395369176,8.23,-0.11,-0.0134
2015-12-11,28.21,28.52,28.01,28.32,5528257.0,0.0140481874543645,8.12,0.06,0.0074
2015-12-14,27.87,28.56,27.69,28.49,5622972.0,0.0142888734562527,8.18,0.05,0.0061
2015-12-15,28.73,29.15,28.49,28.77,6707965.0,0.0170460146402956,8.23,0.08,0.0097
2015-12-16,28.77,29.22,28.77,28.8,5398438.0,0.0137182965597954,8.31,0.01,0.0012
2015-12-17,28.87,30.22,28.87,30.05,11449818.0,0.0290958234362761,8.32,0.36,0.0433
2015-12-18,30.36,31.95,29.46,31.26,19325824.0,0.0491100175447808,8.68,0.35,0.0403
2015-12-21,31.15,31.71,30.46,30.88,13950190.0,0.0354496696054474,9.03,-0.11,-0.0122
2015-12-22,30.88,30.91,29.87,30.77,11958279.0,0.030387904365443,8.92,-0.03,-0.0034
2015-12-23,30.67,30.74,30.12,30.15,8396016.0,0.0213356228984731,8.89,-0.18,-0.0202
2015-12-24,30.15,30.64,30.05,30.29,8120945.0,0.0206366233817611,8.71,0.04,0.0046
2015-12-25,30.18,32.47,30.12,31.6,19105450.0,0.0412534836051321,8.75,0.38,0.0434
2015-12-28,31.36,31.67,29.42,31.29,21701404.0,0.0468588028087456,9.13,-0.09,-0.0099
2015-12-29,30.81,32.19,30.32,31.33,36081989.0,0.0779101115991541,9.04,0.01,0.0011
2015-12-30,31.15,31.6,30.18,30.43,20660637.0,0.0446115244472696,9.05,-0.26,-0.0287
2015-12-31,30.39,30.39,29.22,29.29,13710226.0,0.0296038346918631,8.79,-0.33,-0.0375
2016-01-04,29.08,29.28,26.34,26.34,10022493.0,0.0216410893571233,8.46,-0.85,-0.1005
2016-01-05,24.92,26.2,24.02,25.13,13865350.0,0.0299387865192612,7.61,-0.35,-0.046
2016-01-06,25.16,25.82,25.03,25.72,9579117.0,0.0206837287847783,7.26,0.17,0.0234
2016-01-07,25.37,25.37,23.19,23.23,1855560.0,0.0040066218821508,7.43,-0.72,-0.0969
2016-01-08,23.95,24.13,22.08,23.57,9593754.0,0.0207153337582036,6.71,0.1,0.0149
2016-01-11,23.09,23.82,21.67,21.74,9269666.0,0.0200155460539297,6.81,-0.53,-0.0778
2016-01-12,21.84,22.22,21.46,21.84,6591087.0,0.0142318186430835,6.28,0.03,0.0048
2016-01-13,21.91,22.26,20.77,21.01,7063678.0,0.0152522617664034,6.31,-0.24,-0.038
2016-01-14,20.39,22.02,20.32,21.84,8041540.0,0.0173637123726483,6.07,0.24,0.0395
2016-01-15,21.74,22.05,20.8,21.22,5796389.0,0.0125158652939589,6.31,-0.18,-0.0285
2016-01-18,20.87,21.91,20.46,21.36,5800821.0,0.0125254350993986,6.13,0.04,0.0065
2016-01-19,21.39,22.15,21.36,22.02,5980560.0,0.0129135369179741,6.17,0.19,0.0308
2016-01-20,21.98,22.29,21.64,22.02,5986695.0,0.012926783929791,6.36,0.0,0.0
2016-01-21,21.77,22.22,21.19,21.32,5896950.0,0.0127330018473935,6.36,-0.2,-0.0314
2016-01-22,21.57,21.88,20.56,21.32,8851355.0,0.0191123071362205,6.16,0.0,0.0
2016-01-25,21.39,21.81,21.22,21.64,5295928.0,0.0114352438137788,6.16,0.09,0.0146
2016-01-26,21.46,21.6,19.73,19.84,7914025.0,0.0170883753373046,6.25,-0.52,-0.0832
2016-01-27,19.7,20.94,19.01,20.74,10035090.0,0.0216682894562036,5.73,0.26,0.0454
2016-01-28,20.49,21.05,20.11,20.18,8653225.0,0.0186844945117241,5.99,-0.16,-0.0267
2016-01-29,19.9,20.56,18.35,20.29,9766309.0,0.0210879235094779,5.83,0.03,0.0051
2016-02-01,20.01,20.81,19.59,20.77,7559148.0,0.0163221064192033,5.86,0.14,0.0239
2016-02-02,20.49,21.26,20.42,20.98,8468685.0,0.018286026123673,6.0,0.06,0.01
2016-02-03,20.73,21.08,20.49,20.87,5453600.0,0.0117756974156038,6.06,-0.03,-0.005
2016-02-04,20.87,21.29,20.8,21.18,6143024.0,0.0132643376560056,6.03,0.09,0.0149
2016-02-05,21.18,21.32,20.98,21.01,4091990.0,0.0088356381230154,6.12,-0.05,-0.0082
2016-02-15,20.42,20.77,19.76,20.63,3683470.0,0.00795354044291,6.07,-0.11,-0.0181
2016-02-16,20.67,22.15,20.6,21.74,9364626.0,0.0202205886361846,5.96,0.32,0.0537
2016-02-17,21.67,21.84,21.46,21.74,7283680.0,0.0157273015534849,6.28,0.0,0.0
2016-02-18,21.74,22.22,21.7,21.74,9492298.0,0.0204962646741128,6.28,0.0,0.0
2016-02-19,21.67,22.02,21.6,21.91,5084527.0,0.0109787757542665,6.28,0.05,0.008
2016-02-22,22.02,22.81,22.02,22.67,10172882.0,0.0219658171256863,6.33,0.22,0.0348
2016-02-23,22.78,22.99,22.09,22.67,7974644.0,0.0172192670421668,6.55,0.0,0.0
2016-02-24,22.68,23.09,22.4,23.02,7621476.0,0.0164566882859554,6.55,0.1,0.0153
2016-02-25,22.85,22.99,20.74,20.74,9514349.0,0.0205438783428291,6.65,-0.66,-0.0992
2016-02-26,20.77,21.12,20.08,20.74,5271647.0,0.0113828150128127,5.99,0.0,0.0
2016-02-29,20.25,20.7,18.66,19.21,6442508.0,0.0139109991208756,5.99,-0.44,-0.0735
2016-03-01,19.66,19.97,18.76,19.63,5581471.0,0.0120518031447058,5.55,0.12,0.0216
2016-03-02,19.63,20.88,19.49,20.6,5971426.0,0.0128938143090196,5.67,0.28,0.0494
2016-03-03,20.63,22.12,20.53,21.64,11868455.0,0.0256269867373314,5.95,0.3,0.0504
2016-03-04,21.67,21.81,20.08,20.84,8385964.0,0.0181074106282358,6.25,-0.23,-0.0368
2016-03-07,20.98,22.26,20.98,22.12,13652346.0,0.0294788571785847,6.02,0.37,0.0615
2016-03-08,21.88,22.36,21.12,22.23,12140918.0,0.0262153030503994,6.39,0.03,0.0047
2016-03-09,21.78,21.85,21.12,21.74,8862061.0,0.0191354240895232,6.42,-0.14,-0.0218
2016-03-10,21.81,22.09,21.4,21.47,6951808.0,0.0150107062306319,6.28,-0.08,-0.0127
2016-03-11,22.5,22.5,20.95,21.26,5751552.0,0.0124190509062108,6.2,-0.06,-0.0097
2016-03-14,21.29,22.09,21.19,22.05,10370490.0,0.0223925026205709,6.14,0.23,0.0375
2016-03-15,21.92,24.17,21.92,23.82,29902946.0,0.0645679998406817,6.37,0.51,0.0801
2016-03-16,23.51,24.17,23.27,23.78,23082145.0,0.0498401707538311,6.88,-0.01,-0.0015
2016-03-17,23.89,25.17,23.58,24.68,24390908.0,0.0526661200491109,6.87,0.26,0.0378
2016-03-18,24.68,25.1,24.37,24.44,27518467.0,0.0594193084812381,7.13,-0.07,-0.0098
2016-03-21,23.89,24.54,23.54,23.89,52949364.0,0.1143310269936681,7.06,-0.16,-0.0227
2016-03-22,23.82,23.82,23.16,23.37,36001124.0,0.07773550367567,6.9,-0.15,-0.0217
2016-03-23,23.23,23.78,23.16,23.61,20466690.0,0.0441927439744325,6.75,0.07,0.0104
2016-03-24,23.4,23.44,22.61,22.71,15785453.0,0.034084773011632,6.82,-0.26,-0.0381
2016-03-25,22.92,23.3,22.78,23.2,13000526.0,0.0280714134552755,6.56,0.14,0.0213
2016-03-28,23.4,23.51,22.75,22.89,14683502.0,0.0317053829678403,6.7,-0.09,-0.0134
2016-03-29,22.82,22.92,21.91,22.43,12317655.0,0.0265969227940809,6.61,-0.13,-0.0197
2016-03-30,22.37,23.27,22.37,23.23,13229378.0,0.0285655626237066,6.48,0.23,0.0355
2016-03-31,23.2,23.44,22.99,23.34,16763175.0,0.0361959213225787,6.71,0.03,0.0045
2016-04-01,23.27,23.58,22.92,23.3,13542842.0,0.0292424104333525,6.74,-0.01,-0.0015
2016-04-05,23.54,24.48,23.2,24.2,25183476.0,0.0543774741911988,6.73,0.26,0.0386
2016-04-06,23.92,24.16,23.51,23.89,18623617.0,0.0402130846736277,6.99,-0.09,-0.0129
2016-04-07,23.96,24.27,23.23,23.99,19086729.0,0.0412130602460083,6.9,0.03,0.0043
2016-04-08,23.78,24.58,23.64,24.54,29112524.0,0.0628612794536646,6.93,0.16,0.0231
2016-04-11,24.65,25.86,24.58,25.72,34115775.0,0.0736645598318217,7.09,0.34,0.048
2016-04-12,25.38,25.55,24.17,24.79,38680444.0,0.0835208310923445,7.43,-0.27,-0.0363
2016-04-13,25.79,26.97,25.58,25.65,34342463.0,0.0741540363786437,7.16,0.25,0.0349
2016-04-14,25.79,26.87,25.27,26.55,32449671.0,0.0700670212211925,7.41,0.26,0.0351
2016-04-15,26.38,28.84,26.24,27.97,41453977.0,0.0895095881299329,7.67,0.41,0.0535
2016-04-18,27.98,30.3,27.77,29.71,40651981.0,0.0877778765587643,8.08,0.5,0.0619
2016-04-19,30.44,30.68,28.57,29.05,33184219.0,0.0716530955547038,8.58,-0.19,-0.0221
2016-04-20,29.85,31.96,28.98,31.09,78581835.0,0.1696779945949298,8.39,0.59,0.0703
2016-04-21,31.68,31.75,29.6,30.26,59289059.0,0.1280200269253126,8.98,-0.24,-0.0267
2016-04-22,28.32,28.91,27.25,27.25,45672069.0,0.0986175122650325,8.74,-0.87,-0.0995
2016-04-25,26.84,27.35,26.07,27.25,19971553.0,0.0431236183525919,7.87,0.0,0.0
2016-04-26,27.28,27.91,26.83,27.22,19878490.0,0.0429226718716274,7.87,-0.01,-0.0013
2016-04-27,27.01,27.6,26.94,27.15,17077091.0,0.0368737451141873,7.86,-0.02,-0.0025
2016-04-28,27.15,27.15,25.45,26.42,18312791.0,0.0395419329711005,7.84,-0.21,-0.0268
2016-04-29,26.32,26.8,26.07,26.42,11584359.0,0.0250135518442363,7.63,0.0,0.0
2016-05-03,26.56,27.67,26.49,27.63,17115386.0,0.0369564336745017,7.63,0.35,0.0459
2016-05-04,27.29,27.67,26.94,27.46,15984841.0,0.0345153019753078,7.98,-0.05,-0.0063
2016-05-05,27.46,27.53,27.01,27.25,10806632.0,0.0233342431630082,7.93,-0.06,-0.0076
2016-05-06,27.35,28.56,27.01,27.32,28101253.0,0.060677690393012,7.87,0.02,0.0025
2016-05-09,26.94,27.01,24.58,24.76,19651944.0,0.0424335019386078,7.89,-0.74,-0.0938
2016-05-10,24.44,24.89,23.58,24.48,10833483.0,0.0233922212419481,7.15,-0.08,-0.0112
2016-05-11,24.75,25.14,24.1,24.55,10588054.0,0.0228622781509597,7.07,0.02,0.0028
2016-05-12,24.13,24.17,22.71,23.89,10750518.0,0.0232130788889912,7.09,-0.19,-0.0268
2016-05-13,23.89,26.28,23.44,26.24,19161254.0,0.0413739785109889,6.9,0.68,0.0986
2016-05-16,25.34,25.9,25.07,25.69,17604502.0,0.0380125584392682,7.58,-0.16,-0.0211
2016-05-17,25.73,26.04,25.35,25.59,12616751.0,0.0272427464691245,7.42,-0.03,-0.004
2016-05-18,25.45,25.45,23.37,23.96,13874953.0,0.0299595218174646,7.39,-0.47,-0.0636
2016-05-19,24.0,24.62,23.54,23.89,8714185.0,0.0188161225215626,6.92,-0.02,-0.0029
2016-05-20,23.86,24.41,23.41,24.17,7831731.0,0.0169106818425268,6.9,0.08,0.0116
2016-05-23,24.24,24.52,24.03,24.24,8009639.0,0.0172948300704525,6.98,0.02,0.0029
2016-05-24,24.24,24.65,23.72,24.31,8799574.0,0.0190004989016823,7.0,0.02,0.0029
2016-05-25,24.79,24.93,23.89,24.07,8373419.0,0.0180803228102663,7.02,-0.07,-0.01
2016-05-26,24.14,24.93,23.3,24.83,10623136.0,0.0229380290341807,6.95,0.22,0.0317
2016-05-27,24.76,24.93,24.41,24.76,10457791.0,0.022581007490763,7.17,-0.02,-0.0028
2016-05-30,24.52,24.97,24.27,24.69,6370674.0,0.0137558914033766,7.15,-0.02,-0.0028
2016-05-31,24.69,25.48,24.65,25.35,13249915.0,0.0286099071846983,7.13,0.19,0.0266
2016-06-01,25.24,25.69,25.07,25.14,14129041.0,0.0305081618726457,7.32,-0.06,-0.0082
2016-06-02,25.28,25.94,24.97,25.76,17747082.0,0.0383204246079488,7.26,0.18,0.0248
2016-06-03,26.07,27.6,26.0,26.94,25841833.0,0.0557990329456811,7.44,0.34,0.0457
2016-09-05,25.28,26.14,24.31,26.04,60541540.0,0.1307244491922176,7.78,-0.26,-0.0334
2016-09-06,25.28,25.59,24.9,25.38,39292441.0,0.0848422869180848,7.52,-0.19,-0.0253
2016-09-07,25.31,25.69,25.04,25.42,32237696.0,0.0696093137509577,7.33,0.01,0.0014
2016-09-08,25.35,25.48,25.21,25.38,18993175.0,0.041011053572248,7.34,-0.01,-0.0014
2016-09-09,25.35,25.48,25.14,25.17,18066989.0,0.0390111844790676,7.33,-0.06,-0.0082
2016-09-12,24.62,24.65,23.89,23.93,18166403.0,0.0392258443703092,7.27,-0.36,-0.0495
2016-09-13,24.07,24.24,23.96,24.2,8668788.0,0.0187180989526217,6.91,0.08,0.0116
2016-09-14,24.03,24.38,23.82,24.1,9473792.0,0.0204563055541969,6.99,-0.03,-0.0043
2016-09-19,24.14,24.59,24.1,24.55,8140073.0,0.0175764699627634,6.96,0.13,0.0187
2016-09-20,24.48,24.65,24.27,24.58,7652123.0,0.0165228628859804,7.09,0.01,0.0014
2016-09-21,24.59,24.86,24.45,24.79,7727257.0,0.016685096135508,7.1,0.06,0.0085
2016-09-22,24.83,25.04,24.69,24.79,7295665.0,0.0157531801902617,7.16,0.0,0.0
2016-09-23,24.76,25.0,24.72,24.76,6539195.0,0.0141197707315589,7.16,-0.01,-0.0014
2016-09-26,24.76,24.97,24.31,24.59,9647146.0,0.020830620547923,7.15,-0.05,-0.007
2016-09-27,24.55,24.72,24.24,24.69,8587999.0,0.0185436551322995,7.1,0.03,0.0042
2016-09-28,24.76,25.42,24.55,25.35,16027189.0,0.0346067419845046,7.13,0.19,0.0266
2016-09-29,25.21,25.76,25.14,25.41,14529925.0,0.0313737715034872,7.32,0.02,0.0027
2016-09-30,25.35,26.0,25.28,25.8,11917946.0,0.0257338502844921,7.34,0.11,0.015
2016-10-10,25.94,26.73,25.73,26.66,15535055.0,0.0335441005968101,7.45,0.25,0.0336
2016-10-11,26.56,27.18,26.39,26.49,17642378.0,0.0380943422729401,7.7,-0.05,-0.0065
2016-10-12,26.39,26.66,26.18,26.45,8982587.0,0.0193956701117311,7.65,-0.01,-0.0013
2016-10-13,26.45,26.8,26.32,26.56,9922835.0,0.0214259026083621,7.64,0.03,0.0039
2016-10-14,26.49,26.66,25.97,26.25,10097787.0,0.0218036680869917,7.67,-0.09,-0.0117
2016-10-17,26.25,26.56,25.66,25.76,13054707.0,0.0281884038949254,7.58,-0.14,-0.0185
2016-10-18,25.8,26.38,25.76,26.32,9209035.0,0.0198846284380419,7.44,0.16,0.0215
2016-10-19,26.35,26.52,25.97,26.11,9865931.0,0.0213030325251624,7.6,-0.06,-0.0079
2016-10-20,26.18,26.35,25.94,26.18,8094837.0,0.0174787940334154,7.54,0.02,0.0027
2016-10-21,26.18,26.52,25.83,26.21,8618182.0,0.0186088278393361,7.56,0.01,0.0013
2016-10-24,26.07,26.59,25.97,26.56,12306498.0,0.0265728320180677,7.57,0.1,0.0132
2016-10-25,26.56,26.87,26.45,26.73,9733851.0,0.0210178385038457,7.67,0.05,0.0065
2016-10-26,26.59,26.87,26.42,26.52,9673637.0,0.0208878212960961,7.72,-0.06,-0.0078
2016-10-27,26.52,26.76,26.28,26.76,9215604.0,0.0198988125652832,7.66,0.07,0.0091
2016-10-28,26.8,27.08,26.24,26.31,11453460.0,0.024730907899685,7.73,-0.13,-0.0168
2016-10-31,26.24,26.66,25.86,26.59,8288324.0,0.0178965812502727,7.6,0.08,0.0105
2016-11-01,26.52,27.53,26.45,27.42,22165349.0,0.0478605770381505,7.68,0.24,0.0313
2016-11-02,27.39,27.46,26.94,27.35,10483753.0,0.0226370659945594,7.92,-0.02,-0.0025
2016-11-03,27.35,28.05,27.15,27.49,13623007.0,0.0294155068803457,7.9,0.04,0.0051
2016-11-04,27.56,27.98,27.42,27.84,9354218.0,0.0201981151400167,7.94,0.1,0.0126
2016-11-07,27.8,28.15,27.46,27.87,10030971.0,0.0216593954966806,8.04,0.01,0.0012
2016-11-08,27.98,27.98,27.29,27.84,8763227.0,0.018922016564517,8.05,-0.01,-0.0012
2016-11-09,27.87,27.98,27.01,27.53,10227873.0,0.0220845565595614,8.04,-0.09,-0.0112
2016-11-10,27.74,28.29,27.74,28.01,10157992.0,0.0219336658614721,7.95,0.14,0.0176
2016-11-11,29.29,30.47,28.67,29.61,29820727.0,0.0643904682898137,8.09,0.46,0.0569
2016-11-14,28.5,29.02,28.33,28.5,21729278.0,0.0469189898026144,8.55,-0.32,-0.0374
2016-11-15,28.43,28.85,28.19,28.71,15715501.0,0.0339337290066414,8.23,0.06,0.0073
2016-11-16,28.64,29.02,28.53,28.88,10412984.0,0.0224842578805787,8.29,0.05,0.006
2016-11-17,29.02,29.02,28.57,28.64,8719808.0,0.018828263996289,8.34,-0.07,-0.0084
2016-11-18,28.57,28.74,27.88,28.15,8406252.0,0.0181512175354471,8.27,-0.14,-0.0169
2016-11-21,28.22,28.46,28.01,28.36,7323708.0,0.0158137320977404,8.13,0.06,0.0074
2016-11-22,28.29,28.53,28.22,28.5,9585395.0,0.0206972845696498,8.19,0.04,0.0049
2016-11-23,28.54,28.88,28.29,28.67,11805815.0,0.0254917311839147,8.23,0.05,0.0061
2016-11-24,28.64,29.78,28.5,28.64,14599054.0,0.0315230384439748,8.28,-0.01,-0.0012
2016-11-25,28.5,28.5,27.53,28.26,9418271.0,0.0203364217166929,8.27,-0.11,-0.0133
2016-11-28,28.26,28.57,27.91,28.33,9242429.0,0.0199567345036677,8.16,0.02,0.0025
2016-11-29,28.33,28.37,27.43,27.5,9721228.0,0.02099058226421,8.18,-0.24,-0.0293
2016-11-30,27.53,27.57,26.87,27.12,8599412.0,0.018568298676858,7.94,-0.11,-0.0139
2016-12-01,27.19,27.6,27.05,27.46,6983322.0,0.0150787529022534,7.83,0.1,0.0128
2016-12-02,27.57,27.57,26.7,26.8,5709097.0,0.012327379857036,7.93,-0.19,-0.024
2016-12-05,26.28,26.98,26.25,26.67,4372166.0,0.0094406087477613,7.74,-0.04,-0.0052
2016-12-06,26.6,27.53,26.6,27.19,6638472.0,0.0143341348052586,7.7,0.15,0.0195
2016-12-07,27.01,27.39,26.91,27.29,4742651.0,0.010240579273106,7.85,0.03,0.0038
2016-12-08,27.29,27.39,27.01,27.05,3452141.0,0.0074540428069532,7.88,-0.07,-0.0089
2016-12-09,27.05,27.15,26.84,26.91,4560600.0,0.0098474852636062,7.81,-0.04,-0.0051
2016-12-12,26.91,27.08,25.0,25.04,7974000.0,0.0172178764837951,7.77,-0.54,-0.0695
2016-12-13,25.25,25.77,24.83,25.49,6615506.0,0.0142845454208434,7.23,0.13,0.018
2016-12-14,25.63,25.7,25.0,25.07,6683530.0,0.0144314263877275,7.36,-0.12,-0.0163
2016-12-15,25.18,25.94,25.04,25.84,6673595.0,0.014409974217817,7.24,0.22,0.0304
2016-12-16,25.66,27.29,25.63,26.35,10607932.0,0.0229051997647978,7.46,0.15,0.0201
2016-12-19,26.49,27.6,26.29,27.32,14483750.0,0.0312740680363892,7.61,0.28,0.0368
2016-12-20,27.01,27.36,26.7,26.94,7745075.0,0.0167235696899585,7.89,-0.11,-0.0139
2016-12-21,27.01,27.88,27.01,27.32,9743314.0,0.0210382715067509,7.78,0.11,0.0141
2016-12-22,27.12,27.53,26.87,27.43,7443726.0,0.0160728812198663,7.89,0.03,0.0038
2016-12-23,27.39,27.67,26.77,26.81,5540830.0,0.0119640489788947,7.92,-0.18,-0.0227
2016-12-26,26.7,27.39,26.53,27.29,5972113.0,0.0128952977152329,7.74,0.14,0.0181
2016-12-27,27.57,28.4,27.36,27.88,12740692.0,0.027510366337356,7.88,0.17,0.0216
2016-12-28,27.92,28.16,27.54,27.85,6534125.0,0.0141088233232603,8.05,-0.01,-0.0012
2016-12-29,27.71,28.19,27.5,27.92,5552762.0,0.0119898131753086,8.04,0.02,0.0025
2016-12-30,27.95,28.16,27.29,27.4,8077038.0,0.0174403615047554,8.06,-0.15,-0.0186
2017-01-03,27.4,28.19,27.4,28.05,9385762.0,0.0202662265892021,7.91,0.19,0.024
2017-01-04,28.16,28.75,28.02,28.61,12717128.0,0.0274594857201671,8.1,0.16,0.0198
2017-01-05,28.61,28.89,28.37,28.85,11509009.0,0.0248508521962486,8.26,0.07,0.0085
2017-01-06,28.72,28.92,28.4,28.47,8279280.0,0.0178770529740099,8.33,-0.11,-0.0132
2017-01-09,28.44,29.27,28.23,29.13,13813299.0,0.0298263952866479,8.22,0.19,0.0231
2017-01-10,29.27,29.79,28.68,28.92,14862211.0,0.032091260756722,8.41,-0.06,-0.0071
2017-01-11,28.65,28.92,27.99,28.02,12835627.0,0.0277153549383077,8.35,-0.26,-0.0311
2017-01-12,28.2,28.44,27.75,28.06,8779630.0,0.0189574347772037,8.09,0.01,0.0012
2017-01-13,27.81,28.2,27.33,27.57,7335410.0,0.0158389996661645,8.1,-0.14,-0.0173
2017-01-16,27.54,27.54,24.83,25.63,11674403.0,0.0252079795430207,7.96,-0.56,-0.0704
2017-01-17,25.56,26.05,25.11,25.91,5764184.0,0.0124463265791156,7.4,0.08,0.0108
2017-01-18,25.84,26.5,25.63,25.94,5683266.0,0.0122716042152686,7.48,0.01,0.0013
2017-01-19,26.01,26.29,25.77,25.84,3803963.0,0.0082137152097976,7.49,-0.03,-0.004
2017-01-20,25.84,26.74,25.63,26.5,6251706.0,0.013499009495987,7.46,0.19,0.0255
2017-01-23,26.32,26.81,26.32,26.67,4224642.0,0.0091220672365504,7.65,0.05,0.0065
2017-01-24,26.7,27.05,26.67,26.88,4706212.0,0.0101618982847447,7.7,0.06,0.0078
2017-01-25,26.74,26.88,26.6,26.74,3257542.0,0.0070338545017274,7.76,-0.04,-0.0052
2017-01-26,25.28,25.98,24.66,24.83,23484572.0,0.050709112110709,7.72,-0.55,-0.0712
2017-02-03,24.73,25.01,24.63,24.76,6405885.0,0.0138319208301224,7.17,-0.02,-0.0028
2017-02-06,24.94,25.21,24.9,25.11,7964020.0,0.0171963271475387,7.15,0.1,0.014
2017-02-07,25.01,26.22,25.01,25.8,11836688.0,0.025558393774921,7.25,0.2,0.0276
2017-02-08,25.77,26.18,25.42,26.08,7520073.0,0.0162377336422275,7.45,0.08,0.0107
2017-02-09,26.25,26.77,26.01,26.49,9759943.0,0.0210741777104189,7.53,0.12,0.0159
2017-02-10,26.39,27.53,26.39,26.84,15255826.0,0.0329411747838312,7.65,0.1,0.0131
2017-02-13,26.74,26.84,26.29,26.6,8339870.0,0.0180078820605604,7.75,-0.07,-0.009
2017-02-14,26.6,27.12,26.18,26.88,12317944.0,0.0265975468179465,7.68,0.08,0.0104
2017-02-15,26.7,29.44,26.53,27.4,26540187.0,0.0573069553076029,7.76,0.15,0.0193
2017-02-16,27.08,30.13,27.02,30.13,47722387.0,0.1030446657734977,7.91,0.79,0.0999
2017-02-17,30.79,31.0,28.75,29.37,50647647.0,0.1093610396589989,8.7,-0.22,-0.0253
2017-02-20,28.99,30.1,28.47,29.54,34770440.0,0.0750781466274404,8.48,0.05,0.0059
2017-02-21,29.23,29.37,28.78,29.2,19565342.0,0.0422465063856545,8.53,-0.1,-0.0117
2017-02-22,28.92,29.09,28.19,28.61,23241756.0,0.050184811145536,8.43,-0.17,-0.0202
2017-02-23,28.43,28.57,27.6,27.95,21958462.0,0.0474138558427526,8.26,-0.19,-0.023
2017-02-24,27.88,28.75,27.57,28.43,18736721.0,0.0404573047265275,8.07,0.14,0.0173
2017-02-27,28.22,28.54,27.95,28.33,11904163.0,0.0257040893123857,8.21,-0.03,-0.0037
2017-02-28,28.4,28.64,27.95,28.4,10787737.0,0.0232934440940138,8.18,0.02,0.0024
2017-03-01,28.22,28.53,28.01,28.26,9691449.0,0.0209262818950338,8.2,-0.04,-0.0049
2017-03-02,28.15,28.4,27.7,27.98,10825289.0,0.0233745283299957,8.16,-0.08,-0.0098
2017-03-03,27.98,28.22,27.88,28.19,10152214.0,0.0219211897026656,8.08,0.06,0.0074
2017-03-06,28.29,28.29,27.91,28.22,9741727.0,0.0210348447736208,8.14,0.01,0.0012
2017-03-07,28.19,29.05,28.12,28.98,19206352.0,0.041471356463543,8.15,0.22,0.027
2017-03-08,28.85,29.02,28.33,28.53,10874642.0,0.0234810939003625,8.37,-0.13,-0.0155
2017-03-09,28.64,30.75,28.64,29.75,33755705.0,0.0728870779174098,8.24,0.35,0.0425
2017-03-10,29.54,29.75,28.92,29.37,15886555.0,0.0343030777204688,8.59,-0.11,-0.0128
2017-03-13,29.19,29.3,28.43,28.57,12140287.0,0.0262139405623054,8.48,-0.23,-0.0271
2017-03-14,28.6,28.85,28.01,28.36,9456966.0,0.0204199739778593,8.25,-0.06,-0.0073
2017-03-15,28.22,28.36,27.91,28.02,6400961.0,0.0138212886726347,8.19,-0.1,-0.0122
2017-03-16,27.91,28.33,27.91,28.33,6756364.0,0.0145886933573564,8.09,0.09,0.0111
2017-03-17,28.32,28.71,27.98,28.08,9037950.0,0.0195152127873985,8.18,-0.07,-0.0086
2017-03-20,28.15,28.25,27.91,28.22,5377255.0,0.0116108493117469,8.11,0.04,0.0049
2017-03-21,28.22,28.64,27.94,28.46,8258147.0,0.0178314214987488,8.15,0.07,0.0086
2017-03-22,28.33,28.46,27.91,28.15,5895478.0,0.0127298234282582,8.22,-0.09,-0.0109
2017-03-23,28.26,30.96,28.26,30.96,27715923.0,0.0598456657697989,8.13,0.81,0.0996
2017-03-24,32.86,32.86,31.03,31.51,77189202.0,0.1666709488235156,8.94,0.16,0.0179
2017-03-27,30.68,30.75,29.43,29.61,43980498.0,0.0949649839804112,9.1,-0.55,-0.0604
2017-03-28,29.43,32.59,29.43,32.59,58872175.0,0.1271198692603928,8.55,0.86,0.1006
2017-03-29,33.24,35.84,33.0,34.73,113664669.0,0.2454306786322372,9.41,0.62,0.0659
2017-03-30,33.17,35.22,32.24,33.42,80430484.0,0.173669693885611,10.03,-0.38,-0.0379
2017-03-31,32.97,33.28,30.09,30.34,53897651.0,0.1163786177181713,9.65,-0.89,-0.0922
2017-04-05,30.51,31.62,29.64,31.48,34339058.0,0.0741466841251414,8.76,0.33,0.0377
2017-04-06,31.17,31.86,30.72,31.51,29642569.0,0.0640057802488556,9.09,0.01,0.0011
2017-04-07,31.24,31.31,30.27,30.68,24651444.0,0.0532286829620257,9.1,-0.24,-0.0264
2017-04-10,30.34,30.34,29.26,29.75,21698034.0,0.0468515261290679,8.86,-0.27,-0.0305
2017-04-11,29.57,30.06,28.57,29.54,29168211.0,0.0629815217270221,8.59,-0.06,-0.007
2017-04-12,29.19,29.26,28.5,28.57,19039085.0,0.0411101848375315,8.53,-0.28,-0.0328
2017-04-13,28.6,29.12,28.6,28.81,12928449.0,0.027915781039509,8.25,0.07,0.0085
2017-04-14,28.98,28.98,27.22,27.25,25201118.0,0.0544155677172744,8.32,-0.45,-0.0541
2017-04-17,27.18,27.22,25.69,25.8,16842923.0,0.0363681173614337,7.87,-0.42,-0.0534
2017-04-18,25.63,26.8,25.63,26.11,13025048.0,0.0281243626360048,7.45,0.09,0.0121
2017-04-19,25.62,25.62,23.51,23.93,26158061.0,0.056481848928214,7.54,-0.63,-0.0836
2017-04-20,23.72,25.07,22.96,24.34,17025873.0,0.0367631525385982,6.91,0.12,0.0174
2017-04-21,23.89,24.83,23.75,23.89,11223475.0,0.0242343122985907,7.03,-0.13,-0.0185
2017-04-24,23.82,23.82,21.5,22.34,11415203.0,0.0246483013909515,6.9,-0.45,-0.0652
2017-04-25,22.34,23.13,22.34,22.65,8048445.0,0.0173786220086052,6.45,0.09,0.014
2017-04-26,22.68,22.82,21.71,21.85,10320670.0,0.0222849286794595,6.54,-0.23,-0.0352
2017-04-27,21.54,21.54,20.43,21.23,15660617.0,0.0338152206127442,6.31,-0.18,-0.0285
2017-05-02,20.81,21.58,20.81,21.3,14199045.0,0.030659318158747,6.13,0.02,0.0033
2017-05-03,21.19,22.37,21.16,22.37,4036714.0,0.0087162833022832,6.15,0.31,0.0504
2017-05-04,22.86,23.45,22.03,22.3,11459780.0,0.0247445543731459,6.46,-0.02,-0.0031
2017-05-05,21.99,22.44,21.82,21.82,5660741.0,0.0122229670610427,6.44,-0.14,-0.0217
2017-05-08,21.47,21.82,20.88,21.06,5626710.0,0.0121494855518102,6.3,-0.22,-0.0349
2017-05-09,21.16,21.61,20.88,21.54,3729754.0,0.0080534792684902,6.08,0.14,0.023
2017-05-10,21.65,22.41,21.37,21.44,5246847.0,0.0113292655599913,6.22,-0.03,-0.0048
2017-05-11,21.13,21.4,20.36,20.4,9286954.0,0.0200528752047513,6.19,-0.3,-0.0485
2017-05-12,20.54,20.57,19.39,19.39,8251115.0,0.0178162376377714,5.89,-0.29,-0.0492
2017-05-15,19.5,20.16,19.36,19.77,6450851.0,0.0139290137613953,5.6,0.11,0.0196
2017-05-16,19.71,20.36,19.57,20.36,5221782.0,0.0112751439053555,5.71,0.17,0.0298
2017-05-17,20.36,20.74,20.26,20.43,4401287.0,0.009503488329036,5.88,0.02,0.0034
2017-05-18,20.02,20.36,19.77,20.19,2825418.0,0.006100789834348,5.9,-0.07,-0.0119
2017-05-19,20.19,20.47,20.09,20.33,3048768.0,0.0065830587975604,5.83,0.04,0.0069
2017-05-22,20.36,20.36,19.57,19.67,4476645.0,0.0096662052510407,5.87,-0.19,-0.0324
2017-05-23,19.5,19.67,18.7,18.7,6362330.0,0.0137378746036047,5.68,-0.28,-0.0493
2017-05-24,18.63,18.63,17.77,17.9,8981868.0,0.0193941176094497,5.4,-0.23,-0.0426
2017-05-25,17.84,18.04,17.35,18.01,5891297.0,0.0127207955951032,5.17,0.03,0.0058
2017-05-26,18.01,18.08,17.73,17.94,3699344.0,0.00798781641122,5.2,-0.02,-0.0038
2017-05-31,18.18,18.32,17.7,17.73,2979683.0,0.0064338868641665,5.18,-0.06,-0.0116
2017-06-01,17.59,17.7,16.83,16.83,8988289.0,0.0194079821673757,5.12,-0.26,-0.0508
2017-06-02,16.45,16.62,16.0,16.52,10751894.0,0.023216050019922,4.86,-0.09,-0.0185
2017-06-05,16.45,17.25,16.42,16.94,7161684.0,0.015463881430646,4.77,0.12,0.0252
2017-06-06,16.94,17.39,16.83,17.35,5411827.0,0.0116854989763816,4.89,0.12,0.0245
2017-06-07,17.35,17.8,17.25,17.73,4841537.0,0.0104540990792229,5.01,0.11,0.022
2017-06-08,17.73,17.91,17.56,17.59,5001993.0,0.0108005640389776,5.12,-0.04,-0.0078
2017-06-09,17.53,17.66,17.46,17.63,3545878.0,0.0076564446238533,5.08,0.01,0.002
2017-06-12,17.49,17.49,16.76,16.76,4485830.0,0.0096860379818538,5.09,-0.25,-0.0491
2017-06-13,16.42,17.42,16.38,17.35,3496928.0,0.0075507492320949,4.84,0.17,0.0351
2017-06-14,17.25,17.63,17.18,17.35,3547352.0,0.0076596273614928,5.01,0.0,0.0
2017-06-15,17.28,17.77,17.18,17.63,6182299.0,0.0133491422834073,5.01,0.08,0.016
2017-06-16,17.63,17.73,17.46,17.67,2992520.0,0.006461605183758,5.09,0.01,0.002
2017-06-19,17.63,18.05,17.63,17.94,3799627.0,0.0082043526925624,5.1,0.08,0.0157
2017-06-20,17.94,18.43,17.91,18.39,5772140.0,0.0124635055890611,5.18,0.13,0.0251
2017-06-21,18.46,19.33,18.29,18.77,8343140.0,0.0180149428150251,5.31,0.11,0.0207
2017-06-22,18.6,19.02,18.08,18.18,4492288.0,0.0096999824321087,5.42,-0.17,-0.0314
2017-06-23,18.15,18.32,17.77,18.25,2849531.0,0.0061528558809562,5.25,0.02,0.0038
2017-06-26,18.18,18.6,17.98,18.36,3282113.0,0.0070869094858111,5.27,0.03,0.0057
2017-06-27,18.36,18.6,18.22,18.36,2708500.0,0.0058483343938248,5.3,0.0,0.0
2017-06-28,18.22,18.6,18.05,18.43,3679469.0,0.0079449012751383,5.3,0.02,0.0038
2017-06-29,18.36,19.36,18.36,19.36,7155620.0,0.0154507877257304,5.32,0.27,0.0508
2017-06-30,19.29,20.16,18.95,20.06,6857278.0,0.0148065921267928,5.59,0.2,0.0358
2017-07-03,19.95,20.23,19.88,20.16,3011590.0,0.0065027821218751,5.79,0.03,0.0052
2017-07-04,20.19,20.26,19.61,19.67,2921748.0,0.006308790592021,5.82,-0.14,-0.0241
2017-07-05,19.67,19.88,19.4,19.61,2547789.0,0.005501318824777,5.68,-0.02,-0.0035
2017-07-06,18.88,19.92,18.88,19.85,3951043.0,0.0085312980130628,5.66,0.07,0.0124
2017-07-07,19.74,19.81,19.5,19.71,3364343.0,0.0072644647884525,5.73,-0.04,-0.007
2017-07-10,19.74,19.92,19.57,19.78,4021719.0,0.0086839053165954,5.69,0.02,0.0035
2017-07-11,19.71,19.85,18.77,18.77,6686010.0,0.0144367813330096,5.71,-0.29,-0.0508
2017-07-12,18.7,18.91,17.94,18.39,6933251.0,0.0149706369888574,5.42,-0.11,-0.0203
2017-07-13,18.25,18.84,18.25,18.6,3521453.0,0.0076037048905806,5.31,0.06,0.0113
2017-07-14,18.71,18.81,18.43,18.64,3112770.0,0.0067212552523781,5.37,0.01,0.0019
2017-07-17,18.57,18.84,17.7,17.7,7623200.0,0.0164604108366274,5.38,-0.27,-0.0502
2017-07-18,17.67,18.12,17.15,17.74,7096360.0,0.0153228304445127,5.11,0.01,0.002
2017-07-19,17.7,18.05,17.32,18.01,4424244.0,0.009553058280182,5.12,0.08,0.0156
2017-07-20,18.01,18.39,17.91,18.26,2585257.0,0.0055822216835799,5.2,0.07,0.0135
2017-07-21,18.33,18.5,18.19,18.33,3486849.0,0.0075289861298776,5.27,0.02,0.0038
2017-07-24,18.22,19.23,18.05,19.23,7396839.0,0.0159716403652519,5.29,0.26,0.0491
2017-07-25,19.16,19.5,18.88,19.12,4567175.0,0.0098616823463603,5.55,-0.03,-0.0054
2017-07-26,19.05,19.33,18.64,18.84,5752162.0,0.01242036805001,5.52,-0.08,-0.0145
2017-07-27,18.91,19.29,18.64,19.12,3814726.0,0.0082369552404717,5.44,0.08,0.0147
2017-07-28,19.12,19.29,19.02,19.09,2608886.0,0.0056332426521573,5.52,-0.01,-0.0018
2017-07-31,19.09,19.12,18.88,18.98,4101061.0,0.0088552246990857,5.51,-0.03,-0.0054
2017-08-01,18.98,19.05,18.43,18.98,4333677.0,0.0093575012925337,5.48,0.0,0.0
2017-08-02,18.88,18.98,18.53,18.67,2277482.0,0.004917657859301,5.48,-0.09,-0.0164
2017-08-03,18.43,18.81,18.43,18.67,1893853.0,0.0040893061239609,5.39,0.0,0.0
2017-08-04,18.67,18.78,18.57,18.64,2194220.0,0.0047378742084616,5.39,-0.01,-0.0019
2017-08-07,18.64,18.88,18.57,18.67,1545511.0,0.0033371479185285,5.38,0.01,0.0019
2017-08-08,18.64,19.09,18.5,19.05,3854193.0,0.0083221744442824,5.39,0.11,0.0204
2017-08-09,18.91,19.02,18.74,18.91,2814650.0,0.0060775390074133,5.5,-0.04,-0.0073
2017-08-10,18.81,18.91,18.5,18.64,2290052.0,0.0049447996585738,5.46,-0.08,-0.0147
2017-08-11,18.6,19.05,18.43,18.46,4703039.0,0.0101550469777365,5.38,-0.05,-0.0093
2017-08-14,18.46,18.74,18.43,18.64,2690196.0,0.0058088114428391,5.33,0.05,0.0094
2017-08-15,18.64,18.7,18.43,18.6,3102137.0,0.0066982959244809,5.38,-0.01,-0.0019
2017-08-16,18.6,18.67,18.43,18.67,2460570.0,0.0053129910132595,5.37,0.02,0.0037
2017-08-17,18.57,18.98,18.57,18.88,4282466.0,0.0092469238317095,5.39,0.06,0.0111
2017-08-18,18.81,19.36,18.74,19.08,7083233.0,0.0152944859418035,5.45,0.06,0.011
2017-08-21,19.08,19.33,19.05,19.19,4606980.0,0.0099476313773908,5.51,0.03,0.0054
2017-08-22,19.19,19.22,18.88,18.95,4776837.0,0.0103143954664186,5.54,-0.07,-0.0126
2017-08-23,18.95,19.53,18.77,19.29,7705818.0,0.0166388039290952,5.47,0.1,0.0183
2017-08-24,19.29,19.92,19.29,19.54,11645340.0,0.0251452251983695,5.57,0.07,0.0126
2017-08-25,19.43,19.5,19.16,19.47,5013390.0,0.0108251730355021,5.64,-0.02,-0.0035
2017-08-28,19.33,19.5,19.29,19.36,6544074.0,0.0141303057227006,5.62,-0.03,-0.0053
2017-08-29,19.47,19.61,19.19,19.22,7377652.0,0.0159302107946355,5.59,-0.04,-0.0072
2017-08-30,19.26,19.43,19.19,19.33,4895103.0,0.010569761578813,5.55,0.03,0.0054
2017-08-31,19.33,19.67,19.29,19.57,7237760.0,0.0156281486956801,5.58,0.07,0.0125
2017-09-01,19.57,19.71,19.4,19.5,5306345.0,0.0114577367432159,5.65,-0.02,-0.0035
2017-09-04,19.57,19.64,19.47,19.57,4606360.0,0.0099462926410703,5.63,0.02,0.0036
2017-09-05,19.61,20.37,19.57,19.81,8160519.0,0.0176206180318113,5.65,0.07,0.0124
2017-09-06,19.81,20.16,19.68,20.02,5453869.0,0.0117762782544268,5.72,0.06,0.0105
2017-09-07,20.09,20.16,19.68,19.71,5838812.0,0.0126074672470655,5.78,-0.09,-0.0156
2017-09-08,19.71,19.71,19.54,19.64,5761002.0,0.0124394558388383,5.69,-0.02,-0.0035
2017-09-11,19.71,19.85,19.5,19.75,4130005.0,0.0089177220927334,5.67,0.03,0.0053
2017-09-12,19.68,19.81,19.33,19.43,6958555.0,0.0150252747047523,5.7,-0.09,-0.0158
2017-09-13,19.43,19.57,19.29,19.47,3976879.0,0.0085870844510908,5.61,0.01,0.0018
2017-09-14,19.47,19.47,19.3,19.36,3809387.0,0.0082254269933502,5.62,-0.03,-0.0053
2017-09-15,19.36,19.54,19.26,19.33,3672223.0,0.0079292553342051,5.59,-0.01,-0.0018
2017-09-18,19.33,19.43,19.19,19.36,4224542.0,0.0091218513113374,5.58,0.01,0.0018
2017-09-19,19.36,19.47,19.26,19.3,4438821.0,0.0095845336984795,5.59,-0.02,-0.0036
2017-09-20,19.33,19.36,19.19,19.3,3274633.0,0.0070707582798795,5.57,0.0,0.0
2017-09-21,19.33,19.47,19.16,19.16,4815790.0,0.0103985048146345,5.57,-0.04,-0.0072
2017-09-22,19.12,19.19,18.81,18.88,4896970.0,0.0105737929025395,5.53,-0.08,-0.0145
2017-09-25,18.88,18.95,18.26,18.36,3929325.0,0.0084844033753057,5.45,-0.15,-0.0275
2017-09-26,18.36,18.5,18.15,18.43,2668721.0,0.0057624415033496,5.3,0.02,0.0038
2017-09-27,18.36,18.57,18.36,18.53,2171239.0,0.0046882524352644,5.32,0.03,0.0056
2017-09-28,18.53,18.6,18.29,18.29,2121384.0,0.0045806029203284,5.35,-0.07,-0.0131
2017-09-29,18.29,18.74,18.29,18.7,3126766.0,0.0067514761451881,5.28,0.12,0.0227
2017-10-09,18.81,18.91,18.6,18.67,3729549.0,0.0080530366218035,5.4,-0.01,-0.0019
2017-10-10,18.7,18.81,18.5,18.77,2745470.0,0.0059281619450671,5.39,0.03,0.0056
2017-10-11,18.95,19.19,18.88,19.02,5339951.0,0.0115303005702932,5.42,0.07,0.0129
2017-10-12,18.95,19.05,18.91,18.98,2757240.0,0.0059535763426359,5.49,-0.01,-0.0018
2017-10-13,19.09,19.09,18.91,19.09,3331775.0,0.0071941422650861,5.48,0.03,0.0055
2017-10-16,19.12,19.54,18.98,19.15,6082232.0,0.0131330724005249,5.51,0.02,0.0036
2017-10-17,19.16,19.16,18.88,19.02,3681672.0,0.0079496581075805,5.53,-0.04,-0.0072
2017-10-18,19.02,19.19,18.81,18.84,4857593.0,0.0104887680314206,5.49,-0.05,-0.0091
2017-10-19,18.88,18.88,18.19,18.22,5232298.0,0.0112978506007534,5.44,-0.18,-0.0331
2017-10-20,18.19,18.64,18.15,18.64,2533342.0,0.0054701241092564,5.26,0.12,0.0228
2017-10-23,18.57,18.84,18.53,18.7,2637861.0,0.005695806982621,5.38,0.02,0.0037
2017-10-24,18.7,18.91,18.64,18.77,3253247.0,0.0070245805138295,5.4,0.02,0.0037
2017-10-25,18.77,19.02,18.7,18.98,3066278.0,0.0066208673023549,5.42,0.06,0.0111
2017-10-26,18.95,19.15,18.95,19.05,3100129.0,0.006693960146204,5.48,0.02,0.0036
2017-10-27,19.05,19.12,18.84,18.95,4251754.0,0.0091806088802962,5.5,-0.03,-0.0055
2017-10-30,18.95,19.22,18.49,18.6,4083840.0,0.0088180402181567,5.47,-0.1,-0.0183
2017-10-31,18.6,18.77,18.39,18.74,2541385.0,0.0054874909741371,5.37,0.04,0.0074
2017-11-01,18.81,19.08,18.7,19.01,4296193.0,0.0092765638856966,5.41,0.08,0.0148
2017-11-02,18.98,19.26,18.84,18.91,3962440.0,0.0085559070095873,5.49,-0.03,-0.0055
2017-11-03,18.87,18.98,18.6,18.81,4921126.0,0.0106259517969893,5.46,-0.03,-0.0055
2017-11-06,18.77,18.87,18.63,18.84,2240380.0,0.0048375452867776,5.43,0.01,0.0018
2017-11-07,19.15,19.5,18.98,19.12,6628565.0,0.0143127430944077,5.44,0.08,0.0147
2017-11-08,19.08,19.57,19.05,19.43,6565795.0,0.0141772068382141,5.52,0.09,0.0163
2017-11-09,19.39,19.84,19.29,19.6,6003207.0,0.0129624375009599,5.61,0.05,0.0089
2017-11-10,19.6,19.74,19.43,19.53,3280295.0,0.007082983965439,5.66,-0.02,-0.0035
2017-11-13,19.43,19.67,19.29,19.64,4889676.0,0.010558043317504,5.64,0.03,0.0053
2017-11-14,19.57,19.64,19.05,19.19,6774081.0,0.0146269488273418,5.67,-0.13,-0.0229
2017-11-15,19.12,19.26,19.05,19.19,3256630.0,0.007031885263785,5.54,0.0,0.0
2017-11-16,19.19,19.22,19.08,19.12,3077540.0,0.0066451847998418,5.54,-0.02,-0.0036
2017-11-17,19.08,19.12,18.15,18.15,9236596.0,0.019944139585994,5.52,-0.28,-0.0507
2017-11-20,17.94,18.15,17.28,17.9,4266100.0,0.0092115855113517,5.24,-0.07,-0.0134
2017-11-21,17.9,18.15,17.56,17.7,4624269.0,0.0099849626874646,5.17,-0.06,-0.0116
2017-11-22,17.63,17.7,17.14,17.35,6914149.0,0.0149293909546721,5.11,-0.1,-0.0196
2017-11-23,17.32,17.32,16.83,16.87,3364280.0,0.0072643287555683,5.01,-0.14,-0.0279
2017-11-24,16.87,17.01,16.76,16.9,2073102.0,0.0044763499089928,4.87,0.01,0.0021
2017-11-27,16.87,17.07,16.73,16.9,2087757.0,0.0045079937489564,4.88,0.0,0.0
2017-11-28,16.87,17.11,16.87,17.11,2319383.0,0.0050081326827958,4.88,0.06,0.0123
2017-11-29,17.07,17.28,17.01,17.25,2656224.0,0.0057354573294823,4.94,0.04,0.0081
2017-11-30,17.14,17.28,17.01,17.04,2006200.0,0.0043318916229984,4.98,-0.06,-0.012
2017-12-01,16.97,17.35,16.97,17.28,2640968.0,0.0057025157789886,4.92,0.07,0.0142
2017-12-04,17.25,17.32,16.8,16.87,2550740.0,0.0055076907778123,4.99,-0.12,-0.024
2017-12-05,16.83,16.94,16.04,16.24,5323238.0,0.0114942129894462,4.87,-0.18,-0.037
2017-12-06,16.24,16.66,16.0,16.45,3243974.0,0.007004557768829,4.69,0.06,0.0128
2017-12-07,16.31,16.56,16.28,16.42,2154415.0,0.004651925177431,4.75,-0.01,-0.0021
2017-12-08,16.45,16.76,16.42,16.73,1683602.0,0.0036353212043981,4.74,0.09,0.019
2017-12-11,16.66,16.9,16.63,16.87,1569530.0,0.0033890109954365,4.83,0.04,0.0083
2017-12-12,16.8,17.07,16.8,16.83,2274600.0,0.0049114348946627,4.87,-0.01,-0.0021
2017-12-13,16.9,17.14,16.83,17.14,2212500.0,0.0047773453373961,4.86,0.09,0.0185
2017-12-14,17.14,17.77,17.14,17.35,3636877.0,0.0078529344084218,4.95,0.06,0.0121
2017-12-15,17.45,17.45,17.07,17.25,1917968.0,0.0041413764890734,5.01,-0.03,-0.006
2017-12-18,17.25,17.39,16.97,17.11,1291285.0,0.0027882098865534,4.98,-0.04,-0.008
2017-12-19,17.21,17.21,17.0,17.18,951836.0,0.0020552539103122,4.94,0.02,0.004
2017-12-20,17.25,17.39,17.07,17.11,1497110.0,0.0032326379561894,4.96,-0.02,-0.004
2017-12-21,17.14,17.21,16.8,17.14,1651651.0,0.0035663309395957,4.94,0.01,0.002
2017-12-22,17.14,17.28,17.11,17.21,962090.0,0.0020773948816521,4.95,0.02,0.004
2017-12-25,17.28,17.35,16.83,16.93,1520924.0,0.0032840583864107,4.97,-0.08,-0.0161
2017-12-26,16.93,17.04,16.73,16.87,1538081.0,0.0033211046752034,4.89,-0.02,-0.0041
2017-12-27,16.9,16.97,16.73,16.76,1288400.0,0.0027819804441587,4.87,-0.03,-0.0062
2017-12-28,16.69,16.9,16.62,16.69,1409542.0,0.0030435565656786,4.84,-0.02,-0.0041
2017-12-29,16.69,17.07,16.55,17.04,2165233.0,0.0046752839669723,4.82,0.1,0.0207
2018-01-02,17.04,17.18,17.0,17.11,1818165.0,0.0039258766487533,4.92,0.02,0.0041
2018-01-03,17.11,17.35,16.93,17.28,2940211.0,0.0063486568640952,4.94,0.05,0.0101
2018-01-04,17.21,17.31,17.14,17.28,1783343.0,0.0038506871710861,4.99,0.0,0.0
2018-01-05,17.18,17.38,17.07,17.28,2133759.0,0.0046073236654359,4.99,0.0,0.0
2018-01-08,17.28,17.28,17.0,17.14,1719269.0,0.0037123352501151,4.99,-0.04,-0.008
2018-01-09,17.14,17.14,17.0,17.14,1235850.0,0.0026685117447326,4.95,0.0,0.0
2018-01-10,17.07,17.11,16.69,16.8,2310820.0,0.0049069985201603,4.95,-0.1,-0.0202
2018-01-11,16.73,16.8,16.62,16.73,1933680.0,0.0041061462591043,4.85,-0.02,-0.0041
2018-01-12,16.73,16.8,16.66,16.73,1602959.0,0.0034038641871187,4.83,0.0,0.0
2018-01-15,16.55,16.55,15.9,15.9,6605026.0,0.0140256933935228,4.83,-0.24,-0.0497
2018-01-16,15.58,15.83,15.41,15.62,4120448.0,0.0087497218469623,4.59,-0.08,-0.0174
2018-01-17,15.62,15.69,14.96,15.34,4062078.0,0.0086257738529075,4.51,-0.08,-0.0177
2018-01-18,15.34,15.79,15.27,15.65,2917860.0,0.0061960406704265,4.43,0.09,0.0203
2018-01-19,15.58,15.76,15.48,15.58,2466155.0,0.0052368505272959,4.52,-0.02,-0.0044
2018-01-22,15.58,15.79,15.45,15.76,2670088.0,0.0056698998038349,4.5,0.05,0.0111
2018-01-23,15.62,15.97,15.55,15.93,4834667.0,0.0102663573166529,4.55,0.05,0.011
2018-01-24,15.9,15.93,15.65,15.86,1481168.0,0.0031452424611647,4.6,-0.02,-0.0043
2018-01-25,15.86,16.0,15.69,15.97,2544823.0,0.005403901080599,4.58,0.03,0.0066
2018-01-26,15.93,16.0,15.52,15.52,3619241.0,0.0076854148012842,4.61,-0.13,-0.0282
2018-01-29,15.52,15.69,15.17,15.28,2625792.0,0.0055758377797703,4.48,-0.07,-0.0156
2018-01-30,15.24,15.31,15.0,15.1,2433034.0,0.0051665184815345,4.41,-0.05,-0.0113
2018-01-31,15.17,15.24,14.34,14.34,7508939.0,0.0159451417942436,4.36,-0.22,-0.0505
2018-02-01,14.2,14.24,13.61,13.61,5846365.0,0.0124146858705209,4.14,-0.21,-0.0507
2018-02-02,13.16,13.3,12.92,13.02,4832127.0,0.0102609636571549,3.93,-0.17,-0.0433
2018-02-05,12.92,13.58,12.75,13.2,2950487.0,0.0062653237131201,3.76,0.05,0.0133
2018-02-06,13.2,13.37,12.54,12.54,3019720.0,0.0064123391572249,3.81,-0.19,-0.0499
2018-02-07,12.92,12.95,12.23,12.71,2816058.0,0.0059798653459315,3.62,0.05,0.0138
2018-02-08,12.57,13.33,12.57,13.33,4450470.0,0.0094505196008421,3.67,0.18,0.049
2018-02-09,13.02,13.16,12.68,12.92,4317719.0,0.009168624446503,3.85,-0.12,-0.0312
2018-02-12,12.99,13.37,12.95,13.3,2197958.0,0.0046673374184811,3.73,0.11,0.0295
2018-02-13,13.47,13.47,13.26,13.26,1844590.0,0.0039169647139554,3.84,-0.01,-0.0026
2018-02-14,13.26,13.37,13.16,13.33,1065808.0,0.0022632304890796,3.83,0.02,0.0052
2018-02-22,13.44,13.61,13.33,13.51,1954801.0,0.0041509964489696,3.85,0.05,0.013
2018-02-23,13.51,13.65,13.4,13.51,2336795.0,0.0049621561207355,3.9,0.0,0.0
2018-02-26,13.82,14.2,13.75,14.2,5047430.0,0.0107181569921555,3.9,0.2,0.0513
2018-02-27,14.1,14.48,14.1,14.3,3143466.0,0.0066751123022019,4.1,0.03,0.0073
2018-02-28,14.27,14.55,14.13,14.44,3178227.0,0.0067489268682691,4.13,0.04,0.0097
2018-03-01,14.37,14.82,14.34,14.75,3194376.0,0.0067832190758413,4.17,0.09,0.0216
2018-03-02,14.58,14.96,14.58,14.75,2426783.0,0.0051532445581006,4.26,0.0,0.0
2018-03-05,14.58,14.72,14.44,14.51,2375705.0,0.0050447810384787,4.26,-0.07,-0.0164
2018-03-06,14.51,14.72,14.44,14.68,1652761.0,0.0035096181360636,4.19,0.05,0.0119
2018-03-07,14.68,14.89,14.55,14.58,2154280.0,0.0045745877099951,4.24,-0.03,-0.0071
2018-03-08,14.68,14.72,14.55,14.68,1737788.0,0.0036901719495038,4.21,0.03,0.0071
2018-03-09,14.61,14.89,14.61,14.82,2104613.0,0.004469120431929,4.24,0.04,0.0094
2018-03-12,14.89,15.1,14.86,15.1,2456186.0,0.0052156814755102,4.28,0.08,0.0187
2018-03-13,15.1,15.17,14.86,15.06,3224298.0,0.0068467580835183,4.36,-0.01,-0.0023
2018-03-14,14.96,15.1,14.93,15.03,2083861.0,0.0044250538091326,4.35,-0.01,-0.0023
2018-03-15,15.0,15.24,14.72,15.03,2795110.0,0.0059353825194889,4.34,0.0,0.0
2018-03-16,15.03,15.31,14.99,15.2,4153242.0,0.0088193595121505,4.34,0.05,0.0115
2018-03-19,15.13,15.48,15.13,15.44,2731168.0,0.0057996024503463,4.39,0.07,0.0159
2018-03-20,15.34,15.79,15.27,15.72,3594276.0,0.0076324019235802,4.46,0.08,0.0179
2018-03-21,15.76,15.86,15.44,15.51,3072009.0,0.0065233742208043,4.54,-0.06,-0.0132
2018-03-22,15.41,16.1,15.38,15.79,2869971.0,0.0060943489540089,4.48,0.08,0.0179
2018-03-23,15.31,16.21,15.0,15.0,6874569.0,0.014598064717174,4.56,-0.23,-0.0504
2018-03-26,14.68,15.31,14.34,15.31,4092214.0,0.0086897672870147,4.33,0.09,0.0208
2018-03-27,15.45,15.96,15.38,15.93,5162288.0,0.0109620565758654,4.42,0.18,0.0407
2018-03-28,15.83,15.9,15.45,15.58,5254072.0,0.011156958797663,4.6,-0.1,-0.0217
2018-03-29,15.65,16.28,15.62,16.24,4915816.0,0.0104386762436626,4.5,0.19,0.0422
2018-03-30,16.31,16.35,16.07,16.35,2639504.0,0.0056049550471076,4.69,0.03,0.0064
2018-04-02,16.45,16.97,16.35,16.69,5072596.0,0.0107715966909457,4.72,0.1,0.0212
2018-04-03,16.49,17.32,16.49,17.14,6623538.0,0.0140650034032186,4.82,0.13,0.027
2018-04-09,18.87,18.87,18.56,18.87,15605134.0,0.0331373146523327,4.95,0.5,0.101
2018-04-10,19.64,20.43,17.94,18.22,54177085.0,0.1150443894035885,5.45,-0.19,-0.0349
2018-04-11,16.93,18.63,16.59,17.7,35274803.0,0.0749056205675678,5.26,-0.15,-0.0285
2018-04-12,17.07,17.28,16.45,16.48,18566871.0,0.0394265276053555,5.11,-0.35,-0.0685
2018-04-13,16.38,16.76,16.21,16.31,12012119.0,0.0255075904471095,4.76,-0.05,-0.0105
2018-04-16,15.83,15.97,15.34,15.38,14562439.0,0.030923164341197,4.71,-0.27,-0.0573
2018-04-17,15.38,16.14,15.24,16.07,14857564.0,0.0315498587346428,4.44,0.2,0.045
2018-04-18,15.69,15.79,15.24,15.62,11739345.0,0.0249283581337583,4.64,-0.13,-0.028
2018-04-19,15.45,15.62,15.34,15.41,7855709.0,0.0166815037250024,4.51,-0.06,-0.0133
2018-04-20,15.48,15.55,14.79,14.93,9020013.0,0.0191538892872776,4.45,-0.14,-0.0315
2018-04-23,14.75,14.82,14.37,14.47,7534402.0,0.0159992121689673,4.31,-0.13,-0.0302
2018-04-24,14.48,14.79,14.48,14.54,5190961.0,0.0110229433470413,4.18,0.02,0.0048
2018-04-25,14.54,14.93,14.44,14.79,6527174.0,0.0138603756064206,4.2,0.07,0.0167
2018-04-26,14.75,14.82,14.23,14.27,6074973.0,0.0129001322132463,4.27,-0.15,-0.0351
2018-04-27,14.3,14.48,14.13,14.2,3633430.0,0.0077155449723934,4.12,-0.02,-0.0049
2018-05-02,14.27,14.27,14.06,14.16,3143460.0,0.006675099561274,4.1,-0.01,-0.0024
2018-05-03,14.13,14.44,14.03,14.41,3370830.0,0.0071579170258661,4.09,0.07,0.0171
2018-05-04,14.41,14.75,14.3,14.68,4245360.0,0.0090149709789372,4.16,0.08,0.0192
2018-05-07,14.41,14.89,14.41,14.79,3072511.0,0.006524440211776,4.24,0.03,0.0071
2018-05-08,14.72,14.86,14.68,14.75,3307739.0,0.0070239440450042,4.27,-0.01,-0.0023
2018-05-09,14.72,14.93,14.54,14.86,3167178.0,0.0067254644494527,4.26,0.03,0.007
2018-05-10,14.79,15.03,14.79,14.99,3303251.0,0.007014413830899,4.29,0.04,0.0093
2018-05-11,14.96,14.99,14.58,14.65,2900675.0,0.0061595485292952,4.33,-0.1,-0.0231
2018-05-14,14.61,14.65,14.2,14.3,3003900.0,0.0063787455772018,4.23,-0.1,-0.0236
2018-05-15,14.27,14.48,14.23,14.48,2118954.0,0.0044995733732128,4.13,0.05,0.0121
2018-05-16,14.48,15.83,14.44,15.27,11275169.0,0.0239426859718877,4.18,0.23,0.055
2018-05-17,15.24,15.83,15.06,15.79,13287427.0,0.028215691670376,4.41,0.15,0.034
2018-05-18,16.21,16.55,15.62,16.17,17284917.0,0.0367043136808986,4.56,0.11,0.0241
2018-05-21,16.62,17.18,16.1,17.14,23324189.0,0.0495286352493659,4.67,0.28,0.06
2018-05-22,17.38,18.63,17.14,17.18,32379403.0,0.0687572734374269,4.95,0.01,0.002
2018-05-23,16.69,16.76,15.96,16.03,21157559.0,0.0449278224626776,4.96,-0.33,-0.0665
2018-05-24,16.17,16.31,15.76,16.17,11913151.0,0.0252974330875821,4.63,0.04,0.0086
2018-05-25,16.1,16.38,15.79,15.96,9233305.0,0.0196068122879276,4.67,-0.06,-0.0128
2018-05-28,15.72,15.79,15.0,15.31,7386944.0,0.0156860868767395,4.61,-0.19,-0.0412
2018-05-29,16.21,16.83,15.83,16.83,24271620.0,0.0515404936004941,4.42,0.44,0.0995
2018-05-30,17.73,18.53,17.04,18.53,80222631.0,0.1703517935626177,4.86,0.49,0.1008
2018-05-31,17.66,18.84,16.69,17.94,70147246.0,0.148956834506938,5.35,-0.17,-0.0318
2018-06-01,17.52,17.8,16.28,16.31,45296058.0,0.0961856352182759,5.18,-0.47,-0.0907
2018-06-04,16.48,17.11,15.79,15.93,32211318.0,0.0684003469584016,4.71,-0.11,-0.0234
2018-06-05,15.55,16.1,15.31,16.07,26504276.0,0.0562815118052989,4.6,0.04,0.0087
2018-06-06,15.72,15.96,15.55,15.93,16324930.0,0.0346657928145511,4.64,-0.04,-0.0086
2018-06-07,15.83,16.52,15.38,16.38,27195687.0,0.0577497147608829,4.6,0.13,0.0283
2018-06-08,16.1,16.21,15.51,15.93,15262556.0,0.0324098543832337,4.73,-0.13,-0.0275
2018-06-11,15.69,16.0,15.06,15.34,16425034.0,0.0348783624564367,4.6,-0.17,-0.037
2018-06-12,15.13,15.79,14.89,15.58,15509231.0,0.0329336657834988,4.43,0.07,0.0158
2018-06-13,15.51,16.38,15.31,16.0,21658213.0,0.0459909552194966,4.5,0.12,0.0267
2018-06-14,15.58,15.79,15.1,15.24,15571921.0,0.0330667872456762,4.62,-0.22,-0.0476
2018-06-15,15.31,15.31,14.23,14.48,16287448.0,0.0345862002376595,4.4,-0.22,-0.05
2018-06-19,14.79,15.13,13.02,13.54,18468919.0,0.0392185277096273,4.18,-0.27,-0.0646
2018-06-20,13.02,13.78,13.02,13.58,11787095.0,0.0250297546853451,3.91,0.01,0.0026
2018-06-21,13.58,13.75,12.68,12.81,13188253.0,0.0280050968723223,3.92,-0.22,-0.0561
2018-06-22,12.54,12.99,12.23,12.88,7240945.0,0.0153760597534911,3.7,0.02,0.0054
2018-06-25,13.09,13.51,12.85,13.06,6593248.0,0.0140006829519608,3.72,0.05,0.0134
2018-06-26,12.74,13.26,12.71,13.23,5122630.0,0.0108778432891046,3.77,0.05,0.0133
2018-06-27,13.26,13.58,13.13,13.26,7410954.0,0.0157370718234117,3.82,0.01,0.0026
2018-06-28,13.16,13.37,12.88,12.92,6898170.0,0.0146481811572577,3.83,-0.1,-0.0261
2018-06-29,12.85,13.3,12.81,13.23,6206758.0,0.0131799760781857,3.73,0.09,0.0241
2018-07-02,13.26,13.61,13.16,13.26,8305639.0,0.0176369246769484,3.82,0.01,0.0026
2018-07-03,13.16,13.47,12.99,13.4,7433550.0,0.0157850541580641,3.83,0.04,0.0104
2018-07-04,13.33,13.89,13.26,13.75,12170729.0,0.0258443968774168,3.87,0.1,0.0258
2018-07-05,13.61,13.68,13.02,13.19,9831808.0,0.0208777262212117,3.97,-0.16,-0.0403
2018-07-06,13.3,14.16,12.71,13.71,12601208.0,0.0267585138644431,3.81,0.15,0.0394
2018-07-09,13.5,13.82,13.33,13.71,9054800.0,0.0192277590640325,3.96,0.0,0.0
2018-07-10,13.68,13.71,13.47,13.57,5512297.0,0.0117052964842282,3.96,-0.04,-0.0101
2018-07-11,13.33,13.61,13.09,13.19,7410200.0,0.0157354707134662,3.92,-0.11,-0.0281
2018-07-12,13.05,13.5,12.98,13.37,6273411.0,0.0133215129232729,3.81,0.05,0.0131
2018-07-13,13.57,13.71,13.33,13.47,6697866.0,0.0142228380186393,3.86,0.03,0.0078
2018-07-16,13.43,13.43,13.19,13.3,3938442.0,0.0083632342916095,3.89,-0.05,-0.0129
2018-07-17,13.33,13.33,13.09,13.26,4336843.0,0.0092092340308495,3.84,-0.01,-0.0026
2018-07-18,13.26,13.4,13.16,13.3,4276344.0,0.0090807651308611,3.83,0.01,0.0026
2018-07-19,13.3,13.3,12.81,12.88,4891530.0,0.0103871052143048,3.84,-0.12,-0.0312
2018-07-20,12.88,13.12,12.74,13.05,4482060.0,0.0095176005864886,3.72,0.05,0.0134
2018-07-23,12.99,13.16,12.88,13.09,5435975.0,0.0115432276337527,3.77,0.01,0.0027
2018-07-24,13.02,13.4,12.99,13.4,7107822.0,0.0150933746616192,3.78,0.09,0.0238
2018-07-25,13.5,13.68,13.47,13.61,7666165.0,0.0162790093171709,3.87,0.06,0.0155
2018-07-26,13.57,13.99,13.4,13.82,10174301.0,0.0216050059938315,3.93,0.06,0.0153
2018-07-27,13.82,13.95,13.71,13.89,8030627.0,0.0170529399974725,3.99,0.02,0.005
2018-07-30,13.75,13.82,13.3,13.47,6533727.0,0.0138742908232279,4.01,-0.12,-0.0299
2018-07-31,13.68,14.54,13.68,14.02,13472532.0,0.028608759915014,3.89,0.16,0.0411
2018-08-01,13.82,14.16,13.4,13.51,7950385.0,0.016882547074071,4.05,-0.15,-0.037
2018-08-02,13.47,14.86,13.44,14.86,43241318.0,0.0918224195029393,3.9,0.39,0.1
2018-08-03,15.65,16.34,15.41,16.31,63236724.0,0.1342824240260112,4.29,0.42,0.0979
2018-08-06,14.68,15.41,14.68,14.68,49039391.0,0.1041345578913822,4.71,-0.47,-0.0998
2018-08-07,14.54,15.93,14.13,14.92,45208300.0,0.0959992821591315,4.24,0.07,0.0165
2018-08-08,14.79,16.41,14.58,16.41,43587509.0,0.0925575519341511,4.31,0.43,0.0998
2018-08-09,16.28,17.56,15.89,16.0,63382919.0,0.1345928673529059,4.74,-0.12,-0.0253
2018-08-10,15.55,16.28,15.24,15.72,36324531.0,0.0771347053697466,4.62,-0.08,-0.0173
2018-08-13,15.31,15.58,14.79,15.2,29134670.0,0.0618671218768054,4.54,-0.15,-0.033
2018-08-14,14.93,15.41,14.82,15.1,21061267.0,0.044723347557015,4.39,-0.03,-0.0068
2018-08-15,14.86,15.07,14.44,14.65,18518758.0,0.0393243602276279,4.36,-0.13,-0.0298
2018-08-16,14.37,14.58,14.06,14.16,15552569.0,0.0330256935060677,4.23,-0.14,-0.0331
2018-08-17,14.27,14.34,13.3,13.4,19387710.0,0.0411695693646833,4.09,-0.22,-0.0538
2018-08-20,13.33,13.47,12.85,13.26,12475073.0,0.0264906677066548,3.87,-0.04,-0.0103
2018-08-21,13.23,13.68,13.16,13.58,13080223.0,0.0277756964646173,3.83,0.09,0.0235
2018-08-22,13.58,14.93,13.3,14.93,31702770.0,0.067320451387379,3.92,0.39,0.0995
2018-08-23,14.55,15.2,14.23,14.62,28787732.0,0.0611304032000641,4.31,-0.09,-0.0209
2018-08-24,14.37,14.55,13.96,13.96,18355215.0,0.0389770786310594,4.22,-0.19,-0.045
2018-08-27,13.92,14.62,13.78,14.44,19934180.0,0.0423299918473137,4.03,0.14,0.0347
2018-08-28,14.37,14.58,14.23,14.44,14135094.0,0.0300157023655356,4.17,0.0,0.0
2018-08-29,14.34,15.2,14.23,14.79,24600153.0,0.0522381294807547,4.17,0.1,0.024
2018-08-30,14.62,14.79,14.27,14.34,13908474.0,0.029534477516937,4.27,-0.13,-0.0304
2018-08-31,14.27,14.93,14.2,14.51,14118945.0,0.0299814101579634,4.14,0.05,0.0121
2018-09-03,14.34,15.97,14.3,15.48,33377360.0,0.0708764231428058,4.19,0.28,0.0668
2018-09-04,15.24,15.69,14.96,15.52,27576257.0,0.0585578505857491,4.47,0.01,0.0022
2018-09-05,15.24,15.48,15.0,15.24,20831788.0,0.0442360516562491,4.48,-0.08,-0.0179
2018-09-06,15.06,15.52,14.82,15.34,21796880.0,0.0462854129287925,4.4,0.03,0.0068
2018-09-07,15.24,15.41,14.68,14.89,16738564.0,0.0355441396463631,4.43,-0.13,-0.0293
2018-09-10,14.89,15.03,13.72,13.92,15830102.0,0.0336150314987697,4.3,-0.28,-0.0651
2018-09-11,14.13,14.34,13.99,14.06,11083623.0,0.0235359403410975,4.02,0.04,0.01
2018-09-12,14.03,14.2,13.82,13.89,8281513.0,0.0175856934056692,4.06,-0.05,-0.0123
2018-09-13,13.96,14.13,13.79,13.99,9633130.0,0.0204558358740672,4.01,0.03,0.0075
2018-09-14,14.03,14.03,13.65,13.65,6987747.0,0.0148383968410584,4.04,-0.1,-0.0248
2018-09-17,13.61,13.78,13.33,13.75,6666650.0,0.0141565512175015,3.94,0.03,0.0076
2018-09-18,13.68,14.06,13.54,14.03,10648653.0,0.0226122867695021,3.97,0.08,0.0202
2018-09-19,14.17,14.44,13.99,14.1,12824261.0,0.0272321642313766,4.05,0.02,0.0049
2018-09-20,14.03,14.37,13.89,14.23,11405900.0,0.0242202916804842,4.07,0.04,0.0098
2018-09-21,14.23,14.48,14.13,14.34,9252015.0,0.0196465427482457,4.11,0.03,0.0073
2018-09-25,14.3,14.44,14.17,14.24,6475240.0,0.0137500943810781,4.14,-0.03,-0.0072
2018-09-26,14.24,14.27,14.03,14.1,7363700.0,0.0156367285218686,4.11,-0.04,-0.0097
2018-09-27,14.1,14.24,13.58,13.61,7674580.0,0.016296878468618,4.07,-0.14,-0.0344
2018-09-28,13.68,13.75,13.51,13.68,5550148.0,0.0117856726281886,3.93,0.02,0.0051
2018-10-08,13.37,13.54,13.09,13.2,5993076.0,0.0127262249172191,3.95,-0.14,-0.0354
2018-10-09,13.27,13.44,13.16,13.44,5253456.0,0.0111556507290604,3.81,0.07,0.0184
2018-10-10,13.37,13.58,13.34,13.44,3744000.0,0.0079503390395964,3.88,0.0,0.0
2018-10-11,12.89,13.09,12.09,12.16,10643500.0,0.0226013444358827,3.88,-0.37,-0.0954
2018-10-12,11.92,12.19,11.33,12.02,7805366.0,0.0165746009690541,3.51,-0.04,-0.0114
2018-10-15,11.98,12.33,11.88,11.95,3930592.0,0.0083465649108775,3.47,-0.02,-0.0058
2018-10-16,11.91,12.05,11.46,11.57,4538316.0,0.0096370595269298,3.45,-0.11,-0.0319
2018-10-17,11.71,11.85,11.43,11.74,4020310.0,0.008537080006485,3.34,0.05,0.015
2018-10-18,11.71,11.71,11.26,11.26,3756380.0,0.0079766278209293,3.39,-0.14,-0.0413
2018-10-19,11.01,11.46,10.81,11.4,3512100.0,0.0074579021744035,3.25,0.04,0.0123
2018-10-22,11.6,12.16,11.6,11.98,6099166.0,0.0129515057582209,3.29,0.17,0.0517
2018-10-23,12.12,12.19,11.88,11.95,5827440.0,0.0123744988602847,3.46,-0.01,-0.0029
2018-10-24,11.85,12.09,11.81,11.98,3609210.0,0.007664114093243,3.45,0.01,0.0029
2018-10-25,11.53,11.98,11.36,11.95,4895304.0,0.0103951192579841,3.46,-0.01,-0.0029
2018-10-26,12.02,12.26,11.95,12.12,4512670.0,0.0095826005539037,3.45,0.05,0.0145
2018-10-29,12.05,12.16,11.92,11.98,3521015.0,0.0074768330698463,3.5,-0.04,-0.0114
2018-10-30,11.99,12.3,11.81,12.16,4262456.0,0.0090512741296373,3.46,0.05,0.0145
2018-10-31,12.19,12.51,12.02,12.37,5716993.0,0.0121399659821046,3.51,0.06,0.0171
2018-11-01,12.33,12.54,12.3,12.44,5692658.0,0.0120882909018352,3.57,0.02,0.0056
2018-11-02,12.47,12.61,12.37,12.61,6573958.0,0.0139597208686077,3.59,0.05,0.0139
2018-11-05,12.57,12.75,12.4,12.61,6436446.0,0.0136677157879418,3.64,0.0,0.0
2018-11-06,12.54,12.82,12.47,12.82,6994831.0,0.0148534396299891,3.64,0.06,0.0165
2018-11-07,12.82,12.92,12.44,12.54,7166625.0,0.0152182421259743,3.7,-0.08,-0.0216
2018-11-08,12.64,13.09,12.64,12.64,8561043.0,0.0181792720038899,3.62,0.03,0.0083
2018-11-09,12.61,12.85,12.57,12.75,4869200.0,0.010339687727458,3.65,0.03,0.0082
2018-11-12,12.51,13.23,12.47,13.16,7067898.0,0.0150085965270528,3.68,0.12,0.0326
2018-11-13,13.06,14.31,12.99,13.68,16033705.0,0.0340473800242715,3.8,0.15,0.0395
2018-11-14,13.82,13.99,13.44,13.68,7756004.0,0.0164697813548253,3.95,0.0,0.0
2018-11-15,13.68,13.89,13.51,13.79,6108875.0,0.0129721227031289,3.95,0.03,0.0076
2018-11-16,13.79,13.99,13.61,13.82,7160840.0,0.0152059577479444,3.98,0.01,0.0025
2018-11-19,13.79,13.93,13.37,13.93,7764480.0,0.01648778003904,3.99,0.03,0.0075
2018-11-20,13.82,13.82,13.16,13.2,7934046.0,0.0168478514037804,4.02,-0.21,-0.0522
2018-11-21,13.06,13.79,12.96,13.54,7192760.0,0.0152737394846281,3.81,0.1,0.0262
2018-11-22,13.58,13.75,13.37,13.54,5348734.0,0.0113579724178998,3.91,0.0,0.0
2018-11-23,13.61,13.68,12.68,12.75,7430600.0,0.0157787898684896,3.91,-0.23,-0.0588
2018-11-26,13.06,13.09,12.75,12.82,3971571.0,0.0084335833252748,3.68,0.02,0.0054
2018-11-27,12.95,13.37,12.89,13.16,4872482.0,0.0103466570150456,3.7,0.1,0.027
2018-11-28,13.16,13.34,12.82,13.27,4876300.0,0.0103547644921966,3.8,0.03,0.0079
2018-11-29,13.4,14.37,13.2,14.03,23830760.0,0.0506043326846296,3.83,0.22,0.0574
2018-11-30,13.61,14.2,13.4,13.65,19866526.0,0.0421863293907473,4.05,-0.11,-0.0272
2018-12-03,13.23,13.96,13.23,13.72,16879715.0,0.0358438720998295,3.94,0.02,0.0051
2018-12-04,13.51,13.72,13.44,13.61,9213321.0,0.0195643765039086,3.96,-0.03,-0.0076
2018-12-05,13.47,13.75,13.3,13.65,8357610.0,0.0177472844713466,3.93,0.01,0.0025
2018-12-06,13.58,13.65,13.27,13.27,6202809.0,0.0131715904241079,3.94,-0.11,-0.0279
2018-12-07,13.34,13.47,13.16,13.44,3947239.0,0.0083819146154694,3.83,0.05,0.0131
2018-12-10,13.3,13.4,13.13,13.27,3779400.0,0.00802551051449,3.88,-0.05,-0.0129
2018-12-11,13.27,13.37,13.16,13.27,2756338.0,0.0058530506430884,3.83,0.0,0.0
2018-12-12,13.27,13.51,13.2,13.44,4321690.0,0.0091770568173166,3.83,0.05,0.0131
2018-12-13,13.51,13.61,13.3,13.51,4237238.0,0.0089977240094715,3.88,0.02,0.0052
2018-12-14,13.4,13.65,12.99,13.09,6179642.0,0.0131223955778124,3.9,-0.12,-0.0308
2018-12-17,12.99,13.2,12.82,13.13,2918790.0,0.0061980155142584,3.78,0.01,0.0026
2018-12-18,13.06,13.2,12.85,13.06,3281900.0,0.0069690752387958,3.79,-0.02,-0.0053
2018-12-19,13.06,13.2,12.82,12.85,2942000.0,0.0062473016705375,3.77,-0.06,-0.0159
2018-12-20,12.78,12.99,12.75,12.85,2591170.0,0.0055023183785339,3.71,0.0,0.0
2018-12-21,12.78,12.85,12.61,12.71,2999460.0,0.0063693172905202,3.71,-0.04,-0.0108
2018-12-24,12.75,13.23,12.71,13.13,5402940.0,0.0114730782079586,3.67,0.12,0.0327
2018-12-25,12.95,12.95,12.4,12.75,3978065.0,0.0084473732562906,3.79,-0.11,-0.029
2018-12-26,12.68,12.85,12.5,12.5,2913430.0,0.0061866336186248,3.68,-0.07,-0.019
2018-12-27,12.68,12.71,12.12,12.12,3839600.0,0.008153344491569,3.61,-0.11,-0.0305
2018-12-28,12.12,12.43,12.05,12.3,2825369.0,0.005999637142619,3.5,0.05,0.0143
2019-01-02,12.3,12.4,12.09,12.3,1800900.0,0.0038241895236135,3.55,0.0,0.0
2019-01-03,12.3,12.57,12.3,12.33,2234100.0,0.0047440845214643,3.55,0.01,0.0028
2019-01-04,12.12,12.68,12.05,12.61,3226532.0,0.006851501955691,3.56,0.08,0.0225
2019-01-07,12.71,12.92,12.61,12.78,3265282.0,0.0069337871153556,3.64,0.05,0.0137
2019-01-08,12.88,12.92,12.75,12.85,2793535.0,0.0059320380259025,3.69,0.02,0.0054
2019-01-09,12.92,13.2,12.82,12.95,5367383.0,0.0113975733454504,3.71,0.03,0.0081
2019-01-10,12.92,13.16,12.92,13.09,3014980.0,0.0064022738241459,3.74,0.04,0.0107
2019-01-11,13.13,13.34,12.99,13.23,3169612.0,0.0067306330192236,3.78,0.04,0.0106
2019-01-14,13.16,13.4,12.99,13.09,3699285.0,0.0078553872740634,3.82,-0.04,-0.0105
2019-01-15,13.16,13.3,13.02,13.23,3802179.0,0.0080738814474449,3.78,0.04,0.0106
2019-01-16,13.23,13.37,13.16,13.23,2478207.0,0.0052624428045676,3.82,0.0,0.0
2019-01-17,13.23,13.3,12.82,13.06,2877600.0,0.0061105490438949,3.82,-0.05,-0.0131
2019-01-18,13.06,13.27,13.06,13.23,3387797.0,0.0071939462466153,3.77,0.05,0.0133
2019-01-21,13.2,13.4,13.13,13.37,3261721.0,0.0069262253746184,3.82,0.04,0.0105
2019-01-22,13.44,13.44,13.16,13.27,2832160.0,0.0060140577495682,3.86,-0.03,-0.0078
2019-01-23,13.27,13.65,13.13,13.33,6859896.0,0.014566906777877,3.83,0.02,0.0052
2019-01-24,13.2,14.69,13.13,14.24,30524176.0,0.0648177211817075,3.85,0.26,0.0675
2019-01-25,13.85,14.03,13.58,13.79,21166457.0,0.0449467172588246,4.11,-0.13,-0.0316
2019-01-28,13.61,13.79,13.02,13.2,12969219.0,0.027539980803626,3.98,-0.17,-0.0427
2019-01-29,13.02,13.27,12.47,12.82,6936749.0,0.0147301032004758,3.81,-0.11,-0.0289
2019-01-30,12.92,13.09,12.71,12.85,3924866.0,0.008334405818639,3.7,0.01,0.0027
2019-01-31,12.82,13.02,12.68,12.85,3519895.0,0.007474454763296,3.71,0.0,0.0
2019-02-01,12.92,13.4,12.92,13.4,3809135.0,0.0080886524299127,3.71,0.16,0.0431
2019-02-11,14.03,14.75,13.72,14.03,9420582.0,0.0200044927484828,3.87,0.18,0.0465
2019-02-12,13.96,14.13,13.82,13.92,8666500.0,0.0184032086769932,4.05,-0.03,-0.0074
2019-02-13,13.85,14.37,13.85,14.06,8283946.0,0.0175908598519521,4.02,0.04,0.01
2019-02-14,14.1,14.31,13.92,14.2,6937058.0,0.0147307593582651,4.06,0.04,0.0099
2019-02-15,14.17,14.65,14.1,14.41,10006593.0,0.021248880069779,4.1,0.06,0.0146
2019-02-18,14.48,14.72,14.3,14.72,12244631.0,0.0260013268869532,4.16,0.09,0.0216
2019-02-19,14.69,14.82,14.27,14.58,8431329.0,0.0179038258825805,4.25,-0.04,-0.0094
2019-02-20,15.59,16.04,14.89,15.14,18109191.0,0.0384546496214766,4.21,0.16,0.038
2019-02-21,14.86,15.1,14.55,14.86,13348880.0,0.0283461863779082,4.37,-0.08,-0.0183
2019-02-22,14.76,15.38,14.72,15.38,8838304.0,0.0187680324078583,4.29,0.15,0.035
2019-02-25,15.31,16.0,15.21,15.97,12323577.0,0.0261689677699179,4.44,0.17,0.0383
2019-02-26,17.32,17.32,15.93,16.14,21783496.0,0.0462569921655163,4.61,0.05,0.0108
2019-02-27,15.83,16.11,15.52,15.76,13329647.0,0.0283053453333706,4.66,-0.11,-0.0236
2019-02-28,15.76,15.9,15.38,15.59,9364700.0,0.0198858279925504,4.55,-0.05,-0.011
2019-03-01,15.66,15.76,15.48,15.76,5812444.0,0.0123426550343664,4.5,0.05,0.0111
2019-03-04,15.83,16.04,15.66,15.83,12770880.0,0.0271188103189106,4.55,0.02,0.0044
2019-03-05,15.76,16.0,15.66,15.93,9710921.0,0.0206210241284019,4.57,0.03,0.0066
2019-03-06,15.97,16.45,15.83,16.25,12258424.0,0.0260306161568178,4.6,0.09,0.0196
2019-03-07,16.56,17.01,16.21,16.94,15034052.0,0.0319246288832593,4.69,0.2,0.0426
2019-03-08,16.76,16.87,15.45,15.59,14740235.0,0.0313007120121063,4.89,-0.39,-0.0798
2019-03-11,15.34,16.59,15.34,16.45,9847337.0,0.0209107018662293,4.5,0.25,0.0556
2019-03-12,16.63,16.9,16.28,16.8,12388219.0,0.0263062342806545,4.75,0.1,0.0211
2019-03-13,16.9,16.9,16.18,16.28,10093712.0,0.021433876220097,4.85,-0.15,-0.0309
2019-03-14,16.21,16.35,15.41,15.69,8496761.0,0.0180427699488302,4.7,-0.17,-0.0362
2019-03-15,15.76,16.07,15.76,15.93,5420119.0,0.0115095576081619,4.53,0.07,0.0155
2019-03-18,15.97,16.59,15.93,16.59,7153838.0,0.015191089085029,4.6,0.19,0.0413
2019-03-19,16.66,16.66,16.21,16.38,5743068.0,0.0121953359314789,4.79,-0.06,-0.0125
2019-03-20,16.42,18.01,16.35,18.01,37665652.0,0.0799825597081875,4.73,0.47,0.0994
2019-03-21,17.63,18.57,17.46,17.87,32842441.0,0.0697405290699634,5.2,-0.04,-0.0077
2019-03-22,17.67,18.5,17.32,17.98,19052927.0,0.0404586616844768,5.16,0.03,0.0058
2019-03-25,17.42,18.91,17.42,18.01,20583141.0,0.0437080527376651,5.19,0.01,0.0019
2019-03-26,17.98,18.19,17.18,17.25,14172669.0,0.0300954924268104,5.2,-0.22,-0.0423
2019-03-27,17.53,17.7,16.66,17.6,10796780.0,0.022926832675196,4.98,0.1,0.0201
2019-03-28,17.22,17.63,16.9,16.9,8079850.0,0.0171574644468705,5.08,-0.2,-0.0394
2019-03-29,17.08,17.46,16.97,17.35,7741937.0,0.0164399102492511,4.88,0.13,0.0266
2019-04-01,17.46,17.94,16.97,17.8,13599223.0,0.0288777867321255,5.01,0.13,0.0259
2019-04-02,17.73,18.18,17.7,17.84,10816550.0,0.0229688140327849,5.14,0.01,0.0019
2019-04-03,17.84,18.22,17.66,18.18,9910410.0,0.0210446366243074,5.15,0.1,0.0194
2019-04-04,18.18,18.32,17.84,18.04,7682137.0,0.0163129256673686,5.25,-0.04,-0.0076
2019-04-08,18.22,18.25,17.73,18.15,8713177.0,0.0185023267259652,5.21,0.03,0.0058
2019-04-09,18.11,18.91,18.01,18.63,14774650.0,0.0313737918513284,5.24,0.14,0.0267
2019-04-10,18.43,18.53,18.05,18.22,8842273.0,0.0187764605316959,5.38,-0.12,-0.0223
2019-04-11,18.11,18.6,18.01,18.08,8019474.0,0.0170292567359051,5.26,-0.04,-0.0076
2019-04-12,18.08,18.5,18.01,18.15,6410209.0,0.0136120018335129,5.22,0.02,0.0038
2019-04-15,18.46,19.26,18.25,18.67,15484929.0,0.0328820607783331,5.24,0.15,0.0286
2019-04-16,18.67,20.54,18.53,20.54,23120979.0,0.0490971212546447,5.39,0.54,0.1002
2019-04-17,21.16,21.47,20.12,20.43,29945943.0,0.063589850350008,5.93,-0.03,-0.0051
2019-04-18,20.36,20.88,20.09,20.12,16644406.0,0.0353441962640741,5.9,-0.09,-0.0153
2019-04-19,20.05,20.71,19.91,20.12,13470737.0,0.0286049482540695,5.81,0.0,0.0
2019-04-22,20.12,20.29,19.5,19.74,10789007.0,0.0229103268030393,5.81,-0.11,-0.0189
2019-04-23,19.95,19.98,18.7,18.98,11200161.0,0.0237834073846329,5.7,-0.22,-0.0386
2019-04-24,19.19,19.36,18.77,19.22,7701292.0,0.0163536010798429,5.48,0.07,0.0128
2019-04-25,19.29,19.33,17.66,17.77,12464214.0,0.0264676087505568,5.55,-0.42,-0.0757
2019-04-26,17.49,17.9,17.11,17.21,8299738.0,0.0176243939743114,5.13,-0.16,-0.0312
2019-04-29,17.35,17.35,15.62,15.72,11029674.0,0.0234213802874524,4.97,-0.43,-0.0865
2019-04-30,15.58,16.24,15.55,15.83,7747980.0,0.0164527424871828,4.54,0.03,0.0066
2019-05-06,15.79,16.42,14.55,14.82,10788112.0,0.0229084262812871,4.57,-0.29,-0.0635
2019-05-07,15.06,15.93,14.65,15.9,9866185.0,0.0209507253678902,4.28,0.31,0.0724
2019-05-08,15.45,16.14,15.24,15.72,9275587.0,0.0196965976071777,4.59,-0.05,-0.0109
2019-05-09,15.48,16.97,15.24,16.45,9726522.0,0.0206541526645549,4.54,0.21,0.0463
2019-05-10,16.0,17.0,15.96,16.69,11897237.0,0.0252636398996878,4.75,0.07,0.0147
2019-05-13,16.21,17.14,15.96,16.83,11109376.0,0.0235906265273386,4.82,0.04,0.0083
2019-05-14,16.48,17.11,16.35,16.45,7807263.0,0.0165786292257737,4.86,-0.11,-0.0226
2019-05-15,16.52,17.0,16.28,16.83,7476598.0,0.0158764660691155,4.75,0.11,0.0232
2019-05-16,16.87,17.46,16.83,17.11,9545003.0,0.0202686992478539,4.86,0.08,0.0165
2019-05-17,17.21,18.53,16.97,17.39,17956331.0,0.0381300532471196,4.94,0.08,0.0162
2019-05-20,17.35,17.35,15.65,15.69,13614299.0,0.028909800437083,5.02,-0.49,-0.0976
2019-05-21,15.59,16.83,15.59,16.59,10372581.0,0.0220260511927554,4.53,0.26,0.0574
2019-05-22,16.76,17.56,16.62,17.07,11607369.0,0.0246481086826126,4.79,0.14,0.0292
2019-05-23,17.18,17.21,16.28,16.45,8573503.0,0.0182057306642621,4.93,-0.18,-0.0365
2019-05-24,16.14,17.08,15.93,16.28,5433890.0,0.0115388001612908,4.75,-0.05,-0.0105
2019-05-27,16.63,16.63,15.83,16.28,6793768.0,0.0144264847639853,4.7,0.0,0.0
2019-05-28,16.31,16.87,16.11,16.17,7915247.0,0.0168079319530311,4.7,-0.03,-0.0064
2019-05-29,16.17,16.83,15.97,16.8,8519663.0,0.018091402070808,4.67,0.18,0.0385
2019-05-30,16.66,17.49,16.52,17.35,15572575.0,0.0330681760068225,4.85,0.16,0.033
2019-05-31,17.25,17.25,16.24,16.69,12409615.0,0.0263516684297173,5.01,-0.19,-0.0379
2019-06-03,16.56,17.32,16.24,17.11,13514483.0,0.0286978423597389,4.82,0.12,0.0249
2019-06-04,16.63,16.69,15.59,15.62,10879700.0,0.0231029122994384,4.94,-0.43,-0.087
2019-06-05,15.79,17.18,15.59,17.18,28673714.0,0.0608882873462669,4.51,0.45,0.0998
2019-06-06,17.18,18.25,16.31,16.73,24008507.0,0.0509817763046273,4.96,-0.13,-0.0262
2019-06-10,16.73,17.7,16.14,17.49,23440911.0,0.0497764930146917,4.83,0.22,0.0455
2019-06-11,17.39,18.95,17.35,18.32,27222356.0,0.0578063460621241,5.05,0.24,0.0475
2019-06-12,17.77,20.16,17.59,19.47,38873930.0,0.0825483235313941,5.29,0.33,0.0624
2019-06-13,19.05,19.22,18.15,18.67,24699996.0,0.0524501448922746,5.62,-0.23,-0.0409
2019-06-14,18.57,19.47,18.12,18.22,22823779.0,0.0484660206236169,5.39,-0.13,-0.0241
2019-06-17,17.94,18.53,17.7,18.18,15391668.0,0.0326840221647722,5.26,-0.01,-0.0019
2019-06-18,17.91,18.36,17.28,17.73,14372900.0,0.0305206805508055,5.25,-0.13,-0.0248
2019-06-19,17.73,19.5,17.63,19.5,27618104.0,0.058646712187723,5.12,0.51,0.0996
2019-06-20,19.5,21.13,18.84,19.64,53676363.0,0.1139811122495861,5.63,0.04,0.0071
2019-06-21,19.26,20.23,19.02,19.29,36048066.0,0.0765476352622194,5.67,-0.1,-0.0176
2019-06-24,19.29,21.23,18.88,21.23,42048506.0,0.0892894975450068,5.57,0.56,0.1005
2019-06-25,22.37,23.34,22.03,23.34,53987560.0,0.1146419353420288,6.13,0.61,0.0995
2019-06-26,23.34,23.34,21.02,21.02,72148826.0,0.1532071656006548,6.74,-0.67,-0.0994
2019-06-27,19.67,20.37,19.5,19.92,52308300.0,0.1110760468976824,6.07,-0.32,-0.0527
2019-06-28,19.5,19.71,18.04,18.81,37997731.0,0.0806877254768655,5.75,-0.32,-0.0557
2019-07-01,18.53,18.98,18.29,18.88,24580049.0,0.0521954388781767,5.43,0.02,0.0037
2019-07-02,18.53,18.88,18.43,18.56,16013097.0,0.0340036191837459,5.45,-0.09,-0.0165
2019-07-03,18.57,18.84,18.05,18.18,17021694.0,0.0361453628013527,5.36,-0.11,-0.0205
2019-07-04,18.18,18.32,17.32,17.42,19061874.0,0.0404776605315354,5.25,-0.22,-0.0419
2019-07-05,17.42,17.6,17.08,17.46,14864498.0,0.0315645830003748,5.03,0.01,0.002
2019-07-08,17.46,17.53,16.42,16.8,14792942.0,0.0314126346936661,5.04,-0.19,-0.0377
2019-07-09,16.66,17.04,16.52,16.9,8924616.0,0.0189513149033672,4.85,0.03,0.0062
2019-07-10,16.73,16.94,16.45,16.49,7456000.0,0.0158327264634698,4.88,-0.12,-0.0246
2019-07-11,16.59,16.76,16.35,16.56,7445600.0,0.0158106421883598,4.76,0.02,0.0042
2019-07-12,16.49,16.63,16.24,16.38,6703031.0,0.0142338058341146,4.78,-0.05,-0.0105
2019-07-15,16.38,16.52,16.04,16.42,7076351.0,0.0150265463710436,4.73,0.01,0.0021
2019-07-16,16.38,16.9,16.31,16.55,8426111.0,0.0178927455222417,4.74,0.04,0.0084
2019-07-17,16.62,17.11,16.31,16.8,11964675.0,0.0254068436828482,4.78,0.07,0.0146
2019-07-18,16.59,17.25,16.52,17.07,13617028.0,0.0289155954358114,4.85,0.08,0.0165
2019-07-19,16.83,17.11,16.62,16.62,9183270.0,0.0195005635662806,4.93,-0.13,-0.0264
2019-07-22,15.58,15.86,14.96,14.96,19756543.0,0.0419527818109952,4.8,-0.48,-0.1
2019-07-23,14.65,15.1,14.61,14.93,8365579.0,0.0177642065471496,4.32,-0.01,-0.0023
2019-07-24,15.07,15.48,14.93,15.38,9520926.0,0.0202175720274863,4.31,0.13,0.0302
2019-07-25,15.55,15.59,15.2,15.48,8031157.0,0.0170540654461079,4.44,0.03,0.0068
2019-07-26,15.45,15.52,15.24,15.24,4716300.0,0.0100150064135813,4.47,-0.07,-0.0157
2019-07-29,15.34,15.45,15.13,15.38,4190200.0,0.0088978393813346,4.4,0.04,0.0091
2019-07-30,15.38,15.55,15.27,15.38,4832128.0,0.0102609657806429,4.44,0.0,0.0
2019-07-31,15.45,16.17,15.24,15.38,8317756.0,0.0176626549809395,4.44,0.0,0.0
2019-08-01,15.17,15.38,14.96,15.1,6375200.0,0.0135376606424239,4.44,-0.08,-0.018
2019-08-02,15.03,15.59,14.93,15.34,10654044.0,0.0226237344932634,4.36,0.07,0.0161
2019-08-05,15.27,15.9,14.93,15.45,13219000.0,0.0280703877575922,4.43,0.03,0.0068
2019-08-06,15.34,15.86,13.96,14.62,15274971.0,0.0324362174866462,4.46,-0.24,-0.0538
2019-08-07,14.2,14.76,14.2,14.55,10248119.0,0.0217617576303766,4.22,-0.02,-0.0047
2019-08-08,14.48,14.58,14.24,14.44,5768679.0,0.0122497205824252,4.2,-0.03,-0.0071
2019-08-09,14.38,14.69,14.34,14.41,5832919.0,0.0123861334509892,4.17,-0.01,-0.0024
2019-08-12,14.45,14.48,13.89,14.2,5947935.0,0.0126303685458018,4.16,-0.06,-0.0144
2019-08-13,14.24,14.31,13.89,13.96,5490761.0,0.0116595650468465,4.1,-0.07,-0.0171
2019-08-14,14.1,14.31,14.03,14.13,5310400.0,0.0112765706292395,4.03,0.05,0.0124
2019-08-15,13.96,14.17,13.61,14.17,5902134.0,0.0125331106723102,4.08,0.01,0.0025
2019-08-16,14.1,14.31,14.03,14.2,4833010.0,0.0102628386970512,4.09,0.01,0.0024
2019-08-19,14.2,14.51,14.06,14.45,5507421.0,0.0116949423567824,4.1,0.07,0.0171
2019-08-20,14.41,15.1,14.38,15.07,9594061.0,0.0203728733217333,4.17,0.18,0.0432
2019-08-21,14.83,14.93,14.58,14.65,8027103.0,0.017045456825791,4.35,-0.12,-0.0276
2019-08-22,14.62,14.72,14.45,14.55,5124199.0,0.0108811750417631,4.23,-0.03,-0.0071
2019-08-23,14.51,14.62,14.41,14.55,3831300.0,0.0081357195412408,4.2,0.0,0.0
2019-08-26,14.65,14.9,14.48,14.51,5574203.0,0.0118367531318204,4.2,-0.01,-0.0024
2019-08-27,14.24,14.76,14.24,14.69,7248250.0,0.0153915718332678,4.19,0.05,0.0119
2019-08-28,14.69,14.96,14.58,14.79,7111227.0,0.0151006051382297,4.24,0.03,0.0071
2019-08-29,14.86,14.86,14.55,14.55,4830600.0,0.0102577210909921,4.27,-0.07,-0.0164
2019-08-30,14.65,14.83,14.1,14.17,6343977.0,0.0134713589768701,4.2,-0.11,-0.0262
2019-09-02,14.06,14.48,14.06,14.45,4965401.0,0.0105439693957134,4.09,0.08,0.0196
2019-09-03,14.51,14.72,14.48,14.62,4733689.0,0.0100519317462628,4.17,0.05,0.012
2019-09-04,14.62,14.96,14.51,14.79,6104675.0,0.0129632040535652,4.22,0.05,0.0118
2019-09-05,14.86,15.1,14.72,14.93,9435779.0,0.0200367633954872,4.27,0.04,0.0094
2019-09-06,15.07,15.94,14.9,15.03,14476534.0,0.0307407461053005,4.31,0.03,0.007
2019-09-09,14.86,15.17,14.72,15.1,10480279.0,0.0222547466024473,4.34,0.02,0.0046
2019-09-10,15.07,15.59,14.97,15.24,10352513.0,0.0219834370357451,4.36,0.04,0.0092
2019-09-11,15.21,15.59,15.14,15.35,9495493.0,0.0201635653574024,4.4,0.03,0.0068
2019-09-12,15.38,15.52,15.17,15.35,5729941.0,0.0121674609046165,4.43,0.0,0.0
2019-09-16,15.31,15.45,15.24,15.28,5323480.0,0.0113043458521663,4.43,-0.02,-0.0045
2019-09-17,15.42,15.42,14.62,14.76,7883240.0,0.0167399654728921,4.41,-0.15,-0.034
2019-09-18,14.72,14.86,14.55,14.65,5210730.0,0.0110649225811422,4.26,-0.03,-0.007
2019-09-19,14.72,14.79,14.52,14.65,4702760.0,0.0099862543861785,4.23,0.0,0.0
2019-09-20,14.72,14.9,14.62,14.76,6735150.0,0.0143020101449086,4.23,0.03,0.0071
2019-09-23,14.76,14.83,14.2,14.48,7197300.0,0.0152833801201088,4.26,-0.08,-0.0188
2019-09-24,14.48,14.69,14.41,14.48,3431642.0,0.0072870505775958,4.18,0.0,0.0
2019-09-25,14.48,14.48,13.89,13.96,6273707.0,0.0133221414757183,4.18,-0.15,-0.0359
2019-09-26,14.03,14.03,13.51,13.55,4797011.0,0.0101863952528508,4.03,-0.12,-0.0298
2019-09-27,13.61,13.79,13.44,13.68,3259441.0,0.0069213838219982,3.91,0.04,0.0102
2019-09-30,13.65,13.68,13.48,13.48,1991900.0,0.0042297757299605,3.95,-0.06,-0.0152
2019-10-08,13.41,13.65,13.34,13.54,2122984.0,0.004508131029818,3.89,0.02,0.0051
2019-10-09,13.54,13.79,13.44,13.75,2760900.0,0.0058627379953049,3.91,0.06,0.0153
2019-10-10,13.72,14.13,13.65,13.99,3364862.0,0.0071452440495338,3.97,0.07,0.0176
2019-10-11,14.03,14.27,13.96,14.1,3572550.0,0.0075862670234803,4.04,0.03,0.0074
2019-10-14,14.72,14.72,14.24,14.44,4885184.0,0.0103736295595117,4.07,0.1,0.0246
2019-10-15,14.55,14.58,14.24,14.37,4980320.0,0.0105756497130563,4.17,-0.02,-0.0048
2019-10-16,14.24,14.55,14.24,14.34,4036501.0,0.0085714614005529,4.15,-0.01,-0.0024
2019-10-17,14.34,14.48,14.2,14.34,3432003.0,0.0072878171567607,4.14,0.0,0.0
2019-10-18,14.34,14.48,13.99,14.27,3822661.0,0.0081173747284836,4.14,-0.02,-0.0048
2019-10-21,14.1,14.24,13.61,13.61,6964183.0,0.0147883589700304,4.12,-0.19,-0.0461
2019-10-22,13.68,14.27,13.65,14.24,7272211.0,0.0154424527290285,3.93,0.18,0.0458
2019-10-23,14.24,14.62,14.2,14.44,5126880.0,0.0108868681130679,4.11,0.06,0.0146
2019-10-24,14.37,14.41,13.89,14.17,4766759.0,0.0101221554941366,4.17,-0.08,-0.0192
2019-10-25,14.17,14.41,13.96,14.31,3238350.0,0.0068765973367727,4.09,0.04,0.0098
2019-10-28,14.27,14.48,14.27,14.41,3612582.0,0.0076712744947498,4.13,0.03,0.0073
2019-10-29,14.55,14.62,14.31,14.51,5075218.0,0.010777164476459,4.16,0.03,0.0072
2019-10-30,14.45,14.45,13.65,13.79,6450482.0,0.0136975210653884,4.19,-0.21,-0.0501
2019-10-31,13.68,13.89,13.48,13.54,4033250.0,0.008564557941093,3.98,-0.07,-0.0176
2019-11-01,13.61,13.61,13.2,13.48,4044910.0,0.0085893178110721,3.91,-0.02,-0.0051
2019-11-04,13.51,13.68,13.34,13.41,3453561.0,0.0073335953108781,3.89,-0.02,-0.0051
2019-11-05,13.34,13.41,13.16,13.3,2949765.0,0.0062637905547903,3.87,-0.03,-0.0078
2019-11-06,13.3,13.44,13.06,13.09,3163543.0,0.0067177455706041,3.84,-0.06,-0.0156
2019-11-07,13.16,13.2,12.92,13.09,3653348.0,0.007757840606205,3.78,0.0,0.0
2019-11-08,13.16,13.23,12.85,12.96,2735600.0,0.0058090137491239,3.78,-0.04,-0.0106
2019-11-11,12.96,13.09,12.4,12.5,3135678.0,0.0066585745777253,3.74,-0.13,-0.0348
2019-11-12,12.57,12.85,12.44,12.78,2677948.0,0.0056865904194469,3.61,0.08,0.0222
2019-11-13,12.99,12.99,12.61,12.71,2665641.0,0.0056604566527374,3.69,-0.02,-0.0054
2019-11-14,12.75,12.78,12.54,12.71,1711842.0,0.0036350759300803,3.67,0.0,0.0
2019-11-15,12.71,12.71,12.4,12.51,2378916.0,0.0050515995584189,3.67,-0.06,-0.0163
2019-11-18,12.51,12.71,12.47,12.64,1886185.0,0.0040052911969554,3.61,0.04,0.0111
2019-11-19,12.61,12.75,12.51,12.71,1941228.0,0.004122174346463,3.65,0.02,0.0055
2019-11-20,12.75,13.03,12.71,12.82,4190941.0,0.0088994128859362,3.67,0.03,0.0082
2019-11-21,12.68,12.85,12.68,12.82,2512304.0,0.0053348473746085,3.7,0.0,0.0
2019-11-22,12.78,12.99,12.58,12.65,2716657.0,0.0057687885161038,3.7,-0.05,-0.0135
2019-11-25,12.65,12.71,12.47,12.65,2062620.0,0.0043799488007084,3.65,0.0,0.0
2019-11-26,12.78,12.78,12.58,12.68,1859060.0,0.0039476915851902,3.65,0.01,0.0027
2019-11-27,12.82,13.89,12.82,13.1,8992873.0,0.0190962578231925,3.66,0.12,0.0328
2019-11-28,12.82,13.27,12.54,13.17,7781051.0,0.0165229683585446,3.78,0.02,0.0053
2019-11-29,12.92,13.23,12.75,12.99,6710529.0,0.0142497277470737,3.8,-0.05,-0.0132
2019-12-02,12.82,12.92,12.75,12.92,3436618.0,0.0072976170538407,3.75,-0.02,-0.0053
2019-12-03,12.89,12.92,12.71,12.85,2311388.0,0.0049082046613394,3.73,-0.02,-0.0054
2019-12-04,12.85,13.1,12.82,13.03,4438121.0,0.0094242966476369,3.71,0.05,0.0135
2019-12-05,12.99,13.1,12.96,13.06,3082712.0,0.0065461019127757,3.76,0.01,0.0027
2019-12-06,13.06,13.2,12.99,13.13,2940522.0,0.0062441631552863,3.77,0.02,0.0053
2019-12-09,13.06,13.3,13.06,13.2,2886101.0,0.0061286008153093,3.79,0.02,0.0053
2019-12-10,13.17,13.27,13.1,13.17,2492200.0,0.0052921567720305,3.81,-0.01,-0.0026
2019-12-11,13.13,13.24,13.06,13.13,1808153.0,0.0038395911820148,3.8,-0.01,-0.0026
2019-12-12,13.13,13.24,12.96,13.03,3298900.0,0.0070051745346487,3.79,-0.03,-0.0079
2019-12-13,13.03,13.2,13.03,13.17,2971636.0,0.0063102333606491,3.76,0.04,0.0106
2019-12-16,13.17,13.3,13.1,13.27,3059834.0,0.0064975207545097,3.8,0.03,0.0079
2019-12-17,13.3,13.48,13.23,13.41,4638717.0,0.0098502598447488,3.83,0.04,0.0104
2019-12-18,13.34,13.62,13.3,13.58,5408420.0,0.0114847149221512,3.87,0.05,0.0129
2019-12-19,13.51,13.72,13.44,13.65,2919100.0,0.0061986737955357,3.92,0.02,0.0051
2019-12-20,13.65,13.72,13.48,13.48,2974500.0,0.0063163150302563,3.94,-0.05,-0.0127
2019-12-23,13.65,13.65,13.2,13.2,3623100.0,0.0076936093414428,3.89,-0.08,-0.0206
2019-12-24,13.16,13.44,13.16,13.37,2108950.0,0.0044783299993474,3.81,0.05,0.0131
2019-12-25,13.37,13.41,13.2,13.23,3562400.0,0.0075647136203681,3.86,-0.04,-0.0104
2019-12-26,13.23,13.37,13.2,13.3,3231792.0,0.0068626715025255,3.82,0.02,0.0052
2019-12-27,13.34,13.51,13.27,13.51,6111134.0,0.0129769196625013,3.84,0.06,0.0156
2019-12-30,13.54,14.06,13.47,13.68,8947215.0,0.0189993036084837,3.9,0.05,0.0128
2019-12-31,13.58,13.96,13.54,13.58,6462282.0,0.0137225782236862,3.95,-0.03,-0.0076
2020-01-02,13.61,13.99,13.58,13.86,8059207.0,0.0171136292842652,3.92,0.08,0.0204
2020-01-03,13.86,14.79,13.86,14.65,19367198.0,0.0411260123790049,4.0,0.23,0.0575
2020-01-06,14.41,15.14,14.31,14.69,18220865.0,0.0386917880194221,4.23,0.01,0.0024
2020-01-07,14.62,14.65,14.2,14.41,12469719.0,0.0264792985519491,4.24,-0.08,-0.0189
2020-01-08,14.27,14.37,13.85,13.89,9631174.0,0.0204516823315561,4.16,-0.15,-0.0361
2020-01-09,14.13,14.37,14.03,14.03,6472900.0,0.0137451254191783,4.01,0.04,0.01
2020-01-10,14.1,14.17,13.79,13.86,4971463.0,0.010556841979917,4.05,-0.05,-0.0123
2020-01-13,13.86,13.89,13.61,13.86,4333972.0,0.0092031374968263,4.0,0.0,0.0
2020-01-14,13.86,14.1,13.82,14.03,4946470.0,0.0105037696445493,4.0,0.05,0.0125
2020-01-15,14.03,14.1,13.61,13.65,4651305.0,0.0098769903115839,4.05,-0.11,-0.0272
2020-01-16,13.65,13.68,13.37,13.44,4815700.0,0.0102260811199211,3.94,-0.06,-0.0152
2020-01-17,13.44,13.48,13.27,13.34,3263580.0,0.0069301729387943,3.88,-0.03,-0.0077
2020-01-20,13.34,13.37,13.16,13.3,2597060.0,0.0055148257228029,3.85,-0.01,-0.0026
2020-01-21,13.27,13.47,13.16,13.34,3122486.0,0.0066305615241435,3.84,0.01,0.0026
2020-01-22,13.34,13.34,13.02,13.16,2758100.0,0.0058567922289292,3.85,-0.05,-0.013
2020-01-23,13.16,13.3,12.71,12.92,3529546.0,0.0074949485459005,3.8,-0.07,-0.0184
2020-02-03,11.64,11.78,11.64,11.64,3428100.0,0.0072795291831305,3.73,-0.37,-0.0992
2020-02-04,10.81,11.5,10.81,11.47,6037481.0,0.0128205184014748,3.36,-0.05,-0.0149
2020-02-05,11.53,12.26,11.5,12.02,8469035.0,0.0179838941207822,3.31,0.16,0.0483
2020-02-06,12.19,12.54,12.02,12.4,9707097.0,0.020612903910323,3.47,0.11,0.0317
2020-02-07,12.37,12.4,12.02,12.26,7599267.0,0.0161369522175259,3.58,-0.04,-0.0112
2020-02-10,12.3,13.47,12.26,13.47,20374867.0,0.0432657853997557,3.54,0.35,0.0989
2020-02-11,13.41,13.41,12.5,12.57,15503249.0,0.0329209630783345,3.89,-0.26,-0.0668
2020-02-12,12.47,13.02,12.3,12.78,9848352.0,0.0209128572065405,3.63,0.06,0.0165
2020-02-13,12.75,13.23,12.61,12.78,10740994.0,0.0228083717741109,3.69,0.0,0.0
2020-02-14,12.64,12.92,12.44,12.85,7232629.0,0.015358400827355,3.69,0.02,0.0054
2020-02-17,13.51,14.13,13.51,14.13,7239189.0,0.0153723309085783,3.71,0.37,0.0997
2020-02-18,14.55,15.38,14.06,14.17,37123249.0,0.0788307734512179,4.08,0.01,0.0025
2020-02-19,13.75,14.13,13.51,13.89,20847446.0,0.0442693012312176,4.09,-0.08,-0.0196
2020-02-20,13.72,13.96,13.61,13.82,13182413.0,0.0279926957024529,4.01,-0.02,-0.005
2020-02-21,13.72,13.92,13.61,13.68,11253666.0,0.0238970246096098,3.99,-0.04,-0.01
2020-02-24,13.61,14.13,13.51,13.89,13705137.0,0.0291026938392408,3.95,0.06,0.0152
2020-02-25,13.51,13.68,13.06,13.47,13225019.0,0.0280831690318121,4.01,-0.12,-0.0299
2020-02-26,13.65,13.89,13.27,13.37,12709347.0,0.0269881457323392,3.89,-0.03,-0.0077
2020-02-27,13.37,13.58,13.2,13.34,8457530.0,0.0179594633914418,3.86,-0.01,-0.0026
2020-02-28,12.96,13.16,12.51,12.61,9609102.0,0.0204048127046112,3.85,-0.21,-0.0545
2020-03-02,12.68,13.13,12.57,13.13,6826990.0,0.0144970312820338,3.64,0.15,0.0412
2020-03-03,13.3,13.58,13.16,13.44,10481833.0,0.0222580465027859,3.79,0.09,0.0237
2020-03-04,13.23,13.54,13.16,13.54,8540539.0,0.0181357320061153,3.88,0.03,0.0077
2020-03-05,13.54,13.99,13.47,13.79,15160600.0,0.0321933520415881,3.91,0.07,0.0179
2020-03-06,13.65,14.27,13.58,14.2,18462676.0,0.0392052707740973,3.98,0.12,0.0302
2020-03-09,13.89,14.72,13.86,14.27,18292313.0,0.0388435069894278,4.1,0.02,0.0049
2020-03-10,14.06,14.34,13.37,14.1,11602584.0,0.024637947792574,4.12,-0.05,-0.0121
2020-03-11,14.03,14.72,13.82,14.1,19842361.0,0.0421350153034364,4.07,0.0,0.0
2020-03-12,13.65,13.82,13.3,13.65,12683144.0,0.026932503976502,4.07,-0.13,-0.0319
2020-03-13,12.96,14.1,12.68,14.03,15777277.0,0.0335028582456269,3.94,0.11,0.0279
2020-03-16,13.99,14.45,13.23,13.3,18009306.0,0.0382425450234611,4.05,-0.21,-0.0519
2020-03-17,13.34,13.68,12.64,13.13,9948671.0,0.0211258833983443,3.84,-0.05,-0.013
2020-03-18,13.27,13.44,12.71,12.71,8910778.0,0.018921930076543,3.79,-0.12,-0.0317
2020-03-19,12.64,12.99,12.47,12.85,8740631.0,0.0185606249652796,3.67,0.04,0.0109
2020-03-20,12.92,13.13,12.71,12.92,6298107.0,0.0133739545827071,3.71,0.02,0.0054
2020-03-23,12.64,13.27,12.54,12.82,9534939.0,0.020247328464709,3.73,-0.03,-0.008
2020-03-24,13.03,13.23,12.71,12.99,6470386.0,0.0137397869703681,3.7,0.05,0.0135
2020-03-25,13.16,13.72,13.03,13.72,16020382.0,0.0340190887937629,3.75,0.21,0.056
2020-03-26,13.61,14.41,13.55,14.06,30055616.0,0.0638227396484828,3.96,0.1,0.0253
2020-03-27,14.03,14.17,13.55,13.61,18229607.0,0.0387103515514425,4.06,-0.13,-0.032
2020-03-30,13.34,14.97,13.3,14.76,54883190.0,0.1165437948917173,3.93,0.33,0.084
2020-03-31,14.34,16.18,14.2,15.59,61710280.0,0.1310410385225502,4.26,0.24,0.0563
2020-04-01,15.14,15.52,14.55,14.86,41649849.0,0.0884429541928411,4.5,-0.21,-0.0467
2020-04-02,14.51,14.72,13.96,14.34,32249725.0,0.0684819037616853,4.29,-0.15,-0.035
2020-04-03,14.41,15.76,14.38,15.76,29819193.0,0.063320698247105,4.14,0.41,0.099
2020-04-07,17.35,17.35,17.35,17.35,5028801.0,0.0106785985343647,4.55,0.46,0.1011
2020-04-08,19.09,19.09,19.09,19.09,5019397.0,0.0106586292532941,5.01,0.5,0.0998
2020-04-09,20.99,20.99,19.26,20.99,128191937.0,0.2722140388067812,5.51,0.55,0.0998
2020-04-10,18.88,19.57,18.88,18.88,53931990.0,0.1145239331143497,6.06,-0.61,-0.1007
2020-04-13,17.49,17.73,17.01,17.01,17089500.0,0.0362893480280939,5.45,-0.54,-0.0991
2020-04-14,15.83,17.8,15.34,16.9,88152316.0,0.1871903844352679,4.91,-0.03,-0.0061
2020-04-15,16.21,17.28,15.93,16.0,64389637.0,0.1367306209365769,4.88,-0.26,-0.0533
2020-04-16,15.93,16.42,15.69,16.11,41439404.0,0.0879960767625025,4.62,0.03,0.0065
2020-04-17,15.93,16.21,15.45,15.52,37372883.0,0.0793608682524494,4.65,-0.17,-0.0366
2020-04-20,15.55,15.93,15.41,15.62,29200580.0,0.062007080970315,4.48,0.03,0.0067
2020-04-21,15.45,16.35,15.1,16.07,51323766.0,0.1089854007716114,4.51,0.13,0.0288
2020-04-22,15.62,17.14,15.45,16.9,64900398.0,0.1378152157865244,4.64,0.24,0.0517
2020-04-23,16.66,18.01,16.38,17.21,73157497.0,0.1553490663563729,4.88,0.09,0.0184
2020-04-24,16.76,16.93,15.48,15.83,46831103.0,0.0994452848419504,4.97,-0.4,-0.0805
2020-04-27,15.76,15.79,14.72,14.79,26607707.0,0.0565011462917317,4.57,-0.3,-0.0656
2020-04-28,14.79,15.17,13.96,14.86,29579430.0,0.0628115643958361,4.27,0.02,0.0047
2020-04-29,14.79,15.0,14.24,14.37,16661371.0,0.0353802212378472,4.29,-0.14,-0.0326
2020-04-30,14.44,15.17,14.34,14.79,20984409.0,0.0445601405169762,4.15,0.12,0.0289
2020-05-06,14.65,15.79,14.58,15.52,29955428.0,0.0636099916336059,4.27,0.21,0.0492
2020-05-07,15.52,16.35,15.31,15.86,35373688.0,0.075115601677592,4.48,0.1,0.0223
2020-05-08,15.97,16.69,15.79,16.11,38932760.0,0.082673248329925,4.58,0.07,0.0153
2020-05-11,16.04,17.73,15.86,17.73,27266570.0,0.0579002339601734,4.65,0.47,0.1011
2020-05-12,18.18,18.84,17.49,18.5,80812874.0,0.1716051674850932,5.12,0.22,0.043
2020-05-13,17.63,18.05,17.11,17.32,51018076.0,0.108336271727537,5.34,-0.34,-0.0637
2020-05-14,16.97,17.35,16.73,17.18,35968953.0,0.0763796397567601,5.0,-0.04,-0.008
2020-05-15,17.01,17.94,16.9,17.42,42983100.0,0.0912740966807901,4.96,0.07,0.0141
2020-05-18,17.56,19.15,17.49,19.15,62911903.0,0.1335926705331744,5.03,0.5,0.0994
2020-05-19,19.85,20.09,18.18,19.02,80945939.0,0.1718877294146616,5.53,-0.04,-0.0072
2020-05-20,19.15,20.64,18.95,19.47,74381975.0,0.1579492306850393,5.49,0.13,0.0237
2020-05-21,18.91,18.91,17.53,17.56,55690396.0,0.1182578871392591,5.62,-0.55,-0.0979
2020-05-22,17.6,19.33,17.6,19.33,70415796.0,0.1495270972070138,5.07,0.51,0.1006
2020-05-25,19.12,19.29,17.84,18.6,65085252.0,0.1382077510356766,5.58,-0.21,-0.0376
2020-05-26,18.63,18.95,18.08,18.84,48989827.0,0.1040293093325791,5.37,0.07,0.013
2020-05-27,18.7,19.26,17.91,18.01,51541020.0,0.1094467370316831,5.44,-0.24,-0.0441
2020-05-28,17.66,17.7,16.45,16.83,41804786.0,0.0887719610517562,5.2,-0.34,-0.0654
2020-05-29,16.59,17.11,16.49,16.7,23425800.0,0.0497444049876545,4.86,-0.04,-0.0082
2020-06-01,16.59,17.25,16.59,17.18,21737536.0,0.0461593966574341,4.82,0.14,0.029
2020-06-02,17.53,17.66,16.94,17.01,21957608.0,0.0466267169066654,4.96,-0.05,-0.0101
2020-06-03,17.04,17.18,16.63,17.18,22790793.0,0.0483959752487343,4.91,0.05,0.0102
2020-06-04,16.9,17.25,16.73,16.73,19238668.0,0.0408530804674773,4.96,-0.13,-0.0262
2020-06-05,16.63,16.63,16.14,16.38,18280217.0,0.0388178212786844,4.83,-0.1,-0.0207
2020-06-08,16.38,16.76,16.28,16.49,14037227.0,0.0298078829662867,4.73,0.03,0.0063
2020-06-09,16.56,16.87,16.35,16.59,14590885.0,0.0309835690805989,4.76,0.03,0.0063
2020-06-10,16.45,18.25,16.35,18.25,54277180.0,0.1152569399340822,4.79,0.48,0.1002
2020-06-11,18.25,18.81,17.46,18.36,69169040.0,0.1468796258128762,5.27,0.03,0.0057
2020-06-12,17.66,18.39,17.49,18.08,39017712.0,0.0828536428817657,5.3,-0.08,-0.0151
2020-06-15,18.11,18.63,17.77,18.43,40841026.0,0.0867254282652173,5.22,0.1,0.0192
2020-06-16,18.05,18.56,17.87,18.43,31724404.0,0.0673663909265838,5.32,0.0,0.0
2020-06-17,18.36,19.15,17.91,18.91,54610803.0,0.1159653843682187,5.32,0.14,0.0263
2020-06-18,18.36,18.98,18.01,18.04,35534796.0,0.0754577125809016,5.46,-0.25,-0.0458
2020-06-19,18.01,19.74,18.01,18.36,34474610.0,0.0732064203413093,5.21,0.09,0.0173
2020-06-22,18.01,18.91,17.73,18.18,36338682.0,0.0771647548483122,5.3,-0.05,-0.0094
2020-06-23,18.08,18.25,17.49,17.6,30157561.0,0.0640392186317605,5.25,-0.17,-0.0324
2020-06-24,17.56,18.01,17.25,17.32,19704400.0,0.0418420567766624,5.08,-0.08,-0.0157
2020-06-29,17.56,18.67,17.42,17.91,30400827.0,0.0645557910614631,5.0,0.17,0.034
2020-06-30,17.91,18.25,17.56,18.15,27368594.0,0.0581168806990024,5.17,0.07,0.0135
2020-07-01,18.01,18.29,17.84,18.29,23533683.0,0.0499734932426248,5.24,0.04,0.0076
2020-07-02,18.81,19.39,18.39,18.6,44278970.0,0.0940258610641346,5.28,0.09,0.017
2020-07-03,18.29,19.05,18.29,18.77,34206324.0,0.0726367182420633,5.37,0.05,0.0093
2020-07-06,18.67,19.64,18.56,19.46,43689968.0,0.0927751223902563,5.42,0.2,0.0369
2020-07-07,19.39,20.33,19.05,19.43,52058775.0,0.110546183556642,5.62,-0.01,-0.0018
2020-07-08,19.29,20.26,19.15,20.16,43549354.0,0.0924765302498413,5.61,0.21,0.0374
2020-07-09,20.4,21.09,19.67,20.6,54381321.0,0.1154780820969889,5.82,0.13,0.0223
2020-07-10,20.29,20.57,19.5,19.53,40452256.0,0.085899879838822,5.95,-0.31,-0.0521
2020-07-13,20.09,21.47,20.02,21.47,39645170.0,0.0841860424098392,5.64,0.56,0.0993
2020-07-14,22.13,22.82,20.85,22.16,79873378.0,0.1696101590111764,6.2,0.2,0.0323
2020-07-15,21.75,24.24,21.37,22.96,77358794.0,0.1642704700839476,6.4,0.23,0.0359
2020-07-16,21.75,23.07,20.68,20.68,51055083.0,0.1084148556476328,6.63,-0.66,-0.0995
2020-07-17,20.78,21.09,19.74,20.3,30171789.0,0.0640694316189014,5.97,-0.11,-0.0184
2020-07-20,20.85,21.23,20.26,21.06,29907789.0,0.0635088307891862,5.86,0.22,0.0375
2020-07-21,20.99,21.3,20.47,20.5,27509318.0,0.0584157064230965,6.08,-0.16,-0.0263
2020-07-22,20.43,21.47,20.02,21.4,37664483.0,0.0799800773507256,5.92,0.26,0.0439
2020-07-23,21.16,21.4,20.85,21.06,26744692.0,0.0567920322942262,6.18,-0.1,-0.0162
2020-07-24,20.85,21.64,20.47,20.5,30519932.0,0.0648087090986723,6.08,-0.16,-0.0263
2020-07-27,20.64,21.51,20.43,20.5,24751361.0,0.05255921785295,5.92,0.0,0.0
2020-07-28,20.29,20.33,19.46,19.81,25619441.0,0.054402575308477,5.92,-0.2,-0.0338
2020-07-29,19.5,19.95,19.05,19.91,20297522.0,0.0431015442210651,5.72,0.03,0.0052
2020-07-30,19.77,20.5,19.74,19.91,22595485.0,0.0479812410561207,5.75,0.0,0.0
2020-07-31,19.74,20.15,19.46,19.91,18178283.0,0.0386013656537747,5.75,0.0,0.0
2020-08-03,19.91,20.36,19.84,20.33,21135509.0,0.0448809995524685,5.75,0.12,0.0209
2020-08-04,20.4,21.09,20.26,20.36,29069574.0,0.0617288913025208,5.87,0.01,0.0017
2020-08-05,19.91,20.92,19.64,20.85,29796430.0,0.063272361289958,5.88,0.14,0.0238
2020-08-06,20.78,20.85,20.09,20.33,20465009.0,0.0434572008542715,6.02,-0.15,-0.0249
2020-08-07,20.5,21.09,20.29,20.57,30664364.0,0.0651154087162382,5.87,0.07,0.0119
2020-08-10,20.12,20.22,19.5,20.08,20555221.0,0.0436487649529468,5.94,-0.14,-0.0236
2020-08-11,19.88,20.57,19.74,19.77,21098343.0,0.0448020779977822,5.8,-0.09,-0.0155
2020-08-12,19.7,20.57,19.46,19.84,18524615.0,0.0393367974967932,5.71,0.02,0.0035
2020-08-13,19.91,21.61,19.74,21.09,44066642.0,0.0935749851059083,5.73,0.36,0.0628
2020-08-14,21.09,21.19,20.36,20.81,29212981.0,0.0620334143448956,6.09,-0.08,-0.0131
2020-08-17,20.67,22.89,20.5,22.89,43344547.0,0.0920416250447979,6.01,0.6,0.0998
2020-08-18,22.89,24.17,22.27,22.44,76844160.0,0.1631776509650096,6.61,-0.13,-0.0197
2020-08-19,22.75,24.0,22.33,22.92,63971098.0,0.1358418583961673,6.48,0.14,0.0216
2020-08-20,21.82,22.51,21.26,21.57,39777943.0,0.0844679842809141,6.62,-0.39,-0.0589
2020-08-21,21.47,21.81,21.02,21.23,24222313.0,0.0514357907781048,6.23,-0.1,-0.0161
2020-08-24,21.12,21.99,20.91,21.68,23720874.0,0.0503709910832127,6.13,0.13,0.0212
2020-08-25,21.4,21.68,20.74,20.88,25599057.0,0.0543592901292614,6.26,-0.23,-0.0367
2020-08-26,20.91,21.09,19.77,20.01,23369801.0,0.0496254917836272,6.03,-0.25,-0.0415
2020-08-27,20.05,20.22,19.6,20.19,13512100.0,0.0286927820878555,5.78,0.05,0.0087
2020-08-28,20.19,20.39,19.77,20.29,14199802.0,0.0301531090264796,5.83,0.03,0.0051
2020-08-31,20.29,20.5,20.08,20.15,12738728.0,0.0270505359330129,5.86,-0.04,-0.0068
2020-09-01,20.02,20.4,19.74,20.26,13895731.0,0.0295074179094633,5.82,0.03,0.0052
2020-09-02,20.26,20.74,20.19,20.29,14827921.0,0.0314869121801154,5.85,0.01,0.0017
2020-09-03,20.08,20.15,19.29,19.32,18890831.0,0.0401144527750317,5.86,-0.28,-0.0478
2020-09-04,19.05,19.05,18.35,18.98,13245775.0,0.0281272441485605,5.58,-0.1,-0.0179
2020-09-07,18.8,19.12,18.08,18.25,12236465.0,0.0259839864840159,5.48,-0.21,-0.0383
2020-09-08,18.28,18.56,17.73,18.42,10082712.0,0.0214105178521922,5.27,0.05,0.0095
2020-09-09,18.04,18.25,17.7,17.87,12575736.0,0.0267044243783276,5.32,-0.16,-0.0301
2020-09-10,17.94,18.42,17.38,18.15,14800893.0,0.0314295185466853,5.16,0.08,0.0155
2020-09-11,17.94,18.14,17.59,17.94,7256992.0,0.0154101353652882,5.24,-0.06,-0.0115
2020-09-14,18.01,18.21,17.87,18.04,6763466.0,0.0143621388308715,5.18,0.03,0.0058
2020-09-15,18.11,19.04,17.94,18.63,17476945.0,0.0371120828329006,5.21,0.17,0.0326
2020-09-16,18.52,18.94,18.35,18.42,8645023.0,0.0183576025254031,5.38,-0.06,-0.0112
2020-09-17,18.32,18.32,17.9,18.07,6229580.0,0.0132284383211242,5.32,-0.1,-0.0188
2020-09-18,18.07,18.87,17.94,18.66,10977122.0,0.0233097867465312,5.22,0.17,0.0326
2020-09-21,18.63,19.46,18.52,18.97,11935515.0,0.0253449227730205,5.39,0.09,0.0167
2020-09-22,18.94,18.94,18.39,18.49,6450852.0,0.0136983067559452,5.48,-0.14,-0.0255
2020-09-23,18.6,18.63,18.15,18.28,5501000.0,0.0116813074403899,5.34,-0.06,-0.0112
2020-09-24,18.15,20.12,18.04,20.12,51120683.0,0.108554156459865,5.28,0.53,0.1004
2020-09-25,20.08,20.08,18.35,19.18,43616531.0,0.0926191798026359,5.81,-0.27,-0.0465
2020-09-28,18.7,18.84,17.42,17.7,26621325.0,0.0565300639511979,5.54,-0.43,-0.0776
2020-09-29,17.42,18.04,17.42,17.76,15577690.0,0.0330790376478983,5.11,0.02,0.0039
2020-09-30,17.66,17.69,17.35,17.49,10018280.0,0.0212736972739338,5.13,-0.08,-0.0156
2020-10-09,17.69,18.04,17.56,17.97,10352862.0,0.0219841781330541,5.05,0.14,0.0277
2020-10-12,18.42,19.6,18.21,19.36,30071589.0,0.0638566581221686,5.19,0.4,0.0771
2020-10-13,19.6,19.77,19.18,19.32,19939998.0,0.0423423463004474,5.59,-0.01,-0.0018
2020-10-14,19.49,20.6,19.15,20.08,36529000.0,0.077568892835849,5.58,0.22,0.0394
2020-10-15,20.05,21.23,19.7,20.64,37618341.0,0.079882095367829,5.8,0.16,0.0276
2020-10-16,20.5,21.64,20.01,21.57,49493128.0,0.1050980629621112,5.96,0.27,0.0453
2020-10-19,22.82,23.55,20.98,21.12,61586908.0,0.130779059562082,6.23,-0.13,-0.0209
2020-10-20,21.3,21.61,20.5,21.02,34533381.0,0.0733312198540487,6.1,-0.03,-0.0049
2020-10-21,21.12,21.12,19.98,20.15,27722782.0,0.058868994663681,6.07,-0.25,-0.0412
2020-10-22,20.15,20.19,19.6,19.77,18898430.0,0.0401305891602779,5.82,-0.11,-0.0189
2020-10-23,19.77,19.91,18.73,18.73,21718037.0,0.0461179907650908,5.71,-0.3,-0.0525
2020-10-26,18.94,18.94,18.11,18.42,16563298.0,0.035171964400072,5.41,-0.09,-0.0166
2020-10-27,18.46,18.63,18.18,18.32,11734111.0,0.0249172437976116,5.32,-0.03,-0.0056
2020-10-28,18.22,18.8,17.84,18.77,14456005.0,0.0306971530203262,5.29,0.13,0.0246
2020-10-29,18.18,18.67,18.08,18.42,13723606.0,0.029141912538953,5.42,-0.1,-0.0185
2020-10-30,18.35,18.46,17.52,17.87,14614300.0,0.0310332905519162,5.32,-0.16,-0.0301
2020-11-02,17.56,17.76,17.35,17.49,10386930.0,0.0220565211219432,5.16,-0.11,-0.0213
2020-11-03,17.49,17.97,17.49,17.94,8810465.0,0.0187089166256672,5.05,0.13,0.0257
2020-11-04,17.9,17.97,17.49,17.7,8350390.0,0.0177319528880491,5.18,-0.07,-0.0135
2020-11-05,17.76,17.9,17.63,17.87,7606578.0,0.0161524770382306,5.11,0.05,0.0098
2020-11-06,17.9,17.9,17.52,17.66,6708401.0,0.0142452089646281,5.16,-0.06,-0.0116
2020-11-09,17.7,17.94,17.56,17.9,8758705.0,0.0185990048872352,5.1,0.07,0.0137
2020-11-10,17.87,18.35,17.8,18.25,12181247.0,0.0258667317241098,5.17,0.1,0.0193
2020-11-11,18.18,18.66,18.08,18.18,9971211.0,0.0211737468176692,5.27,-0.02,-0.0038
2020-11-12,18.04,18.18,17.73,17.76,7362360.0,0.0156338830479602,5.25,-0.12,-0.0229
2020-11-13,17.73,17.83,17.52,17.83,4638113.0,0.009848977258002,5.13,0.02,0.0039
2020-11-16,17.87,18.04,17.69,18.04,6642740.0,0.0141057786196284,5.15,0.06,0.0117
2020-11-17,18.11,18.14,17.8,17.94,5304581.0,0.0112642140526179,5.21,-0.03,-0.0058
2020-11-18,17.97,18.11,17.8,18.07,6446439.0,0.0136889358034394,5.18,0.04,0.0077
2020-11-19,18.07,18.42,17.94,18.28,7459169.0,0.0158394557969144,5.22,0.06,0.0115
2020-11-20,18.35,18.56,18.07,18.39,9553586.0,0.0202869251452836,5.28,0.03,0.0057
2020-11-23,18.35,18.59,18.11,18.39,8874128.0,0.0188441042416602,5.31,0.0,0.0
2020-11-24,18.39,18.49,18.14,18.21,6662782.0,0.0141483375659509,5.31,-0.05,-0.0094
2020-11-25,18.18,18.25,17.59,17.59,9862853.0,0.020943649905903,5.26,-0.18,-0.0342
2020-11-26,17.59,17.83,17.59,17.76,4001468.0,0.0084970692457521,5.08,0.05,0.0098
2020-11-27,17.76,17.94,17.66,17.9,4871490.0,0.0103445505149582,5.13,0.04,0.0078
2020-11-30,17.97,18.14,17.73,17.8,6170659.0,0.0131033202851862,5.17,-0.03,-0.0058
2020-12-01,17.66,17.87,17.63,17.76,5206813.0,0.0110566048786801,5.14,-0.01,-0.0019
2020-12-02,17.73,17.94,17.69,17.8,6748213.0,0.0143297492685396,5.13,0.01,0.0019
2020-12-03,17.76,18.35,17.59,18.18,13449913.0,0.0285607287401377,5.14,0.11,0.0214
2020-12-04,18.04,18.21,17.87,17.94,6338984.0,0.0134607564013294,5.25,-0.07,-0.0133
2020-12-07,17.97,18.46,17.87,18.25,10864111.0,0.0230698092451413,5.18,0.09,0.0174
2020-12-08,18.04,18.11,17.73,17.76,8515536.0,0.0180826384358677,5.27,-0.14,-0.0266
2020-12-09,17.76,18.01,17.59,17.59,6600145.0,0.0140153286486371,5.13,-0.05,-0.0097
2020-12-10,17.45,18.15,17.42,17.83,9463970.0,0.0200966266454512,5.08,0.07,0.0138
2020-12-11,17.8,18.35,17.66,18.22,16277041.0,0.0345641010981335,5.15,0.11,0.0214
2020-12-14,18.15,18.7,17.87,18.56,17768647.0,0.037731508526952,5.26,0.1,0.019
2020-12-15,18.28,18.35,17.76,17.83,12946500.0,0.0274917372799507,5.36,-0.21,-0.0392
2020-12-16,17.83,18.18,17.73,18.08,9108224.0,0.0193412042864822,5.15,0.07,0.0136
2020-12-17,18.11,18.11,17.66,17.94,8304880.0,0.0176353129495629,5.22,-0.04,-0.0077
2020-12-18,17.87,18.63,17.83,18.32,17666556.0,0.0375147195144276,5.18,0.11,0.0212
2020-12-21,18.87,19.39,18.66,19.01,28116951.0,0.0597060078017415,5.29,0.2,0.0378
2020-12-22,18.73,19.67,18.73,18.98,23475207.0,0.0498493201588429,5.49,-0.01,-0.0018
2020-12-23,18.42,19.94,18.21,19.74,29922434.0,0.0635399292708195,5.48,0.22,0.0401
2020-12-24,19.22,19.98,18.91,19.01,24098639.0,0.0511731705242632,5.7,-0.21,-0.0368
2020-12-25,18.7,19.36,18.63,19.18,14921013.0,0.0316845919242057,5.49,0.05,0.0091
2020-12-28,19.18,20.33,19.08,20.01,28449256.0,0.0604116534787055,5.54,0.24,0.0433
2020-12-29,19.91,20.12,18.73,18.98,22845552.0,0.0485122553276524,5.78,-0.3,-0.0519
2020-12-30,19.22,19.46,18.7,19.04,14613513.0,0.031031619366867,5.48,0.02,0.0036
2020-12-31,18.73,19.32,18.73,18.98,13022314.0,0.0276527273985265,5.5,-0.02,-0.0036
2021-01-04,18.84,19.56,18.77,19.32,17280530.0,0.0366949979390805,5.48,0.1,0.0182
2021-01-05,19.18,20.29,18.8,20.05,32945611.0,0.0699596093260305,5.58,0.21,0.0376
2021-01-06,19.67,19.84,19.08,19.32,18885464.0,0.0401030560149822,5.79,-0.21,-0.0363
2021-01-07,19.18,19.53,18.25,18.63,18674876.0,0.0396558749258608,5.58,-0.2,-0.0358
2021-01-08,18.42,18.46,16.97,17.14,23263274.0,0.0493992829783731,5.38,-0.43,-0.0799
2021-01-11,17.14,17.28,15.44,15.79,22546976.0,0.0478782327771485,4.95,-0.39,-0.0788
2021-01-12,15.55,15.93,15.44,15.82,9609514.0,0.0204056875816636,4.56,0.01,0.0022
2021-01-13,15.69,15.72,14.82,14.96,13721497.0,0.0291374341027792,4.57,-0.25,-0.0547
2021-01-14,14.92,14.92,14.16,14.44,9946657.0,0.0211216066935297,4.32,-0.15,-0.0347
2021-01-15,14.44,14.82,14.3,14.72,6529708.0,0.0138657565249907,4.17,0.08,0.0192
2021-01-18,14.68,15.24,14.65,15.03,7283628.0,0.0154666965914257,4.25,0.09,0.0212
2021-01-19,15.03,15.24,14.82,15.06,6547178.0,0.0139028538601995,4.34,0.01,0.0023
2021-01-20,15.06,15.17,14.82,14.89,5241153.0,0.0111295254563029,4.35,-0.05,-0.0115
2021-01-21,14.92,15.1,14.68,14.92,6634834.0,0.0140889903235688,4.3,0.01,0.0023
2021-01-22,14.92,14.92,14.47,14.51,6745711.0,0.0143244363015852,4.31,-0.12,-0.0278
2021-01-25,14.54,14.82,14.16,14.72,8333215.0,0.0176954819817977,4.19,0.06,0.0143
2021-01-26,14.54,14.65,14.3,14.34,5220179.0,0.0110849874191724,4.25,-0.11,-0.0259
2021-01-27,14.3,14.65,14.3,14.51,3961347.0,0.0084118727840513,4.14,0.05,0.0121
2021-01-28,14.41,14.79,14.27,14.37,4321311.0,0.0091762520153679,4.19,-0.04,-0.0095
2021-01-29,14.41,14.41,13.44,13.68,9325148.0,0.0198018397955167,4.15,-0.2,-0.0482
2021-02-01,13.64,13.64,13.23,13.44,4615805.0,0.0098016064878911,3.95,-0.07,-0.0177
2021-02-02,13.58,13.58,13.16,13.19,4015300.0,0.0085264413316484,3.88,-0.07,-0.018
2021-02-03,13.23,13.33,12.99,13.13,3948112.0,0.0083837684204859,3.81,-0.02,-0.0052
2021-02-04,12.95,12.99,12.29,12.64,6557608.0,0.0139250018399492,3.79,-0.14,-0.0369
2021-02-05,12.88,13.92,12.81,13.92,7769828.0,0.0164991364528177,3.65,0.37,0.1014
2021-02-08,14.13,14.79,13.33,14.27,17107106.0,0.0363267341576695,4.02,0.1,0.0249
2021-02-09,13.92,14.3,13.75,14.17,10429996.0,0.0221479712557785,4.12,-0.03,-0.0073
2021-02-10,14.1,14.34,13.92,14.06,5906510.0,0.0125424030557603,4.09,-0.03,-0.0073
2021-02-18,14.2,14.93,14.2,14.79,11622537.0,0.0246803177484653,4.06,0.21,0.0517
2021-02-19,14.82,16.28,14.82,16.28,14714238.0,0.0312455076947953,4.27,0.43,0.1007
2021-02-22,17.91,17.91,17.35,17.35,16802300.0,0.0356794822769795,4.7,0.31,0.066
2021-02-23,16.87,16.9,15.62,15.93,27155441.0,0.0576642528631832,5.01,-0.41,-0.0818
2021-02-24,15.93,16.49,15.76,16.0,19693055.0,0.0418179658054006,4.6,0.02,0.0043
2021-02-25,16.07,17.6,15.41,17.6,29427940.0,0.0624898772000272,4.62,0.46,0.0996
2021-02-26,16.28,18.81,15.93,17.6,47229472.0,0.1002912166295746,5.08,0.0,0.0
2021-03-01,16.76,18.15,16.73,17.39,30843453.0,0.0654957020571202,5.08,-0.06,-0.0118
2021-03-02,17.39,17.66,16.69,16.87,20516056.0,0.0435655985457657,5.02,-0.15,-0.0299
2021-03-03,16.87,17.46,16.66,16.97,17637121.0,0.0374522146454023,4.87,0.03,0.0062
2021-03-04,16.7,16.83,16.21,16.35,16728409.0,0.035522575625811,4.9,-0.18,-0.0367
2021-03-05,16.28,16.66,15.93,16.35,14048129.0,0.0298310332323683,4.72,0.0,0.0
2021-03-08,16.31,16.49,15.66,15.69,12730919.0,0.0270339536152885,4.72,-0.19,-0.0403
2021-03-09,15.62,15.83,14.82,15.24,9677044.0,0.0205490867257191,4.53,-0.13,-0.0287
2021-03-10,15.34,15.76,14.96,15.34,8538261.0,0.0181308947004711,4.4,0.03,0.0068
2021-03-11,15.17,15.55,14.89,15.52,8174481.0,0.0173584122389795,4.43,0.05,0.0113
2021-03-12,15.52,15.93,15.31,15.69,8161474.0,0.0173307920306761,4.48,0.05,0.0112
2021-03-15,15.55,15.69,15.31,15.45,5588420.0,0.0118669427605933,4.53,-0.07,-0.0155
2021-03-16,15.45,15.79,15.31,15.59,6582960.0,0.0139788365075058,4.46,0.04,0.009
2021-03-17,15.66,17.15,15.59,17.15,27639870.0,0.0586929320273426,4.5,0.45,0.1
2021-03-18,17.11,17.11,16.38,16.69,32064734.0,0.0680890775946783,4.95,-0.13,-0.0263
2021-03-19,16.35,17.32,16.28,16.49,22413871.0,0.0475955859080605,4.82,-0.06,-0.0124
2021-03-22,16.45,16.73,16.11,16.66,16696906.0,0.0354556793836197,4.76,0.05,0.0105
2021-03-23,16.42,16.59,16.0,16.28,14121988.0,0.0299878719319211,4.81,-0.11,-0.0229
2021-03-24,16.18,16.49,15.97,16.38,11155998.0,0.0236896277844711,4.7,0.03,0.0064
2021-03-25,18.01,18.01,18.01,18.01,19400704.0,0.0411971619676429,4.73,0.47,0.0994
2021-03-26,19.81,19.81,19.05,19.81,83869126.0,0.178095081905618,5.2,0.52,0.1
2021-03-29,20.78,21.79,20.72,21.79,36991324.0,0.0785506322979597,5.72,0.57,0.0997
2021-03-30,23.97,23.97,23.97,23.97,6238573.0,0.0132475348486304,6.29,0.63,0.1002
2021-03-31,26.36,26.36,26.36,26.36,5869977.0,0.0124648256689725,6.92,0.69,0.0997
2021-04-01,29.0,29.0,27.4,28.06,173806332.0,0.3690756588217581,7.61,0.49,0.0644
2021-04-02,26.53,28.89,25.5,25.5,136389014.0,0.2896204333804132,8.1,-0.74,-0.0914
2021-04-06,24.46,24.87,22.93,23.66,120504732.0,0.2558903513022724,7.36,-0.53,-0.072
2021-04-07,23.21,24.84,23.11,24.14,105615369.0,0.2242729677729928,6.83,0.14,0.0205
2021-04-08,23.38,23.38,21.72,21.72,87372462.0,0.1855343738312654,6.97,-0.7,-0.1004
2021-04-09,21.2,21.79,20.99,21.24,56156497.0,0.1192476470155131,6.27,-0.14,-0.0223
2021-04-12,21.38,22.03,20.92,21.65,58653214.0,0.1245493955828005,6.13,0.12,0.0196
2021-04-13,21.62,21.62,19.78,20.47,63865581.0,0.1356177943137846,6.25,-0.34,-0.0544
2021-04-14,19.89,20.61,19.68,20.2,40459150.0,0.0859145191650344,5.91,-0.08,-0.0135
2021-04-15,19.99,20.68,19.75,19.85,41156431.0,0.0873951869951275,5.83,-0.1,-0.0172
2021-04-16,19.89,20.13,19.54,19.92,33047898.0,0.0701768145422012,5.73,0.02,0.0035
2021-04-19,19.92,20.34,19.61,20.13,35192471.0,0.0747307895542644,5.75,0.06,0.0104
2021-04-20,19.92,20.41,19.09,19.4,51905216.0,0.110220102864179,5.81,-0.21,-0.0361
2021-04-21,19.23,19.5,18.81,19.37,29709000.0,0.0630867047348747,5.6,-0.01,-0.0018
2021-04-22,19.3,19.4,18.85,18.91,27024356.0,0.0573858954398377,5.59,-0.13,-0.0233
2021-04-23,18.95,19.16,18.6,18.74,28189377.0,0.0598598035430027,5.46,-0.05,-0.0092
2021-04-26,19.16,19.68,18.64,18.67,35026977.0,0.0743793650326247,5.41,-0.02,-0.0037
2021-04-27,18.46,19.4,18.25,19.19,40555942.0,0.0861200558146927,5.39,0.15,0.0278
2021-04-28,19.16,19.57,18.98,19.33,36353731.0,0.0771967112190939,5.54,0.04,0.0072
2021-04-29,19.29,19.33,18.39,18.64,28777480.0,0.0611086332011768,5.58,-0.2,-0.0358
2021-04-30,18.53,19.61,18.46,19.33,39480044.0,0.0838353993317803,5.38,0.2,0.0372
2021-05-06,19.33,20.2,19.16,19.81,50459573.0,0.1071502973139068,5.58,0.14,0.0251
2021-05-07,19.47,20.06,18.81,20.06,47738029.0,0.1013711313119892,5.72,0.07,0.0122
2021-05-10,19.78,20.06,19.43,19.92,37299351.0,0.0792047239334698,5.79,-0.04,-0.0069
2021-05-11,19.71,20.71,19.47,20.37,45907349.0,0.0974837043159933,5.75,0.13,0.0226
2021-05-12,20.16,21.65,20.16,21.23,63381621.0,0.1345901110654931,5.88,0.25,0.0425
2021-05-13,20.65,20.99,19.88,20.02,47637787.0,0.1011582686287607,6.13,-0.35,-0.0571
2021-05-14,19.92,20.12,19.43,19.5,35986000.0,0.0764158388565486,5.78,-0.15,-0.026
2021-05-17,19.29,19.36,18.77,18.91,22892041.0,0.0486109741608821,5.63,-0.17,-0.0302
2021-05-18,18.95,19.15,18.53,19.12,18983041.0,0.0403102596027137,5.46,0.06,0.011
2021-05-19,19.08,19.19,18.57,18.6,20403890.0,0.0433274153917285,5.52,-0.15,-0.0272
2021-05-20,18.43,18.74,18.18,18.7,17973468.0,0.0381664434608273,5.37,0.03,0.0056
2021-05-21,18.67,19.26,18.57,19.15,22545169.0,0.0478743956343482,5.4,0.13,0.0241
2021-05-24,19.5,19.71,18.64,18.95,23370222.0,0.0496263857720715,5.53,-0.06,-0.0108
2021-05-25,18.84,19.09,18.46,19.05,20128697.0,0.0427430463609262,5.47,0.03,0.0055
2021-05-26,18.98,20.06,18.77,19.71,38150313.0,0.0810117315215609,5.5,0.19,0.0345
2021-05-27,19.47,19.95,19.4,19.75,29685613.0,0.0630370427212211,5.69,0.01,0.0018
2021-05-28,19.78,19.78,19.19,19.19,21956400.0,0.0466241517331718,5.7,-0.16,-0.0281
2021-05-31,18.98,19.19,18.81,19.02,16195900.0,0.0343917991590278,5.54,-0.05,-0.009
2021-06-01,19.02,20.26,18.88,20.19,42781558.0,0.0908461246640384,5.49,0.34,0.0619
2021-06-02,19.74,20.51,19.74,20.06,41822872.0,0.0888103664555676,5.83,-0.04,-0.0069
2021-06-03,19.99,20.96,19.85,20.57,46341097.0,0.0984047629852633,5.79,0.15,0.0259
2021-06-04,20.3,20.82,19.92,19.99,31497586.0,0.0668847456273629,5.94,-0.17,-0.0286
2021-06-07,19.95,19.95,19.33,19.54,24931415.0,0.0529415603597437,5.77,-0.13,-0.0225
2021-06-08,19.33,19.78,19.23,19.47,19618656.0,0.0416599804223325,5.64,-0.02,-0.0035
2021-06-09,19.47,19.57,18.98,19.05,17984024.0,0.0381888590000639,5.62,-0.12,-0.0214
2021-06-10,18.98,19.16,18.67,18.67,18187085.0,0.0386200565950745,5.5,-0.11,-0.02
2021-06-11,18.77,19.12,18.67,18.81,13234102.0,0.0281024566732375,5.39,0.04,0.0074
2021-06-15,18.77,18.84,16.94,17.01,33229500.0,0.0705624442084055,5.43,-0.52,-0.0958
2021-06-16,16.9,17.18,16.69,16.83,15104221.0,0.032073631912124,4.91,-0.05,-0.0102
2021-06-17,16.8,16.97,16.76,16.9,9790368.0,0.0207897288788503,4.86,0.02,0.0041
2021-06-18,16.9,17.18,16.76,17.07,9434750.0,0.0200345783263441,4.88,0.05,0.0102
2021-06-21,16.97,17.35,16.9,17.28,10050261.0,0.021341608543385,4.93,0.06,0.0122
2021-06-22,17.42,17.94,17.32,17.56,16268077.0,0.0345450661517791,4.99,0.08,0.016
2021-06-23,17.42,17.66,17.25,17.59,13019634.0,0.0276470364507097,5.07,0.01,0.002
2021-06-24,17.46,17.53,17.18,17.18,9259439.0,0.0196623075230934,5.08,-0.12,-0.0236
2021-06-25,17.14,17.28,16.9,17.18,8985830.0,0.0190813020972694,4.96,0.0,0.0
2021-06-28,17.35,17.56,17.25,17.39,10022920.0,0.0212835502582137,4.96,0.06,0.0121
2021-06-29,17.32,17.35,17.04,17.04,7808000.0,0.0165801942364233,5.02,-0.1,-0.0199
2021-06-30,17.04,17.21,16.87,17.18,7225891.0,0.0153440927652694,4.92,0.04,0.0081
2021-07-01,17.25,17.28,16.49,16.49,11220430.0,0.0238264483627294,4.96,-0.2,-0.0403
2021-07-02,16.52,16.9,16.42,16.56,8951331.0,0.019008043885056,4.76,0.02,0.0042
2021-07-05,16.52,16.87,16.35,16.83,7362927.0,0.0156350870656513,4.78,0.08,0.0167
2021-07-06,16.97,17.94,16.97,17.46,20986019.0,0.0445635593326423,4.86,0.18,0.037
2021-07-07,17.18,17.66,17.14,17.32,11572800.0,0.0245747018262398,5.04,-0.04,-0.0079
2021-07-08,17.35,17.39,17.08,17.18,8143200.0,0.0172919874111222,5.0,-0.04,-0.008
2021-07-09,17.28,17.28,16.87,17.08,8739085.0,0.018557342052845,4.96,-0.03,-0.006
2021-07-12,17.32,17.6,17.25,17.28,9528378.0,0.0202333962599978,4.93,0.06,0.0122
2021-07-13,17.18,17.49,17.08,17.35,8495370.0,0.0180398161770343,4.99,0.02,0.004
2021-07-14,17.28,17.53,17.18,17.42,10719921.0,0.0227636235116692,5.01,0.02,0.004
2021-07-15,17.53,18.08,17.25,17.87,24163737.0,0.0513114053455238,5.03,0.13,0.0258
2021-07-16,17.77,17.8,17.39,17.46,15252484.0,0.0323884666121849,5.16,-0.12,-0.0233
2021-07-19,17.32,17.66,17.08,17.49,14764347.0,0.0313519135545536,5.04,0.01,0.002
2021-07-20,17.25,17.39,17.15,17.21,8875014.0,0.0188459856520205,5.05,-0.08,-0.0158
2021-07-21,17.25,17.46,17.21,17.21,7582249.0,0.0161008146988892,4.97,0.0,0.0
2021-07-22,17.15,17.46,17.04,17.42,10879473.0,0.0231024302676644,4.97,0.06,0.0121
2021-07-23,17.32,18.01,17.28,17.7,24629323.0,0.0523000716254623,5.03,0.08,0.0159
2021-07-26,17.8,18.11,17.53,17.91,22439360.0,0.0476497114934719,5.11,0.06,0.0117
2021-07-27,18.36,19.71,17.84,18.6,44724090.0,0.0949710680388422,5.17,0.2,0.0387
2021-07-28,18.01,18.32,17.42,17.56,24575911.0,0.0521866518848685,5.37,-0.3,-0.0559
2021-07-29,17.49,18.22,17.42,17.91,21458108.0,0.0455660346549885,5.07,0.1,0.0197
2021-07-30,17.8,18.22,17.56,18.22,19261681.0,0.0409019482966221,5.17,0.09,0.0174
2021-08-02,18.01,18.63,17.91,18.53,22037140.0,0.0467956021535931,5.26,0.09,0.0171
2021-08-03,18.36,19.15,18.29,18.63,29456294.0,0.0625500865785338,5.35,0.03,0.0056
2021-08-04,18.49,18.56,18.29,18.39,16958154.0,0.0360104363743826,5.38,-0.07,-0.013
2021-08-05,18.36,18.6,17.98,18.43,21058942.0,0.0447184104474352,5.31,0.01,0.0019
2021-08-06,18.15,18.22,17.84,18.04,13419231.0,0.0284955758815873,5.32,-0.11,-0.0207
2021-08-09,18.08,18.46,18.08,18.18,11926163.0,0.0253250639133255,5.21,0.04,0.0077
2021-08-10,18.04,18.36,17.94,18.22,12802423.0,0.0271857915006216,5.25,0.01,0.0019
2021-08-11,18.08,18.22,17.94,18.11,12482377.0,0.0265061776629436,5.26,-0.03,-0.0057
2021-08-12,18.11,18.91,18.04,18.7,30531063.0,0.0648323456435039,5.23,0.17,0.0325
2021-08-13,18.77,18.91,18.36,18.88,22896310.0,0.0486200393311171,5.4,0.05,0.0093
2021-08-16,18.91,19.4,18.7,19.4,34248310.0,0.0727258750088679,5.45,0.15,0.0275
2021-08-17,19.57,19.74,18.53,18.95,30516585.0,0.0648016017843652,5.6,-0.13,-0.0232
2021-08-18,19.05,19.74,18.98,19.36,29139022.0,0.0618763632965437,5.47,0.12,0.0219
2021-08-19,19.05,19.05,18.53,18.63,18681381.0,0.0396696882152445,5.59,-0.21,-0.0376
2021-08-20,18.32,18.35,16.76,17.42,24602464.0,0.0522430368615027,5.38,-0.35,-0.0651
2021-08-23,17.32,17.56,17.21,17.49,14647108.0,0.0311029579459363,5.03,0.02,0.004
2021-08-24,17.35,17.46,17.04,17.04,17247978.0,0.0366258741579863,5.05,-0.13,-0.0257
2021-08-25,17.0,17.35,16.94,17.28,10261643.0,0.0217904756819716,4.92,0.07,0.0142
2021-08-26,17.25,17.25,16.97,17.01,10075476.0,0.0213951522930868,4.99,-0.08,-0.016
2021-08-27,17.01,17.04,16.8,16.97,8241501.0,0.0175007284041595,4.91,-0.01,-0.002
2021-08-30,16.97,17.25,16.94,17.08,8074836.0,0.0171468172780819,4.9,0.03,0.0061
2021-08-31,17.11,17.21,16.9,17.11,9078193.0,0.0192774338186141,4.93,0.01,0.002
2021-09-01,17.14,17.28,16.97,17.25,11197205.0,0.0237771303541305,4.94,0.04,0.0081
2021-09-02,17.28,17.49,17.14,17.45,10049346.0,0.0213396655518729,4.98,0.06,0.012
2021-09-03,17.49,17.84,17.39,17.73,15288156.0,0.0324642156758121,5.04,0.08,0.0159
2021-09-06,17.77,17.84,17.42,17.56,9687460.0,0.020571204976637,5.12,-0.05,-0.0098
2021-09-07,17.52,17.77,17.42,17.73,11913617.0,0.0252984226329861,5.07,0.05,0.0099
2021-09-08,17.73,18.36,17.66,18.08,20506539.0,0.0435453893105521,5.12,0.1,0.0195
2021-09-09,18.08,18.6,17.97,18.18,17702742.0,0.0375915600508824,5.22,0.03,0.0057
2021-09-10,18.08,18.32,17.87,17.87,12430010.0,0.0263949769673008,5.25,-0.09,-0.0171
2021-09-13,17.9,18.32,17.73,18.25,11812487.0,0.0250836742924213,5.16,0.11,0.0213
2021-09-14,18.28,18.28,17.63,17.63,12112248.0,0.0257202131761949,5.27,-0.18,-0.0342
2021-09-15,17.49,18.01,17.42,17.94,9470475.0,0.0201104399348349,5.09,0.09,0.0177
2021-09-16,18.18,19.74,18.11,19.74,84794231.0,0.1800595312638514,5.18,0.52,0.1004
2021-09-17,18.63,19.64,18.63,18.91,67980749.0,0.1443563041441526,5.7,-0.24,-0.0421
2021-09-22,18.94,19.46,18.84,19.25,35884820.0,0.0762009843415843,5.46,0.1,0.0183
2021-09-23,19.29,19.71,19.08,19.46,39205646.0,0.0832527184739312,5.56,0.06,0.0108
2021-09-24,19.26,19.32,18.63,18.63,26093301.0,0.0554088113280558,5.62,-0.24,-0.0427
2021-09-27,19.32,20.5,19.15,20.5,47693467.0,0.1012765044401188,5.38,0.54,0.1004
2021-09-28,20.95,21.3,19.78,20.61,72366814.0,0.1536700605009121,5.92,0.03,0.0051
2021-09-29,20.74,22.68,20.74,21.82,93598054.0,0.1987543436822801,5.95,0.35,0.0588
2021-09-30,21.23,22.68,20.81,22.27,69951251.0,0.1485406414780743,6.3,0.13,0.0206
2021-10-08,24.48,24.48,24.48,24.48,8715280.0,0.018506792421211,6.43,0.64,0.0995
2021-10-11,25.63,26.94,24.93,26.94,129991969.0,0.2760363851428183,7.07,0.71,0.1004
2021-10-12,25.11,25.62,24.24,24.24,78335679.0,0.1663448736503728,7.78,-0.78,-0.1003
2021-10-13,23.2,23.62,21.82,21.82,63780099.0,0.1354362743133084,7.0,-0.7,-0.1
2021-10-14,20.71,21.61,20.67,20.98,67825631.0,0.1440269129339111,6.3,-0.24,-0.0381
2021-10-15,21.47,23.06,20.85,22.44,86311694.0,0.1832818457216621,6.06,0.42,0.0693
2021-10-18,21.12,23.34,21.02,22.4,72594176.0,0.1541528609776004,6.48,-0.01,-0.0015
2021-10-19,22.61,23.2,21.54,22.16,59017160.0,0.1253222305432986,6.47,-0.07,-0.0108
2021-10-20,21.89,22.16,21.37,21.95,43260086.0,0.0918622731255608,6.4,-0.06,-0.0094
2021-10-21,22.02,22.44,21.37,21.43,46270501.0,0.0982548532270263,6.34,-0.15,-0.0237
2021-10-22,20.78,21.05,19.77,19.94,53414188.0,0.1134243867854552,6.19,-0.43,-0.0695
2021-10-25,19.95,20.88,19.95,20.57,37704894.0,0.0800658896239439,5.76,0.18,0.0313
2021-10-26,20.57,20.67,19.91,20.05,28313422.0,0.0601232116108891,5.94,-0.15,-0.0253
2021-10-27,20.36,20.36,19.49,19.7,25355200.0,0.0538414627181559,5.79,-0.1,-0.0173
2021-10-28,19.74,19.84,18.8,19.15,28379289.0,0.0602630793944151,5.69,-0.16,-0.0281
2021-10-29,19.32,19.84,19.22,19.56,26747280.0,0.0567975278811478,5.53,0.12,0.0217
2021-11-01,19.56,20.26,19.15,20.08,32353919.0,0.0687031584694555,5.65,0.15,0.0265
2021-11-02,20.43,21.29,19.98,20.53,58891337.0,0.1250550469137636,5.8,0.13,0.0224
2021-11-03,19.74,20.57,19.49,20.29,35656430.0,0.0757160009192409,5.93,-0.07,-0.0118
2021-11-04,20.7,21.26,20.53,21.05,46705185.0,0.0991778994810562,5.86,0.22,0.0375
2021-11-05,20.84,21.95,20.71,21.02,43442200.0,0.0922489900176167,6.08,-0.01,-0.0016
2021-11-08,20.91,21.22,20.5,20.67,27528638.0,0.0584567322110893,6.07,-0.1,-0.0165
2021-11-09,20.46,21.33,20.36,21.26,33490424.0,0.0711165131890593,5.97,0.17,0.0285
2021-11-10,21.12,21.71,20.77,21.26,30111543.0,0.0639414999613748,6.14,0.0,0.0
2021-11-11,21.19,21.4,20.71,20.88,25356115.0,0.053843405709668,6.14,-0.11,-0.0179
2021-11-12,20.64,21.19,20.36,20.5,27540375.0,0.0584816555896437,6.03,-0.11,-0.0182
2021-11-15,20.6,20.84,19.77,20.36,26201794.0,0.0556391949107008,5.92,-0.04,-0.0068
2021-11-16,20.6,20.67,19.63,19.77,22117803.0,0.0469668890654389,5.88,-0.17,-0.0289
2021-11-17,19.98,20.08,19.39,20.08,19619773.0,0.0416623523584189,5.71,0.09,0.0158
2021-11-18,19.88,20.05,19.36,19.39,25124521.0,0.0533516186318004,5.8,-0.2,-0.0345
2021-11-19,19.15,19.46,19.04,19.39,16773329.0,0.0356179627063823,5.6,0.0,0.0
2021-11-22,19.49,19.6,19.08,19.49,14184390.0,0.030120381829557,5.6,0.03,0.0054
2021-11-23,19.36,19.46,19.15,19.25,17296864.0,0.0367296829919312,5.63,-0.07,-0.0124
2021-11-24,19.25,19.46,19.08,19.32,14803732.0,0.0314355471290927,5.56,0.02,0.0036
2021-11-25,19.32,19.5,19.12,19.46,16036064.0,0.0340523893324431,5.58,0.04,0.0072
2021-11-26,19.36,19.46,19.12,19.12,14965878.0,0.0317798622129374,5.62,-0.1,-0.0178
2021-11-29,18.53,19.15,18.42,18.94,10848149.0,0.0230359141298235,5.52,-0.05,-0.0091
2021-11-30,18.94,19.11,18.73,18.84,13017600.0,0.0276427172761353,5.47,-0.03,-0.0055
2021-12-01,18.84,19.15,18.59,19.11,11434371.0,0.0242807495070858,5.44,0.08,0.0147
2021-12-02,19.15,19.18,18.87,18.94,11617522.0,0.0246696684561887,5.52,-0.05,-0.0091
2021-12-03,19.08,19.11,18.87,19.01,9389668.0,0.0199388472407183,5.47,0.02,0.0037
2021-12-06,19.01,19.29,18.77,18.87,12154800.0,0.0258105718372027,5.49,-0.04,-0.0073
2021-12-07,18.87,19.39,18.87,19.29,19310293.0,0.0410051752948574,5.45,0.12,0.022
2021-12-08,19.32,19.39,19.15,19.32,13580826.0,0.0288387209235487,5.57,0.01,0.0018
2021-12-09,19.36,19.74,19.18,19.7,21157280.0,0.0449272300095281,5.58,0.11,0.0197
2021-12-10,19.56,20.08,19.49,19.67,21993318.0,0.0467025466628363,5.69,-0.01,-0.0018
2021-12-13,19.67,19.73,19.39,19.46,12799268.0,0.0271790918960089,5.68,-0.06,-0.0106
2021-12-14,19.32,19.8,19.15,19.49,16016639.0,0.0340111405782113,5.62,0.01,0.0018
2021-12-15,19.39,19.63,19.29,19.56,14043040.0,0.0298202268019803,5.63,0.02,0.0036
2021-12-16,19.6,19.94,19.49,19.74,17840816.0,0.0378847585317994,5.65,0.05,0.0088
2021-12-17,19.7,20.39,19.63,20.29,32106417.0,0.0681775909446216,5.7,0.16,0.0281
2021-12-20,20.22,20.6,19.98,20.32,28817995.0,0.0611946663171462,5.86,0.01,0.0017
2021-12-21,20.32,20.6,20.01,20.6,20540166.0,0.0436167958412371,5.87,0.08,0.0136
2021-12-22,20.64,20.77,20.19,20.29,24509608.0,0.0520458582605784,5.95,-0.09,-0.0151
2021-12-23,20.25,20.53,20.08,20.32,15137577.0,0.0321444629775634,5.86,0.01,0.0017
2021-12-24,22.37,22.37,21.64,22.37,68314556.0,0.1450651393000796,5.87,0.59,0.1005
2021-12-27,22.4,24.62,22.19,24.62,138962533.0,0.295085270072412,6.46,0.65,0.1006
2021-12-28,23.13,25.97,22.16,24.2,112461922.0,0.2388115408506013,7.11,-0.12,-0.0169
2021-12-29,22.92,23.47,21.78,21.78,69417967.0,0.1474082193080978,6.99,-0.7,-0.1001
2021-12-30,21.02,21.33,20.6,21.23,61040296.0,0.1296183355441568,6.29,-0.16,-0.0254
2021-12-31,21.09,21.22,20.77,20.81,40677469.0,0.0863781169398169,6.13,-0.12,-0.0196
2022-01-04,20.81,21.74,20.6,21.29,48457017.0,0.1028978936959105,6.01,0.14,0.0233
2022-01-05,21.26,21.64,20.88,21.12,34721939.0,0.0737316205027208,6.15,-0.05,-0.0081
2022-01-06,20.98,21.54,20.67,21.33,34790860.0,0.0738779734185722,6.1,0.06,0.0098
2022-01-07,21.15,21.26,20.67,20.77,29529453.0,0.0627054388364926,6.16,-0.16,-0.026
2022-01-10,20.7,21.05,20.43,20.88,18695478.0,0.0396996230254585,6.0,0.03,0.005
2022-01-11,20.77,21.02,20.6,20.67,18119808.0,0.0384771946934808,6.03,-0.06,-0.01
2022-01-12,20.67,21.08,20.57,21.08,21561209.0,0.0457849683903841,5.97,0.12,0.0201
2022-01-13,21.02,21.29,20.88,20.98,18910951.0,0.0401571773534176,6.09,-0.03,-0.0049
2022-01-14,20.95,21.22,20.29,20.36,24559400.0,0.0521515909746434,6.06,-0.18,-0.0297
2022-01-17,20.43,20.88,20.39,20.7,16009620.0,0.033996235816,5.88,0.1,0.017
2022-01-18,20.53,20.63,19.8,19.94,22001100.0,0.046719071646385,5.98,-0.22,-0.0368
2022-01-19,20.08,20.22,19.84,20.19,15917949.0,0.0338015735483454,5.76,0.07,0.0122
2022-01-20,20.29,21.29,20.22,20.46,26018206.0,0.0552493479973458,5.83,0.08,0.0137
2022-01-21,20.15,20.19,19.18,19.32,21148151.0,0.0449078446876551,5.91,-0.33,-0.0558
2022-01-24,19.22,19.56,19.15,19.42,8861162.0,0.0188165710963644,5.58,0.03,0.0054
2022-01-25,19.35,19.42,18.39,18.39,13735376.0,0.0291669059926111,5.61,-0.3,-0.0535
2022-01-26,18.39,18.8,18.32,18.56,7729652.0,0.0164138231992774,5.31,0.05,0.0094
2022-01-27,18.63,18.66,18.0,18.11,10935307.0,0.0232209930961731,5.36,-0.13,-0.0243
2022-01-28,18.14,19.15,18.14,18.94,14526184.0,0.0308461772840708,5.23,0.24,0.0459
2022-02-07,18.38,18.9,18.32,18.7,14539249.0,0.0308739206546778,5.47,-0.07,-0.0128
2022-02-08,18.63,19.18,18.59,19.08,10996277.0,0.0233504621590054,5.4,0.11,0.0204
2022-02-09,19.11,19.56,19.04,19.56,11100552.0,0.023571888869303,5.51,0.14,0.0254
2022-02-10,19.63,19.87,19.35,19.8,12461200.0,0.0264612085577508,5.65,0.07,0.0124
2022-02-11,19.67,19.74,19.08,19.22,11005694.0,0.0233704590454199,5.72,-0.17,-0.0297
2022-02-14,19.22,21.16,19.11,20.53,52523660.0,0.1115333612714985,5.55,0.38,0.0685
2022-02-15,20.08,20.22,19.39,19.77,35736645.0,0.0758863365084667,5.93,-0.22,-0.0371
2022-02-16,19.74,19.81,19.49,19.77,16904777.0,0.0358970909558686,5.71,0.0,0.0
2022-02-17,19.63,19.77,19.25,19.32,15873201.0,0.0337065517077087,5.71,-0.13,-0.0228
2022-02-18,19.15,19.53,19.11,19.49,10117100.0,0.0214835403572385,5.58,0.05,0.009
2022-02-21,19.46,20.29,19.36,20.29,21758880.0,0.0462047203851213,5.63,0.23,0.0409
2022-02-22,20.19,20.43,19.77,20.01,15680030.0,0.0332963554089325,5.86,-0.08,-0.0137
2022-02-23,20.5,20.95,19.77,19.81,23225634.0,0.0493193548903789,5.78,-0.06,-0.0104
2022-02-24,19.74,20.36,19.32,20.25,32231754.0,0.0684437425589928,5.72,0.13,0.0227
2022-02-25,19.91,20.5,19.84,20.25,22368492.0,0.0474992241465013,5.85,0.0,0.0
2022-02-28,20.22,20.63,20.05,20.05,16450177.0,0.0349317533150031,5.85,-0.06,-0.0103
2022-03-01,20.05,20.36,19.91,20.32,13816687.0,0.0293395689246754,5.79,0.08,0.0138
2022-03-02,20.29,20.95,20.29,20.7,29058721.0,0.0617058450873507,5.87,0.11,0.0187
2022-03-03,20.7,21.05,20.6,21.05,27121590.0,0.0575923706711882,5.98,0.1,0.0167
2022-03-04,20.81,20.88,20.32,20.49,22460700.0,0.0476950267272072,6.08,-0.16,-0.0263
2022-03-07,20.6,20.95,20.36,20.53,21276290.0,0.0451799463153781,5.92,0.01,0.0017
2022-03-08,20.46,20.5,19.25,19.28,18177900.0,0.038600552357874,5.93,-0.36,-0.0607
2022-03-09,19.28,20.11,18.56,19.66,22907666.0,0.0486441536607468,5.57,0.11,0.0197
2022-03-10,19.84,20.04,19.49,19.63,15098846.0,0.0320622181641706,5.68,-0.01,-0.0018
2022-03-11,19.35,20.39,18.97,20.35,23297512.0,0.0494719869602208,5.67,0.21,0.037
2022-03-14,20.35,20.46,19.28,19.35,17338500.0,0.0368180965379388,5.88,-0.29,-0.0493
2022-03-15,19.11,19.35,17.41,17.48,25841841.0,0.0548748390377522,5.59,-0.54,-0.0966
2022-03-16,17.59,17.9,16.89,17.79,16444910.0,0.0349205689037527,5.05,0.09,0.0178
2022-03-17,17.83,18.83,17.79,18.21,16837248.0,0.0357536939353011,5.14,0.12,0.0233
2022-03-18,18.31,19.04,18.17,18.93,16054784.0,0.0340921410276411,5.26,0.21,0.0399
2022-03-21,19.24,20.59,18.86,20.21,33235864.0,0.0705759580859824,5.47,0.37,0.0676
2022-03-22,19.8,20.42,19.73,20.04,18430722.0,0.0391374168388219,5.84,-0.05,-0.0086
2022-03-23,20.11,20.25,19.73,19.83,12195268.0,0.0258965051492364,5.79,-0.06,-0.0104
2022-03-24,20.14,20.52,19.76,19.93,18871904.0,0.0400742615178195,5.73,0.03,0.0052
2022-03-25,19.8,21.56,19.76,20.52,36003254.0,0.0764524775183512,5.76,0.17,0.0295
2022-03-28,20.59,21.15,20.32,20.87,27698725.0,0.0588179099130732,5.93,0.1,0.0169
