date,open,high,low,close,volume,turnover,pre-close,changeamount,change
2002-04-18,12.55,13.0,11.98,12.2,83322006.0,0.6409385076923076,12.55,-0.35,-0.0279
2002-04-19,12.1,12.19,11.78,12.14,15322407.0,0.1178646692307692,12.2,-0.06,-0.0049
2002-04-22,11.98,12.1,11.8,11.82,4760213.0,0.036617023076923,12.14,-0.32,-0.0264
2002-04-23,11.76,12.0,11.7,11.89,4687928.0,0.0360609846153846,11.82,0.07,0.0059
2002-04-24,11.9,12.0,11.75,11.87,3474682.0,0.026728323076923,11.89,-0.02,-0.0017
2002-04-25,11.81,12.17,11.78,12.12,4863837.0,0.0374141307692307,11.87,0.25,0.0211
2002-04-26,12.13,12.24,12.0,12.15,4814504.0,0.0370346461538461,12.12,0.03,0.0025
2002-04-29,12.18,12.23,12.05,12.15,4365700.0,0.0335823076923076,12.15,0.0,0.0
2002-04-30,12.16,12.75,12.1,12.53,17101216.0,0.1315478153846153,12.15,0.38,0.0313
2002-05-08,12.41,12.5,12.29,12.3,3524101.0,0.0271084692307692,12.53,-0.23,-0.0184
2002-05-09,12.25,12.42,12.2,12.29,2788338.0,0.0214487538461538,12.3,-0.01,-0.0008
2002-05-10,12.29,12.3,12.06,12.11,3875800.0,0.0298138461538461,12.29,-0.18,-0.0146
2002-05-13,12.08,12.09,11.95,11.99,2886769.0,0.0222059153846153,12.11,-0.12,-0.0099
2002-05-14,11.95,12.13,11.91,11.96,1931617.0,0.0148585923076923,11.99,-0.03,-0.0025
2002-05-15,11.92,12.0,11.7,11.79,2702184.0,0.0207860307692307,11.96,-0.17,-0.0142
2002-05-16,11.72,11.8,11.4,11.43,5609868.0,0.0431528307692307,11.79,-0.36,-0.0305
2002-05-17,11.43,11.7,11.3,11.69,3530054.0,0.0271542615384615,11.43,0.26,0.0227
2002-05-20,11.57,11.57,11.26,11.4,2188085.0,0.016831423076923,11.69,-0.29,-0.0248
2002-05-21,11.7,11.86,11.52,11.69,3995531.0,0.0307348538461538,11.4,0.29,0.0254
2002-05-22,11.7,11.75,11.38,11.4,2043819.0,0.0157216846153846,11.69,-0.29,-0.0248
2002-05-23,11.55,11.68,11.4,11.41,1426083.0,0.0109698692307692,11.4,0.01,0.0009
2002-05-24,11.41,11.45,11.14,11.16,2368596.0,0.0182199692307692,11.41,-0.25,-0.0219
2002-05-27,11.48,11.48,11.2,11.26,710447.0,0.0054649769230769,11.16,0.1,0.009
2002-05-28,11.26,11.46,11.26,11.28,838600.0,0.0064507692307692,11.26,0.02,0.0018
2002-05-29,11.28,11.29,10.98,11.0,2635435.0,0.0202725769230769,11.28,-0.28,-0.0248
2002-05-30,11.01,11.1,10.82,11.03,1821770.0,0.0140136153846153,11.0,0.03,0.0027
2002-05-31,11.0,11.1,10.86,10.86,877061.0,0.006746623076923,11.03,-0.17,-0.0154
2002-06-03,10.85,10.85,10.58,10.61,2086521.0,0.0160501615384615,10.86,-0.25,-0.023
2002-06-04,10.65,10.79,10.51,10.71,1513270.0,0.0116405384615384,10.61,0.1,0.0094
2002-06-05,10.68,10.71,10.44,10.54,1719810.0,0.0132293076923076,10.71,-0.17,-0.0159
2002-06-06,10.47,11.25,10.45,11.02,4398508.0,0.0338346769230769,10.54,0.48,0.0455
2002-06-07,11.05,11.3,10.88,11.11,3744975.0,0.0288075,11.02,0.09,0.0082
2002-06-10,11.08,11.09,10.9,10.97,742800.0,0.0057138461538461,11.11,-0.14,-0.0126
2002-06-11,10.91,11.11,10.9,11.06,837050.0,0.0064388461538461,10.97,0.09,0.0082
2002-06-12,11.06,11.06,10.93,10.98,957290.0,0.0073637692307692,11.06,-0.08,-0.0072
2002-06-13,11.05,11.05,10.93,10.94,666260.0,0.0051250769230769,10.98,-0.04,-0.0036
2002-06-14,10.88,10.88,10.67,10.67,1008546.0,0.0077580461538461,10.94,-0.27,-0.0247
2002-06-17,10.5,10.72,10.5,10.67,328920.0,0.0025301538461538,10.67,0.0,0.0
2002-06-18,10.67,10.98,10.67,10.89,854854.0,0.0065758,10.67,0.22,0.0206
2002-06-19,10.9,10.9,10.75,10.79,467770.0,0.0035982307692307,10.89,-0.1,-0.0092
2002-06-20,10.85,11.01,10.75,10.92,554588.0,0.0042660615384615,10.79,0.13,0.012
2002-06-21,10.88,11.32,10.88,11.26,2843843.0,0.0218757153846153,10.92,0.34,0.0311
2002-06-24,12.39,12.39,11.84,12.39,21738280.0,0.1672175384615384,11.26,1.13,0.1004
2002-06-25,12.58,13.15,12.19,12.52,18128473.0,0.1394497923076923,12.39,0.13,0.0105
2002-06-26,12.45,12.8,12.3,12.74,7031171.0,0.0540859307692307,12.52,0.22,0.0176
2002-06-27,12.54,12.88,12.54,12.82,6388470.0,0.0491420769230769,12.74,0.08,0.0063
2002-06-28,12.82,13.2,12.67,13.05,15026273.0,0.1155867153846153,12.82,0.23,0.0179
2002-07-01,13.12,13.19,12.78,12.84,6686811.0,0.0514370076923076,13.05,-0.21,-0.0161
2002-07-02,12.78,12.88,12.6,12.84,3163751.0,0.0243365461538461,12.84,0.0,0.0
2002-07-03,12.84,12.95,12.64,12.81,3180319.0,0.0244639923076923,12.84,-0.03,-0.0023
2002-07-04,12.84,13.1,12.68,12.73,3840660.0,0.0295435384615384,12.81,-0.08,-0.0062
2002-07-05,12.7,12.81,12.58,12.8,2710135.0,0.0208471923076923,12.73,0.07,0.0055
2002-07-08,12.9,14.07,12.89,13.49,25630455.0,0.1971573461538461,12.8,0.69,0.0539
2002-07-09,13.4,13.68,13.38,13.45,8768143.0,0.0674472538461538,13.49,-0.04,-0.003
2002-07-10,13.43,13.5,13.16,13.24,6302737.0,0.0484825923076923,13.45,-0.21,-0.0156
2002-07-11,13.18,13.37,13.05,13.26,4150793.0,0.0319291769230769,13.24,0.02,0.0015
2002-07-12,13.25,13.27,13.08,13.17,2919016.0,0.0224539692307692,13.26,-0.09,-0.0068
2002-07-15,13.1,13.11,12.78,12.82,2912562.0,0.022404323076923,13.17,-0.35,-0.0266
2002-07-16,12.85,13.06,12.8,12.83,2145497.0,0.016503823076923,12.82,0.01,0.0008
2002-07-17,12.84,12.9,12.65,12.85,1770892.0,0.0136222461538461,12.83,0.02,0.0016
2002-07-18,12.88,12.95,12.76,12.82,1436424.0,0.0110494153846153,12.85,-0.03,-0.0023
2002-07-19,12.85,12.95,12.81,12.94,1344559.0,0.0103427615384615,12.82,0.12,0.0094
2002-07-22,12.95,12.96,12.52,12.57,1948426.0,0.0149878923076923,12.94,-0.37,-0.0286
2002-07-23,12.54,12.69,12.46,12.49,1581857.0,0.0121681307692307,12.57,-0.08,-0.0064
2002-07-24,12.49,12.65,12.49,12.55,812699.0,0.0062515307692307,12.49,0.06,0.0048
2002-07-25,12.6,12.65,12.48,12.56,909588.0,0.0069968307692307,12.55,0.01,0.0008
2002-07-26,12.63,12.68,12.5,12.57,546863.0,0.0042066384615384,12.56,0.01,0.0008
2002-07-29,12.57,12.69,12.45,12.66,636195.0,0.0048938076923076,12.57,0.09,0.0072
2002-07-30,12.66,12.68,12.49,12.62,632910.0,0.0048685384615384,12.66,-0.04,-0.0032
2002-07-31,12.59,12.62,12.47,12.52,772610.0,0.0059431538461538,12.62,-0.1,-0.0079
2002-08-01,12.45,12.5,12.26,12.26,1057068.0,0.0081312923076923,12.52,-0.26,-0.0208
2002-08-02,12.5,12.59,12.27,12.42,1262400.0,0.0097107692307692,12.26,0.16,0.0131
2002-08-05,12.48,12.5,12.3,12.43,670379.0,0.0051567615384615,12.42,0.01,0.0008
2002-08-06,12.42,12.78,12.32,12.61,1049294.0,0.0080714923076923,12.43,0.18,0.0145
2002-08-07,12.61,12.67,12.54,12.65,504850.0,0.0038834615384615,12.61,0.04,0.0032
2002-08-08,12.58,12.7,12.53,12.54,379028.0,0.0029156,12.65,-0.11,-0.0087
2002-08-09,12.5,12.5,12.29,12.32,721402.0,0.0055492461538461,12.54,-0.22,-0.0175
2002-08-12,12.3,12.33,12.16,12.17,739400.0,0.0056876923076923,12.32,-0.15,-0.0122
2002-08-13,12.18,12.27,12.11,12.19,456084.0,0.0035083384615384,12.17,0.02,0.0016
2002-08-14,12.25,12.42,12.14,12.36,523565.0,0.004027423076923,12.19,0.17,0.0139
2002-08-15,12.38,12.38,12.18,12.29,394950.0,0.0030380769230769,12.36,-0.07,-0.0057
2002-08-16,12.26,12.38,12.02,12.36,591029.0,0.0045463769230769,12.29,0.07,0.0057
2002-08-19,12.35,12.52,12.22,12.35,892248.0,0.0068634461538461,12.36,-0.01,-0.0008
2002-08-20,12.32,12.55,12.3,12.47,744600.0,0.0057276923076923,12.35,0.12,0.0097
2002-08-21,12.47,12.57,12.39,12.49,1112347.0,0.0085565153846153,12.47,0.02,0.0016
2002-08-22,12.42,12.59,12.4,12.49,1366011.0,0.0105077769230769,12.49,0.0,0.0
2002-08-23,12.5,12.55,12.37,12.39,717343.0,0.005518023076923,12.49,-0.1,-0.008
2002-08-26,12.39,12.43,12.16,12.2,650198.0,0.005001523076923,12.39,-0.19,-0.0153
2002-08-27,12.22,12.28,12.14,12.23,839274.0,0.0064559538461538,12.2,0.03,0.0025
2002-08-28,12.24,12.34,12.16,12.25,577252.0,0.0044404,12.23,0.02,0.0016
2002-08-29,12.2,12.26,12.13,12.14,458690.0,0.0035283846153846,12.25,-0.11,-0.009
2002-08-30,12.13,12.2,12.11,12.16,355038.0,0.0027310615384615,12.14,0.02,0.0016
2002-09-02,12.15,12.16,12.08,12.09,379100.0,0.0029161538461538,12.16,-0.07,-0.0058
2002-09-03,12.13,12.19,12.0,12.06,562246.0,0.0043249692307692,12.09,-0.03,-0.0025
2002-09-04,12.1,12.1,11.72,11.79,2718290.0,0.020909923076923,12.06,-0.27,-0.0224
2002-09-05,11.79,11.79,11.63,11.7,810803.0,0.0062369461538461,11.79,-0.09,-0.0076
2002-09-06,11.7,11.76,11.56,11.57,601943.0,0.0046303307692307,11.7,-0.13,-0.0111
2002-09-09,11.55,11.55,11.37,11.4,693170.0,0.0053320769230769,11.57,-0.17,-0.0147
2002-09-10,11.32,11.47,11.32,11.45,348065.0,0.002677423076923,11.4,0.05,0.0044
2002-09-11,11.46,11.57,11.38,11.57,381810.0,0.002937,11.45,0.12,0.0105
2002-09-12,11.57,11.65,11.53,11.58,464940.0,0.0035764615384615,11.57,0.01,0.0009
2002-09-13,11.58,11.59,11.47,11.57,288450.0,0.0022188461538461,11.58,-0.01,-0.0009
2002-09-16,11.57,11.6,11.26,11.31,607300.0,0.0046715384615384,11.57,-0.26,-0.0225
2002-09-17,11.35,11.45,11.28,11.38,376571.0,0.0028967,11.31,0.07,0.0062
2002-09-18,11.38,11.44,11.31,11.33,170749.0,0.0013134538461538,11.38,-0.05,-0.0044
2002-09-19,11.33,11.66,11.32,11.57,403647.0,0.0031049769230769,11.33,0.24,0.0212
2002-09-20,11.57,11.57,11.48,11.55,257650.0,0.001981923076923,11.57,-0.02,-0.0017
2002-09-24,11.7,11.78,11.5,11.52,219529.0,0.0016886846153846,11.55,-0.03,-0.0026
2002-09-25,11.5,11.64,11.41,11.6,1102994.0,0.0084845692307692,11.52,0.08,0.0069
2002-09-26,11.58,11.66,11.5,11.51,290700.0,0.0022361538461538,11.6,-0.09,-0.0078
2002-09-27,11.5,11.53,11.41,11.42,432150.0,0.0033242307692307,11.51,-0.09,-0.0078
2002-10-08,11.2,11.4,11.2,11.34,166147.0,0.0012780538461538,11.42,-0.08,-0.007
2002-10-09,11.4,11.4,11.03,11.05,478800.0,0.0036830769230769,11.34,-0.29,-0.0256
2002-10-10,11.03,11.1,10.95,10.96,642100.0,0.0049392307692307,11.05,-0.09,-0.0081
2002-10-11,10.98,11.0,10.77,10.78,593300.0,0.0045638461538461,10.96,-0.18,-0.0164
2002-10-14,10.68,10.81,10.66,10.79,373380.0,0.0028721538461538,10.78,0.01,0.0009
2002-10-15,10.8,10.85,10.75,10.76,283311.0,0.0021793153846153,10.79,-0.03,-0.0028
2002-10-16,10.78,11.04,10.78,10.87,366449.0,0.0028188384615384,10.76,0.11,0.0102
2002-10-17,10.86,10.9,10.66,10.67,262900.0,0.0020223076923076,10.87,-0.2,-0.0184
2002-10-18,10.63,10.8,10.51,10.65,210974.0,0.0016228769230769,10.67,-0.02,-0.0019
2002-10-21,10.64,10.69,10.6,10.65,528950.0,0.0040688461538461,10.65,0.0,0.0
2002-10-22,10.78,10.92,10.7,10.84,701909.0,0.0053993,10.65,0.19,0.0178
2002-10-23,10.86,10.87,10.75,10.82,407230.0,0.0031325384615384,10.84,-0.02,-0.0018
2002-10-24,10.85,10.86,10.65,10.66,374750.0,0.0028826923076923,10.82,-0.16,-0.0148
2002-10-25,10.75,10.76,10.61,10.64,264500.0,0.0020346153846153,10.66,-0.02,-0.0019
2002-10-28,10.65,10.7,10.46,10.52,384490.0,0.0029576153846153,10.64,-0.12,-0.0113
2002-10-29,10.52,10.69,10.35,10.56,596389.0,0.0045876076923076,10.52,0.04,0.0038
2002-10-30,10.53,10.6,10.48,10.54,232050.0,0.001785,10.56,-0.02,-0.0019
2002-10-31,10.54,10.75,10.54,10.66,384500.0,0.0029576923076923,10.54,0.12,0.0114
2002-11-01,10.62,10.75,10.56,10.69,386200.0,0.0029707692307692,10.66,0.03,0.0028
2002-11-04,10.78,10.92,10.75,10.9,541285.0,0.0041637307692307,10.69,0.21,0.0196
2002-11-05,10.91,11.2,10.86,11.1,2147827.0,0.0165217461538461,10.9,0.2,0.0183
2002-11-06,11.1,11.1,10.95,11.0,668872.0,0.0051451692307692,11.1,-0.1,-0.009
2002-11-07,11.0,11.15,10.9,11.09,925981.0,0.0071229307692307,11.0,0.09,0.0082
2002-11-08,11.2,11.33,10.62,10.68,1139721.0,0.0087670846153846,11.09,-0.41,-0.037
2002-11-11,10.68,10.73,10.61,10.65,404250.0,0.0031096153846153,10.68,-0.03,-0.0028
2002-11-12,10.55,10.7,10.42,10.45,875200.0,0.0067323076923076,10.65,-0.2,-0.0188
2002-11-13,10.41,10.45,10.1,10.38,912601.0,0.0070200076923076,10.45,-0.07,-0.0067
2002-11-14,10.43,10.43,10.1,10.12,418889.0,0.003222223076923,10.38,-0.26,-0.025
2002-11-15,10.01,10.3,10.01,10.1,541200.0,0.0041630769230769,10.12,-0.02,-0.002
2002-11-18,10.1,10.2,10.03,10.08,310001.0,0.002384623076923,10.1,-0.02,-0.002
2002-11-19,10.1,10.34,10.09,10.28,430554.0,0.0033119538461538,10.08,0.2,0.0198
2002-11-20,10.18,10.25,10.05,10.1,530200.0,0.0040784615384615,10.28,-0.18,-0.0175
2002-11-21,10.1,10.41,10.06,10.11,1947731.0,0.0149825461538461,10.1,0.01,0.001
2002-11-22,10.12,10.35,9.9,10.11,1637451.0,0.0125957769230769,10.11,0.0,0.0
2002-11-25,10.1,10.15,9.92,10.01,569350.0,0.0043796153846153,10.11,-0.1,-0.0099
2002-11-26,10.05,10.15,9.58,9.59,1043280.0,0.0080252307692307,10.01,-0.42,-0.042
2002-11-27,9.5,9.65,9.35,9.54,1326471.0,0.010203623076923,9.59,-0.05,-0.0052
2002-11-28,9.49,9.78,9.38,9.77,1325717.0,0.010197823076923,9.54,0.23,0.0241
2002-11-29,9.81,10.14,9.7,9.92,2147742.0,0.0165210923076923,9.77,0.15,0.0154
2002-12-02,9.85,9.88,9.5,9.55,637950.0,0.0049073076923076,9.92,-0.37,-0.0373
2002-12-03,9.51,9.68,9.42,9.63,389599.0,0.0029969153846153,9.55,0.08,0.0084
2002-12-04,9.63,9.99,9.62,9.74,730709.0,0.0056208384615384,9.63,0.11,0.0114
2002-12-05,9.68,9.85,9.62,9.83,529508.0,0.0040731384615384,9.74,0.09,0.0092
2002-12-06,9.8,9.96,9.79,9.81,535399.0,0.0041184538461538,9.83,-0.02,-0.002
2002-12-09,9.81,9.87,9.7,9.73,219300.0,0.001686923076923,9.81,-0.08,-0.0082
2002-12-10,9.66,9.75,9.58,9.6,296500.0,0.0022807692307692,9.73,-0.13,-0.0134
2002-12-11,9.52,9.6,9.51,9.6,224778.0,0.0017290615384615,9.6,0.0,0.0
2002-12-12,9.51,9.79,9.51,9.58,211978.0,0.0016306,9.6,-0.02,-0.0021
2002-12-13,9.4,9.75,9.4,9.63,330274.0,0.0025405692307692,9.58,0.05,0.0052
2002-12-16,9.66,9.8,9.63,9.7,316276.0,0.0024328923076923,9.63,0.07,0.0073
2002-12-17,9.7,9.8,9.69,9.78,420145.0,0.0032318846153846,9.7,0.08,0.0082
2002-12-18,9.79,9.95,9.76,9.78,647650.0,0.004981923076923,9.78,0.0,0.0
2002-12-19,9.75,9.88,9.75,9.87,528277.0,0.0040636692307692,9.78,0.09,0.0092
2002-12-20,9.92,10.09,9.85,10.0,1859733.0,0.0143056384615384,9.87,0.13,0.0132
2002-12-23,10.08,10.15,10.0,10.02,1667883.0,0.0128298692307692,10.0,0.02,0.002
2002-12-24,10.02,10.1,9.92,10.09,363329.0,0.0027948384615384,10.02,0.07,0.007
2002-12-25,10.12,10.18,9.9,9.94,457000.0,0.0035153846153846,10.09,-0.15,-0.0149
2002-12-26,9.9,9.92,9.58,9.59,789987.0,0.006076823076923,9.94,-0.35,-0.0352
2002-12-27,9.51,9.66,9.47,9.56,428584.0,0.0032968,9.59,-0.03,-0.0031
2002-12-30,9.48,9.51,9.0,9.02,1344970.0,0.010345923076923,9.56,-0.54,-0.0565
2002-12-31,9.03,9.18,8.9,8.93,722600.0,0.0055584615384615,9.02,-0.09,-0.01
2003-01-02,8.8,8.9,8.63,8.68,800950.0,0.0061611538461538,8.93,-0.25,-0.028
2003-01-03,8.65,8.73,8.61,8.68,336100.0,0.0025853846153846,8.68,0.0,0.0
2003-01-06,8.7,8.82,8.5,8.78,590610.0,0.0045431538461538,8.68,0.1,0.0115
2003-01-07,8.78,8.88,8.7,8.75,366890.0,0.0028222307692307,8.78,-0.03,-0.0034
2003-01-08,8.7,9.06,8.7,9.03,807476.0,0.0062113538461538,8.75,0.28,0.032
2003-01-09,9.12,9.28,8.93,9.2,1642479.0,0.0126344538461538,9.03,0.17,0.0188
2003-01-10,9.21,9.4,9.02,9.07,1339923.0,0.0103071,9.2,-0.13,-0.0141
2003-01-13,9.0,9.21,9.0,9.13,831251.0,0.0063942384615384,9.07,0.06,0.0066
2003-01-14,9.11,10.0,9.09,9.9,3843361.0,0.0295643153846153,9.13,0.77,0.0843
2003-01-15,9.98,9.98,9.48,9.57,3385674.0,0.0260436461538461,9.9,-0.33,-0.0333
2003-01-16,9.58,9.88,9.52,9.78,1952266.0,0.0150174307692307,9.57,0.21,0.0219
2003-01-17,9.85,9.86,9.69,9.71,1280244.0,0.0098480307692307,9.78,-0.07,-0.0072
2003-01-20,9.7,9.71,9.49,9.64,937519.0,0.0072116846153846,9.71,-0.07,-0.0072
2003-01-21,9.6,9.71,9.46,9.47,959995.0,0.0073845769230769,9.64,-0.17,-0.0176
2003-01-22,9.41,9.47,9.24,9.31,932687.0,0.0071745153846153,9.47,-0.16,-0.0169
2003-01-23,9.32,9.4,9.24,9.25,388331.0,0.0029871615384615,9.31,-0.06,-0.0064
2003-01-24,9.25,9.45,9.21,9.36,685495.0,0.0052730384615384,9.25,0.11,0.0119
2003-01-29,9.55,10.1,9.55,9.97,6026743.0,0.0463595615384615,9.36,0.61,0.0652
2003-02-10,9.8,9.85,9.6,9.63,1356948.0,0.0104380615384615,9.97,-0.34,-0.0341
2003-02-11,9.66,9.89,9.66,9.88,1229632.0,0.0094587076923076,9.63,0.25,0.026
2003-02-12,9.88,10.0,9.77,9.96,1458424.0,0.0112186461538461,9.88,0.08,0.0081
2003-02-13,9.9,10.03,9.81,9.84,1185846.0,0.0091218923076923,9.96,-0.12,-0.012
2003-02-14,9.5,9.96,9.5,9.89,990537.0,0.0076195153846153,9.84,0.05,0.0051
2003-02-17,9.9,9.9,9.69,9.76,1153730.0,0.0088748461538461,9.89,-0.13,-0.0131
2003-02-18,9.72,9.76,9.64,9.7,527907.0,0.004060823076923,9.76,-0.06,-0.0061
2003-02-19,9.68,9.8,9.68,9.79,708411.0,0.0054493153846153,9.7,0.09,0.0093
2003-02-20,9.8,9.95,9.8,9.83,780608.0,0.0060046769230769,9.79,0.04,0.0041
2003-02-21,9.8,9.82,9.53,9.55,1255319.0,0.0096563,9.83,-0.28,-0.0285
2003-02-24,9.51,9.59,9.5,9.53,558428.0,0.0042956,9.55,-0.02,-0.0021
2003-02-25,9.51,9.75,9.48,9.75,623590.0,0.0047968461538461,9.53,0.22,0.0231
2003-02-26,9.8,9.82,9.68,9.79,469008.0,0.0036077538461538,9.75,0.04,0.0041
2003-02-27,9.8,9.89,9.75,9.81,808753.0,0.0062211769230769,9.79,0.02,0.002
2003-02-28,9.81,9.82,9.65,9.8,472269.0,0.0036328384615384,9.81,-0.01,-0.001
2003-03-03,9.85,10.03,9.85,10.01,2322417.0,0.0178647461538461,9.8,0.21,0.0214
2003-03-04,10.06,10.26,10.01,10.05,5110695.0,0.0393130384615384,10.01,0.04,0.004
2003-03-05,10.08,10.16,9.96,10.15,1682691.0,0.0129437769230769,10.05,0.1,0.01
2003-03-06,10.2,10.25,9.98,9.99,2032865.0,0.015637423076923,10.15,-0.16,-0.0158
2003-03-07,9.99,10.03,9.86,9.86,1043300.0,0.0080253846153846,9.99,-0.13,-0.013
2003-03-10,9.9,9.96,9.67,9.71,971989.0,0.0074768384615384,9.86,-0.15,-0.0152
2003-03-11,9.73,9.8,9.62,9.79,593586.0,0.0045660461538461,9.71,0.08,0.0082
2003-03-12,9.75,9.75,9.41,9.5,1230385.0,0.0094645,9.79,-0.29,-0.0296
2003-03-13,9.58,9.59,9.37,9.37,758946.0,0.0058380461538461,9.5,-0.13,-0.0137
2003-03-14,9.35,9.45,9.35,9.37,516419.0,0.0039724538461538,9.37,0.0,0.0
2003-03-17,9.35,9.35,9.19,9.29,705384.0,0.0054260307692307,9.37,-0.08,-0.0085
2003-03-18,9.3,9.41,9.28,9.28,601300.0,0.0046253846153846,9.29,-0.01,-0.0011
2003-03-19,9.21,9.33,9.16,9.28,647992.0,0.0049845538461538,9.28,0.0,0.0
2003-03-20,9.3,9.32,9.19,9.24,532759.0,0.0040981461538461,9.28,-0.04,-0.0043
2003-03-21,9.21,9.31,9.17,9.29,340699.0,0.0026207615384615,9.24,0.05,0.0054
2003-03-24,9.29,9.44,9.29,9.43,356631.0,0.0027433153846153,9.29,0.14,0.0151
2003-03-25,9.42,9.42,9.26,9.29,340500.0,0.0026192307692307,9.43,-0.14,-0.0148
2003-03-26,9.28,9.29,9.11,9.13,409900.0,0.0031530769230769,9.29,-0.16,-0.0172
2003-03-27,9.08,9.59,9.01,9.45,839879.0,0.0064606076923076,9.13,0.32,0.035
2003-03-28,9.46,9.85,9.34,9.52,2903153.0,0.0223319461538461,9.45,0.07,0.0074
2003-03-31,9.5,9.62,9.41,9.61,930498.0,0.0071576769230769,9.52,0.09,0.0095
2003-04-01,9.62,9.69,9.58,9.62,794701.0,0.0061130846153846,9.61,0.01,0.001
2003-04-02,9.6,9.66,9.57,9.59,501166.0,0.003855123076923,9.62,-0.03,-0.0031
2003-04-03,9.56,9.62,9.44,9.45,643236.0,0.0049479692307692,9.59,-0.14,-0.0146
2003-04-04,9.45,9.55,9.41,9.45,517851.0,0.0039834692307692,9.45,0.0,0.0
2003-04-07,9.43,9.55,9.24,9.25,1149741.0,0.0088441615384615,9.45,-0.2,-0.0212
2003-04-08,9.25,9.28,9.09,9.2,1844931.0,0.0141917769230769,9.25,-0.05,-0.0054
2003-04-09,9.18,9.36,9.02,9.25,1505349.0,0.0115796076923076,9.2,0.05,0.0054
2003-04-10,9.35,9.49,9.2,9.24,2412360.0,0.0185566153846153,9.25,-0.01,-0.0011
2003-04-11,9.25,9.43,9.25,9.35,3224229.0,0.0248017615384615,9.24,0.11,0.0119
2003-04-14,9.4,9.8,9.4,9.75,5760017.0,0.044307823076923,9.35,0.4,0.0428
2003-04-15,9.88,9.88,9.6,9.79,3695291.0,0.0284253153846153,9.75,0.04,0.0041
2003-04-16,9.79,10.2,9.7,9.78,7320083.0,0.0563083307692307,9.79,-0.01,-0.001
2003-04-17,9.79,9.9,9.56,9.66,2011729.0,0.0154748384615384,9.78,-0.12,-0.0123
2003-04-18,9.66,10.15,9.66,9.85,4104979.0,0.0315767615384615,9.66,0.19,0.0197
2003-04-21,9.86,9.9,9.45,9.53,2462780.0,0.0189444615384615,9.85,-0.32,-0.0325
2003-04-22,9.54,9.65,9.19,9.31,1431907.0,0.0110146692307692,9.53,-0.22,-0.0231
2003-04-23,9.29,9.45,9.02,9.12,1857550.0,0.0142888461538461,9.31,-0.19,-0.0204
2003-04-24,9.05,9.19,8.84,8.85,2336900.0,0.0179761538461538,9.12,-0.27,-0.0296
2003-04-25,8.85,9.0,8.68,8.71,1226600.0,0.0094353846153846,8.85,-0.14,-0.0158
2003-04-28,8.66,8.99,8.47,8.86,1267490.0,0.009749923076923,8.71,0.15,0.0172
2003-04-29,8.85,8.86,8.5,8.51,2000630.0,0.0153894615384615,8.86,-0.35,-0.0395
2003-04-30,8.51,8.75,8.51,8.61,1235192.0,0.0095014769230769,8.51,0.1,0.0118
2003-05-13,8.59,8.6,7.9,7.92,2290522.0,0.0176194,8.61,-0.69,-0.0801
2003-05-14,7.9,8.2,7.82,8.15,1943201.0,0.0149477,7.92,0.23,0.029
2003-05-15,8.2,8.4,8.03,8.38,3390972.0,0.0260844,8.15,0.23,0.0282
2003-05-16,8.6,8.85,8.58,8.68,7161059.0,0.0550850692307692,8.38,0.3,0.0358
2003-05-19,8.65,8.82,8.62,8.72,1629349.0,0.0125334538461538,8.68,0.04,0.0046
2003-05-20,8.7,8.7,8.46,8.47,1364451.0,0.0104957769230769,8.72,-0.25,-0.0287
2003-05-21,8.45,8.53,8.43,8.46,646455.0,0.0049727307692307,8.47,-0.01,-0.0012
2003-05-22,8.46,8.5,8.39,8.45,567798.0,0.0043676769230769,8.46,-0.01,-0.0012
2003-05-23,8.46,8.6,8.34,8.46,2358912.0,0.0181454769230769,8.45,0.01,0.0012
2003-05-26,8.46,8.6,8.4,8.53,1290820.0,0.0099293846153846,8.46,0.07,0.0083
2003-05-27,8.5,8.65,8.49,8.64,1469433.0,0.0113033307692307,8.53,0.11,0.0129
2003-05-28,8.66,8.85,8.58,8.73,2829950.0,0.0217688461538461,8.64,0.09,0.0104
2003-05-29,8.7,8.79,8.59,8.72,1489460.0,0.0114573846153846,8.73,-0.01,-0.0011
2003-05-30,8.73,9.0,8.68,8.9,3771656.0,0.0290127384615384,8.72,0.18,0.0206
2003-06-02,8.81,8.89,8.71,8.83,1561126.0,0.0120086615384615,8.9,-0.07,-0.0079
2003-06-03,8.83,8.83,8.6,8.61,1357988.0,0.0104460615384615,8.83,-0.22,-0.0249
2003-06-04,8.55,8.65,8.5,8.6,1299304.0,0.0099946461538461,8.61,-0.01,-0.0012
2003-06-05,8.63,8.64,8.42,8.44,883076.0,0.0067928923076923,8.6,-0.16,-0.0186
2003-06-06,8.44,8.49,8.37,8.38,811749.0,0.006244223076923,8.44,-0.06,-0.0071
2003-06-09,8.38,8.42,8.35,8.38,515426.0,0.0039648153846153,8.38,0.0,0.0
2003-06-10,8.42,8.52,8.42,8.49,417300.0,0.00321,8.38,0.11,0.0131
2003-06-11,8.55,8.63,8.49,8.63,609451.0,0.0046880846153846,8.49,0.14,0.0165
2003-06-12,8.74,8.82,8.62,8.69,866260.0,0.0066635384615384,8.5,0.06,0.0071
2003-06-13,8.69,8.81,8.67,8.75,524536.0,0.0040348923076923,8.56,0.06,0.007
2003-06-16,8.78,8.78,8.63,8.65,365250.0,0.0028096153846153,8.62,-0.1,-0.0116
2003-06-17,8.67,8.71,8.63,8.69,643194.0,0.0049476461538461,8.52,0.04,0.0047
2003-06-18,8.68,8.98,8.68,8.75,1503614.0,0.0115662615384615,8.56,0.06,0.007
2003-06-19,8.79,8.79,8.55,8.61,693403.0,0.0053338692307692,8.62,-0.14,-0.0162
2003-06-20,8.61,8.68,8.55,8.56,619011.0,0.004761623076923,8.48,-0.05,-0.0059
2003-06-23,8.57,8.57,8.47,8.5,366050.0,0.0028157692307692,8.43,-0.06,-0.0071
2003-06-24,8.5,8.67,8.49,8.6,589250.0,0.0045326923076923,8.37,0.1,0.0119
2003-06-25,8.63,8.63,8.45,8.49,385385.0,0.0029645,8.47,-0.11,-0.013
2003-06-26,8.49,8.52,8.32,8.46,534494.0,0.0041114923076923,8.36,-0.03,-0.0036
2003-06-27,8.46,8.48,8.24,8.3,482200.0,0.0037092307692307,8.33,-0.15,-0.018
2003-06-30,8.29,8.32,8.12,8.17,410649.0,0.0031588384615384,8.18,-0.13,-0.0159
2003-07-01,8.18,8.28,8.12,8.14,500946.0,0.0038534307692307,8.05,-0.03,-0.0037
2003-07-02,8.22,8.23,8.12,8.22,349885.0,0.002691423076923,8.02,0.08,0.01
2003-07-03,8.23,8.27,8.14,8.18,566400.0,0.004356923076923,8.1,-0.04,-0.0049
2003-07-04,8.19,8.41,8.19,8.29,454095.0,0.0034930384615384,8.06,0.11,0.0136
2003-07-07,8.27,8.27,8.17,8.22,403494.0,0.0031038,8.17,-0.07,-0.0086
2003-07-08,8.22,8.36,8.17,8.3,824101.0,0.0063392384615384,8.1,0.08,0.0099
2003-07-09,8.31,8.32,8.19,8.24,225200.0,0.0017323076923076,8.18,-0.06,-0.0073
2003-07-10,8.21,8.69,8.21,8.51,2107493.0,0.0162114846153846,8.12,0.26,0.032
2003-07-11,8.5,8.57,8.43,8.46,410700.0,0.0031592307692307,8.38,-0.05,-0.006
2003-07-14,8.63,8.63,8.46,8.48,334907.0,0.0025762076923076,8.33,0.02,0.0024
2003-07-15,8.47,8.56,8.41,8.44,286510.0,0.002203923076923,8.35,-0.04,-0.0048
2003-07-16,8.45,8.52,8.35,8.43,427689.0,0.0032899153846153,8.31,-0.01,-0.0012
2003-07-17,8.41,8.69,8.32,8.64,2479600.0,0.0190738461538461,8.3,0.21,0.0253
2003-07-18,8.63,9.13,8.61,8.83,9634466.0,0.0741112769230769,8.51,0.19,0.0223
2003-07-21,8.78,9.01,8.69,8.96,4694510.0,0.0361116153846153,8.7,0.13,0.0149
2003-07-22,9.03,9.1,8.79,9.01,2720065.0,0.0209235769230769,8.83,0.05,0.0057
2003-07-23,9.03,9.06,8.88,8.95,1602884.0,0.0123298769230769,8.88,-0.06,-0.0068
2003-07-24,8.91,8.93,8.71,8.72,1422862.0,0.0109450923076923,8.82,-0.23,-0.0261
2003-07-25,8.68,8.8,8.54,8.57,1441627.0,0.0110894384615384,8.59,-0.15,-0.0175
2003-07-28,8.56,8.65,8.48,8.61,837211.0,0.0064400846153846,8.44,0.04,0.0047
2003-07-29,8.58,8.67,8.58,8.64,428920.0,0.0032993846153846,8.48,0.03,0.0035
2003-07-30,8.65,8.65,8.37,8.41,924332.0,0.0071102461538461,8.51,-0.22,-0.0259
2003-07-31,8.41,8.47,8.37,8.37,698216.0,0.0053708923076923,8.29,-0.04,-0.0048
2003-08-01,8.37,8.37,8.2,8.36,974909.0,0.0074993,8.25,-0.01,-0.0012
2003-08-04,8.38,8.48,8.22,8.46,839429.0,0.0064571461538461,8.24,0.1,0.0121
2003-08-05,8.45,8.56,8.38,8.48,653525.0,0.0050271153846153,8.34,0.02,0.0024
2003-08-06,8.42,8.56,8.39,8.55,587173.0,0.0045167153846153,8.36,0.06,0.0072
2003-08-07,8.57,8.64,8.49,8.58,698021.0,0.0053693923076923,8.42,0.03,0.0036
2003-08-08,8.7,8.76,8.55,8.56,1796184.0,0.0138168,8.45,-0.02,-0.0024
2003-08-11,8.51,8.53,8.31,8.43,494179.0,0.0038013769230769,8.43,-0.12,-0.0142
2003-08-12,8.52,8.72,8.52,8.64,677369.0,0.0052105307692307,8.31,0.2,0.0241
2003-08-13,8.61,8.63,8.46,8.5,380550.0,0.0029273076923076,8.51,-0.14,-0.0165
2003-08-14,8.46,8.68,8.43,8.47,469404.0,0.0036108,8.37,-0.02,-0.0024
2003-08-15,8.46,8.53,8.37,8.4,496190.0,0.0038168461538461,8.35,-0.07,-0.0084
2003-08-18,8.4,8.4,8.3,8.37,263002.0,0.0020230923076923,8.28,-0.03,-0.0036
2003-08-19,8.37,8.4,8.22,8.25,1197920.0,0.0092147692307692,8.25,-0.12,-0.0145
2003-08-20,8.26,8.31,8.21,8.29,788639.0,0.0060664538461538,8.13,0.04,0.0049
2003-08-21,8.29,8.32,8.2,8.24,593383.0,0.0045644846153846,8.17,-0.05,-0.0061
2003-08-22,8.24,8.28,8.22,8.26,416030.0,0.0032002307692307,8.12,0.02,0.0025
2003-08-25,8.23,8.24,8.1,8.12,573100.0,0.0044084615384615,8.14,-0.14,-0.0172
2003-08-26,8.02,8.16,8.02,8.1,318200.0,0.0024476923076923,8.0,-0.02,-0.0025
2003-08-27,8.13,8.24,8.12,8.18,317299.0,0.0024407615384615,7.98,0.08,0.01
2003-08-28,8.24,8.3,8.07,8.2,308820.0,0.0023755384615384,8.06,0.02,0.0025
2003-08-29,8.13,8.18,8.05,8.18,465079.0,0.0035775307692307,8.08,-0.02,-0.0025
2003-09-01,8.24,8.39,8.13,8.37,651600.0,0.0050123076923076,8.06,0.19,0.0236
2003-09-02,8.37,8.63,8.32,8.61,1714458.0,0.0131881384615384,8.25,0.23,0.0279
2003-09-03,8.61,8.61,8.49,8.53,627961.0,0.0048304692307692,8.48,-0.08,-0.0094
2003-09-04,8.51,8.53,8.44,8.44,484409.0,0.003726223076923,8.4,-0.09,-0.0107
2003-09-05,8.44,8.44,8.24,8.26,497267.0,0.0038251307692307,8.31,-0.17,-0.0205
2003-09-08,8.22,8.3,8.2,8.22,335801.0,0.0025830846153846,8.14,-0.04,-0.0049
2003-09-09,8.02,8.22,7.95,8.07,939331.0,0.007225623076923,8.1,-0.15,-0.0185
2003-09-10,8.07,8.08,7.97,8.03,525170.0,0.0040397692307692,7.95,-0.04,-0.005
2003-09-12,8.02,8.03,7.95,7.98,427626.0,0.0032894307692307,7.91,-0.05,-0.0063
2003-09-15,7.97,8.06,7.71,7.75,493540.0,0.0037964615384615,7.86,-0.23,-0.0293
2003-09-16,7.71,7.77,7.6,7.71,613015.0,0.0047155,7.63,-0.03,-0.0039
2003-09-17,7.74,7.81,7.69,7.74,285129.0,0.0021933,7.6,0.02,0.0026
2003-09-18,7.72,7.74,7.51,7.57,730699.0,0.0056207615384615,7.62,-0.16,-0.021
2003-09-19,7.52,7.58,7.46,7.5,419359.0,0.0032258384615384,7.46,-0.07,-0.0094
2003-09-22,7.51,7.56,7.48,7.49,261425.0,0.0020109615384615,7.39,-0.01,-0.0014
2003-09-23,7.48,7.66,7.46,7.63,244968.0,0.0018843692307692,7.38,0.14,0.019
2003-09-24,7.67,7.71,7.56,7.65,261063.0,0.0020081769230769,7.52,0.02,0.0027
2003-09-25,7.65,7.65,7.51,7.52,232220.0,0.0017863076923076,7.54,-0.13,-0.0172
2003-09-26,7.51,7.54,7.47,7.49,209925.0,0.0016148076923076,7.41,-0.03,-0.004
2003-09-29,7.47,7.55,7.34,7.34,579502.0,0.0044577076923076,7.38,-0.15,-0.0203
2003-09-30,7.33,7.36,7.27,7.33,510891.0,0.0039299307692307,7.23,-0.01,-0.0014
2003-10-08,7.34,7.51,7.33,7.47,294333.0,0.0022641,7.22,0.14,0.0194
2003-10-13,7.71,8.0,7.7,7.74,2544453.0,0.0195727153846153,7.36,0.26,0.0353
2003-10-14,7.77,7.82,7.54,7.64,540136.0,0.0041548923076923,7.62,-0.09,-0.0118
2003-10-15,7.62,7.68,7.58,7.61,861394.0,0.0066261076923076,7.53,-0.03,-0.004
2003-10-16,7.69,7.69,7.58,7.62,310670.0,0.0023897692307692,7.4,0.01,0.0014
2003-10-17,7.62,7.7,7.58,7.63,357027.0,0.0027463615384615,7.41,0.01,0.0013
2003-10-20,7.71,7.71,7.54,7.56,261110.0,0.0020085384615384,7.42,-0.07,-0.0094
2003-10-21,7.6,7.61,7.49,7.51,398488.0,0.0030652923076923,7.35,-0.05,-0.0068
2003-10-22,7.53,8.02,7.52,7.77,794174.0,0.0061090307692307,7.3,0.25,0.0342
2003-10-23,7.81,7.94,7.73,7.82,1254865.0,0.0096528076923076,7.55,0.05,0.0066
2003-10-24,7.87,7.98,7.73,7.98,1062873.0,0.0081759461538461,7.6,0.16,0.0211
2003-10-27,7.97,8.13,7.84,8.01,1395046.0,0.010731123076923,7.76,0.02,0.0026
2003-10-28,7.92,8.09,7.88,8.02,1388424.0,0.0106801846153846,7.78,0.01,0.0013
2003-10-29,7.97,7.98,7.79,7.88,849345.0,0.006533423076923,7.79,-0.13,-0.0167
2003-10-30,7.82,7.92,7.72,7.81,541080.0,0.0041621538461538,7.66,-0.07,-0.0091
2003-10-31,7.83,8.09,7.83,7.91,693952.0,0.0053380923076923,7.59,0.1,0.0132
2003-11-03,7.73,8.05,7.73,8.03,624709.0,0.0048054538461538,7.69,0.11,0.0143
2003-11-04,8.04,8.45,8.01,8.38,3720932.0,0.0286225538461538,7.8,0.34,0.0436
2003-11-05,8.33,8.54,8.29,8.49,2817205.0,0.0216708076923076,8.14,0.11,0.0135
2003-11-06,8.48,8.48,8.3,8.33,1651658.0,0.0127050615384615,8.25,-0.15,-0.0182
2003-11-07,8.32,8.39,8.1,8.16,1385013.0,0.0106539461538461,8.1,-0.17,-0.021
2003-11-10,8.16,8.35,8.11,8.33,587270.0,0.0045174615384615,7.93,0.17,0.0214
2003-11-11,8.34,8.47,8.23,8.33,393870.0,0.0030297692307692,8.1,0.0,0.0
2003-11-12,8.33,8.42,7.98,8.04,1009575.0,0.0077659615384615,8.1,-0.29,-0.0358
2003-11-13,8.0,8.14,8.0,8.03,615256.0,0.0047327384615384,7.81,-0.01,-0.0013
2003-11-14,8.06,8.33,8.01,8.29,773892.0,0.0059530153846153,7.8,0.26,0.0333
2003-11-17,8.28,8.34,8.19,8.23,436441.0,0.0033572384615384,8.06,-0.06,-0.0074
2003-11-18,8.15,8.23,8.04,8.08,496500.0,0.0038192307692307,8.0,-0.15,-0.0188
2003-11-19,8.05,8.45,8.04,8.37,2023986.0,0.015569123076923,7.85,0.29,0.0369
2003-11-20,8.39,8.61,8.3,8.58,1855043.0,0.0142695615384615,8.14,0.2,0.0246
2003-11-21,8.6,8.65,8.35,8.37,1058050.0,0.0081388461538461,8.34,-0.2,-0.024
2003-11-24,8.28,8.59,8.28,8.56,1146481.0,0.0088190846153846,8.14,0.18,0.0221
2003-11-25,8.59,8.71,8.52,8.57,1947856.0,0.0149835076923076,8.32,0.01,0.0012
2003-11-26,8.52,8.88,8.5,8.74,2209912.0,0.016999323076923,8.33,0.17,0.0204
2003-11-27,8.69,8.74,8.5,8.52,1801621.0,0.013858623076923,8.5,-0.22,-0.0259
2003-11-28,8.52,8.7,8.52,8.69,949462.0,0.0073035538461538,8.28,0.17,0.0205
2003-12-01,8.7,8.87,8.7,8.83,1326447.0,0.0102034384615384,8.45,0.13,0.0154
2003-12-02,8.83,8.89,8.65,8.73,1297550.0,0.0099811538461538,8.58,-0.09,-0.0105
2003-12-03,8.73,8.83,8.62,8.81,1601051.0,0.0123157769230769,8.49,0.07,0.0082
2003-12-04,8.99,9.26,8.91,8.97,5547744.0,0.0426749538461538,8.56,0.16,0.0187
2003-12-05,8.97,9.19,8.91,9.16,3830838.0,0.0294679846153846,8.72,0.18,0.0206
2003-12-08,9.17,9.19,8.98,9.06,2243995.0,0.0172615,8.9,-0.09,-0.0101
2003-12-09,9.05,9.1,8.95,9.1,2132706.0,0.0164054307692307,8.81,0.04,0.0045
2003-12-10,9.14,9.21,9.05,9.19,3127432.0,0.0240571692307692,8.85,0.08,0.009
2003-12-11,9.21,9.31,9.1,9.18,3633732.0,0.0279517846153846,8.93,-0.01,-0.0011
2003-12-12,9.15,9.24,9.07,9.13,1299910.0,0.0099993076923076,8.92,-0.04,-0.0045
2003-12-15,9.13,9.28,9.07,9.1,1237690.0,0.0095206923076923,8.88,-0.03,-0.0034
2003-12-16,9.11,9.11,8.86,8.98,1791683.0,0.0137821769230769,8.85,-0.12,-0.0136
2003-12-17,8.98,9.1,8.81,8.82,1719260.0,0.0132250769230769,8.73,-0.15,-0.0172
2003-12-18,8.78,9.02,8.77,9.0,1433281.0,0.0110252384615384,8.58,0.17,0.0198
2003-12-19,9.0,9.05,8.72,8.83,1794269.0,0.0138020692307692,8.75,-0.16,-0.0183
2003-12-22,8.85,9.36,8.84,9.36,6568023.0,0.0505232538461538,8.59,0.51,0.0594
2003-12-23,9.42,9.54,9.27,9.5,4796242.0,0.0368941692307692,9.1,0.14,0.0154
2003-12-24,9.53,9.57,9.41,9.45,3036556.0,0.023358123076923,9.24,-0.05,-0.0054
2003-12-25,9.46,9.49,9.17,9.29,3231359.0,0.0248566076923076,9.19,-0.16,-0.0174
2003-12-26,9.26,9.32,9.15,9.31,1681867.0,0.0129374384615384,9.03,0.02,0.0022
2003-12-29,9.26,9.33,9.13,9.27,1217450.0,0.009365,9.05,-0.04,-0.0044
2003-12-30,9.27,9.45,9.23,9.39,1156250.0,0.0088942307692307,9.01,0.12,0.0133
2003-12-31,9.39,9.48,9.22,9.26,1749979.0,0.0134613769230769,9.13,-0.13,-0.0142
2004-01-02,9.21,9.47,9.17,9.4,2239149.0,0.017224223076923,9.0,0.14,0.0156
2004-01-05,9.44,9.8,9.42,9.74,4596683.0,0.0353591,9.14,0.33,0.0361
2004-01-06,9.75,9.83,9.57,9.76,3401202.0,0.0261630923076923,9.47,0.02,0.0021
2004-01-07,9.74,10.02,9.66,9.92,3733121.0,0.0287163153846153,9.49,0.15,0.0158
2004-01-08,9.89,10.14,9.77,9.89,4001791.0,0.0307830076923076,9.64,-0.03,-0.0031
2004-01-09,9.87,10.02,9.55,9.57,3639414.0,0.0279954923076923,9.61,-0.31,-0.0323
2004-01-12,9.64,10.49,9.64,10.35,7719004.0,0.0593769538461538,9.3,0.76,0.0817
2004-01-13,10.42,10.78,10.29,10.48,6994272.0,0.0538020923076923,10.06,0.13,0.0129
2004-01-14,10.51,10.54,10.18,10.21,2522051.0,0.0194003923076923,10.19,-0.26,-0.0255
2004-01-15,10.18,10.49,10.16,10.3,1967079.0,0.0151313769230769,9.93,0.08,0.0081
2004-01-16,10.39,10.72,10.3,10.59,3789848.0,0.0291526769230769,10.01,0.29,0.029
2004-01-29,10.7,10.96,10.54,10.81,2447231.0,0.0188248538461538,10.3,0.21,0.0204
2004-01-30,10.89,10.96,10.31,10.44,3923803.0,0.0301831,10.51,-0.36,-0.0343
2004-02-02,10.81,10.9,10.11,10.26,6812609.0,0.0524046846153846,10.15,-0.18,-0.0177
2004-02-03,10.24,10.24,10.03,10.21,3866780.0,0.0297444615384615,9.97,-0.04,-0.004
2004-02-04,10.24,10.56,10.24,10.49,2936217.0,0.0225862846153846,9.93,0.27,0.0272
2004-02-05,10.54,10.59,10.39,10.47,3056953.0,0.023515023076923,10.2,-0.02,-0.002
2004-02-06,10.47,10.47,10.19,10.26,2961541.0,0.0227810846153846,10.18,-0.21,-0.0206
2004-02-09,10.19,10.65,10.18,10.57,3299590.0,0.0253814615384615,9.97,0.31,0.0311
2004-02-10,10.6,10.95,10.48,10.81,7657234.0,0.0589018,10.28,0.23,0.0224
2004-02-11,10.8,10.8,10.52,10.6,2016172.0,0.0155090153846153,10.51,-0.21,-0.02
2004-02-12,10.6,10.7,10.5,10.5,2214050.0,0.0170311538461538,10.3,-0.09,-0.0087
2004-02-13,10.51,10.57,10.46,10.49,1331190.0,0.010239923076923,10.21,-0.01,-0.001
2004-02-16,10.48,10.81,10.48,10.8,2187089.0,0.0168237615384615,10.2,0.3,0.0294
2004-02-17,10.8,11.29,10.75,11.12,6828136.0,0.052524123076923,10.5,0.31,0.0295
2004-02-18,11.12,11.24,11.0,11.11,3288956.0,0.0252996615384615,10.81,-0.01,-0.0009
2004-02-19,11.11,11.28,11.01,11.23,2793029.0,0.0214848384615384,10.8,0.12,0.0111
2004-02-20,11.21,11.5,11.2,11.46,3779401.0,0.0290723153846153,10.92,0.22,0.0201
2004-02-23,11.52,11.52,10.88,10.89,3264250.0,0.0251096153846153,11.14,-0.55,-0.0494
2004-02-24,10.89,11.06,10.71,11.0,3234214.0,0.0248785692307692,10.59,0.1,0.0094
2004-02-25,11.03,11.42,11.03,11.09,5861447.0,0.0450880538461538,10.69,0.09,0.0084
2004-02-26,10.95,11.35,10.92,11.11,3191209.0,0.0245477615384615,10.78,0.02,0.0019
2004-02-27,11.17,11.45,11.06,11.28,3307461.0,0.0254420076923076,10.8,0.17,0.0157
2004-03-01,11.36,11.7,11.33,11.7,5022583.0,0.0386352538461538,10.97,0.41,0.0374
2004-03-02,11.73,11.97,11.64,11.85,4198122.0,0.0322932461538461,11.38,0.14,0.0123
2004-03-03,11.81,11.9,11.62,11.7,3260973.0,0.0250844076923076,11.52,-0.14,-0.0122
2004-03-04,11.7,11.9,11.53,11.7,1927839.0,0.0148295307692307,11.38,0.0,0.0
2004-03-05,11.7,12.27,11.7,11.95,3578556.0,0.0275273538461538,11.38,0.24,0.0211
2004-03-08,11.92,12.29,11.88,12.22,3584827.0,0.0275755923076923,11.62,0.26,0.0224
2004-03-09,12.19,12.36,12.04,12.2,2641981.0,0.0203229307692307,11.88,-0.02,-0.0017
2004-03-10,12.03,12.51,12.03,12.39,2321033.0,0.0178541,11.86,0.19,0.016
2004-03-11,12.39,13.01,12.36,13.01,5056462.0,0.0388958615384615,12.05,0.6,0.0498
2004-03-12,13.01,13.38,12.86,13.37,4840312.0,0.0372331692307692,12.65,0.35,0.0277
2004-03-15,13.47,13.91,12.83,13.09,13232042.0,0.1017849384615384,13.0,-0.27,-0.0208
2004-03-16,13.04,13.25,12.6,13.18,8723946.0,0.0671072769230769,12.73,0.08,0.0063
2004-03-17,13.11,13.78,12.92,13.73,6099851.0,0.0469219307692307,12.81,0.54,0.0422
2004-03-18,13.72,13.87,13.28,13.36,4256993.0,0.0327461,13.35,-0.36,-0.027
2004-03-19,13.29,13.43,13.04,13.37,3261456.0,0.025088123076923,12.99,0.01,0.0008
2004-03-22,13.35,13.37,13.06,13.12,3718376.0,0.0286028923076923,13.0,-0.24,-0.0185
2004-03-23,13.06,13.58,13.01,13.4,3394300.0,0.02611,12.76,0.27,0.0212
2004-03-24,13.4,13.96,13.37,13.73,5152768.0,0.0396366769230769,13.03,0.32,0.0246
2004-03-25,13.65,14.17,13.58,14.15,5478154.0,0.0421396461538461,13.35,0.41,0.0307
2004-03-26,14.15,14.5,13.95,14.33,4039655.0,0.0310742692307692,13.76,0.17,0.0124
2004-03-29,14.3,14.73,14.23,14.46,2398482.0,0.0184498615384615,13.93,0.13,0.0093
2004-03-30,14.45,14.59,14.28,14.44,1950355.0,0.0150027307692307,14.06,-0.02,-0.0014
2004-03-31,14.44,14.45,14.07,14.27,2774467.0,0.0213420538461538,14.04,-0.17,-0.0121
2004-04-01,14.27,15.21,14.25,14.9,3259550.0,0.0250734615384615,13.87,0.62,0.0447
2004-04-02,14.88,15.13,14.88,15.12,1620663.0,0.0124666384615384,14.49,0.21,0.0145
2004-04-05,15.13,15.38,14.92,15.12,1692389.0,0.0130183769230769,14.7,0.0,0.0
2004-04-06,15.12,15.53,14.93,15.53,1977949.0,0.0152149923076923,14.7,0.4,0.0272
2004-04-07,15.94,16.27,15.65,15.88,2988767.0,0.0229905153846153,15.1,0.34,0.0225
2004-04-08,15.89,17.47,15.89,17.07,5746523.0,0.044204023076923,15.44,1.16,0.0751
2004-04-09,17.07,17.37,16.33,16.7,4374570.0,0.0336505384615384,16.6,-0.36,-0.0217
2004-04-12,16.66,17.15,16.2,16.94,3986965.0,0.0306689615384615,16.24,0.23,0.0142
2004-04-13,17.01,17.08,16.15,16.31,2987194.0,0.0229784153846153,16.47,-0.61,-0.037
2004-04-14,16.16,16.39,15.43,15.59,4281382.0,0.0329337076923076,15.86,-0.7,-0.0441
2004-04-15,15.53,15.92,15.29,15.46,2994953.0,0.0230381,15.16,-0.13,-0.0086
2004-04-16,15.44,15.72,15.12,15.66,2950589.0,0.0226968384615384,15.03,0.19,0.0126
2004-04-19,15.58,16.0,15.48,15.66,1858609.0,0.0142969923076923,15.22,0.0,0.0
2004-04-20,15.62,15.91,15.54,15.84,1264608.0,0.0097277538461538,15.22,0.18,0.0118
2004-04-21,15.86,15.96,14.3,14.92,3629205.0,0.0279169615384615,15.4,-0.9,-0.0584
2004-04-22,14.61,14.8,13.99,14.23,5436930.0,0.0418225384615384,14.5,-0.67,-0.0462
2004-04-23,14.19,14.78,14.1,14.37,2717215.0,0.0209016538461538,13.83,0.14,0.0101
2004-04-26,14.19,15.02,14.19,14.98,1688191.0,0.0129860846153846,13.97,0.59,0.0422
2004-04-27,14.98,15.28,14.61,14.93,2894623.0,0.0222663307692307,14.56,-0.05,-0.0034
2004-04-28,14.92,14.92,14.22,14.4,2107925.0,0.0162148076923076,14.51,-0.51,-0.0351
2004-04-29,14.5,14.81,14.25,14.26,2160152.0,0.0166165538461538,14.0,-0.14,-0.01
2004-04-30,14.5,14.58,13.91,14.34,1587237.0,0.0122095153846153,13.86,0.08,0.0058
2004-05-10,14.39,14.51,13.62,13.67,1255145.0,0.0096549615384615,13.94,-0.65,-0.0466
2004-05-11,13.66,13.81,13.39,13.68,984135.0,0.0075702692307692,13.29,0.01,0.0008
2004-05-12,13.66,14.11,13.49,14.01,1210635.0,0.0093125769230769,13.3,0.32,0.0241
2004-05-13,13.89,14.01,13.64,13.68,1286665.0,0.009897423076923,13.62,-0.32,-0.0235
2004-05-14,13.68,13.81,13.04,13.06,2635473.0,0.0202728692307692,13.3,-0.61,-0.0459
2004-05-17,12.93,13.09,12.74,12.9,1334320.0,0.010264,12.69,-0.15,-0.0118
2004-05-18,12.87,13.15,12.55,12.96,2251995.0,0.0173230384615384,12.54,0.06,0.0048
2004-05-19,12.96,13.1,12.57,12.91,1850973.0,0.0142382538461538,12.6,-0.05,-0.004
2004-05-20,12.9,13.06,12.66,12.74,1198976.0,0.0092228923076923,12.55,-0.17,-0.0135
2004-05-21,12.73,12.91,12.6,12.89,677482.0,0.0052114,12.38,0.15,0.0121
2004-05-24,13.01,13.01,12.84,12.87,401120.0,0.0030855384615384,12.53,-0.02,-0.0016
2004-05-25,12.82,12.84,12.58,12.58,971344.0,0.0074718769230769,12.51,-0.28,-0.0224
2004-05-26,12.6,12.71,12.45,12.53,1215730.0,0.0093517692307692,12.23,-0.05,-0.0041
2004-05-27,12.45,13.35,12.45,13.27,2910383.0,0.0223875615384615,12.18,0.72,0.0591
2004-05-28,13.27,13.43,13.12,13.18,1132424.0,0.0087109538461538,12.9,-0.09,-0.007
2004-05-31,13.12,13.76,13.11,13.76,2952832.0,0.0227140923076923,12.81,0.57,0.0445
2004-06-01,13.85,14.28,13.77,14.08,3494414.0,0.0268801076923076,13.38,0.31,0.0232
2004-06-02,13.99,14.18,13.89,13.96,1617411.0,0.012441623076923,13.69,-0.12,-0.0088
2004-06-03,13.89,13.89,13.37,13.49,1540164.0,0.0118474153846153,13.57,-0.46,-0.0339
2004-06-04,13.39,13.66,13.32,13.61,1220872.0,0.009391323076923,13.11,0.12,0.0092
2004-06-07,13.37,13.52,13.31,13.37,1214200.0,0.00934,13.23,-0.23,-0.0174
2004-06-08,13.32,13.57,13.23,13.42,962275.0,0.0074021153846153,13.0,0.05,0.0038
2004-06-09,13.43,13.43,13.25,13.34,1306928.0,0.0100532923076923,13.05,-0.08,-0.0061
2004-06-10,13.27,13.54,13.17,13.34,1047662.0,0.0080589384615384,12.97,0.0,0.0
2004-06-11,13.37,13.68,13.22,13.38,1102224.0,0.0084786461538461,12.97,0.04,0.0031
2004-06-14,13.47,13.47,12.74,12.96,2315007.0,0.0178077461538461,13.01,-0.41,-0.0315
2004-06-15,12.96,13.32,12.77,13.22,814308.0,0.0062639076923076,12.6,0.25,0.0198
2004-06-16,13.18,13.79,13.05,13.64,1772959.0,0.0136381461538461,12.85,0.41,0.0319
2004-06-17,13.58,13.68,13.19,13.27,591777.0,0.0045521307692307,13.26,-0.36,-0.0271
2004-06-18,13.27,13.33,12.91,13.18,849556.0,0.0065350461538461,12.9,-0.09,-0.007
2004-06-21,13.1,13.1,12.56,12.93,730917.0,0.0056224384615384,12.81,-0.24,-0.0187
2004-06-22,12.93,13.18,12.87,13.08,635884.0,0.0048914153846153,12.57,0.14,0.0111
2004-06-23,13.01,13.02,12.72,12.89,681600.0,0.0052430769230769,12.71,-0.18,-0.0142
2004-06-24,12.76,12.88,12.64,12.76,689670.0,0.0053051538461538,12.53,-0.13,-0.0104
2004-06-25,12.7,12.7,11.79,11.8,3544161.0,0.0272627769230769,12.4,-0.93,-0.075
2004-06-29,11.32,12.19,11.32,12.18,1113252.0,0.0085634769230769,11.47,0.37,0.0323
2004-06-30,12.17,12.33,12.04,12.18,599598.0,0.0046122923076923,11.84,0.0,0.0
2004-07-01,12.12,12.94,12.05,12.91,2778101.0,0.0213700076923076,11.84,0.71,0.06
2004-07-02,12.9,13.2,12.66,13.05,965134.0,0.0074241076923076,12.55,0.13,0.0104
2004-07-05,13.04,13.12,12.86,13.11,594275.0,0.0045713461538461,12.68,0.06,0.0047
2004-07-06,13.13,13.49,13.12,13.15,1083667.0,0.0083359,12.74,0.04,0.0031
2004-07-07,13.22,13.25,13.1,13.18,676400.0,0.0052030769230769,12.78,0.03,0.0023
2004-07-08,13.25,13.52,13.16,13.47,1520429.0,0.0116956076923076,12.81,0.28,0.0219
2004-07-09,13.47,13.59,13.12,13.24,1206726.0,0.0092825076923076,13.09,-0.22,-0.0168
2004-07-12,13.13,13.17,13.01,13.1,1320641.0,0.0101587769230769,12.87,-0.14,-0.0109
2004-07-13,13.1,13.39,13.02,13.18,961472.0,0.0073959384615384,12.73,0.08,0.0063
2004-07-14,13.84,13.84,13.23,13.64,1649380.0,0.0126875384615384,9.85,0.35,0.0351
2004-07-15,13.67,14.71,13.61,14.71,5264128.0,0.0311486863905325,10.2,0.8,0.0784
2004-07-16,14.8,15.36,14.74,14.9,8648075.0,0.0511720414201183,11.0,0.14,0.0127
2004-07-19,14.9,15.43,14.79,15.2,4713537.0,0.0278907514792899,11.14,0.23,0.0206
2004-07-20,15.24,15.47,14.91,15.34,4927589.0,0.0291573313609467,11.37,0.1,0.0088
2004-07-21,15.23,15.42,14.96,15.23,3057810.0,0.0180935502958579,11.47,-0.08,-0.007
2004-07-22,15.18,15.31,14.55,14.58,3667602.0,0.0217017869822485,11.39,-0.49,-0.043
2004-07-23,14.44,14.91,14.2,14.88,2791933.0,0.0165203136094674,10.9,0.23,0.0211
2004-07-26,14.84,15.07,14.37,14.94,2122259.0,0.0125577455621301,11.13,0.04,0.0036
2004-07-27,14.99,15.14,14.67,15.1,1816090.0,0.0107460946745562,11.17,0.12,0.0107
2004-07-28,15.0,15.19,14.78,14.9,1264919.0,0.0074847278106508,11.29,-0.15,-0.0133
2004-07-29,14.92,15.12,14.88,15.08,1658497.0,0.0098135917159763,11.14,0.14,0.0126
2004-07-30,15.08,15.14,14.7,14.7,1640221.0,0.009705449704142,11.28,-0.29,-0.0257
2004-08-02,14.63,14.75,14.31,14.5,1288288.0,0.0076230059171597,10.99,-0.15,-0.0136
2004-08-03,14.44,14.64,14.18,14.3,1128556.0,0.0066778461538461,10.84,-0.15,-0.0138
2004-08-04,14.18,15.25,13.99,14.92,2933296.0,0.0173567810650887,10.69,0.47,0.044
2004-08-05,14.84,14.95,14.46,14.51,1241687.0,0.0073472603550295,11.16,-0.31,-0.0278
2004-08-06,14.51,14.64,14.36,14.44,666060.0,0.0039411834319526,10.85,-0.05,-0.0046
2004-08-09,14.44,14.63,14.31,14.54,754642.0,0.0044653372781065,10.8,0.07,0.0065
2004-08-10,14.46,14.72,14.39,14.58,753245.0,0.0044570710059171,10.87,0.03,0.0028
2004-08-11,14.58,14.9,14.51,14.66,1143221.0,0.0067646213017751,10.9,0.06,0.0055
2004-08-12,14.58,14.66,14.38,14.52,648323.0,0.0038362307692307,10.96,-0.1,-0.0091
2004-08-13,14.52,14.73,14.44,14.71,1243747.0,0.007359449704142,10.86,0.14,0.0129
2004-08-16,14.66,15.05,14.63,15.03,1360843.0,0.0080523254437869,11.0,0.24,0.0218
2004-08-17,15.03,15.09,14.85,14.93,1205469.0,0.0071329526627218,11.24,-0.08,-0.0071
2004-08-18,14.9,14.98,14.46,14.5,1244558.0,0.00736424852071,11.16,-0.32,-0.0287
2004-08-19,14.44,14.68,14.39,14.64,1993961.0,0.0117985857988165,10.84,0.11,0.0101
2004-08-23,14.44,14.44,13.19,13.39,6617672.0,0.0391578224852071,10.95,-0.94,-0.0858
2004-08-24,13.37,13.83,13.24,13.78,2080635.0,0.012311449704142,10.01,0.29,0.029
2004-08-25,13.78,13.78,13.51,13.66,891212.0,0.0052734437869822,10.3,-0.09,-0.0087
2004-08-26,13.66,13.99,13.63,13.82,871526.0,0.0051569585798816,10.21,0.12,0.0118
2004-08-27,13.79,13.8,13.64,13.74,448925.0,0.0026563609467455,10.33,-0.06,-0.0058
2004-08-30,13.78,13.78,13.51,13.62,823328.0,0.0048717633136094,10.27,-0.09,-0.0088
2004-08-31,13.91,14.24,13.79,13.92,1511859.0,0.0089459112426035,10.18,0.23,0.0226
2004-09-01,13.64,14.0,13.64,13.91,859509.0,0.0050858520710059,10.41,-0.01,-0.001
2004-09-02,13.88,13.91,13.78,13.88,392841.0,0.0023245029585798,10.4,-0.02,-0.0019
2004-09-03,13.98,14.06,13.75,13.79,314207.0,0.0018592130177514,10.38,-0.07,-0.0067
2004-09-06,13.79,13.79,13.64,13.75,296751.0,0.001755923076923,10.31,-0.03,-0.0029
2004-09-07,13.75,13.78,13.35,13.59,713886.0,0.0042241775147928,10.28,-0.12,-0.0117
2004-09-08,13.56,13.67,13.51,13.58,394952.0,0.0023369940828402,10.16,-0.01,-0.001
2004-09-09,13.58,13.58,13.33,13.39,1363720.0,0.008069349112426,10.15,-0.14,-0.0138
2004-09-10,13.38,13.62,13.31,13.59,481902.0,0.0028514911242603,10.01,0.15,0.015
2004-09-13,13.64,13.64,13.31,13.36,764950.0,0.0045263313609467,10.16,-0.17,-0.0167
2004-09-14,13.35,13.79,13.35,13.76,1630670.0,0.0096489349112426,9.99,0.3,0.03
2004-09-15,13.58,14.57,13.58,14.36,2445005.0,0.0144674852071005,10.29,0.45,0.0437
2004-09-16,14.44,14.44,14.08,14.36,2069676.0,0.0122466035502958,10.74,0.0,0.0
2004-09-17,14.36,15.18,14.16,15.11,4294432.0,0.0254108402366863,10.74,0.56,0.0521
2004-09-20,15.26,15.8,15.22,15.65,6764059.0,0.0400240177514792,11.3,0.4,0.0354
2004-09-21,15.65,15.78,15.01,15.42,4198100.0,0.0248408284023668,11.7,-0.17,-0.0145
2004-09-22,15.38,15.38,14.98,15.14,2627868.0,0.0155495147928994,11.53,-0.21,-0.0182
2004-09-23,15.14,16.63,15.07,16.47,6750298.0,0.0399425917159763,11.32,0.99,0.0875
2004-09-24,16.56,17.37,16.02,16.05,10388399.0,0.0614698165680473,12.31,-0.31,-0.0252
2004-09-27,16.32,16.79,16.05,16.21,4828074.0,0.0285684852071005,12.0,0.12,0.01
2004-09-28,16.43,17.13,16.24,17.04,4819735.0,0.0285191420118343,12.12,0.62,0.0512
2004-09-29,17.12,17.46,17.04,17.13,4604878.0,0.027247798816568,12.74,0.07,0.0055
2004-09-30,17.12,17.33,16.79,17.04,2666726.0,0.0157794437869822,12.81,-0.07,-0.0055
2004-10-08,17.03,17.76,16.64,17.66,3235713.0,0.0191462307692307,12.74,0.46,0.0361
2004-10-11,17.72,18.02,17.52,17.6,4068900.0,0.0240763313609467,13.2,-0.04,-0.003
2004-10-12,17.45,17.76,16.95,17.03,2753351.0,0.0162920177514792,13.16,-0.43,-0.0327
2004-10-13,16.99,17.15,16.56,16.76,2269573.0,0.0134294260355029,12.73,-0.2,-0.0157
2004-10-14,16.76,16.76,15.64,15.7,3355243.0,0.0198535088757396,12.53,-0.79,-0.063
2004-10-15,15.56,15.77,14.98,15.48,3814110.0,0.022568698224852,11.74,-0.17,-0.0145
2004-10-18,15.58,15.77,15.14,15.57,1335933.0,0.0079049289940828,11.57,0.07,0.0061
2004-10-19,15.7,16.52,15.61,15.86,2951541.0,0.0174647396449704,11.64,0.22,0.0189
2004-10-20,15.86,16.24,15.46,16.19,1162446.0,0.0068783786982248,11.86,0.24,0.0202
2004-10-21,16.12,16.48,16.05,16.32,2811201.0,0.0166343254437869,12.1,0.1,0.0083
2004-10-22,16.47,16.86,16.19,16.84,2886858.0,0.017082,12.2,0.39,0.032
2004-10-25,16.98,17.32,16.39,16.84,2998826.0,0.0177445325443787,12.59,0.0,0.0
2004-10-26,16.6,16.6,15.52,16.19,5275547.0,0.0312162544378698,12.59,-0.49,-0.0389
2004-10-27,16.05,16.86,16.05,16.84,3671504.0,0.0217248757396449,12.1,0.49,0.0405
2004-10-28,17.08,17.12,16.49,16.51,3084480.0,0.0182513609467455,12.59,-0.25,-0.0199
2004-10-29,16.2,16.4,15.81,16.04,3699468.0,0.0218903431952662,12.34,-0.35,-0.0284
2004-11-01,15.92,16.31,15.89,16.11,1151957.0,0.0068163136094674,11.99,0.05,0.0042
2004-11-02,16.04,16.16,15.68,15.79,1414737.0,0.008371224852071,12.04,-0.24,-0.0199
2004-11-03,15.68,16.03,15.42,15.77,2610263.0,0.0154453431952662,11.8,-0.01,-0.0008
2004-11-04,15.83,15.85,15.25,15.32,1867586.0,0.0110508047337278,11.79,-0.34,-0.0288
2004-11-05,15.32,15.51,15.2,15.29,1568150.0,0.0092789940828402,11.45,-0.02,-0.0017
2004-11-08,15.29,15.91,15.13,15.8,1177063.0,0.0069648698224852,11.43,0.38,0.0332
2004-11-09,15.79,15.8,15.53,15.64,1022587.0,0.0060508106508875,11.81,-0.12,-0.0102
2004-11-10,15.6,16.4,15.6,16.32,2982832.0,0.0176498934911242,11.69,0.51,0.0436
2004-11-11,16.39,16.57,16.2,16.21,2550359.0,0.0150908816568047,12.2,-0.08,-0.0066
2004-11-12,16.21,16.45,16.06,16.19,2131082.0,0.0126099526627218,12.12,-0.02,-0.0017
2004-11-15,16.29,16.44,15.97,16.17,2151654.0,0.0127316804733727,12.1,-0.01,-0.0008
2004-11-16,16.32,16.43,16.0,16.09,1618411.0,0.0095763964497041,12.09,-0.06,-0.005
2004-11-17,16.09,16.37,16.01,16.21,2515333.0,0.0148836272189349,12.03,0.09,0.0075
2004-11-18,16.18,16.75,16.12,16.65,7887459.0,0.0466713550295858,12.12,0.33,0.0272
2004-11-19,16.65,16.69,16.3,16.44,3597787.0,0.0212886804733727,12.45,-0.16,-0.0129
2004-11-22,16.44,16.52,16.0,16.02,3558326.0,0.0210551834319526,12.29,-0.31,-0.0252
2004-11-23,15.92,15.92,15.52,15.53,4873067.0,0.0288347159763313,11.98,-0.37,-0.0309
2004-11-24,15.52,15.78,15.46,15.53,2281401.0,0.0134994142011834,11.61,0.0,0.0
2004-11-25,15.53,15.72,15.28,15.5,3383157.0,0.0200186804733727,11.61,-0.02,-0.0017
2004-11-26,15.5,15.76,15.45,15.62,889614.0,0.0052639881656804,11.59,0.09,0.0078
2004-11-29,15.66,15.7,15.46,15.54,720797.0,0.0042650710059171,11.68,-0.06,-0.0051
2004-11-30,15.56,15.84,15.52,15.83,1155797.0,0.0068390355029585,11.62,0.21,0.0181
2004-12-01,15.79,15.95,15.68,15.85,953300.0,0.0056408284023668,11.83,0.02,0.0017
2004-12-02,15.78,16.17,15.72,16.01,2181826.0,0.0129102130177514,11.85,0.12,0.0101
2004-12-03,16.04,16.17,15.78,15.9,1229547.0,0.0072754260355029,11.97,-0.08,-0.0067
2004-12-06,15.89,15.9,15.76,15.85,681830.0,0.0040344970414201,11.89,-0.04,-0.0034
2004-12-07,15.85,15.96,15.54,15.61,638250.0,0.0037766272189349,11.85,-0.18,-0.0152
2004-12-08,15.65,15.8,15.52,15.53,902621.0,0.0053409526627218,11.67,-0.06,-0.0051
2004-12-09,15.52,16.05,15.33,15.76,1341467.0,0.007937674556213,11.61,0.17,0.0146
2004-12-10,15.72,16.0,15.66,15.85,1741860.0,0.0103068639053254,11.78,0.07,0.0059
2004-12-13,15.89,15.93,15.58,15.74,1093209.0,0.0064686923076923,11.85,-0.08,-0.0068
2004-12-14,15.65,15.8,15.62,15.72,547580.0,0.0032401183431952,11.77,-0.02,-0.0017
2004-12-15,15.74,16.32,15.71,16.22,2959039.0,0.0175091065088757,11.75,0.38,0.0323
2004-12-16,16.22,16.48,16.04,16.1,1992790.0,0.0117916568047337,12.13,-0.09,-0.0074
2004-12-17,16.05,16.09,15.74,15.78,1042859.0,0.0061707633136094,12.04,-0.24,-0.0199
2004-12-20,15.72,15.78,15.31,15.42,1420775.0,0.0084069526627218,11.8,-0.27,-0.0229
2004-12-21,15.38,15.63,15.3,15.37,1069067.0,0.0063258402366863,11.53,-0.04,-0.0035
2004-12-22,15.38,15.65,15.22,15.5,1565340.0,0.0092623668639053,11.49,0.1,0.0087
2004-12-23,15.58,15.65,15.35,15.45,627849.0,0.0037150828402366,11.59,-0.04,-0.0035
2004-12-24,15.42,15.5,15.31,15.34,597211.0,0.0035337928994082,11.55,-0.08,-0.0069
2004-12-27,15.33,15.34,14.58,14.64,2551830.0,0.0150995857988165,11.47,-0.52,-0.0453
2004-12-28,14.64,15.02,14.6,14.95,888000.0,0.0052544378698224,10.95,0.23,0.021
2004-12-29,14.95,15.21,14.91,15.03,985090.0,0.0058289349112426,11.18,0.06,0.0054
2004-12-30,15.02,15.06,14.82,14.9,944081.0,0.0055862781065088,11.24,-0.1,-0.0089
2004-12-31,14.97,15.22,14.95,15.13,674980.0,0.0039939644970414,11.14,0.17,0.0153
2005-01-04,14.95,15.1,14.66,14.7,597405.0,0.0035349408284023,11.31,-0.32,-0.0283
2005-01-05,14.67,14.91,14.62,14.82,585039.0,0.0034617692307692,10.99,0.09,0.0082
2005-01-06,14.85,14.85,13.62,13.78,3189030.0,0.01887,11.08,-0.78,-0.0704
2005-01-07,13.78,13.78,13.19,13.51,3480038.0,0.0205919408284023,10.3,-0.2,-0.0194
2005-01-10,13.43,13.75,13.42,13.64,708360.0,0.0041914792899408,10.1,0.1,0.0099
2005-01-11,13.66,13.66,13.31,13.38,1921733.0,0.0113712011834319,10.2,-0.2,-0.0196
2005-01-12,13.31,13.64,13.31,13.63,1888374.0,0.0111738106508875,10.0,0.19,0.019
2005-01-13,13.64,14.04,13.38,14.02,2765096.0,0.0163615147928994,10.19,0.29,0.0285
2005-01-14,14.53,14.59,14.15,14.19,7063669.0,0.0417968579881656,10.48,0.13,0.0124
2005-01-17,14.04,14.38,13.78,14.35,2365657.0,0.0139979704142011,10.61,0.12,0.0113
2005-01-18,14.34,14.42,13.88,14.15,1535808.0,0.0090876213017751,10.73,-0.15,-0.014
2005-01-19,14.18,14.22,13.92,13.96,537595.0,0.0031810355029585,10.58,-0.14,-0.0132
2005-01-20,13.91,13.91,13.58,13.68,943067.0,0.0055802781065088,10.44,-0.21,-0.0201
2005-01-21,13.64,14.25,13.51,14.01,2412458.0,0.014274899408284,10.23,0.24,0.0235
2005-01-24,14.46,14.57,14.19,14.34,2443079.0,0.0144560887573964,10.47,0.25,0.0239
2005-01-25,14.29,14.45,13.91,14.41,1798621.0,0.0106427278106508,10.72,0.05,0.0047
2005-01-26,14.39,14.64,14.25,14.35,2539987.0,0.0150295088757396,10.77,-0.04,-0.0037
2005-01-27,14.29,14.33,14.09,14.11,1108331.0,0.0065581715976331,10.73,-0.18,-0.0168
2005-01-28,14.05,14.17,13.93,13.97,672165.0,0.0039773076923076,10.55,-0.11,-0.0104
2005-01-31,13.53,14.02,13.53,13.91,529050.0,0.003130473372781,10.44,-0.04,-0.0038
2005-02-01,13.91,14.22,13.85,14.09,1789686.0,0.0105898579881656,10.4,0.13,0.0125
2005-02-02,14.25,14.97,14.13,14.86,3520633.0,0.020832147928994,10.53,0.58,0.0551
2005-02-03,14.86,14.92,14.52,14.7,2891759.0,0.017111,11.11,-0.12,-0.0108
2005-02-04,14.66,15.28,14.6,15.2,3409607.0,0.0201751893491124,10.99,0.37,0.0337
2005-02-16,15.32,15.69,15.25,15.36,2646989.0,0.0156626568047337,11.36,0.12,0.0106
2005-02-17,15.33,15.36,15.09,15.16,1487692.0,0.0088029112426035,11.48,-0.15,-0.0131
2005-02-18,15.13,15.31,15.01,15.02,1411186.0,0.0083502130177514,11.33,-0.1,-0.0088
2005-02-21,15.02,15.49,15.01,15.44,1834364.0,0.010854224852071,11.23,0.31,0.0276
2005-02-22,16.5,16.5,15.69,16.26,8388731.0,0.0496374615384615,11.54,0.61,0.0529
2005-02-23,16.26,16.32,16.04,16.19,2891397.0,0.0171088579881656,12.15,-0.05,-0.0041
2005-02-24,16.19,16.62,15.99,16.6,2656943.0,0.0157215562130177,12.1,0.31,0.0256
2005-02-25,16.62,17.06,16.4,16.44,3843636.0,0.0227434082840236,12.41,-0.12,-0.0097
2005-02-28,16.39,16.84,16.32,16.62,3507464.0,0.020754224852071,12.29,0.13,0.0106
2005-03-01,16.63,16.72,16.43,16.59,1761691.0,0.0104242071005917,12.42,-0.02,-0.0016
2005-03-02,16.46,16.76,15.65,16.07,2676941.0,0.0158398875739644,12.4,-0.39,-0.0315
2005-03-03,16.06,16.56,15.93,16.43,1689103.0,0.0099946923076923,12.01,0.27,0.0225
2005-03-04,16.16,16.67,16.16,16.56,2539356.0,0.0150257751479289,12.28,0.1,0.0081
2005-03-07,16.27,16.95,16.27,16.91,4533825.0,0.0268273668639053,12.38,0.26,0.021
2005-03-08,17.0,18.24,16.88,17.95,14178463.0,0.0838962307692307,12.64,0.78,0.0617
2005-03-09,18.06,19.0,18.06,18.34,9256094.0,0.0547697869822485,13.42,0.29,0.0216
2005-03-10,18.34,18.65,17.83,18.01,7505501.0,0.04441124852071,13.71,-0.25,-0.0182
2005-03-15,19.0,19.6,18.58,19.19,13308502.0,0.0787485325443787,13.46,0.88,0.0654
2005-03-16,19.13,19.91,18.78,19.72,7623524.0,0.0451096094674556,14.34,0.4,0.0279
2005-03-17,19.72,19.73,19.0,19.08,5292464.0,0.0313163550295857,14.74,-0.48,-0.0326
2005-03-18,19.0,19.24,18.37,18.49,3654522.0,0.0216243905325443,14.26,-0.44,-0.0309
2005-03-21,18.36,20.18,18.33,20.05,8815330.0,0.0521617159763313,13.82,1.17,0.0847
2005-03-22,20.05,20.58,19.8,20.28,7322384.0,0.0433277159763313,14.99,0.17,0.0113
2005-03-23,20.07,20.36,19.4,19.41,6000550.0,0.0355062130177514,15.16,-0.65,-0.0429
2005-03-24,19.26,19.38,18.46,19.14,6688721.0,0.0395782307692307,14.51,-0.2,-0.0138
2005-03-25,18.98,19.18,18.76,19.01,2084739.0,0.0123357337278106,14.31,-0.1,-0.007
2005-03-28,18.98,19.6,18.8,19.41,3074026.0,0.0181895029585798,14.21,0.3,0.0211
2005-03-29,19.46,20.01,19.37,19.4,5077605.0,0.030045,14.51,-0.01,-0.0007
2005-03-30,19.26,19.26,18.62,19.05,4054677.0,0.0239921715976331,14.5,-0.26,-0.0179
2005-03-31,18.88,19.42,18.71,19.28,1945056.0,0.0115092071005917,14.24,0.17,0.0119
2005-04-01,19.28,21.2,19.24,21.08,10951854.0,0.0648038698224852,14.41,1.35,0.0937
2005-04-04,20.88,21.07,20.31,20.69,6873174.0,0.0406696686390532,15.76,-0.29,-0.0184
2005-04-05,20.47,21.51,20.47,20.86,5258905.0,0.0311177810650887,15.47,0.12,0.0078
2005-04-06,20.83,22.27,20.83,21.94,6357029.0,0.0376155562130177,15.59,0.81,0.052
2005-04-07,22.05,22.32,21.49,21.63,6024137.0,0.0356457810650887,16.4,-0.23,-0.014
2005-04-08,21.51,22.14,21.51,21.86,3417732.0,0.0202232662721893,16.17,0.17,0.0105
2005-04-11,21.81,21.81,20.83,21.27,3879568.0,0.022956023668639,16.34,-0.44,-0.0269
2005-04-12,21.2,21.37,20.87,21.24,2219409.0,0.013132597633136,15.9,-0.02,-0.0013
2005-04-13,21.81,22.18,21.14,21.35,4827419.0,0.0285646094674556,15.88,0.08,0.005
2005-04-14,21.38,21.63,20.86,20.98,3791343.0,0.0224339822485207,15.96,-0.28,-0.0175
2005-04-15,20.71,21.73,20.67,21.27,3299316.0,0.0195225798816568,15.68,0.22,0.014
2005-04-18,21.19,21.7,21.14,21.69,1908258.0,0.0112914674556213,15.9,0.31,0.0195
2005-04-19,21.74,21.74,20.82,20.96,3860088.0,0.0228407573964497,16.21,-0.54,-0.0333
2005-04-20,20.84,20.86,19.91,20.19,6176924.0,0.0365498461538461,15.67,-0.58,-0.037
2005-04-21,20.17,21.19,20.07,21.0,3587510.0,0.0212278698224852,15.09,0.61,0.0404
2005-04-25,21.38,21.38,20.71,20.99,3504896.0,0.0207390295857988,15.7,-0.01,-0.0006
2005-04-26,20.99,21.11,20.04,20.36,5323607.0,0.0315006331360946,15.69,-0.47,-0.03
2005-04-27,20.36,20.71,20.36,20.51,2988925.0,0.0176859467455621,15.22,0.11,0.0072
2005-04-28,20.47,20.79,20.0,20.53,3624574.0,0.0214471834319526,15.33,0.02,0.0013
2005-04-29,20.49,20.64,18.93,19.13,7928418.0,0.0469137159763313,15.35,-1.05,-0.0684
2005-05-09,19.21,19.4,18.21,18.58,3593046.0,0.0212606272189349,14.3,-0.41,-0.0287
2005-05-10,18.53,19.04,18.34,18.82,3089609.0,0.0182817100591715,13.89,0.18,0.013
2005-05-11,18.82,18.89,17.43,17.75,4634300.0,0.0274218934911242,14.07,-0.8,-0.0569
2005-05-12,17.43,18.02,17.39,17.74,2769415.0,0.0163870710059171,13.27,-0.01,-0.0008
2005-05-13,17.75,18.3,17.75,17.96,4137585.0,0.0244827514792899,13.26,0.17,0.0128
2005-05-16,18.39,18.39,17.14,17.64,1856173.0,0.0109832721893491,9.38,-0.17,-0.018
2005-05-17,17.62,18.1,17.33,17.76,2596260.0,0.0109732037193575,9.21,0.06,0.0065
2005-05-18,17.76,17.99,16.72,17.05,5179015.0,0.0218893279797125,9.27,-0.37,-0.0399
2005-05-19,17.01,17.03,15.84,16.43,7372118.0,0.0311585714285714,8.9,-0.32,-0.036
2005-05-20,16.32,16.72,16.03,16.36,3889412.0,0.016438765849535,8.58,-0.04,-0.0047
2005-05-23,16.28,16.76,16.11,16.38,4612058.0,0.0194930600169061,8.54,0.01,0.0012
2005-05-24,16.45,16.68,16.09,16.55,3458788.0,0.0146187151310228,8.55,0.09,0.0105
2005-05-25,16.59,16.72,16.28,16.49,1764251.0,0.0074566821639898,8.64,-0.03,-0.0035
2005-05-26,16.37,16.68,15.8,15.82,3463786.0,0.0146398393913778,8.61,-0.35,-0.0407
2005-05-27,15.63,16.18,15.53,15.68,2727392.0,0.011527438715131,8.26,-0.07,-0.0085
2005-05-30,15.65,15.93,15.19,15.72,2578595.0,0.0108985418427726,8.19,0.02,0.0024
2005-05-31,15.7,15.86,15.44,15.7,1898571.0,0.0080243913778529,8.21,-0.01,-0.0012
2005-06-01,15.7,15.72,14.38,14.55,6103756.0,0.0257977852916314,8.2,-0.6,-0.0732
2005-06-02,14.36,14.53,13.58,13.69,8024493.0,0.0339158622147083,7.6,-0.45,-0.0592
2005-06-03,13.6,14.92,13.35,14.74,9669030.0,0.0408665680473372,7.15,0.55,0.0769
2005-06-06,14.57,16.09,14.42,15.86,12523366.0,0.052930540997464,7.7,0.58,0.0753
2005-06-07,15.84,16.47,15.45,15.59,15953488.0,0.0674280980557903,8.28,-0.14,-0.0169
2005-06-08,15.49,17.14,15.45,17.14,16904339.0,0.071446910397295,8.14,0.81,0.0995
2005-06-09,17.21,17.94,16.93,17.39,24028606.0,0.1015579289940828,8.95,0.13,0.0145
2005-06-10,17.39,17.39,16.56,16.72,8695520.0,0.0367519864750634,9.08,-0.35,-0.0385
2005-06-13,16.72,16.95,15.89,16.07,9650127.0,0.0407866737109044,8.73,-0.34,-0.0389
2005-06-14,16.09,16.53,15.99,16.05,6924054.0,0.029264809805579,8.39,-0.01,-0.0012
2005-06-15,15.93,15.97,15.09,15.21,7487375.0,0.0316457100591716,8.38,-0.44,-0.0525
2005-06-16,15.15,15.32,14.67,14.99,8687457.0,0.0367179078613694,7.94,-0.11,-0.0139
2005-06-17,15.09,15.21,13.65,14.02,15099084.0,0.063816923076923,7.83,-0.51,-0.0651
2005-06-20,13.98,15.42,13.44,15.42,13108221.0,0.0554024556213017,7.32,0.73,0.0997
2005-06-21,15.44,15.51,14.84,14.9,11256380.0,0.0475755705832628,8.05,-0.27,-0.0335
2005-06-22,14.84,15.47,14.55,15.26,8194763.0,0.0346355156382079,7.78,0.19,0.0244
2005-06-23,15.19,16.2,15.13,15.68,10878123.0,0.0459768512256973,7.97,0.22,0.0276
2005-06-24,15.61,15.89,15.49,15.63,6812430.0,0.0287930262045646,8.19,-0.03,-0.0037
2005-06-27,15.87,16.54,15.87,16.41,11325230.0,0.0478665680473372,8.16,0.41,0.0502
2005-06-28,16.24,16.26,15.84,15.86,6218235.0,0.0262816356720202,8.57,-0.29,-0.0338
2005-06-29,15.8,16.01,15.59,15.8,3576085.0,0.0151144759087066,8.28,-0.03,-0.0036
2005-06-30,15.67,15.74,14.67,14.78,8218154.0,0.0347343786982248,8.25,-0.53,-0.0642
2005-07-01,14.75,15.03,14.29,14.9,5584482.0,0.0236030515638207,7.72,0.06,0.0078
2005-07-04,14.82,15.47,14.59,15.44,5368962.0,0.0226921470836855,7.78,0.28,0.036
2005-07-05,15.47,15.49,14.99,15.17,3615994.0,0.0152831530008453,8.06,-0.14,-0.0174
2005-07-06,15.19,15.63,15.09,15.28,4731753.0,0.019998956043956,7.92,0.06,0.0076
2005-07-07,15.28,15.44,14.77,14.92,3556003.0,0.0150295984784446,7.98,-0.19,-0.0238
2005-07-08,14.8,14.82,14.48,14.52,2939082.0,0.0124221555367709,7.79,-0.21,-0.027
2005-07-11,14.77,15.09,13.71,13.88,5724209.0,0.0241936136939983,7.58,-0.33,-0.0435
2005-07-12,13.88,14.67,13.88,14.59,7677370.0,0.0324487320371935,7.25,0.37,0.051
2005-07-13,14.53,14.59,14.19,14.32,3154128.0,0.013331056635672,7.62,-0.14,-0.0184
2005-07-14,14.23,14.55,14.13,14.34,2293011.0,0.0096915088757396,7.48,0.01,0.0013
2005-07-15,15.32,15.32,14.57,14.8,8230729.0,0.0347875274725274,7.49,0.24,0.032
2005-07-18,14.75,15.13,14.55,14.65,5055082.0,0.0213655198647506,7.73,-0.08,-0.0103
2005-07-19,14.53,14.96,14.42,14.9,4394896.0,0.018575215553677,7.65,0.13,0.017
2005-07-20,14.94,15.17,14.67,14.92,3924307.0,0.0165862510566356,7.78,0.01,0.0013
2005-07-21,14.9,15.01,14.48,14.76,3985382.0,0.0168443871513102,7.79,-0.08,-0.0103
2005-07-22,14.75,14.76,13.86,14.3,11232629.0,0.0474751859678782,7.71,-0.24,-0.0311
2005-07-25,14.17,14.17,13.71,13.83,5613683.0,0.0237264708368554,7.47,-0.25,-0.0335
2005-07-26,13.83,14.46,13.83,14.34,6769341.0,0.0286109087066779,7.22,0.27,0.0374
2005-07-27,14.3,15.03,14.19,15.01,9320069.0,0.0393916694843617,7.49,0.35,0.0467
2005-07-28,15.01,15.57,14.84,15.07,10257297.0,0.0433529036348267,7.84,0.03,0.0038
2005-07-29,15.05,15.24,14.86,15.01,4990681.0,0.0210933262890955,7.87,-0.03,-0.0038
2005-08-01,15.01,15.43,15.01,15.41,5675665.0,0.023988440405748,7.84,0.21,0.0268
2005-08-02,15.41,15.61,15.2,15.57,5136622.0,0.0217101521555367,8.05,0.08,0.0099
2005-08-03,15.61,15.84,15.41,15.57,10838543.0,0.0458095646661031,8.13,0.0,0.0
2005-08-04,15.47,15.47,15.11,15.13,6258291.0,0.026450934065934,8.13,-0.23,-0.0283
2005-08-05,15.11,15.76,15.07,15.66,6790094.0,0.0286986221470836,7.9,0.28,0.0354
2005-08-08,15.8,16.2,15.7,15.89,9374658.0,0.0396223922231614,8.18,0.12,0.0147
2005-08-09,15.89,16.43,15.82,16.39,8728570.0,0.0368916737109044,8.3,0.26,0.0313
2005-08-10,16.43,16.49,16.01,16.47,9481960.0,0.0400759087066779,8.56,0.04,0.0047
2005-08-11,16.47,17.65,16.33,17.44,15680140.0,0.0662727810650887,8.6,0.51,0.0593
2005-08-12,17.46,18.13,17.23,17.42,14983499.0,0.0633283981403212,9.11,-0.01,-0.0011
2005-08-15,17.42,17.87,17.33,17.83,7015914.0,0.0296530600169061,9.1,0.21,0.0231
2005-08-16,17.83,18.0,17.04,17.33,9995104.0,0.0422447337278106,9.31,-0.26,-0.0279
2005-08-17,17.08,17.52,17.08,17.33,7209195.0,0.0304699704142011,9.05,0.0,0.0
2005-08-18,17.35,17.69,16.58,16.62,10098165.0,0.0426803254437869,9.05,-0.37,-0.0409
2005-08-19,16.58,16.81,16.01,16.54,6816022.0,0.0288082079459002,8.68,-0.04,-0.0046
2005-08-22,16.54,17.14,16.54,17.02,4405324.0,0.0186192899408284,8.64,0.25,0.0289
2005-08-23,17.14,17.58,17.08,17.39,7230689.0,0.0305608157227388,8.89,0.19,0.0214
2005-08-24,17.39,17.65,17.16,17.42,6229197.0,0.026327967032967,9.08,0.02,0.0022
2005-08-25,17.44,17.48,17.06,17.23,3616827.0,0.0152866737109044,9.1,-0.1,-0.011
2005-08-26,17.23,17.43,16.87,16.98,3364729.0,0.0142211707523245,9.0,-0.13,-0.0144
2005-08-29,16.99,17.1,16.3,16.35,5113569.0,0.0216127176669484,8.87,-0.33,-0.0372
2005-08-30,16.26,16.6,16.08,16.28,3247647.0,0.0137263186813186,8.54,-0.04,-0.0047
2005-08-31,16.28,16.75,16.14,16.74,3976474.0,0.0168067371090448,8.5,0.24,0.0282
2005-09-01,16.73,17.25,16.54,17.23,5106275.0,0.0215818892645815,8.74,0.26,0.0297
2005-09-02,17.27,17.38,17.04,17.14,3661782.0,0.0154766779374471,9.0,-0.05,-0.0056
2005-09-05,17.14,17.33,17.04,17.17,2919860.0,0.0123409129332206,8.95,0.02,0.0022
2005-09-06,17.23,18.0,17.23,17.46,14067270.0,0.0594559171597633,8.97,0.15,0.0167
2005-09-07,17.4,17.86,17.23,17.77,9162634.0,0.0387262637362637,9.12,0.16,0.0175
2005-09-08,17.79,18.03,17.42,17.52,7844988.0,0.0331571766694843,9.28,-0.13,-0.014
2005-09-09,17.48,17.65,17.04,17.19,6105490.0,0.0258051141166525,9.15,-0.17,-0.0186
2005-09-12,17.17,17.46,17.1,17.31,3223636.0,0.0136248351648351,8.98,0.06,0.0067
2005-09-13,17.42,17.82,17.25,17.82,5443935.0,0.023009023668639,9.04,0.27,0.0299
2005-09-14,17.84,17.94,17.67,17.82,5458657.0,0.0230712468300929,9.31,0.0,0.0
2005-09-15,17.82,17.94,17.59,17.8,5156804.0,0.0217954522400676,9.31,-0.01,-0.0011
2005-09-16,17.81,18.09,17.73,17.92,4990155.0,0.0210911031276415,9.3,0.06,0.0065
2005-09-19,17.92,18.38,17.84,18.25,6083403.0,0.0257117624683009,9.36,0.17,0.0182
2005-09-20,18.32,18.36,17.58,17.67,6874888.0,0.0290570076077768,9.53,-0.3,-0.0315
2005-09-21,17.67,17.67,17.21,17.31,6741319.0,0.0284924725274725,9.23,-0.19,-0.0206
2005-09-23,16.91,17.14,16.68,16.69,4938824.0,0.0208741504649196,9.04,-0.32,-0.0354
2005-09-26,16.7,16.94,16.66,16.93,1739996.0,0.0073541673710904,8.72,0.12,0.0138
2005-09-27,16.95,17.12,16.66,16.72,3025896.0,0.0127890786136939,8.84,-0.11,-0.0124
2005-09-28,16.85,17.0,16.7,16.83,2269818.0,0.0095934826711749,8.73,0.06,0.0069
2005-09-29,17.04,17.31,16.81,17.19,4697888.0,0.0198558241758241,8.79,0.19,0.0216
2005-09-30,17.21,17.52,17.14,17.37,4238234.0,0.0179130769230769,8.98,0.09,0.01
2005-10-10,17.49,17.49,17.05,17.19,1192989.0,0.0050422189349112,8.72,-0.09,-0.0103
2005-10-11,17.13,17.43,17.03,17.39,1830808.0,0.0077379881656804,8.63,0.1,0.0116
2005-10-12,17.39,17.51,17.27,17.35,4425940.0,0.0187064243448858,8.73,-0.02,-0.0023
2005-10-13,17.35,17.47,17.05,17.07,4172296.0,0.0176343871513102,8.71,-0.14,-0.0161
2005-10-14,17.09,17.33,16.83,16.85,3367508.0,0.0142329163144547,8.57,-0.11,-0.0128
2005-10-17,16.79,16.83,15.97,16.21,6439893.0,0.0272184826711749,8.46,-0.32,-0.0378
2005-10-18,16.13,16.53,16.13,16.41,4335724.0,0.0183251225697379,8.14,0.1,0.0123
2005-10-19,16.45,16.51,15.97,16.05,3713596.0,0.0156956720202874,8.24,-0.18,-0.0218
2005-10-20,15.97,16.39,15.97,16.33,4103908.0,0.0173453423499577,8.06,0.14,0.0174
2005-10-21,16.37,16.91,16.25,16.67,3651512.0,0.0154332713440405,8.2,0.17,0.0207
2005-11-03,16.35,16.39,15.44,15.73,4744115.0,0.0200512045646661,8.37,-0.47,-0.0562
2005-11-04,15.65,15.81,15.44,15.69,2580126.0,0.010905012679628,7.9,-0.02,-0.0025
2005-11-07,15.73,15.77,15.34,15.48,2208607.0,0.0093347717666948,7.88,-0.11,-0.014
2005-11-08,15.51,15.51,14.9,15.14,4618349.0,0.0195196491969568,7.77,-0.17,-0.0219
2005-11-09,15.12,15.26,14.98,15.16,3740670.0,0.0158101014370245,7.6,0.01,0.0013
2005-11-10,15.14,15.37,15.04,15.04,3664378.0,0.0154876500422654,7.61,-0.06,-0.0079
2005-11-11,15.0,15.2,14.96,15.1,1762622.0,0.0074497971259509,7.55,0.03,0.004
2005-11-14,15.14,15.2,14.56,14.66,3642989.0,0.01539724852071,7.58,-0.22,-0.029
2005-11-15,14.72,14.82,14.32,14.54,4844380.0,0.0204749788672865,7.36,-0.06,-0.0082
2005-12-09,15.22,15.79,14.71,15.64,20499001.0,0.0666460790688601,5.62,0.42,0.0756
2005-12-12,15.69,16.36,15.69,15.97,17990082.0,0.0584891150269848,6.04,0.13,0.0215
2005-12-13,16.0,16.05,15.74,16.0,7462748.0,0.0242627869172247,6.17,0.01,0.0016
2005-12-14,16.02,16.08,15.9,16.0,7901108.0,0.0256879771116457,6.18,0.0,0.0
2005-12-15,16.0,16.26,15.82,15.9,8752677.0,0.02845658690422,6.18,-0.04,-0.0065
2005-12-16,15.89,15.95,15.77,15.92,9242868.0,0.0300502893556148,6.14,0.01,0.0016
2005-12-19,15.92,15.92,15.53,15.71,9431590.0,0.0306638598088302,6.15,-0.08,-0.013
2005-12-20,15.71,15.82,15.64,15.79,4511000.0,0.0146661031276415,6.07,0.03,0.0049
2005-12-21,15.79,16.18,15.79,16.1,10806366.0,0.0351335132323298,6.1,0.12,0.0197
2005-12-22,16.08,16.23,16.02,16.23,8798765.0,0.0286064275960725,6.22,0.05,0.008
2005-12-23,16.28,16.83,16.28,16.77,16011367.0,0.0520559431692567,6.27,0.21,0.0335
2005-12-26,16.96,17.47,16.85,17.06,21813783.0,0.0709206807984914,6.48,0.11,0.017
2005-12-27,17.06,17.21,16.85,17.03,9671124.0,0.0314426295597893,6.59,-0.01,-0.0015
2005-12-28,17.01,17.14,16.9,17.08,4507060.0,0.01465329345211,6.58,0.02,0.003
2005-12-29,17.09,17.4,17.09,17.34,12187891.0,0.0396251089147538,6.6,0.1,0.0152
2005-12-30,17.42,17.47,16.83,16.96,11619584.0,0.037777436764419,6.7,-0.15,-0.0224
2006-01-04,16.9,17.47,16.9,17.24,11293670.0,0.0367178295077703,6.55,0.11,0.0168
2006-01-05,17.29,17.42,17.14,17.22,14730654.0,0.0478921061187333,6.66,-0.01,-0.0015
2006-01-06,17.29,17.73,17.29,17.45,12923046.0,0.0420152350607971,6.65,0.09,0.0135
2006-01-09,17.45,17.91,17.34,17.73,12813242.0,0.0416582417582417,6.74,0.11,0.0163
2006-01-10,17.73,18.04,17.6,17.94,10480394.0,0.0340737174068535,6.85,0.08,0.0117
2006-01-11,17.89,17.89,17.32,17.4,12253587.0,0.0398386988750894,6.93,-0.21,-0.0303
2006-01-12,17.32,17.6,17.01,17.5,12548204.0,0.0407965537421158,6.72,0.04,0.006
2006-01-13,17.5,17.58,17.11,17.24,8129712.0,0.0264312113921581,6.76,-0.1,-0.0148
2006-01-16,17.22,17.32,16.85,16.9,6319184.0,0.0205448468691072,6.66,-0.13,-0.0195
2006-01-17,16.83,17.06,16.78,16.98,4886620.0,0.0158873138695623,6.53,0.03,0.0046
2006-01-18,16.96,17.58,16.9,17.53,9115483.0,0.029636136939983,6.56,0.21,0.032
2006-01-19,17.53,17.6,17.24,17.5,7843562.0,0.0255008843227778,6.77,-0.01,-0.0015
2006-01-20,17.47,17.81,17.4,17.55,8825207.0,0.0286923954743481,6.76,0.02,0.003
2006-01-24,17.55,18.28,17.5,17.97,15803196.0,0.0513791403862409,6.78,0.16,0.0236
2006-01-25,17.97,18.22,17.76,17.99,9590775.0,0.0311813999609857,6.94,0.01,0.0014
2006-02-06,17.99,18.25,17.81,18.25,12094241.0,0.0393206352818778,6.95,0.1,0.0144
2006-02-07,18.17,18.74,17.97,18.25,15899735.0,0.0516930066974445,7.05,0.0,0.0
2006-02-08,18.25,18.64,18.07,18.64,12372310.0,0.0402246895116717,7.05,0.15,0.0213
2006-02-09,18.69,18.74,18.07,18.15,10456620.0,0.0339964236946485,7.2,-0.19,-0.0264
2006-02-10,18.12,18.51,18.02,18.43,9448226.0,0.0307179465504909,7.01,0.11,0.0157
2006-02-13,18.46,19.08,18.46,19.03,19669186.0,0.0639481955913908,7.12,0.23,0.0323
2006-02-14,19.08,19.49,18.92,19.03,14336066.0,0.0466092268678067,7.35,0.0,0.0
2006-02-15,19.03,19.23,18.82,18.87,10633501.0,0.0345714968463489,7.35,-0.06,-0.0082
2006-02-16,18.85,18.97,18.15,18.2,12294650.0,0.0399722023538591,7.29,-0.26,-0.0357
2006-02-17,18.12,18.43,17.89,18.15,8377134.0,0.0272356265036738,7.03,-0.02,-0.0028
2006-02-20,18.12,18.33,18.04,18.12,5944623.0,0.0193270791338838,7.01,-0.01,-0.0014
2006-02-21,18.12,18.38,17.47,18.3,9470157.0,0.0307892483256388,7.0,0.07,0.01
2006-02-22,18.3,18.77,17.99,18.41,10245262.0,0.0333092593796735,7.07,0.04,0.0057
2006-02-23,18.46,18.59,18.15,18.36,6699033.0,0.021779806879511,7.11,-0.02,-0.0028
2006-02-24,18.38,18.51,18.28,18.46,5232603.0,0.0170121691917549,7.09,0.04,0.0056
2006-02-27,18.46,18.59,18.17,18.23,5846120.0,0.0190068274920345,7.13,-0.09,-0.0126
2006-02-28,18.17,18.17,17.73,17.99,7333454.0,0.0238424279862149,7.04,-0.09,-0.0128
2006-03-01,18.02,18.43,17.99,18.35,5944124.0,0.0193254567917289,6.95,0.14,0.0201
2006-03-02,18.28,18.43,17.76,17.89,7053078.0,0.022930873268743,7.09,-0.18,-0.0254
2006-03-03,17.86,17.94,17.47,17.66,7363649.0,0.0239405975681123,6.91,-0.09,-0.013
2006-03-06,17.71,18.07,17.63,17.76,4234813.0,0.0137681676311853,6.82,0.04,0.0059
2006-03-07,17.78,17.86,17.11,17.19,5978892.0,0.0194384940503283,6.86,-0.22,-0.0321
2006-03-08,17.14,17.27,17.01,17.22,4981013.0,0.0161942031341439,6.64,0.01,0.0015
2006-03-09,17.24,17.34,17.09,17.29,5366107.0,0.0174462156187008,6.65,0.03,0.0045
2006-03-10,17.24,17.86,17.24,17.81,8996664.0,0.0292498341894791,6.68,0.2,0.0299
2006-03-13,18.07,18.25,17.91,18.17,14354660.0,0.046669679432993,6.88,0.14,0.0203
2006-03-14,18.12,18.17,17.78,18.02,5071097.0,0.0164870830353078,7.02,-0.06,-0.0085
2006-03-15,18.09,18.15,17.89,18.12,4814547.0,0.0156529910917484,6.96,0.04,0.0057
2006-03-16,18.12,18.46,18.12,18.28,7614249.0,0.024755344950907,7.0,0.06,0.0086
2006-03-17,18.28,18.43,17.99,18.12,5352193.0,0.0174009786071916,7.06,-0.06,-0.0085
2006-03-20,18.17,18.54,18.04,18.54,7341104.0,0.0238672995643409,7.0,0.16,0.0229
2006-03-21,18.56,18.59,18.3,18.38,7681089.0,0.0249726542688081,7.16,-0.06,-0.0084
2006-03-22,18.38,18.64,18.28,18.61,8467317.0,0.0275288282723193,7.1,0.09,0.0127
2006-03-23,18.64,19.36,18.15,18.33,17830814.0,0.0579713050263346,7.19,-0.11,-0.0153
2006-03-24,18.33,18.38,17.84,17.89,14410628.0,0.0468516418492749,7.08,-0.17,-0.024
2006-03-27,17.78,17.97,17.55,17.97,8226360.0,0.0267454320827101,6.91,0.03,0.0043
2006-03-28,17.96,18.12,17.78,17.91,6123834.0,0.0199097275505559,6.94,-0.02,-0.0029
2006-03-29,17.86,18.04,17.81,17.89,8679645.0,0.028219146238377,6.92,-0.01,-0.0014
2006-03-30,17.89,17.91,17.42,17.45,10469261.0,0.0340375219455101,6.91,-0.17,-0.0246
2006-03-31,17.42,17.73,17.37,17.71,5723301.0,0.0186075199947981,6.74,0.1,0.0148
2006-04-03,17.71,17.86,17.47,17.84,10086804.0,0.0327940828402366,6.84,0.05,0.0073
2006-04-04,17.86,18.33,17.86,18.2,15420512.0,0.0501349632615904,6.89,0.14,0.0203
2006-04-05,18.2,18.53,18.02,18.4,15316331.0,0.0497962513817543,7.03,0.08,0.0114
2006-04-06,18.4,18.48,18.15,18.17,11557918.0,0.0375769490864165,7.11,-0.09,-0.0127
2006-04-07,18.12,18.14,17.65,17.89,11287440.0,0.0366975746147343,7.02,-0.11,-0.0157
2006-04-10,17.86,18.3,17.7,18.27,11945369.0,0.0388366246179855,6.91,0.15,0.0217
2006-04-11,18.3,18.74,18.22,18.58,22904036.0,0.0744652968333441,7.06,0.12,0.017
2006-04-12,18.61,18.69,18.35,18.35,11793144.0,0.0383417127251446,7.18,-0.09,-0.0125
2006-04-13,18.27,18.51,17.68,17.7,10442524.0,0.033950594967163,7.09,-0.25,-0.0353
2006-04-14,17.68,18.01,17.63,18.01,7771715.0,0.0252672963131543,6.84,0.12,0.0175
2006-04-17,18.02,19.31,17.91,18.9,31318717.0,0.1018229956434098,6.96,0.34,0.0489
2006-04-18,18.89,19.13,18.58,18.61,17070212.0,0.0554984459327654,7.3,-0.11,-0.0151
2006-04-19,18.58,18.84,18.38,18.76,14958372.0,0.0486324598478444,7.19,0.06,0.0083
2006-04-20,18.76,18.84,18.14,18.35,13531293.0,0.0439927596072566,7.25,-0.16,-0.0221
2006-04-21,18.32,19.0,18.25,18.76,16668285.0,0.0541917062227713,7.09,0.16,0.0226
2006-04-24,18.76,19.41,18.74,19.18,29438221.0,0.095709152090513,7.25,0.16,0.0221
2006-04-26,18.89,18.89,17.26,17.52,41375590.0,0.1345197672150334,7.41,-0.64,-0.0864
2006-04-27,17.5,17.5,16.9,17.01,19569541.0,0.0636242310943494,6.77,-0.2,-0.0295
2006-04-28,16.95,17.0,16.51,16.82,15529990.0,0.0504908966772872,6.57,-0.07,-0.0107
2006-05-08,16.82,17.26,16.72,17.16,14477763.0,0.0470699102672475,6.5,0.13,0.02
2006-05-09,17.16,18.32,17.16,17.83,26228694.0,0.0852743806489368,6.63,0.26,0.0392
2006-05-10,17.86,18.27,17.55,18.04,22627044.0,0.073564744131608,6.89,0.08,0.0116
2006-05-11,18.01,18.58,17.6,17.65,27882991.0,0.0906528090252942,6.97,-0.15,-0.0215
2006-05-12,17.6,17.94,17.42,17.86,20139823.0,0.0654783243383835,6.82,0.08,0.0117
2006-05-15,17.94,18.58,17.78,18.53,35066365.0,0.1140072989141036,6.9,0.26,0.0377
2006-05-16,18.58,18.82,17.99,18.07,28807849.0,0.0936596950386891,7.16,-0.18,-0.0251
2006-05-17,18.07,18.84,17.86,18.79,30680854.0,0.0997491839521425,6.98,0.28,0.0401
2006-05-18,18.69,19.1,18.38,18.69,21951414.0,0.0713681448728786,7.26,-0.04,-0.0055
2006-05-19,18.66,19.1,18.61,18.89,24378931.0,0.0792604558163729,7.22,0.08,0.0111
2006-05-22,18.89,20.21,18.89,19.9,34496935.0,0.1121559756811236,7.3,0.39,0.0534
2006-05-23,19.8,19.8,18.58,18.58,26128431.0,0.0849484069185252,7.69,-0.51,-0.0663
2006-05-24,18.58,19.08,17.29,17.83,19804118.0,0.0643868847129202,7.18,-0.29,-0.0404
2006-05-25,17.83,18.35,17.6,18.27,8978955.0,0.0291922589245074,6.89,0.17,0.0247
2006-05-26,18.32,18.64,18.14,18.45,10071449.0,0.032744160868717,7.06,0.07,0.0099
2006-05-29,18.51,18.84,18.25,18.76,13059122.0,0.042457643539892,7.13,0.12,0.0168
2006-05-30,18.79,19.1,18.63,18.74,13557530.0,0.0440780609922621,7.25,-0.01,-0.0014
2006-05-31,18.74,18.74,18.17,18.22,13773341.0,0.0447797028415371,7.24,-0.2,-0.0276
2006-06-01,18.12,18.87,18.01,18.74,14711691.0,0.0478304538656609,7.04,0.2,0.0284
2006-06-02,18.76,19.02,18.53,18.61,16321377.0,0.0530638435528968,7.24,-0.05,-0.0069
2006-06-05,18.61,19.36,18.61,19.28,20719232.0,0.0673620911632746,7.19,0.26,0.0362
2006-06-06,19.21,19.9,19.05,19.08,20126125.0,0.0654337895831978,7.45,-0.08,-0.0107
2006-06-07,19.0,19.39,17.86,17.86,17121529.0,0.0556652870797841,7.37,-0.47,-0.0638
2006-06-08,17.81,18.27,17.63,18.22,11261271.0,0.0366124943104233,6.9,0.14,0.0203
2006-06-09,18.27,18.43,17.76,17.78,9145924.0,0.0297351063138045,7.04,-0.17,-0.0241
2006-06-12,17.81,18.09,17.63,17.81,5840548.0,0.0189887118798361,6.87,0.01,0.0015
2006-06-13,17.81,18.12,17.73,17.91,5519981.0,0.0179464887183822,6.88,0.04,0.0058
2006-06-14,17.91,17.99,17.47,17.65,5409181.0,0.0175862572338903,6.92,-0.1,-0.0145
2006-06-15,17.92,18.05,17.57,17.71,3940017.0,0.0128097308017426,6.62,0.02,0.003
2006-06-16,17.73,18.19,17.73,18.13,5877442.0,0.0191086611613238,6.64,0.16,0.0241
2006-06-19,18.05,18.67,17.87,18.59,7101024.0,0.0230867546654528,6.8,0.17,0.025
2006-06-20,18.67,18.91,18.45,18.59,6050859.0,0.0196724722023538,6.97,0.0,0.0
2006-06-21,18.61,18.67,18.19,18.29,5825591.0,0.0189400838806164,6.97,-0.11,-0.0158
2006-06-22,18.29,18.29,17.89,18.08,4779682.0,0.0155396384680408,6.86,-0.08,-0.0117
2006-06-23,18.0,18.18,17.81,18.08,5014125.0,0.016301856427596,6.78,0.0,0.0
2006-06-26,18.24,18.58,18.18,18.45,7992019.0,0.0259835457441966,6.78,0.14,0.0206
2006-06-27,18.48,18.58,18.18,18.32,5097877.0,0.0165741498146823,6.92,-0.05,-0.0072
2006-06-28,18.29,18.32,18.0,18.18,4796406.0,0.0155940113141296,6.87,-0.05,-0.0073
2006-06-29,18.26,18.58,18.24,18.5,9650146.0,0.0313744261655504,6.82,0.12,0.0176
2006-06-30,18.61,18.72,18.32,18.42,8016522.0,0.0260632095714935,6.94,-0.03,-0.0043
2006-07-03,18.5,19.14,18.5,19.06,15525319.0,0.0504757103842902,6.91,0.24,0.0347
2006-07-04,19.12,19.17,18.69,18.85,11208900.0,0.0364422264126406,7.15,-0.08,-0.0112
2006-07-05,18.85,19.14,18.53,19.01,11585352.0,0.0376661421418817,7.07,0.06,0.0085
2006-07-06,19.06,19.81,18.98,19.62,25014854.0,0.081327960205475,7.13,0.23,0.0323
2006-07-07,19.76,19.87,19.23,19.33,12119021.0,0.039401199687886,7.36,-0.11,-0.0149
2006-07-10,19.33,19.36,18.88,19.04,8515030.0,0.027683952142532,7.25,-0.11,-0.0152
2006-07-11,19.06,19.38,18.93,19.28,7500463.0,0.0243854054229793,7.14,0.09,0.0126
2006-07-12,19.25,19.25,18.83,18.85,8784445.0,0.02855987060277,7.23,-0.16,-0.0221
2006-07-13,18.77,18.85,17.87,17.87,13683653.0,0.0444881104102997,7.07,-0.37,-0.0523
2006-07-14,17.71,18.32,17.65,18.11,8115718.0,0.0263857142857142,6.7,0.09,0.0134
2006-07-17,18.11,18.29,18.0,18.24,5502069.0,0.0178882534625138,6.79,0.05,0.0074
2006-07-18,18.24,18.24,17.92,18.13,4320138.0,0.0140455751349242,6.84,-0.04,-0.0058
2006-07-19,18.13,18.13,17.68,17.97,5225533.0,0.0169891833019051,6.8,-0.06,-0.0088
2006-07-20,17.87,18.08,17.87,18.06,3389403.0,0.0110195818973925,6.74,0.03,0.0045
2006-07-21,18.06,18.4,18.06,18.19,4876651.0,0.0158549027895181,6.77,0.05,0.0074
2006-07-24,18.08,18.37,17.73,18.32,4732958.0,0.0153877300214578,6.82,0.05,0.0073
2006-07-25,18.37,18.61,18.29,18.56,6507186.0,0.0211560764679107,6.87,0.09,0.0131
2006-07-26,18.62,18.64,18.19,18.27,4395497.0,0.0142905813121789,6.96,-0.11,-0.0158
2006-07-27,18.27,18.4,17.87,18.11,4445861.0,0.0144543240782885,6.85,-0.06,-0.0088
2006-07-28,18.05,18.27,17.84,18.11,5145964.0,0.0167304896287144,6.79,0.0,0.0
2006-07-31,18.0,18.29,17.71,17.73,4536284.0,0.014748306131738,6.79,-0.14,-0.0206
2006-08-01,17.73,17.87,17.31,17.36,5006767.0,0.0162779341959815,6.65,-0.14,-0.0211
2006-08-02,17.47,17.52,17.01,17.23,4949551.0,0.016091914298719,6.51,-0.05,-0.0077
2006-08-03,17.33,17.39,17.07,17.15,3198159.0,0.0103978119513622,6.46,-0.03,-0.0046
2006-08-04,17.15,17.36,16.75,16.85,2950071.0,0.0095912315495155,6.43,-0.11,-0.0171
2006-08-07,16.77,16.96,16.48,16.64,3391998.0,0.0110280187268352,6.32,-0.08,-0.0127
2006-08-08,16.72,17.07,16.69,17.07,2822807.0,0.0091774725274725,6.24,0.16,0.0256
2006-08-09,17.07,17.12,16.83,16.88,2029865.0,0.0065994700565706,6.4,-0.07,-0.0109
2006-08-10,16.8,17.12,16.75,17.09,2749901.0,0.0089404415111515,6.33,0.08,0.0126
2006-08-11,17.12,17.17,16.93,17.01,1974782.0,0.0064203849405032,6.41,-0.03,-0.0047
2006-08-14,16.99,17.09,16.53,16.56,2901212.0,0.009432381819364,6.38,-0.17,-0.0266
2006-08-15,16.53,16.75,16.45,16.67,2046010.0,0.0066519604655699,6.21,0.04,0.0064
2006-08-16,16.69,16.93,16.67,16.85,2509612.0,0.0081592171142467,6.25,0.07,0.0112
2006-08-17,16.8,17.28,16.69,17.07,5144536.0,0.0167258469341309,6.32,0.08,0.0127
2006-08-18,17.12,17.31,16.96,17.09,3838922.0,0.0124810520840106,6.4,0.01,0.0016
2006-08-21,16.48,17.23,16.4,17.2,3569841.0,0.0116062195201248,6.41,0.04,0.0062
2006-08-22,17.28,17.28,16.93,17.04,4023911.0,0.0130824858573379,6.45,-0.06,-0.0093
2006-08-23,17.09,17.12,16.67,16.8,3677712.0,0.0119569282788217,6.39,-0.09,-0.0141
2006-08-24,16.8,16.91,16.64,16.8,2611262.0,0.0084897002405878,6.3,0.0,0.0
2006-08-25,16.8,16.91,16.67,16.8,2786776.0,0.0090603290200923,6.3,0.0,0.0
2006-08-28,16.8,17.17,16.8,17.17,4544035.0,0.014773506079719,6.3,0.14,0.0222
2006-08-29,17.2,17.28,17.04,17.23,6121848.0,0.0199032706938032,6.44,0.02,0.0031
2006-08-30,17.15,17.25,16.96,17.09,3156258.0,0.010261583978152,6.46,-0.05,-0.0077
2006-08-31,17.15,17.2,16.91,17.01,4341445.0,0.0141148481695818,6.41,-0.03,-0.0047
2006-09-01,16.99,16.99,16.67,16.67,4485132.0,0.0145820014305221,6.38,-0.13,-0.0204
2006-09-04,16.67,16.91,16.64,16.83,3182457.0,0.0103467618180635,6.25,0.06,0.0096
2006-09-05,16.91,16.93,16.67,16.8,3771993.0,0.0122634534104948,6.31,-0.01,-0.0016
2006-09-06,16.75,16.85,16.69,16.83,2910766.0,0.0094634436569347,6.3,0.01,0.0016
2006-09-07,16.83,16.83,16.56,16.61,3587386.0,0.0116632615904805,6.31,-0.08,-0.0127
2006-09-08,16.59,16.69,16.53,16.56,2079799.0,0.0067618148124065,6.23,-0.02,-0.0032
2006-09-11,16.59,16.67,16.29,16.59,4179595.0,0.0135886436049157,6.21,0.01,0.0016
2006-09-12,16.59,17.12,16.48,16.96,6707513.0,0.021807376942584,6.22,0.14,0.0225
2006-09-13,17.01,17.12,16.77,16.8,5718865.0,0.0185930977306716,6.36,-0.06,-0.0094
2006-09-14,16.85,16.88,16.59,16.72,2982244.0,0.0096958319786722,6.3,-0.03,-0.0048
2006-09-15,16.72,18.13,16.69,17.6,21118807.0,0.06866118408219,6.27,0.33,0.0526
2006-09-18,17.68,18.34,17.41,18.21,19104886.0,0.0621135509460953,6.6,0.23,0.0348
2006-09-19,18.26,18.26,17.94,17.94,10725080.0,0.0348692372716041,6.83,-0.1,-0.0146
2006-09-20,17.86,18.21,17.84,17.97,6616206.0,0.0215105208401066,6.73,0.01,0.0015
2006-09-21,17.89,18.88,17.89,18.48,17468716.0,0.0567940568307432,6.74,0.19,0.0282
2006-09-22,18.53,18.58,18.08,18.13,7281148.0,0.0236723714155666,6.93,-0.13,-0.0188
2006-09-25,18.1,18.26,17.6,17.89,5681810.0,0.0184726250081279,6.8,-0.09,-0.0132
2006-09-26,17.92,18.24,17.76,18.05,3753176.0,0.0122022758306781,6.71,0.06,0.0089
2006-09-27,18.02,18.13,17.7,17.86,3128350.0,0.0101708498601989,6.77,-0.07,-0.0103
2006-09-28,17.92,18.0,17.76,17.89,3991071.0,0.0129757168866636,6.7,0.01,0.0015
2006-09-29,17.89,18.18,17.86,18.08,5219541.0,0.0169697021912998,6.71,0.07,0.0104
2006-10-09,18.4,19.09,18.26,18.96,18611185.0,0.0605084368294427,6.78,0.33,0.0487
2006-10-10,18.93,19.52,18.74,19.06,14304087.0,0.0465052571688666,7.11,0.04,0.0056
2006-10-11,19.14,19.3,18.61,18.88,5411704.0,0.0175944599778919,7.15,-0.07,-0.0098
2006-10-12,18.9,19.73,18.88,19.04,9796278.0,0.0318495285779309,7.08,0.06,0.0085
2006-10-13,19.01,19.12,18.85,19.06,3836851.0,0.0124743188763898,7.14,0.01,0.0014
2006-10-16,19.06,19.14,18.61,18.72,6172385.0,0.020067575915209,7.15,-0.13,-0.0182
2006-10-17,18.72,19.01,18.58,18.74,3265698.0,0.0106173938487547,7.02,0.01,0.0014
2006-10-18,18.74,19.09,18.72,18.98,2825793.0,0.0091871805709083,7.03,0.09,0.0128
2006-10-19,18.98,19.06,18.72,18.77,3555157.0,0.0115584790948696,7.12,-0.08,-0.0112
2006-10-20,18.77,18.93,18.29,18.37,4446833.0,0.0144574842317445,7.04,-0.15,-0.0213
2006-10-23,18.34,18.53,18.1,18.26,5375300.0,0.0174761037778789,6.89,-0.04,-0.0058
2006-10-24,18.24,18.88,18.18,18.8,5200755.0,0.0169086253982703,6.85,0.2,0.0292
2006-10-25,18.85,18.93,18.4,18.82,6357603.0,0.0206697542102867,7.05,0.01,0.0014
2006-10-26,18.74,19.33,18.64,19.22,18402404.0,0.0598296508225502,7.06,0.15,0.0212
2006-10-27,19.33,19.65,19.06,19.52,23952237.0,0.0778731939657975,7.21,0.11,0.0153
2006-10-30,19.62,20.42,19.62,20.02,21585584.0,0.0701787632485857,7.32,0.19,0.026
2006-10-31,20.08,21.44,20.08,21.33,29712281.0,0.0966001723128942,7.51,0.49,0.0652
2006-11-01,21.33,22.8,21.12,21.97,39262613.0,0.1276500845308537,8.0,0.24,0.03
2006-11-02,22.13,22.61,21.6,22.21,23881049.0,0.0776417484881981,8.24,0.09,0.0109
2006-11-03,22.08,22.66,22.02,22.13,16352955.0,0.0531665095259769,8.33,-0.03,-0.0036
2006-11-06,21.92,22.53,21.76,22.21,10403573.0,0.033823957994668,8.3,0.03,0.0036
2006-11-07,22.34,23.97,22.34,23.38,19747633.0,0.064203241433123,8.33,0.44,0.0528
2006-11-08,23.44,23.49,22.74,22.85,9540734.0,0.0310187073281747,8.77,-0.2,-0.0228
2006-11-09,22.85,23.01,22.18,22.93,8677492.0,0.0282121464334482,8.57,0.03,0.0035
2006-11-10,23.17,23.41,21.92,22.0,11242667.0,0.0365520092333701,8.6,-0.35,-0.0407
2006-11-13,22.0,22.4,21.52,21.89,10270877.0,0.0333925385265621,8.25,-0.04,-0.0048
2006-11-14,21.84,22.66,21.57,22.61,8097844.0,0.0263276025749398,8.21,0.27,0.0329
2006-11-15,22.69,24.05,22.45,23.92,18034118.0,0.0586322842837635,8.48,0.49,0.0578
2006-11-16,24.08,25.76,23.89,24.0,24550882.0,0.0798195006177254,8.97,0.03,0.0033
2006-11-17,24.16,24.98,24.13,24.8,10736445.0,0.034906187008258,9.0,0.3,0.0333
2006-11-20,25.01,25.54,24.4,24.85,9667243.0,0.031430011704272,9.3,0.02,0.0022
2006-11-21,24.69,25.3,24.18,25.17,11462861.0,0.0372679010338773,9.32,0.12,0.0129
2006-11-22,25.01,25.76,24.4,24.77,10791426.0,0.0350849405032837,9.44,-0.15,-0.0159
2006-11-23,24.72,25.54,24.53,25.38,9433048.0,0.0306686000390142,9.29,0.23,0.0248
2006-11-24,25.04,25.46,24.56,25.12,6748906.0,0.0219419533129592,9.52,-0.1,-0.0105
2006-11-27,24.93,26.24,24.75,26.11,10331807.0,0.0335906333311658,9.42,0.37,0.0393
2006-11-28,25.87,26.13,25.07,25.44,10485968.0,0.0340918395214253,9.79,-0.25,-0.0255
2006-11-29,24.85,25.36,24.56,25.23,7520213.0,0.0244496163599713,9.54,-0.08,-0.0084
2006-11-30,25.31,25.97,25.09,25.6,7456482.0,0.0242424149814682,9.46,0.14,0.0148
2006-12-01,25.6,28.16,25.36,28.16,20869390.0,0.0678502828532414,9.6,0.96,0.1
2006-12-04,28.27,29.07,27.68,27.95,17532481.0,0.0570013687495936,10.56,-0.08,-0.0076
2006-12-05,28.02,29.3,28.02,28.5,15009289.0,0.0487980005201898,10.48,0.21,0.02
2006-12-06,28.26,29.06,26.42,28.45,17044953.0,0.055416324208336,10.69,-0.02,-0.0019
2006-12-07,28.0,28.93,27.41,27.73,15094378.0,0.0490746407438715,10.67,-0.27,-0.0253
2006-12-08,26.88,27.73,25.81,25.86,12078595.0,0.0392697672150334,10.4,-0.7,-0.0673
2006-12-11,25.78,27.04,25.76,26.88,8340877.0,0.0255260384794989,9.7,0.38,0.0392
2006-12-12,27.44,27.46,26.05,26.93,9542949.0,0.0292048046484675,10.08,0.02,0.002
2006-12-13,27.14,27.17,26.56,26.61,6024178.0,0.0184361188200414,10.1,-0.12,-0.0119
2006-12-14,26.61,27.2,26.61,26.93,11088614.0,0.0339350871195332,9.98,0.12,0.012
2006-12-15,26.98,28.56,26.66,28.53,17529946.0,0.0536478449615716,10.1,0.6,0.0594
2006-12-18,28.48,29.25,27.68,29.12,24435570.0,0.0747815008048303,10.7,0.22,0.0206
2006-12-19,28.93,28.93,28.0,28.4,12373706.0,0.0378679238993702,10.92,-0.27,-0.0247
2006-12-20,28.13,28.99,27.71,28.45,10540419.0,0.0322574162146309,10.65,0.02,0.0019
2006-12-21,28.43,28.45,27.41,27.47,9802224.0,0.0299982779998636,10.67,-0.37,-0.0347
2006-12-22,27.07,27.55,26.53,26.96,11611448.0,0.0355351443799856,10.3,-0.19,-0.0184
2006-12-25,26.93,28.24,26.88,27.36,12209775.0,0.0373662369647729,10.11,0.15,0.0148
2006-12-26,27.33,27.73,26.29,26.53,10256376.0,0.0313881440088625,10.26,-0.31,-0.0302
2006-12-27,26.53,27.49,26.53,27.23,9664598.0,0.02957709368414,9.95,0.26,0.0261
2006-12-28,27.52,28.24,27.23,28.05,12012560.0,0.0367626891989044,10.21,0.31,0.0304
2006-12-29,28.08,30.0,28.0,28.99,17878474.0,0.0547144641119539,10.52,0.35,0.0333
2007-01-04,29.49,30.13,28.96,29.04,18463662.0,0.0565053467020869,10.87,0.02,0.0018
2007-01-05,28.8,31.95,28.29,31.95,16405962.0,0.050208055736249,10.89,1.09,0.1001
2007-01-08,32.27,35.15,32.0,35.15,21420882.0,0.0655554875340814,11.98,1.2,0.1002
2007-01-09,36.0,36.03,34.35,35.36,11329441.0,0.0346721030554956,13.18,0.08,0.0061
2007-01-10,35.2,38.08,34.54,37.52,14296108.0,0.0437511550542075,13.26,0.81,0.0611
2007-01-11,37.36,41.28,36.83,39.12,23218534.0,0.0710569394946784,14.07,0.6,0.0426
2007-01-12,39.2,42.13,38.35,40.53,15417029.0,0.0471815704144242,14.67,0.53,0.0361
2007-01-15,40.53,42.26,39.73,41.97,13588412.0,0.0415853545840905,15.2,0.54,0.0355
2007-01-16,42.34,42.66,40.53,41.97,10443790.0,0.0319616972426049,15.74,0.0,0.0
2007-01-17,41.94,45.22,41.06,44.61,12331387.0,0.0377384127673377,15.74,0.99,0.0629
2007-01-18,43.97,45.81,43.2,45.73,13220554.0,0.0404595787858152,16.73,0.42,0.0251
2007-01-19,45.78,47.68,44.93,46.93,6604548.0,0.020212256623338,17.15,0.45,0.0262
2007-01-22,46.98,47.41,46.15,47.06,7688332.0,0.0235290196073102,17.6,0.05,0.0028
2007-01-23,46.95,46.95,43.41,43.91,14363882.0,0.0439585675039906,17.65,-1.18,-0.0669
2007-01-24,43.46,46.87,42.39,44.69,13674832.0,0.0418498303994512,16.47,0.29,0.0176
2007-01-25,44.26,44.82,41.32,42.71,5751769.0,0.0176024507757624,16.76,-0.74,-0.0442
2007-01-26,41.41,45.06,39.46,44.42,11820223.0,0.036174069841128,16.02,0.64,0.04
2007-01-29,44.52,45.64,44.52,45.19,8765526.0,0.0268256148566929,16.66,0.29,0.0174
2007-01-30,45.19,45.54,44.13,45.3,8166115.0,0.0249912048478851,16.95,0.04,0.0024
2007-01-31,45.06,45.06,41.81,42.21,5387333.0,0.0164871475097732,16.99,-1.16,-0.0683
2007-02-01,41.46,42.66,40.93,41.46,5918331.0,0.0181121895024242,15.83,-0.28,-0.0177
2007-02-02,41.46,41.46,37.33,38.1,10939908.0,0.0334799940785817,15.55,-1.26,-0.081
2007-02-05,37.59,37.97,36.1,36.55,6692460.0,0.0204812984872583,14.29,-0.58,-0.0406
2007-02-06,36.18,38.82,36.18,37.86,13188872.0,0.0403626206420723,13.71,0.49,0.0357
2007-02-07,38.69,41.33,38.69,39.46,13184861.0,0.0403503455611256,14.2,0.6,0.0423
2007-02-08,39.99,43.09,39.25,42.42,9970298.0,0.0305126439821701,14.8,1.11,0.075
2007-02-09,41.86,43.67,41.54,42.23,9080985.0,0.0277910311519703,15.91,-0.07,-0.0044
2007-02-13,46.45,46.45,43.14,44.34,10850448.0,0.0332062147862632,15.84,0.79,0.0499
2007-02-14,44.55,47.46,43.83,47.09,11912393.0,0.0364561426934978,16.63,1.03,0.0619
2007-02-15,47.62,48.77,47.14,47.97,7851520.0,0.0240284326986905,17.66,0.33,0.0187
2007-02-16,48.66,51.94,47.97,50.1,7906714.0,0.024197345891852,17.99,0.8,0.0445
2007-02-26,50.61,50.61,47.19,49.59,12549496.0,0.0384059035751658,18.79,-0.19,-0.0101
2007-02-27,49.33,49.33,44.63,44.63,11053619.0,0.0338279900221188,18.6,-1.86,-0.1
2007-02-28,43.43,46.39,42.34,45.46,10879501.0,0.03329512725865,16.74,0.31,0.0185
2007-03-01,45.06,45.06,41.65,42.37,7272625.0,0.022256808917931,17.05,-1.16,-0.068
2007-03-02,42.98,45.06,42.9,44.31,9615734.0,0.0294275525334598,15.89,0.73,0.0459
2007-03-05,44.69,45.03,41.67,42.71,7486203.0,0.022910433260596,16.62,-0.6,-0.0361
2007-03-06,42.66,44.85,42.26,44.45,6644420.0,0.0203342790684903,16.02,0.65,0.0406
2007-03-07,44.48,46.96,44.45,46.24,8065542.0,0.024683415838648,16.67,0.67,0.0402
2007-03-08,46.13,47.14,45.86,46.16,6774049.0,0.0207309897311771,17.34,-0.03,-0.0017
2007-03-09,46.13,46.61,44.35,46.21,6042162.0,0.0184911562310973,17.31,0.02,0.0012
2007-03-12,45.87,47.15,44.85,46.91,4229509.0,0.0129437958962093,17.33,0.26,0.015
2007-03-13,46.93,49.84,46.93,49.31,10749911.0,0.0328985359497795,17.59,0.9,0.0512
2007-03-14,49.07,49.68,45.6,48.43,7774526.0,0.0237928037826076,18.49,-0.33,-0.0178
2007-03-15,48.53,49.95,48.53,49.6,7839132.0,0.0239905210300873,18.16,0.44,0.0242
2007-03-16,49.66,50.14,47.15,47.95,8510947.0,0.0260465129289133,18.6,-0.62,-0.0333
2007-03-19,45.36,48.24,45.07,47.68,5867984.0,0.0179581098463727,17.98,-0.1,-0.0056
2007-03-20,47.73,49.25,46.24,46.93,4774864.0,0.0146127753950063,17.88,-0.28,-0.0157
2007-03-21,47.47,48.53,47.47,47.95,5539641.0,0.016953263946778,17.6,0.38,0.0216
2007-03-22,48.08,52.66,47.86,50.42,12265509.0,0.0375368027492362,17.98,0.93,0.0517
2007-03-23,50.72,50.93,48.05,49.97,7506014.0,0.0229710619388894,18.91,-0.17,-0.009
2007-03-26,50.13,50.53,48.48,49.79,9595752.0,0.0293664005345875,18.74,-0.07,-0.0037
2007-03-27,50.03,50.03,48.27,48.88,11332057.0,0.0346801089422462,18.67,-0.34,-0.0182
2007-03-28,48.96,50.45,47.87,49.28,10911987.0,0.0333945459272199,18.33,0.15,0.0082
2007-03-29,49.34,49.34,47.6,47.76,10729288.0,0.032835422263825,18.48,-0.57,-0.0308
2007-03-30,47.76,48.0,46.4,46.88,10588498.0,0.0324045549872151,17.91,-0.33,-0.0184
2007-04-02,46.67,47.74,46.62,47.66,8493796.0,0.0259940247929581,17.58,0.29,0.0165
2007-04-03,47.63,49.6,47.6,49.28,15573809.0,0.0476613727556907,17.87,0.61,0.0341
2007-04-04,49.57,49.81,47.68,48.08,13135843.0,0.040200333115889,18.48,-0.45,-0.0244
2007-04-05,48.13,49.36,48.13,48.93,9170675.0,0.0280655143257692,18.03,0.32,0.0177
2007-04-06,48.74,50.8,48.48,50.37,16451523.0,0.0503474885368004,18.35,0.54,0.0294
2007-04-09,50.66,51.65,50.26,51.01,13341724.0,0.0408304019117959,18.89,0.24,0.0127
2007-04-10,51.2,51.54,48.4,50.21,12220044.0,0.037397663742694,19.13,-0.3,-0.0157
2007-04-11,50.39,52.74,50.15,52.39,22398451.0,0.0685471949900678,18.83,0.82,0.0435
2007-04-12,52.66,53.06,51.14,52.45,15180575.0,0.0464579374076515,19.65,0.02,0.001
2007-04-13,52.47,52.47,50.39,51.0,11110011.0,0.0340005695196868,19.67,-0.54,-0.0275
2007-04-16,51.0,53.0,50.79,52.44,12630235.0,0.0386529935179615,19.13,0.54,0.0282
2007-04-17,52.58,54.66,52.28,54.28,13555282.0,0.0414839650473756,19.67,0.69,0.0351
2007-04-18,54.41,58.01,53.35,56.31,12910290.0,0.0395100610309312,20.36,0.76,0.0373
2007-04-19,55.85,55.88,50.71,52.28,13060172.0,0.0399687530484953,21.12,-1.51,-0.0715
2007-04-20,53.21,55.96,53.16,55.53,11251532.0,0.0344336739152626,19.61,1.22,0.0622
2007-04-23,55.99,58.65,55.99,58.63,10853257.0,0.0332148113213864,20.83,1.16,0.0557
2007-04-24,59.24,59.56,57.64,58.33,10963678.0,0.0335527386994001,21.99,-0.11,-0.005
2007-04-25,58.07,58.6,56.39,57.35,8191112.0,0.0250677045233835,21.88,-0.37,-0.0169
2007-04-26,58.12,59.19,56.52,59.06,9813314.0,0.0300322173286341,21.51,0.64,0.0298
2007-04-27,59.46,59.67,56.58,57.75,7092677.0,0.0217061042891122,22.15,-0.49,-0.0221
2007-04-30,56.26,58.34,55.99,56.84,9247607.0,0.0283009534998878,21.66,-0.34,-0.0157
2007-05-08,59.67,60.26,57.32,58.66,10107391.0,0.0309321971290718,21.32,0.68,0.0319
2007-05-09,58.66,59.46,53.32,59.0,15312295.0,0.046861047271101,22.0,0.13,0.0059
2007-05-10,58.87,63.4,57.54,61.3,15696985.0,0.0480383349523219,22.13,0.86,0.0389
2007-05-11,60.52,61.27,58.26,59.56,10209866.0,0.0312458069321161,22.99,-0.65,-0.0283
2007-05-14,58.66,59.96,57.86,58.39,9033903.0,0.0276469435525858,22.34,-0.44,-0.0197
2007-05-15,58.39,59.99,58.12,58.15,10983991.0,0.0336149036755332,21.9,-0.09,-0.0041
2007-05-16,58.12,59.08,56.74,58.66,11236352.0,0.0343872177375586,21.81,0.19,0.0087
2007-05-17,58.66,60.79,58.15,60.45,14675667.0,0.0449127400577077,22.0,0.67,0.0305
2007-05-18,60.53,63.01,60.53,61.01,13804441.0,0.0422464798550528,22.67,0.21,0.0093
2007-05-21,59.09,67.12,58.8,67.04,15927311.0,0.0487432141081743,22.88,2.26,0.0988
2007-05-22,67.09,68.4,65.33,65.86,13665660.0,0.0418217608301561,25.14,-0.44,-0.0175
2007-05-23,65.95,69.31,65.95,68.35,11536702.0,0.0353063951402847,24.7,0.93,0.0377
2007-05-24,68.27,70.19,64.85,67.6,14028877.0,0.0429333335242994,25.63,-0.28,-0.0109
2007-05-25,66.67,67.07,65.33,66.08,8911645.0,0.0272727907611675,25.35,-0.57,-0.0225
2007-05-28,66.8,68.77,66.21,66.83,13944278.0,0.0426744306140506,24.78,0.28,0.0113
2007-05-29,68.32,70.93,68.29,69.31,16354577.0,0.0500507994324732,25.06,0.93,0.0371
2007-05-30,62.69,68.66,62.37,62.4,16863831.0,0.0516092970820415,25.99,-2.59,-0.0997
2007-05-31,61.36,65.86,56.88,63.17,14717930.0,0.0450420798099015,23.4,0.29,0.0124
2007-06-01,63.19,68.26,61.06,63.43,16351415.0,0.0500411225922953,23.69,0.1,0.0042
2007-06-04,62.29,63.17,57.09,57.09,13012468.0,0.0398227619087596,23.79,-2.38,-0.1
2007-06-05,55.44,59.01,51.39,58.8,12433409.0,0.0380506362299011,21.41,0.64,0.0299
2007-06-06,58.88,60.0,56.0,58.32,11017276.0,0.0337167675671587,22.05,-0.18,-0.0082
2007-06-07,58.4,60.13,58.1,59.7,9386078.0,0.0287247238149631,21.87,0.52,0.0238
2007-06-08,59.78,60.88,58.8,60.1,8086918.0,0.0247488339713621,22.39,0.15,0.0067
2007-06-11,60.69,64.51,60.69,63.81,9479299.0,0.0290100130996628,22.54,1.39,0.0617
2007-06-12,64.05,66.27,61.87,65.57,11945633.0,0.0365578688691815,23.93,0.66,0.0276
2007-06-14,68.56,70.67,66.83,67.57,15757839.0,0.0482245697506089,24.59,0.75,0.0305
2007-06-15,66.64,69.66,66.14,67.76,7245392.0,0.0221734662903018,25.34,0.07,0.0028
2007-06-18,69.61,70.03,67.74,67.93,11003127.0,0.0336734666146994,25.41,0.06,0.0024
2007-06-19,67.34,68.27,65.07,67.42,12177522.0,0.0372675313587462,25.47,-0.19,-0.0075
2007-06-20,67.42,69.87,65.36,67.55,13885603.0,0.0424948643277015,25.28,0.05,0.002
2007-06-21,67.07,72.67,67.07,70.88,16192564.0,0.0495549822573513,25.33,1.25,0.0493
2007-06-22,70.27,71.87,65.34,67.79,12570675.0,0.0384707188180902,26.58,-1.16,-0.0436
2007-06-25,68.03,69.07,61.39,62.67,7333396.0,0.0224427897068142,25.42,-1.92,-0.0755
2007-06-26,61.47,64.24,60.72,61.87,8409137.0,0.0257349382614536,23.5,-0.3,-0.0128
2007-06-27,62.4,66.61,62.4,65.17,12420202.0,0.0380102181311569,23.2,1.24,0.0534
2007-06-28,64.56,66.14,59.34,59.52,10287747.0,0.0314841503824298,24.44,-2.12,-0.0867
2007-06-29,57.92,59.44,56.32,58.37,12315555.0,0.0376899612386546,22.32,-0.43,-0.0193
2007-07-02,57.92,61.02,56.32,59.44,5520358.0,0.0168942511355352,21.89,0.4,0.0183
2007-07-03,59.87,60.78,57.87,59.98,2928613.0,0.0089625932776086,22.29,0.2,0.009
2007-07-04,60.14,60.27,57.9,58.24,2344067.0,0.0071736754349121,22.49,-0.65,-0.0289
2007-07-05,57.28,57.34,53.68,54.75,4734841.0,0.0144902908363604,21.84,-1.31,-0.06
2007-07-06,53.87,57.39,53.69,57.31,4254406.0,0.0130199895362815,20.53,0.96,0.0468
2007-07-09,58.68,60.94,58.68,60.2,4291833.0,0.0131345294152621,21.49,1.08,0.0503
2007-07-10,60.27,60.78,57.47,58.78,6079854.0,0.0186065071039575,22.57,-0.53,-0.0235
2007-07-11,58.35,59.82,57.93,58.49,3051733.0,0.0093393840944012,22.04,-0.11,-0.005
2007-07-12,58.68,60.28,58.52,59.24,1928907.0,0.0059031387593145,21.93,0.28,0.0128
2007-07-13,59.96,60.17,58.78,59.85,2103076.0,0.0064361576008507,22.21,0.23,0.0104
2007-07-16,59.85,59.96,58.09,58.15,1654188.0,0.0050624012966892,22.44,-0.64,-0.0285
2007-07-17,58.28,59.0,57.29,58.73,1676361.0,0.0051302585317504,21.8,0.22,0.0101
2007-07-18,58.73,60.55,58.68,59.8,3361719.0,0.0102880510708002,22.02,0.4,0.0182
2007-07-19,59.99,60.02,58.36,58.41,2396499.0,0.0073341359296007,22.02,-0.51,-0.0232
2007-07-20,58.52,60.15,58.2,60.02,3842329.0,0.011758887932875,21.51,0.59,0.0274
2007-07-23,59.82,63.65,59.77,63.54,10897209.0,0.0333493200119295,22.1,1.3,0.0588
2007-07-24,63.54,66.75,62.18,64.38,9531585.0,0.0291700267826291,23.4,0.31,0.0132
2007-07-25,63.78,65.82,63.54,65.52,6570440.0,0.0201078740601544,23.71,0.42,0.0177
2007-07-26,66.53,66.53,64.57,65.06,4832942.0,0.0147905146498607,24.13,-0.17,-0.007
2007-07-27,64.96,66.26,63.84,65.04,5796730.0,0.0177400473637563,23.96,-0.01,-0.0004
2007-07-30,65.01,67.21,64.9,66.8,5556623.0,0.0170052348828629,23.95,0.65,0.0271
2007-07-31,66.47,69.24,65.79,68.67,7646808.0,0.0234019414569164,24.6,0.69,0.028
2007-08-01,68.42,69.86,65.17,65.6,8079149.0,0.0247250580790971,25.29,-1.13,-0.0447
2007-08-02,65.68,68.69,65.68,68.59,8236092.0,0.0252053592581084,24.16,1.1,0.0455
2007-08-03,68.56,70.59,67.71,70.32,10758712.0,0.0329254701276433,25.26,0.64,0.0253
2007-08-06,71.41,77.35,71.41,76.81,19374324.0,0.0592922950354357,25.9,2.39,0.0923
2007-08-17,84.49,84.49,76.97,79.06,23603583.0,0.0722353258430795,28.29,0.83,0.0293
2007-08-20,80.96,82.94,80.58,81.75,9468398.0,0.0289766521778478,29.12,0.99,0.034
2007-08-21,81.69,88.1,80.36,87.37,7294971.0,0.0223251955942797,30.11,2.07,0.0687
2007-08-22,84.97,89.59,84.7,87.45,6605369.0,0.0202147691741875,32.18,0.03,0.0009
2007-08-23,87.42,91.76,86.33,88.42,4212581.0,0.0128919902192546,32.21,0.36,0.0112
2007-08-24,88.34,89.81,86.9,87.74,7503316.0,0.0229628051030893,32.57,-0.25,-0.0077
2007-08-27,87.69,89.59,83.75,83.97,6057122.0,0.0185369391308635,32.32,-1.39,-0.043
2007-08-28,84.16,84.97,82.83,84.13,4285128.0,0.0131140097399324,30.93,0.06,0.0019
2007-08-29,84.11,84.7,81.99,83.24,2837915.0,0.0086850252667132,30.99,-0.33,-0.0106
2007-08-30,83.26,87.74,83.26,87.23,2877940.0,0.0088075159460676,30.66,1.47,0.0479
2007-08-31,87.96,95.94,87.42,95.91,10758312.0,0.0329242459859383,32.13,3.2,0.0996
2007-09-04,102.89,105.5,100.45,105.23,15865952.0,0.0485554338309848,35.33,3.43,0.0971
2007-09-05,105.47,105.47,100.39,103.22,9283012.0,0.0284093053425497,38.76,-0.74,-0.0191
2007-09-06,104.0,108.37,100.44,105.6,9507477.0,0.02909624776207,38.02,0.88,0.0231
2007-09-07,103.56,104.78,99.08,99.19,7290873.0,0.0223126542625122,38.9,-2.36,-0.0607
2007-09-10,97.46,102.07,94.47,101.39,4210718.0,0.0128862887792637,36.54,0.81,0.0222
2007-09-11,100.44,102.61,92.3,94.47,5023927.0,0.0153749964086742,37.35,-2.55,-0.0683
2007-09-12,94.98,97.32,91.21,94.87,4014817.0,0.012286762318896,34.8,0.15,0.0043
2007-09-13,95.01,98.0,92.3,95.53,4145054.0,0.0126853336769743,34.95,0.24,0.0069
2007-09-14,95.23,100.41,94.2,99.44,4040230.0,0.0123645351017676,35.19,1.44,0.0409
2007-09-17,99.24,102.07,97.72,101.23,3492958.0,0.0106896889038495,36.63,0.66,0.018
2007-09-18,101.8,103.1,96.4,97.43,2864389.0,0.0087660450854572,37.29,-1.4,-0.0375
2007-09-19,97.4,100.45,95.56,96.32,4376389.0,0.0133933007302776,35.89,-0.41,-0.0114
2007-09-20,96.83,104.52,96.1,102.86,7426601.0,0.0227280300258456,35.48,2.41,0.0679
2007-09-21,101.83,103.7,99.2,100.17,4862114.0,0.0148797913044048,37.89,-0.99,-0.0261
2007-09-24,99.63,101.8,96.64,99.87,2033810.0,0.006224179102508,36.9,-0.11,-0.003
2007-09-25,100.17,103.15,99.35,100.98,4007340.0,0.0122638800500757,36.79,0.41,0.0111
2007-09-26,100.98,102.34,95.04,96.09,3197644.0,0.0097859234451891,37.2,-1.8,-0.0484
2007-09-27,97.18,97.64,95.01,96.23,2292506.0,0.0070158805087861,35.4,0.05,0.0014
2007-09-28,96.37,103.1,96.37,100.66,5144545.0,0.0157441302191021,35.45,1.63,0.046
2007-10-08,102.75,107.5,100.71,102.56,9974152.0,0.0305244385874976,37.08,0.7,0.0189
2007-10-09,101.53,103.7,99.9,100.45,5118136.0,0.0156633093233851,37.78,-0.78,-0.0206
2007-10-10,100.99,107.51,100.45,105.88,9100391.0,0.0278504203867874,37.0,2.0,0.0541
2007-10-11,105.18,115.66,103.2,112.94,7935027.0,0.0242839937020847,39.0,2.6,0.0667
2007-10-12,114.0,115.87,104.52,110.14,7466943.0,0.0228514908375013,41.6,-1.03,-0.0248
2007-10-15,111.31,120.81,108.59,117.91,6973830.0,0.0213423903660831,40.57,2.86,0.0705
2007-10-16,117.75,119.32,112.4,115.09,3278122.0,0.0100322146355223,43.43,-1.04,-0.0239
2007-10-17,114.3,116.75,110.23,110.99,3475049.0,0.0106348810193633,42.39,-1.51,-0.0356
2007-10-18,110.04,110.04,104.37,107.63,4139158.0,0.012667289828243,40.88,-1.24,-0.0303
2007-10-19,106.3,110.73,105.35,107.88,5942197.0,0.0181852279172517,39.64,0.09,0.0023
2007-10-22,105.9,107.8,102.1,105.55,3411896.0,0.010441610466627,39.73,-0.86,-0.0216
2007-10-23,103.18,106.17,102.09,105.46,1920869.0,0.0058785396317529,38.87,-0.03,-0.0008
2007-10-24,107.19,112.62,105.89,111.43,4597976.0,0.0140714354502305,38.84,2.2,0.0566
2007-10-25,111.43,112.95,103.44,105.29,7982616.0,0.0244296329010803,41.04,-2.26,-0.0551
2007-10-26,102.58,105.21,96.36,103.07,4500024.0,0.0137716676295153,38.78,-0.82,-0.0211
2007-10-29,101.28,105.32,99.46,103.53,2166391.0,0.0066299239309775,37.96,0.17,0.0045
2007-10-30,103.21,108.21,103.21,107.23,2609634.0,0.0079864045353275,38.13,1.36,0.0357
2007-10-31,109.42,112.14,105.35,106.27,3708057.0,0.0113479680453476,39.49,-0.35,-0.0089
2007-11-01,105.62,105.62,100.14,100.35,4269479.0,0.0130661182560794,39.14,-2.18,-0.0557
2007-11-02,97.75,99.65,92.32,95.31,3437121.0,0.0105188079028972,36.96,-1.86,-0.0503
2007-11-05,95.04,98.92,92.84,95.01,1917078.0,0.005866937828744,35.1,-0.11,-0.0031
2007-11-06,95.09,96.83,91.46,92.35,2102722.0,0.0064350742354417,34.99,-0.98,-0.028
2007-11-07,92.35,95.17,89.47,91.32,2420524.0,0.007407660940756,34.01,-0.38,-0.0112
2007-11-08,91.51,92.05,85.83,89.31,4360955.0,0.013346067222591,33.63,-0.74,-0.022
2007-11-09,86.08,88.25,84.99,85.1,4433891.0,0.0135692772210768,32.89,-1.55,-0.0471
2007-11-12,82.82,88.25,78.26,87.49,4131058.0,0.0126425009587171,31.34,0.88,0.0281
2007-11-13,87.47,88.23,82.25,83.75,3250706.0,0.0099483119630631,32.22,-1.38,-0.0428
2007-11-14,85.54,88.94,84.19,88.75,2649698.0,0.0081090145684981,30.84,1.84,0.0597
2007-11-15,87.85,89.53,83.64,85.19,2687130.0,0.0082235697492501,32.68,-1.31,-0.0401
2007-11-16,83.89,83.89,79.84,82.53,4281320.0,0.013102355910901,31.37,-0.98,-0.0312
2007-11-19,83.35,84.57,81.47,83.73,1291878.0,0.0039536043438619,30.39,0.44,0.0145
2007-11-20,83.62,87.86,82.56,86.69,3226165.0,0.0098732078091084,30.83,1.09,0.0354
2007-11-21,86.47,88.97,85.55,86.58,2069056.0,0.0063320443488422,31.92,-0.04,-0.0013
2007-11-22,84.22,85.47,81.47,81.61,941531.0,0.0028814184090763,31.88,-1.83,-0.0574
2007-11-23,81.21,84.11,78.76,83.89,1036170.0,0.00317104727612,30.05,0.84,0.028
2007-11-26,85.63,86.61,82.51,82.56,934521.0,0.0028599653256965,30.89,-0.49,-0.0159
2007-11-27,82.56,85.82,81.25,84.0,1063680.0,0.0032552376218799,30.4,0.53,0.0174
2007-11-28,84.95,87.91,84.0,86.31,2978663.0,0.0091157640084441,30.93,0.85,0.0275
2007-11-29,86.91,93.83,86.09,93.64,6139567.0,0.018789250038031,31.78,2.7,0.085
2007-11-30,93.15,93.15,88.13,88.48,3786138.0,0.0115869235665138,34.48,-1.9,-0.0551
2007-12-03,86.91,90.44,86.09,87.64,1462902.0,0.0044769983712427,32.58,-0.31,-0.0095
2007-12-04,87.67,89.05,85.93,86.34,1762047.0,0.0053924880470825,32.27,-0.48,-0.0149
2007-12-05,85.28,87.97,85.28,87.64,1737821.0,0.0053183479047204,31.79,0.48,0.0151
2007-12-06,87.86,87.99,86.53,86.88,1894187.0,0.0057968832593223,32.27,-0.28,-0.0087
2007-12-07,86.91,90.44,86.91,89.65,3528739.0,0.0107991914397141,31.99,1.02,0.0319
2007-12-10,88.81,95.06,88.54,93.13,4502514.0,0.0125236970419489,33.01,1.28,0.0388
2007-12-11,93.76,95.28,92.89,94.9,4501904.0,0.0125220003331334,34.29,0.65,0.019
2007-12-12,94.92,96.01,93.16,95.44,2970709.0,0.0082629969647603,34.94,0.2,0.0057
2007-12-13,94.38,95.06,89.17,89.36,2233244.0,0.0062117455441005,35.14,-2.24,-0.0637
2007-12-14,87.73,91.53,87.0,90.56,2656161.0,0.0073880848918271,32.9,0.44,0.0134
2007-12-17,90.04,90.58,88.03,88.65,2375710.0,0.006608013278699,33.34,-0.7,-0.021
2007-12-18,87.49,91.54,87.49,90.69,1896030.0,0.005273788221968,32.64,0.75,0.023
2007-12-19,91.48,92.95,91.27,91.84,1212598.0,0.0033728290429909,33.39,0.42,0.0126
2007-12-20,92.35,95.69,92.35,95.61,3266535.0,0.0090858339845079,33.81,1.39,0.0411
2007-12-21,95.8,96.97,94.23,95.61,2621744.0,0.0072923543552662,35.2,0.0,0.0
2007-12-24,97.21,100.5,96.42,99.3,2962042.0,0.0082388897921313,35.2,1.36,0.0386
2007-12-25,100.5,103.49,99.87,102.51,3894542.0,0.0108326290879153,36.56,1.18,0.0323
2007-12-26,102.41,105.07,100.59,102.24,3435813.0,0.0095566790252711,37.74,-0.1,-0.0026
2007-12-27,103.22,106.43,102.27,105.8,4056114.0,0.0112820399678063,37.64,1.31,0.0348
2008-01-02,102.14,106.43,100.78,105.94,4285261.0,0.0119194100250835,38.95,0.05,0.0013
2008-01-03,103.9,105.89,101.27,102.9,5524333.0,0.015365876230666,39.0,-1.12,-0.0287
2008-01-04,103.09,107.38,103.09,103.31,3966600.0,0.0110330576843502,37.88,0.15,0.004
2008-01-07,103.01,107.0,103.01,105.81,4856010.0,0.0135069425820051,38.03,0.92,0.0242
2008-01-08,106.48,109.04,104.04,106.35,4351254.0,0.0121029688855089,38.95,0.2,0.0051
2008-01-09,106.35,107.52,104.72,107.03,3964038.0,0.0110259315073252,39.15,0.25,0.0064
2008-01-10,106.98,112.08,105.86,108.8,3735511.0,0.0103902859737621,39.4,0.65,0.0165
2008-01-11,109.5,112.13,107.63,111.37,4663341.0,0.0129710357118932,40.05,0.95,0.0237
2008-01-14,111.59,113.46,110.01,110.64,4957041.0,0.0137879592841953,41.0,-0.27,-0.0066
2008-01-15,111.37,111.99,107.68,108.68,5761838.0,0.016026493980205,40.73,-0.72,-0.0177
2008-01-16,108.63,108.63,103.93,104.33,8590694.0,0.0238949282636519,40.01,-1.6,-0.04
2008-01-17,103.52,103.63,95.61,101.05,7935934.0,0.0220737199619817,38.41,-1.21,-0.0315
2008-01-18,101.04,103.22,98.87,100.07,7542008.0,0.0209780187868278,37.2,-0.36,-0.0097
2008-01-21,100.5,105.8,100.5,100.53,4337360.0,0.0120643228653742,36.84,0.17,0.0046
2008-01-22,97.78,104.71,95.06,95.85,8548258.0,0.0237768929598922,37.01,-1.72,-0.0465
2008-01-23,99.41,105.42,96.15,104.06,7659844.0,0.0213057784261393,35.29,3.02,0.0856
2008-01-24,107.48,114.46,100.5,114.46,9815027.0,0.0273003980901667,38.31,3.83,0.1
2008-01-25,114.33,116.48,110.01,112.54,5931010.0,0.0164970441830429,42.14,-0.71,-0.0168
2008-01-29,102.2,113.22,102.2,108.12,4492746.0,0.0124965274489824,41.43,-1.63,-0.0393
2008-01-30,108.12,111.05,100.51,103.61,2597501.0,0.0072249226965556,39.8,-1.66,-0.0417
2008-01-31,104.59,104.59,98.94,100.02,2889886.0,0.0080381886096899,38.14,-1.32,-0.0346
2008-02-01,100.67,104.31,96.44,99.91,4066872.0,0.0113119632357356,36.82,-0.04,-0.0011
2008-02-04,101.33,108.01,101.33,107.88,2670022.0,0.0074266391227964,36.78,2.93,0.0797
2008-02-05,105.94,111.38,104.45,105.37,1821893.0,0.0050675769081112,39.71,-0.92,-0.0232
2008-02-13,103.93,110.29,102.63,107.55,1730511.0,0.0048133988015939,38.79,0.8,0.0206
2008-02-14,109.99,114.22,109.63,111.07,6315362.0,0.0175661153742635,39.59,1.3,0.0328
2008-02-15,111.12,112.45,109.41,111.09,2399728.0,0.0066748191021909,40.89,0.01,0.0002
2008-02-18,111.63,116.39,111.63,114.11,3333322.0,0.0092716013478832,40.9,1.11,0.0271
2008-02-19,114.1,119.51,111.36,119.13,2692804.0,0.0074900070248195,42.01,1.85,0.044
2008-02-20,118.96,119.23,114.89,115.73,2152257.0,0.0059864810246928,43.86,-1.25,-0.0285
2008-02-21,114.88,115.67,111.38,113.96,1802450.0,0.0050134964007354,42.61,-0.65,-0.0153
2008-02-22,113.8,115.35,107.83,111.25,2108719.0,0.0058653805191058,41.96,-1.0,-0.0238
2008-02-25,111.35,112.03,107.82,108.07,2878045.0,0.0080052529882407,40.96,-1.17,-0.0286
2008-02-26,111.38,111.62,101.9,105.89,3444894.0,0.0095819377347028,39.79,-0.8,-0.0201
2008-02-27,108.36,108.36,104.91,107.01,3022110.0,0.0084059683251277,38.99,0.41,0.0105
2008-02-28,107.0,108.58,105.37,106.76,2089076.0,0.0058107437137578,39.4,-0.09,-0.0023
2008-02-29,106.76,110.4,105.83,110.07,1782890.0,0.0049590904590458,39.31,1.22,0.031
2008-03-03,109.58,111.84,107.46,109.01,3113176.0,0.0086592674808488,40.53,-0.39,-0.0096
2008-03-04,109.66,113.14,108.01,108.52,3229655.0,0.0089832526384183,40.14,-0.18,-0.0045
2008-03-05,108.08,112.78,106.92,111.56,2399587.0,0.0066744269121204,39.96,1.12,0.028
2008-03-06,111.61,112.64,106.99,109.71,1358965.0,0.0037799473695389,41.08,-0.68,-0.0166
2008-03-07,108.62,109.17,103.19,105.31,3230765.0,0.0089863400921645,40.4,-1.62,-0.0401
2008-03-10,104.96,104.96,98.77,99.39,3032700.0,0.0084354243027603,38.78,-2.18,-0.0562
2008-03-11,99.12,99.39,92.66,97.16,5658741.0,0.0157397307199611,36.6,-0.82,-0.0224
2008-03-12,98.17,100.21,93.69,93.72,2859943.0,0.0079549024587691,35.78,-1.27,-0.0355
2008-03-13,93.91,96.3,89.07,95.05,3188054.0,0.0088675398786929,34.51,0.49,0.0142
2008-03-14,93.69,96.84,91.33,94.29,4034478.0,0.0112218596531644,35.0,-0.28,-0.008
2008-03-17,92.09,92.33,84.86,85.71,2847843.0,0.0079212464314458,34.72,-3.16,-0.091
2008-03-18,85.4,85.95,77.15,82.39,4311504.0,0.0119924046635171,31.56,-1.22,-0.0387
2008-03-19,84.23,87.33,83.12,86.35,3485308.0,0.0096943488659626,30.34,1.46,0.0481
2008-03-20,85.54,90.95,81.58,90.4,1798194.0,0.0050016583798851,31.8,1.49,0.0469
2008-03-21,95.05,95.05,86.93,89.43,2415326.0,0.0067182047810495,33.29,-0.36,-0.0108
2008-03-24,90.7,90.7,81.63,82.31,2057218.0,0.0057221310097523,32.93,-2.62,-0.0796
2008-03-25,81.46,86.49,80.92,85.78,2638404.0,0.0073386939763577,30.31,1.28,0.0422
2008-03-26,86.57,88.85,85.84,86.38,1095211.0,0.0030463182926271,31.59,0.22,0.007
2008-03-27,83.12,86.62,83.12,84.18,1258566.0,0.0035006885689411,31.81,-0.81,-0.0255
2008-03-28,84.2,89.64,81.46,89.61,2075629.0,0.0057733410195911,31.0,2.0,0.0645
2008-03-31,86.35,91.76,85.54,89.42,1430123.0,0.0039778726250985,33.0,-0.07,-0.0021
2008-04-01,87.58,91.32,83.91,85.57,2141365.0,0.0059561850371221,32.93,-1.42,-0.0431
2008-04-02,88.04,89.64,82.47,86.44,3216785.0,0.0089474548639017,31.51,0.32,0.0102
2008-04-03,84.27,89.62,82.88,88.69,1114631.0,0.0031003348257361,31.83,0.83,0.0261
2008-04-07,87.5,94.07,86.95,93.23,1910583.0,0.0053142672439214,32.66,1.67,0.0511
2008-04-08,95.46,97.69,95.05,96.19,3452488.0,0.0096030603687105,34.33,1.09,0.0318
2008-04-09,96.68,96.68,91.38,93.2,1284061.0,0.0035716026529583,35.42,-1.1,-0.0311
2008-04-10,92.46,95.45,90.97,94.96,1144453.0,0.0031832844163837,34.32,0.65,0.0189
2008-04-11,95.59,98.25,94.09,97.65,1219207.0,0.0033912119094851,34.97,0.99,0.0283
2008-04-14,96.26,97.24,89.55,91.4,2227571.0,0.0061959661521166,35.96,-2.3,-0.064
2008-04-15,92.32,93.08,89.66,92.51,2204073.0,0.0061306067033527,33.66,0.41,0.0122
2008-04-16,93.68,94.5,90.34,90.53,1177773.0,0.0032759636585666,34.07,-0.73,-0.0214
2008-04-17,89.61,92.73,87.38,88.58,2817980.0,0.0078381827997139,33.34,-0.72,-0.0216
2008-04-18,86.92,94.5,81.46,86.19,3941829.0,0.0109641573989927,32.62,-0.88,-0.027
2008-04-21,91.73,91.97,84.86,85.24,2350625.0,0.0065382396055251,31.74,-0.35,-0.011
2008-04-22,83.91,87.85,81.79,87.66,1163936.0,0.0032374761833539,31.39,0.89,0.0284
2008-04-23,86.6,91.98,86.09,91.79,2371835.0,0.006597235005486,32.28,1.52,0.0471
2008-04-25,100.97,100.97,98.58,99.12,9961796.0,0.027708634575639,33.8,2.7,0.0799
2008-04-28,97.77,99.51,95.08,98.12,1259451.0,0.0035031501874685,36.5,-0.37,-0.0101
2008-04-29,97.77,100.92,96.41,100.1,1367619.0,0.0038040183827997,36.13,0.73,0.0202
2008-04-30,100.18,104.28,100.15,102.52,3053821.0,0.0084941721501235,36.86,0.89,0.0241
2008-05-05,104.55,104.68,101.29,102.4,2810225.0,0.0078166123458385,37.75,-0.04,-0.0011
2008-05-06,101.56,105.45,100.78,102.9,1907223.0,0.005304921437987,37.71,0.18,0.0048
2008-05-07,103.87,104.23,97.76,97.79,1003925.0,0.0027924072091366,37.89,-1.88,-0.0496
2008-05-08,97.79,101.16,96.81,100.8,784743.0,0.0021827546983285,36.01,1.11,0.0308
2008-05-09,100.94,103.13,98.33,99.88,663002.0,0.0018441333411081,37.12,-0.34,-0.0092
2008-05-12,98.73,106.09,97.78,105.85,2325658.0,0.0064687941481547,36.78,2.2,0.0598
2008-05-13,102.11,108.62,102.11,106.94,2970624.0,0.0082627605381221,38.98,0.4,0.0103
2008-05-14,106.05,110.8,104.39,109.44,3442321.0,0.0095747809612893,39.38,0.92,0.0234
2008-05-15,111.07,111.07,105.94,107.57,2918591.0,0.0081180312761623,40.3,-0.69,-0.0171
2008-05-16,105.96,109.58,104.82,106.18,2354067.0,0.0065478134936281,39.61,-0.51,-0.0129
2008-05-19,106.72,107.07,104.55,106.1,1585414.0,0.0044098129671699,39.1,-0.03,-0.0008
2008-05-20,106.18,108.76,101.84,103.03,1802761.0,0.0050143614440823,39.07,-1.13,-0.0289
2008-05-21,102.11,107.54,99.66,107.27,2031425.0,0.0056503880417564,37.94,1.56,0.0411
2008-05-22,105.39,105.39,101.49,101.6,1419933.0,0.0039495292434106,38.8,-2.05,-0.0528
2008-05-23,101.61,103.07,96.21,99.25,1956657.0,0.005442421607797,36.75,-0.85,-0.0231
2008-05-26,96.77,98.42,91.73,98.2,2380019.0,0.0066199987185119,35.9,-0.38,-0.0106
2008-05-27,96.49,98.31,94.0,95.22,2261631.0,0.0062907036967969,35.52,-1.08,-0.0304
2008-05-28,96.19,98.26,94.01,97.93,1349906.0,0.0037547498528842,34.44,0.98,0.0285
2008-05-29,96.79,98.43,94.28,94.44,2063718.0,0.0057402106938516,35.42,-1.26,-0.0356
2008-05-30,94.5,96.16,93.26,94.56,598125.0,0.0016636786233681,34.16,0.04,0.0012
2008-06-02,94.56,95.94,94.0,95.91,671665.0,0.0018682293877777,34.2,0.49,0.0143
2008-06-03,95.28,102.02,95.25,99.73,1285986.0,0.0035769570209415,34.69,1.38,0.0398
2008-06-04,100.03,100.03,94.01,94.42,1093056.0,0.0030403241819757,36.07,-1.92,-0.0532
2008-06-05,94.01,100.92,93.49,94.56,1666459.0,0.0046352388129896,34.15,0.05,0.0015
2008-06-06,94.84,96.08,92.57,93.37,502552.0,0.0013978432928416,34.2,-0.43,-0.0126
2008-06-10,91.5,91.5,84.03,84.33,2794563.0,0.0077730486516288,33.77,-3.27,-0.0968
2008-06-11,82.95,88.73,82.67,87.23,1084911.0,0.0030176689470544,30.5,1.05,0.0344
2008-06-12,86.54,86.54,80.21,82.23,1790618.0,0.0049805858126949,31.55,-1.81,-0.0574
2008-06-13,80.46,83.36,76.26,81.31,1701211.0,0.004731901148654,29.74,-0.33,-0.0111
2008-06-16,79.6,81.29,77.41,78.77,2104676.0,0.0058541349555961,29.41,-0.92,-0.0313
2008-06-17,78.71,80.09,73.51,74.62,1088777.0,0.0030284221868587,28.49,-1.5,-0.0527
2008-06-18,72.46,80.06,70.53,79.84,1425241.0,0.003964293391595,26.99,1.89,0.07
2008-06-19,77.41,78.4,71.85,71.85,1286849.0,0.0035793574466919,28.88,-2.89,-0.1001
2008-06-20,70.5,74.92,64.69,71.49,2040100.0,0.0056745174663043,25.99,-0.13,-0.005
2008-06-23,69.11,70.41,67.4,68.97,1150778.0,0.0032008773397572,25.86,-0.91,-0.0352
2008-06-24,68.04,71.58,68.04,70.86,692420.0,0.0019259592098517,24.95,0.68,0.0273
2008-06-25,69.14,75.06,69.14,73.59,1425641.0,0.0039654059875396,25.63,0.99,0.0386
2008-06-26,73.62,76.16,73.48,74.75,1103998.0,0.0030707592440395,26.62,0.42,0.0158
2008-06-27,72.84,72.84,68.78,70.77,927913.0,0.0025809806017895,27.04,-1.44,-0.0533
2008-06-30,70.77,71.65,68.25,70.99,469004.0,0.0013045298709703,25.6,0.08,0.0031
2008-07-01,71.05,71.05,66.37,68.95,567515.0,0.0015785372187097,25.68,-0.74,-0.0288
2008-07-02,68.83,70.08,67.31,69.83,544836.0,0.0015154558101423,24.94,0.32,0.0128
2008-07-03,68.42,72.92,67.73,71.04,1005597.0,0.0027970578601849,25.26,0.44,0.0174
2008-07-04,71.04,71.59,69.66,69.69,1107515.0,0.0030805417438822,25.7,-0.49,-0.0191
2008-07-07,71.29,73.28,69.93,72.84,1622836.0,0.0045139018807644,25.21,1.14,0.0452
2008-07-08,72.92,74.6,71.92,74.05,1431706.0,0.0039822757235492,26.35,0.44,0.0167
2008-07-09,80.16,81.27,78.22,79.41,5974130.0,0.0166169820258678,26.79,1.94,0.0724
2008-07-10,79.41,84.58,78.28,81.65,4715057.0,0.0131148832415669,28.73,0.81,0.0282
2008-07-11,81.71,81.71,78.92,79.77,2553887.0,0.0071036107977391,29.54,-0.68,-0.023
2008-07-14,79.61,79.75,77.12,77.87,2484427.0,0.0069104085119642,28.86,-0.69,-0.0239
2008-07-15,78.25,79.25,74.8,76.01,1835876.0,0.0051064704808436,28.17,-0.67,-0.0238
2008-07-16,75.9,77.81,74.77,76.54,3045618.0,0.0084713555887902,27.5,0.19,0.0069
2008-07-17,77.34,79.06,73.75,74.41,2448096.0,0.0068093542038085,27.69,-0.77,-0.0278
2008-07-18,74.63,76.98,73.53,76.65,1923331.0,0.005349725676675,26.92,0.81,0.0301
2008-07-21,75.74,78.83,74.77,78.12,2107818.0,0.0058628743967407,27.73,0.53,0.0191
2008-07-22,78.2,79.05,77.15,78.28,1064869.0,0.0029619223272516,28.26,0.06,0.0021
2008-07-23,78.78,80.13,77.95,78.69,1312477.0,0.0036506414688607,28.32,0.15,0.0053
2008-07-24,80.1,80.38,77.75,78.91,1278775.0,0.0035568996975508,28.47,0.08,0.0028
2008-07-25,77.67,78.63,77.14,78.17,841172.0,0.0023397113897192,28.55,-0.27,-0.0095
2008-07-28,79.05,79.1,77.61,78.08,657378.0,0.0018284902421274,28.28,-0.03,-0.0011
2008-07-29,76.75,78.13,76.0,76.97,816329.0,0.0022706108370917,28.25,-0.4,-0.0142
2008-07-30,77.94,78.71,74.98,76.75,1539250.0,0.0042814082692069,27.85,-0.08,-0.0029
2008-07-31,77.8,77.8,75.12,75.83,2008599.0,0.0055868977541794,27.77,-0.33,-0.0119
2008-08-01,75.17,76.27,72.57,75.89,1468457.0,0.0040844982574466,27.44,0.02,0.0007
2008-08-04,74.62,75.03,71.91,72.43,912700.0,0.0025386657965276,27.46,-1.25,-0.0455
2008-08-05,71.86,73.74,67.66,67.85,1989554.0,0.0055339242797685,26.21,-1.66,-0.0633
2008-08-06,68.54,69.1,66.94,67.69,1033547.0,0.0028748005018119,24.55,-0.06,-0.0024
2008-08-07,67.58,68.27,63.24,66.0,2833875.0,0.0078823945810613,24.49,-0.61,-0.0249
2008-08-08,65.78,65.78,61.94,63.02,1750813.0,0.0048698686087607,23.88,-1.08,-0.0452
2008-08-11,62.99,62.99,59.64,60.47,1040960.0,0.0028954196861547,22.8,-0.92,-0.0404
2008-08-12,58.37,61.86,58.37,60.17,1493208.0,0.0041533429130069,21.88,-0.11,-0.005
2008-08-13,59.98,61.75,58.9,61.75,1279244.0,0.0035582042162958,21.77,0.57,0.0262
2008-08-14,61.22,62.35,61.11,62.05,2024854.0,0.005632110871877,22.34,0.11,0.0049
2008-08-15,61.85,63.15,60.89,62.18,786961.0,0.0021889240428412,22.45,0.05,0.0022
2008-08-18,62.18,62.46,58.31,59.28,1229974.0,0.0034211602108231,22.5,-1.05,-0.0467
2008-08-19,58.04,59.7,57.49,59.56,1154989.0,0.0032125901935637,21.45,0.1,0.0047
2008-08-20,59.01,64.31,58.04,63.65,3350145.0,0.0093183943518221,21.55,1.48,0.0687
2008-08-21,62.74,62.74,57.63,58.29,2111479.0,0.0058730574311234,23.03,-1.94,-0.0842
2008-08-25,56.66,57.57,55.0,56.44,3527534.0,0.0098118000568514,21.09,-0.67,-0.0318
2008-08-26,56.38,58.59,53.89,54.45,2377482.0,0.0066129420787335,20.42,-0.72,-0.0353
2008-08-27,54.17,55.69,53.2,54.09,2539758.0,0.007064311127487,19.7,-0.13,-0.0066
2008-08-28,53.97,57.71,53.75,57.4,1377745.0,0.0038321837491365,19.57,1.2,0.0613
2008-08-29,57.48,59.7,57.04,59.03,1934197.0,0.0053799493455093,20.77,0.59,0.0284
2008-09-01,60.8,62.18,57.21,59.72,5173181.0,0.0143891505028449,21.36,0.25,0.0117
2008-09-02,59.97,60.66,58.31,59.69,1740775.0,0.0048419480135317,21.61,-0.01,-0.0005
2008-09-03,59.69,60.11,55.49,55.88,2708290.0,0.0075330811768136,21.6,-1.38,-0.0639
2008-09-04,55.27,56.32,53.55,54.66,3567737.0,0.0099236242937505,20.22,-0.44,-0.0218
2008-09-05,52.53,53.61,51.95,52.92,2354908.0,0.0065501527266016,19.78,-0.63,-0.0319
2008-09-08,53.61,53.66,51.62,51.9,2675750.0,0.0074425714967226,19.15,-0.37,-0.0193
2008-09-09,52.5,52.78,51.56,51.98,1837432.0,0.0051107984790679,18.78,0.03,0.0016
2008-09-10,52.17,53.33,50.46,51.95,1998973.0,0.0055601231327733,18.81,-0.01,-0.0005
2008-09-11,51.95,52.45,48.78,48.89,2219747.0,0.0061742037754408,18.8,-1.11,-0.059
2008-09-12,48.91,49.47,48.42,49.19,1294299.0,0.0036000795461596,17.69,0.11,0.0062
2008-09-17,48.75,49.58,46.07,46.37,4154806.0,0.0115565507652106,17.8,-1.02,-0.0573
2008-09-18,45.46,45.46,41.73,43.72,7105515.0,0.0197639179327424,16.78,-0.96,-0.0572
2008-09-19,48.09,48.09,46.71,48.09,15454324.0,0.0429860455212622,15.82,1.58,0.0999
2008-09-22,50.8,52.9,49.28,52.78,25619179.0,0.0712594866466735,17.4,1.7,0.0977
2008-09-23,50.77,52.84,48.65,49.71,9229157.0,0.0256708066250504,9.45,-0.55,-0.0582
2008-09-24,48.09,48.09,44.97,47.31,15713816.0,0.0218539099441923,8.9,-0.43,-0.0483
2008-09-25,46.92,51.45,46.42,50.27,27898832.0,0.0388001591768766,8.47,0.53,0.0626
2008-09-26,50.5,53.07,49.6,52.79,23880757.0,0.0332120417393928,9.0,0.45,0.05
2008-10-06,51.39,51.39,47.53,47.53,22231435.0,0.0309182555287757,9.45,-0.94,-0.0995
2008-10-07,44.57,45.41,42.78,43.85,24630496.0,0.0342547374530024,8.51,-0.66,-0.0776
2008-10-08,41.89,43.06,39.94,40.61,15720847.0,0.0218636882718001,7.85,-0.58,-0.0739
2008-10-09,41.83,41.83,39.82,39.94,9841771.0,0.0136873931275104,7.27,-0.12,-0.0165
2008-10-10,37.98,38.26,35.97,35.97,14219084.0,0.0197751189924144,7.15,-0.71,-0.0993
2008-10-13,34.91,36.81,32.39,36.75,29056523.0,0.0404102120664612,6.44,0.14,0.0217
2008-10-14,37.87,37.92,33.51,33.62,29694249.0,0.0412971262681465,6.58,-0.56,-0.0851
2008-10-15,32.45,34.85,31.84,34.63,20419029.0,0.0283976610718778,6.02,0.18,0.0299
2008-10-16,32.56,33.68,31.16,31.33,21239406.0,0.0295385962259032,6.2,-0.59,-0.0952
2008-10-17,31.72,33.4,30.1,32.0,23681054.0,0.0329343058044942,5.61,0.12,0.0214
2008-10-20,31.33,32.95,30.38,32.67,15542104.0,0.0216151023506493,5.73,0.12,0.0209
2008-10-21,32.84,34.07,32.39,32.45,26962335.0,0.0374977307214965,5.85,-0.04,-0.0068
2008-10-22,32.11,33.68,31.72,32.39,17040533.0,0.023699034886436,5.81,-0.01,-0.0017
2008-10-23,31.11,32.79,31.11,32.62,11426384.0,0.0158911856244059,5.8,0.04,0.0069
2008-10-24,32.67,32.9,30.5,31.11,14458331.0,0.0201078505448532,5.84,-0.27,-0.0462
2008-10-27,30.27,30.72,27.98,27.98,16264999.0,0.0226204649073387,5.57,-0.56,-0.1005
2008-10-28,27.2,29.88,26.87,29.77,15067680.0,0.0209552995776396,5.01,0.32,0.0639
2008-10-29,30.5,30.95,28.88,28.94,17649878.0,0.0245464783562427,5.33,-0.15,-0.0281
2008-10-30,29.1,30.39,28.82,29.72,11310113.0,0.0157294823205667,5.18,0.14,0.027
2008-10-31,29.72,30.33,29.05,29.27,9853467.0,0.01370365928022,5.32,-0.08,-0.015
2008-11-03,28.94,30.16,28.27,30.0,12158207.0,0.0169089647518367,5.24,0.13,0.0248
2008-11-04,29.61,29.88,28.88,29.66,8967615.0,0.0124716651018561,5.37,-0.06,-0.0112
2008-11-05,29.88,31.73,29.88,30.61,18736330.0,0.0260574559677081,5.31,0.17,0.032
2008-11-06,29.83,29.83,28.82,28.94,10993929.0,0.0152897510253934,5.48,-0.3,-0.0547
2008-11-07,28.43,29.49,28.04,29.16,8353474.0,0.0116175516193617,5.18,0.04,0.0077
2008-11-10,29.72,32.06,29.66,31.84,24632620.0,0.0342576913952352,5.22,0.48,0.092
2008-11-11,31.78,34.07,31.0,32.79,31298152.0,0.0435277462347555,5.7,0.17,0.0298
2008-11-12,32.29,35.19,32.01,35.08,31789540.0,0.0442111416047698,5.87,0.41,0.0698
2008-11-13,34.52,37.87,33.85,36.81,30099616.0,0.0418608883684758,6.28,0.31,0.0494
2008-11-14,37.32,40.5,36.93,40.5,41986672.0,0.0583927512416042,6.59,0.66,0.1002
2008-11-17,40.72,41.84,39.83,41.06,34916164.0,0.0485594780830225,7.25,0.1,0.0138
2008-11-18,40.61,40.84,36.98,36.98,31162608.0,0.0433392391038667,7.35,-0.73,-0.0993
2008-11-19,36.42,40.5,36.31,39.94,22933312.0,0.0318943874085113,6.62,0.53,0.0801
2008-11-20,39.1,40.5,37.76,38.71,19661254.0,0.027343789332005,7.15,-0.22,-0.0308
2008-11-21,37.43,39.33,35.14,37.2,22566396.0,0.031384100841513,6.93,-0.27,-0.039
2008-11-24,36.87,37.76,34.41,34.58,13819346.0,0.0192191853953001,6.66,-0.47,-0.0706
2008-11-25,35.31,35.64,33.63,34.41,9523007.0,0.0132440737104159,6.19,-0.03,-0.0048
2008-11-26,34.35,35.64,33.96,35.42,9830606.0,0.0136718654603589,6.16,0.18,0.0292
2008-11-27,38.1,38.1,35.42,35.47,18272568.0,0.0254124813171498,6.34,0.01,0.0016
2008-11-28,35.42,35.42,33.41,33.97,19077752.0,0.0265322868834428,6.35,-0.27,-0.0425
2008-12-01,33.35,33.91,31.84,33.8,15861585.0,0.0220594189318591,6.08,-0.03,-0.0049
2008-12-02,32.68,35.42,32.18,34.97,25145372.0,0.0349707986399493,6.05,0.21,0.0347
2008-12-03,34.64,38.27,34.58,38.16,36408780.0,0.050635326218527,6.26,0.57,0.0911
2008-12-04,38.27,39.95,36.98,37.21,47042768.0,0.0654244911228139,6.83,-0.17,-0.0249
2008-12-05,36.59,37.77,36.2,37.6,23261156.0,0.0323503347895767,6.66,0.07,0.0105
2008-12-08,37.77,41.34,37.77,41.34,75637536.0,0.1051925197637927,6.73,0.67,0.0996
2008-12-10,40.28,41.74,39.0,41.4,48475708.0,0.0369930616605616,7.4,0.01,0.0014
2008-12-11,41.46,41.57,39.11,39.84,34337900.0,0.0262041361416361,7.41,-0.28,-0.0378
2008-12-12,38.61,39.28,36.76,37.27,19864254.0,0.0151589239926739,7.13,-0.46,-0.0645
2008-12-15,37.94,38.5,37.04,38.27,11268890.0,0.0085995802808302,6.67,0.18,0.027
2008-12-16,37.32,38.44,35.76,38.16,14806625.0,0.011299317002442,6.85,-0.02,-0.0029
2008-12-17,38.44,38.89,37.55,37.99,14119608.0,0.0107750366300366,6.83,-0.03,-0.0044
2008-12-18,37.88,38.89,36.93,38.55,12275317.0,0.0093676106532356,6.8,0.1,0.0147
2008-12-19,39.17,40.51,39.17,39.67,22230512.0,0.0169646764346764,6.9,0.2,0.029
2008-12-22,39.78,40.51,37.94,38.66,15554046.0,0.0118696932234432,7.1,-0.18,-0.0254
2008-12-23,39.39,39.39,35.92,35.98,15889291.0,0.0121255273199023,6.92,-0.48,-0.0694
2008-12-24,35.2,36.04,34.81,35.2,8549150.0,0.0065240766178266,6.44,-0.14,-0.0217
2008-12-25,35.48,35.76,34.47,34.92,6126969.0,0.0046756478937728,6.3,-0.05,-0.0079
2008-12-26,35.2,35.48,34.53,35.31,4375599.0,0.0033391323260073,6.25,0.07,0.0112
2008-12-29,35.37,38.83,34.25,37.1,6654716.0,0.0050783852258852,6.32,0.32,0.0506
2008-12-30,36.32,37.43,35.65,36.26,9643784.0,0.00735942002442,6.64,-0.15,-0.0226
2008-12-31,36.31,36.87,35.2,35.76,12810427.0,0.0097759668803418,6.49,-0.09,-0.0139
2009-01-05,36.2,36.82,35.64,36.65,9994217.0,0.0076268444749694,6.4,0.16,0.025
2009-01-06,36.65,39.22,36.2,38.66,22050676.0,0.0168274389499389,6.56,0.36,0.0549
2009-01-07,38.5,41.18,37.94,40.34,30917060.0,0.023593605006105,6.92,0.3,0.0434
2009-01-08,39.05,40.23,38.55,39.84,17205892.0,0.0131302594627594,7.22,-0.09,-0.0125
2009-01-09,39.39,41.29,39.39,40.78,17262686.0,0.0131736004273504,7.13,0.17,0.0238
2009-01-12,40.73,41.51,39.67,40.0,25154584.0,0.0191961111111111,7.3,-0.14,-0.0192
2009-01-13,39.27,39.5,37.82,37.93,12951811.0,0.0098838606532356,7.16,-0.37,-0.0517
2009-01-14,37.88,40.95,37.88,40.28,12007306.0,0.0091630845543345,6.79,0.42,0.0619
2009-01-15,39.95,41.34,39.56,40.06,13494752.0,0.0102981929181929,7.21,-0.04,-0.0055
2009-01-16,40.23,43.13,40.17,42.41,31506388.0,0.0240433363858363,7.17,0.42,0.0586
2009-01-19,42.86,43.97,41.35,42.3,23225792.0,0.0177242002442002,7.59,-0.02,-0.0026
2009-01-20,42.02,43.02,41.4,42.35,14204844.0,0.0108400824175824,7.57,0.01,0.0013
2009-01-21,41.34,43.41,41.23,41.85,14442712.0,0.0110216056166056,7.58,-0.09,-0.0119
2009-01-22,42.13,45.82,41.79,45.15,27909654.0,0.021298576007326,7.49,0.59,0.0788
2009-01-23,45.82,46.82,44.03,44.64,31811688.0,0.0242763186813186,8.08,-0.09,-0.0111
2009-02-02,45.7,47.16,45.09,45.98,22313632.0,0.0170281074481074,7.99,0.24,0.03
2009-02-03,46.04,50.56,46.04,50.45,30215004.0,0.0230578479853479,8.23,0.8,0.0972
2009-02-04,50.84,51.18,49.11,50.4,30771912.0,0.0234828388278388,9.03,-0.01,-0.0011
2009-02-05,50.79,53.8,49.22,49.84,43637256.0,0.0333007142857142,9.02,-0.1,-0.0111
2009-02-06,50.39,53.52,50.0,53.13,36956972.0,0.0282028174603174,8.92,0.59,0.0661
2009-02-09,53.35,57.43,53.35,56.76,53875340.0,0.0411136599511599,9.51,0.65,0.0683
2009-02-10,56.76,57.54,54.53,57.49,48273864.0,0.0368390293040293,10.16,0.13,0.0128
2009-02-11,56.04,58.44,55.31,56.6,45427068.0,0.0346665659340659,10.29,-0.16,-0.0155
2009-02-12,57.88,59.72,55.2,57.38,57008496.0,0.043504652014652,10.13,0.14,0.0138
2009-02-16,60.34,60.62,55.65,57.27,92328280.0,0.0704580891330891,10.27,-0.02,-0.0019
2009-02-17,56.65,56.65,53.64,53.75,54246084.0,0.0413965842490842,10.25,-0.63,-0.0615
2009-02-18,52.41,52.96,50.11,50.23,39075960.0,0.0298198717948717,9.62,-0.63,-0.0655
2009-02-19,50.56,51.45,49.72,50.84,31143148.0,0.0237661385836385,8.99,0.11,0.0122
2009-02-20,50.84,51.96,49.67,51.9,34042596.0,0.025978782051282,9.1,0.19,0.0209
2009-02-23,51.73,54.19,50.78,53.69,35751988.0,0.0272832631257631,9.29,0.32,0.0344
2009-02-24,53.3,55.7,51.18,51.29,51205264.0,0.0390760561660561,9.61,-0.43,-0.0447
2009-02-25,52.4,53.47,50.51,52.35,34288292.0,0.0261662789987789,9.18,0.19,0.0207
2009-02-26,52.52,52.74,47.1,47.77,43898768.0,0.0335002808302808,9.37,-0.82,-0.0875
2009-02-27,47.16,47.16,43.02,43.41,41704992.0,0.0318261538461538,8.55,-0.78,-0.0912
2009-03-02,42.8,43.92,42.18,43.58,22444092.0,0.0171276648351648,7.77,0.03,0.0039
2009-03-03,42.07,42.97,40.62,42.41,31084160.0,0.0237211233211233,7.8,-0.21,-0.0269
2009-03-04,42.47,46.38,42.41,46.1,41447368.0,0.0316295543345543,7.59,0.66,0.087
2009-03-05,46.94,47.94,44.7,46.43,51297028.0,0.0391460836385836,8.25,0.06,0.0073
2009-03-06,45.15,46.88,44.98,46.21,25908070.0,0.0197711156898656,8.31,-0.04,-0.0048
2009-03-09,46.94,47.22,43.59,43.64,31506430.0,0.0240433684371184,8.27,-0.46,-0.0556
2009-03-10,43.31,48.0,42.75,48.0,46552348.0,0.035525296092796,7.81,0.78,0.0999
2009-03-11,49.18,49.46,46.1,46.5,46037032.0,0.0351320451770451,8.59,-0.27,-0.0314
2009-03-12,46.11,46.27,44.48,45.94,19017404.0,0.0145126709401709,8.32,-0.1,-0.012
2009-03-13,46.27,47.22,45.38,45.6,17005144.0,0.0129770634920634,8.22,-0.06,-0.0073
2009-03-16,45.6,46.1,44.6,45.83,12198261.0,0.0093088072344322,8.16,0.04,0.0049
2009-03-17,45.77,48.68,45.44,48.06,33536366.0,0.0255924648962148,8.2,0.4,0.0488
2009-03-18,48.68,51.3,48.06,50.02,53728952.0,0.0410019474969474,8.6,0.35,0.0407
2009-03-19,50.18,52.31,49.74,52.03,53361852.0,0.040721804029304,8.95,0.36,0.0402
2009-03-20,52.25,52.25,50.29,51.08,39104404.0,0.0298415781440781,9.31,-0.17,-0.0183
2009-03-23,51.02,56.11,50.96,55.83,68054080.0,0.0519338217338217,9.14,0.85,0.093
2009-03-24,56.27,57.28,54.88,55.04,54264044.0,0.0414102899877899,9.99,-0.14,-0.014
2009-03-25,54.21,55.6,53.09,53.15,39954676.0,0.0304904426129426,9.85,-0.34,-0.0345
2009-03-26,53.37,57.0,53.37,55.77,68819800.0,0.0525181623931623,9.51,0.47,0.0494
2009-03-27,56.33,56.72,54.15,55.16,56505448.0,0.0431207631257631,9.98,-0.11,-0.011
2009-03-30,55.1,55.32,53.76,54.09,28615040.0,0.0218368742368742,9.87,-0.19,-0.0193
2009-03-31,53.09,54.09,51.97,53.81,28499404.0,0.0217486294261294,9.68,-0.05,-0.0052
2009-04-01,53.98,55.88,53.98,55.54,44369984.0,0.0338598778998779,9.63,0.31,0.0322
2009-04-02,55.65,60.35,55.37,58.73,89936832.0,0.0686331135531135,9.94,0.57,0.0573
2009-04-03,59.06,60.9,57.55,58.11,59879168.0,0.0456953357753357,10.51,-0.11,-0.0105
2009-04-07,58.11,59.51,57.44,58.33,32669300.0,0.0249307844932844,10.4,0.04,0.0038
2009-04-08,58.11,60.06,56.99,57.1,53054800.0,0.0404874847374847,10.44,-0.22,-0.0211
2009-04-09,56.71,57.49,55.31,57.1,32210192.0,0.0245804273504273,10.22,0.0,0.0
2009-04-10,57.55,60.23,56.6,59.67,44442780.0,0.0339154304029304,10.22,0.46,0.045
2009-04-13,59.89,65.59,59.78,65.37,78834720.0,0.0601608058608058,10.68,1.02,0.0955
2009-04-14,63.64,66.65,63.02,64.36,58893168.0,0.0449428937728937,11.7,-0.18,-0.0154
2009-04-15,63.97,64.08,61.51,63.8,34130796.0,0.0260460897435897,11.52,-0.1,-0.0087
2009-04-16,63.58,67.6,62.85,65.03,41660880.0,0.0317924908424908,11.42,0.22,0.0193
2009-04-17,64.7,64.98,61.46,62.02,30862142.0,0.0235516956654456,11.64,-0.54,-0.0464
2009-04-20,62.02,66.99,61.57,65.59,30952122.0,0.0236203617216117,11.1,0.64,0.0577
2009-04-21,64.59,65.59,62.58,64.53,30459540.0,0.0232444597069597,11.74,-0.19,-0.0162
2009-04-22,64.59,64.98,58.56,58.89,47645888.0,0.0363598046398046,11.55,-1.01,-0.0874
2009-04-23,58.11,58.89,55.43,58.22,31665152.0,0.0241644932844932,10.54,-0.12,-0.0114
2009-04-24,58.39,58.56,56.15,56.43,22055330.0,0.0168309905372405,10.42,-0.32,-0.0307
2009-04-27,56.43,57.1,53.64,53.92,19789144.0,0.0151016056166056,10.1,-0.45,-0.0446
2009-04-28,53.36,55.03,53.13,54.87,15794665.0,0.0120533157814407,9.65,0.17,0.0176
2009-04-29,55.03,56.93,54.47,56.65,20575704.0,0.0157018498168498,9.82,0.32,0.0326
2009-04-30,57.04,57.21,55.2,55.65,18863680.0,0.0143953601953601,10.14,-0.18,-0.0178
2009-05-04,55.75,59.72,55.75,59.05,27038060.0,0.0206334401709401,9.96,0.61,0.0612
2009-05-05,59.5,60.73,58.66,60.28,27598034.0,0.0210607707570207,10.57,0.22,0.0208
2009-05-06,60.28,61.4,59.5,60.73,20258708.0,0.015459942002442,10.79,0.08,0.0074
2009-05-07,62.57,63.4,59.05,60.28,32132528.0,0.0245211599511599,10.87,-0.08,-0.0074
2009-05-08,59.78,64.86,59.5,63.52,56392408.0,0.0430344993894993,10.79,0.58,0.0538
2009-05-11,63.97,63.97,59.27,59.5,37714524.0,0.0287809249084249,11.37,-0.72,-0.0633
2009-05-12,58.66,60.17,56.98,60.11,19564190.0,0.0149299374236874,10.65,0.11,0.0103
2009-05-13,60.16,62.01,58.54,61.11,29288628.0,0.0223509065934065,10.76,0.18,0.0167
2009-05-14,60.22,60.89,59.55,60.72,17789608.0,0.0135757081807081,10.94,-0.07,-0.0064
2009-05-15,60.78,62.96,60.78,61.84,24968080.0,0.0190537851037851,10.87,0.2,0.0184
2009-05-18,61.45,61.95,59.38,61.51,14629078.0,0.0111638263125763,11.07,-0.06,-0.0054
2009-05-19,62.62,63.68,62.06,63.07,33070270.0,0.025236775030525,11.01,0.28,0.0254
2009-05-20,63.57,63.96,60.67,61.06,23022338.0,0.0175689392551892,11.29,-0.36,-0.0319
2009-05-21,60.39,60.78,57.54,58.15,24315964.0,0.0185561385836385,10.93,-0.52,-0.0476
2009-05-22,57.81,59.04,56.42,57.53,24180896.0,0.0184530647130647,10.41,-0.11,-0.0106
2009-05-25,55.92,57.76,55.36,57.59,22020464.0,0.0168043833943833,10.3,0.01,0.001
2009-05-26,57.87,57.87,56.47,56.64,14584800.0,0.0111300366300366,10.31,-0.17,-0.0165
2009-05-27,57.31,59.71,57.14,58.65,24170422.0,0.0184450717338217,10.14,0.36,0.0355
2009-06-01,61.78,62.9,60.44,60.83,42980072.0,0.0327992002442002,10.5,0.39,0.0371
2009-06-02,61.44,64.23,61.33,63.06,54726864.0,0.0417634798534798,10.89,0.4,0.0367
2009-06-03,63.56,65.96,63.12,65.35,51918312.0,0.0396202014652014,11.29,0.41,0.0363
2009-06-04,65.24,65.79,62.55,63.45,43478720.0,0.0331797313797313,11.7,-0.34,-0.0291
2009-06-05,64.01,65.01,62.56,63.56,30853360.0,0.0235449938949938,11.36,0.02,0.0018
2009-06-08,63.62,63.62,61.16,61.72,26931764.0,0.0205523229548229,11.38,-0.33,-0.029
2009-06-09,61.44,62.0,59.15,61.05,28781056.0,0.0219635653235653,11.05,-0.12,-0.0109
2009-06-10,61.04,62.39,60.65,62.27,21245348.0,0.0162128724053724,10.93,0.22,0.0201
2009-06-11,61.49,62.44,60.21,60.49,18391152.0,0.0140347619047619,11.15,-0.32,-0.0287
2009-06-12,60.6,60.88,58.64,59.31,20311630.0,0.0155003281440781,10.83,-0.21,-0.0194
2009-06-15,59.48,59.98,57.47,58.81,28699386.0,0.0219012408424908,10.62,-0.09,-0.0085
2009-06-16,58.36,58.53,56.86,58.31,31148304.0,0.0237700732600732,10.53,-0.09,-0.0085
2009-06-17,58.53,60.1,58.09,60.04,28776712.0,0.0219602503052503,10.44,0.31,0.0297
2009-06-18,60.26,61.38,59.37,61.04,32747092.0,0.0249901495726495,10.75,0.18,0.0167
2009-06-19,60.65,61.04,59.53,60.43,21751220.0,0.0165989163614163,10.93,-0.11,-0.0101
2009-06-22,61.1,62.32,59.81,60.93,26143976.0,0.0199511416361416,10.82,0.09,0.0083
2009-06-23,59.76,60.09,58.64,59.2,17683408.0,0.0134946642246642,10.91,-0.31,-0.0284
2009-06-24,58.86,59.87,58.41,59.75,23788564.0,0.018153666056166,10.6,0.1,0.0094
2009-06-25,59.87,59.92,58.02,58.42,35424896.0,0.0270336507936507,10.7,-0.24,-0.0224
2009-06-26,58.53,59.65,56.97,59.37,38721760.0,0.0295495726495726,10.46,0.17,0.0163
2009-06-30,59.53,59.53,57.47,57.91,29489626.0,0.0225042933455433,10.63,-0.26,-0.0245
2009-07-01,58.08,59.09,57.02,58.36,35299584.0,0.0269380219780219,10.37,0.08,0.0077
2009-07-02,58.92,60.42,57.91,60.15,44955836.0,0.0343069566544566,10.45,0.32,0.0306
2009-07-03,59.42,61.71,59.14,61.26,51847052.0,0.0395658211233211,10.77,0.2,0.0186
2009-07-06,61.77,62.4,60.58,61.55,43726820.0,0.0333690628815628,10.77,0.05,0.0046
2009-07-07,61.32,62.85,60.86,61.88,39693004.0,0.0302907539682539,10.82,0.06,0.0055
2009-07-08,61.54,62.56,60.23,61.37,36723580.0,0.02802471001221,10.88,-0.09,-0.0083
2009-07-09,61.14,62.91,60.75,62.85,47412984.0,0.0361820695970696,10.79,0.26,0.0241
2009-07-10,62.85,65.01,62.51,63.36,57163552.0,0.0436229792429792,11.05,0.09,0.0081
2009-07-13,63.19,64.21,62.5,62.56,37955328.0,0.0289646886446886,11.14,-0.14,-0.0126
2009-07-14,62.68,64.04,62.28,63.7,38983724.0,0.0297494841269841,11.0,0.2,0.0182
2009-07-15,64.84,70.07,64.55,70.07,127912632.0,0.0976134249084249,11.2,1.12,0.1
2009-07-16,71.32,72.97,69.27,70.12,100159360.0,0.076434188034188,12.32,0.01,0.0008
2009-07-17,69.73,71.66,69.56,71.49,39110208.0,0.0298460073260073,12.33,0.24,0.0195
2009-07-20,72.35,78.66,71.72,76.78,84969696.0,0.0648425641025641,12.57,0.93,0.074
2009-07-21,76.39,77.13,73.83,75.08,53549896.0,0.0408653052503052,13.5,-0.3,-0.0222
2009-07-22,74.79,77.3,74.34,75.87,38542016.0,0.0294124053724053,13.2,0.14,0.0106
2009-07-23,75.65,75.76,74.05,74.62,25407116.0,0.0193888247863247,13.34,-0.22,-0.0165
2009-07-24,74.73,77.24,71.95,75.64,46005764.0,0.0351081837606837,13.12,0.18,0.0137
2009-07-27,76.21,79.62,74.9,78.94,64994776.0,0.049599188034188,13.3,0.58,0.0436
2009-07-28,78.77,82.47,77.92,78.77,50515416.0,0.0385496153846153,13.88,-0.03,-0.0022
2009-07-29,78.83,79.96,70.92,73.08,46759750.0,0.0356835699023199,13.85,-1.0,-0.0722
2009-07-30,73.65,74.96,70.63,73.76,26615820.0,0.0203112179487179,12.85,0.12,0.0093
2009-07-31,73.93,80.19,72.79,79.05,38809572.0,0.0296165842490842,12.97,0.93,0.0717
2009-08-03,80.47,86.96,79.62,86.84,90114136.0,0.0687684188034188,13.9,1.37,0.0986
2009-08-04,85.88,89.75,85.31,87.64,60768912.0,0.0463743223443223,15.27,0.14,0.0092
2009-08-05,87.48,89.07,85.03,87.36,33668660.0,0.0256934218559218,15.41,-0.05,-0.0032
2009-08-06,87.93,87.93,81.9,84.12,30428474.0,0.0232207524420024,15.36,-0.57,-0.0371
2009-08-07,83.66,85.31,76.55,77.35,46815896.0,0.0357264163614163,14.79,-1.19,-0.0805
2009-08-10,78.21,80.42,75.31,77.92,28145112.0,0.02147826007326,13.6,0.1,0.0074
2009-08-11,78.66,78.77,76.67,78.37,18369032.0,0.0140178815628815,13.7,0.08,0.0058
2009-08-12,78.49,78.49,73.09,74.28,25213394.0,0.0192409905372405,13.78,-0.72,-0.0522
2009-08-13,74.17,74.79,71.55,73.77,21923090.0,0.0167300747863247,13.06,-0.09,-0.0069
2009-08-14,73.94,73.94,68.71,68.88,23941232.0,0.0182701709401709,12.97,-0.86,-0.0663
2009-08-17,67.4,68.19,63.7,65.64,34181728.0,0.0260849572649572,12.11,-0.57,-0.0471
2009-08-18,64.72,67.4,63.7,66.6,21735496.0,0.0165869169719169,11.54,0.17,0.0147
2009-08-19,65.98,66.21,59.95,60.97,28916150.0,0.022066659035409,11.71,-0.99,-0.0845
2009-08-20,60.29,64.04,60.29,62.96,27219996.0,0.0207722802197802,10.72,0.35,0.0326
2009-08-21,62.05,63.87,61.59,63.53,29606396.0,0.0225934035409035,11.07,0.1,0.009
2009-08-24,64.04,64.6,62.61,64.15,28395744.0,0.0216695238095238,11.17,0.11,0.0098
2009-08-25,63.41,63.47,57.72,59.88,34824776.0,0.0265752046404077,11.28,-0.75,-0.0665
2009-08-26,59.37,64.72,58.12,62.78,35292868.0,0.0269324112650975,10.53,0.51,0.0484
2009-08-27,62.27,63.75,60.16,62.04,24456216.0,0.018662832028841,11.04,-0.13,-0.0118
2009-08-28,61.7,62.27,58.57,59.26,25940848.0,0.0197957725311919,10.91,-0.49,-0.0449
2009-08-31,58.4,58.4,53.34,53.34,31821334.0,0.0242832419935957,10.42,-1.04,-0.0998
2009-09-01,52.32,54.59,52.15,52.83,16820568.0,0.0128359773733474,9.38,-0.09,-0.0096
2009-09-02,52.37,54.02,51.52,53.0,18972992.0,0.014478517967806,9.29,0.03,0.0032
2009-09-03,52.94,57.55,52.66,56.81,30443768.0,0.0232320048411825,9.32,0.67,0.0719
2009-09-04,56.3,57.78,55.84,57.15,24099852.0,0.0183908863822567,9.99,0.06,0.006
2009-09-07,57.26,58.69,56.87,57.38,23748582.0,0.0181228280282263,10.05,0.04,0.004
2009-09-08,56.64,58.97,55.67,58.86,25462776.0,0.0194309500486913,10.09,0.26,0.0258
2009-09-09,59.09,62.67,58.8,61.53,37480932.0,0.0286021491714177,10.35,0.47,0.0454
2009-09-10,61.3,64.38,60.34,62.67,39122076.0,0.0298545258599103,10.82,0.2,0.0185
2009-09-11,62.55,63.63,61.99,62.9,20555180.0,0.0156859046249261,11.02,0.04,0.0036
2009-09-14,62.61,63.86,62.04,63.64,18883740.0,0.0144104086951271,11.06,0.13,0.0118
2009-09-15,63.64,63.92,61.31,62.96,23499744.0,0.017932936763102,11.19,-0.12,-0.0107
2009-09-16,62.67,62.84,60.51,61.19,24376776.0,0.0186022104111561,11.07,-0.31,-0.028
2009-09-17,61.31,63.3,61.31,63.01,19493796.0,0.0148759497525084,10.76,0.32,0.0297
2009-09-18,63.41,63.75,60.11,60.62,20134274.0,0.0153647062033088,11.08,-0.42,-0.0379
2009-09-21,58.86,59.71,56.87,59.48,15048571.0,0.0114837451896519,10.66,-0.2,-0.0188
2009-09-22,59.14,59.77,57.66,57.84,12334577.0,0.0094126637864911,10.46,-0.29,-0.0277
2009-09-23,57.78,58.46,55.05,55.39,17129112.0,0.013071431003848,10.17,-0.43,-0.0423
2009-09-24,54.88,55.27,52.72,54.36,24126052.0,0.0184108799167902,9.74,-0.18,-0.0185
2009-09-25,54.14,55.05,53.28,54.25,17036472.0,0.0130007363076959,9.56,-0.02,-0.0021
2009-09-28,54.59,54.82,52.03,52.55,10866872.0,0.0082926404810505,9.54,-0.3,-0.0314
2009-09-29,52.61,53.12,51.24,52.04,9051780.0,0.0069075219854953,9.24,-0.09,-0.0097
2009-09-30,52.6,53.4,52.15,52.66,8215658.0,0.0062694672495697,9.15,0.11,0.012
2009-10-09,56.3,57.95,55.16,57.95,22602004.0,0.0172478605916464,9.26,0.93,0.1004
2009-10-12,58.92,59.2,56.93,57.78,26403962.0,0.0201491803843203,10.19,-0.03,-0.0029
2009-10-13,57.56,58.86,56.87,58.64,14706181.0,0.0112224632702268,10.16,0.15,0.0148
2009-10-14,58.46,61.7,58.01,59.49,24117512.0,0.0184043629402667,10.31,0.15,0.0145
2009-10-15,60.74,61.31,58.58,59.37,17315160.0,0.0132134064661723,10.46,-0.02,-0.0019
2009-10-16,59.21,60.12,57.1,59.03,18427940.0,0.0140625822432039,10.44,-0.06,-0.0057
2009-10-19,59.15,61.14,57.73,60.63,23957260.0,0.0182820727152259,10.38,0.28,0.027
2009-10-20,61.2,64.21,60.97,62.68,44858888.0,0.0342323559680939,10.66,0.36,0.0338
2009-10-21,62.68,64.16,61.99,62.73,30604228.0,0.0233544537935203,11.02,0.01,0.0009
2009-10-22,63.08,64.27,62.34,63.53,26508966.0,0.0202293101973035,11.03,0.14,0.0127
2009-10-23,63.76,67.57,63.59,65.58,36763984.0,0.0280550375455875,11.17,0.36,0.0322
2009-10-26,65.69,65.92,63.19,64.27,23133672.0,0.0176535828251722,11.53,-0.23,-0.0199
2009-10-27,62.85,63.7,61.43,61.48,27641142.0,0.021093287294786,11.3,-0.49,-0.0434
2009-10-28,60.86,61.94,59.89,61.6,15956850.0,0.0121768637985292,10.81,0.02,0.0019
2009-10-29,59.95,60.8,59.33,59.61,12860827.0,0.0098142514791733,10.83,-0.35,-0.0323
2009-10-30,60.75,61.89,59.78,60.01,15490717.0,0.0118211521102574,10.48,0.07,0.0067
2009-11-02,58.02,61.72,57.56,61.66,16044792.0,0.0122439733944814,10.55,0.29,0.0275
2009-11-03,61.72,63.54,61.43,62.63,23808008.0,0.0181681767222412,10.84,0.17,0.0157
2009-11-04,62.86,63.65,61.95,63.25,20348876.0,0.0155284715658266,11.01,0.11,0.01
2009-11-05,63.48,64.85,63.08,63.94,23162146.0,0.0176753116764054,11.12,0.12,0.0108
2009-11-06,64.56,65.99,63.99,64.56,27344638.0,0.0208670215328268,11.24,0.11,0.0098
2009-11-09,64.28,65.13,63.71,64.51,20591488.0,0.0157136116956072,11.35,-0.01,-0.0009
2009-11-10,65.3,66.33,64.51,65.59,32434576.0,0.0247512143258253,11.34,0.19,0.0168
2009-11-11,65.59,68.55,64.91,66.67,32080170.0,0.024480762852547,11.53,0.19,0.0165
2009-11-12,68.21,68.61,66.56,67.07,35192724.0,0.0268559901764591,11.72,0.07,0.006
2009-11-13,67.3,69.12,66.9,68.44,31616826.0,0.0241271794836574,11.79,0.24,0.0204
2009-11-16,69.63,71.85,68.72,70.83,40073980.0,0.03058093523001,12.03,0.42,0.0349
2009-11-17,71.06,72.54,69.75,70.26,28808016.0,0.0219837428526214,12.45,-0.1,-0.008
2009-11-18,70.32,71.0,69.35,69.86,25147182.0,0.0191901164785547,12.35,-0.07,-0.0057
2009-11-19,70.6,71.23,68.38,70.15,31900414.0,0.0243435888909588,12.28,0.05,0.0041
2009-11-20,69.35,69.69,68.27,69.01,27928230.0,0.0213123675941053,12.33,-0.2,-0.0162
2009-11-23,69.01,69.75,68.73,69.69,27613964.0,0.0210725474367115,12.13,0.12,0.0099
2009-11-24,70.09,70.66,65.54,65.99,40852204.0,0.0311748073070645,12.25,-0.65,-0.0531
2009-11-25,65.54,67.53,64.52,67.25,25056376.0,0.0191208213298199,11.6,0.22,0.019
2009-11-26,67.07,67.59,62.52,63.21,27782610.0,0.0212012432239231,11.82,-0.71,-0.0601
2009-11-27,62.01,63.6,60.02,60.19,24388242.0,0.0186109602534066,11.11,-0.53,-0.0477
2009-11-30,60.87,63.03,60.87,62.98,21134224.0,0.0161277800528054,10.58,0.49,0.0463
2009-12-01,62.75,64.46,61.84,64.34,25766480.0,0.0196627102170872,11.07,0.24,0.0217
2009-12-02,64.51,64.97,64.0,64.68,24521268.0,0.0187124739909966,11.31,0.06,0.0053
2009-12-03,64.97,66.34,64.12,65.03,21271332.0,0.0162324088136002,11.37,0.06,0.0053
2009-12-07,66.11,67.13,65.03,66.17,26505476.0,0.0202266469364057,11.43,0.2,0.0175
2009-12-08,66.17,66.23,63.78,64.52,22427900.0,0.017114999739111,11.63,-0.29,-0.0249
2009-12-09,63.72,64.24,62.47,62.7,15726740.0,0.0120012640950364,11.34,-0.32,-0.0282
2009-12-10,63.44,63.95,62.81,63.61,9979945.0,0.007615815839706,11.02,0.16,0.0145
2009-12-11,63.78,64.29,63.32,63.44,10647592.0,0.0081253052805729,11.18,-0.03,-0.0027
2009-12-14,63.49,64.12,60.76,63.95,21998094.0,0.0167870096206484,11.15,0.09,0.0081
2009-12-15,63.61,64.63,63.16,63.55,14974417.0,0.0114271573820259,11.24,-0.07,-0.0062
2009-12-16,63.1,64.41,62.59,63.73,15578588.0,0.0118882075252573,11.17,0.03,0.0027
2009-12-17,63.44,64.07,61.22,61.34,14491041.0,0.0110582873534503,11.2,-0.42,-0.0375
2009-12-18,60.88,61.16,59.11,59.17,20046546.0,0.0152977599133257,10.78,-0.38,-0.0353
2009-12-21,58.94,59.68,58.49,59.63,9358489.0,0.0071415753054665,10.4,0.08,0.0077
2009-12-22,59.79,59.79,56.78,56.84,12665591.0,0.0096652645437463,10.48,-0.49,-0.0468
2009-12-23,56.89,57.69,56.44,57.29,10720526.0,0.0081809620915526,9.99,0.08,0.008
2009-12-24,57.35,59.11,57.29,58.94,20553186.0,0.0156843829795879,10.07,0.29,0.0288
2009-12-25,58.94,58.94,58.03,58.37,12645439.0,0.0096498863106195,10.36,-0.1,-0.0097
2009-12-28,58.48,60.02,58.31,59.56,19628926.0,0.0149790690777572,10.26,0.21,0.0205
2009-12-29,59.51,59.57,58.15,59.11,11073610.0,0.0084504047307602,10.47,-0.08,-0.0076
2009-12-30,59.11,60.25,58.71,59.96,18484772.0,0.0141059514246776,10.39,0.15,0.0144
2009-12-31,59.96,60.19,58.88,60.02,12752682.0,0.0097317247313821,10.54,0.01,0.0009
2010-01-04,60.19,60.81,59.28,59.33,11061010.0,0.008440789519496,10.55,-0.12,-0.0114
2010-01-05,59.73,61.38,59.16,61.15,17453208.0,0.0133187525522519,10.43,0.32,0.0307
2010-01-06,61.27,62.63,60.7,61.61,20823785.0,0.0158908803250551,10.75,0.08,0.0074
2010-01-07,61.15,61.83,59.33,59.67,16410024.0,0.012522686318327,10.83,-0.34,-0.0314
2010-01-08,59.5,59.79,57.8,59.56,14650524.0,0.0111799907453591,10.49,-0.02,-0.0019
2010-01-11,60.76,62.41,59.79,61.5,22734984.0,0.0173493392260842,10.47,0.34,0.0325
2010-01-12,61.44,67.47,61.44,66.05,73799553.0,0.0563173248650794,10.81,0.8,0.074
2010-01-13,64.85,67.58,64.57,65.37,50425552.0,0.0384803440948342,11.61,-0.12,-0.0103
2010-01-14,65.82,68.21,65.36,67.58,33338622.0,0.0254411026815851,11.49,0.39,0.0339
2010-01-15,67.92,68.15,66.27,67.64,24460520.0,0.0186661164629109,11.88,0.01,0.0008
2010-01-18,66.95,69.63,66.61,69.29,29682786.0,0.0226512903413199,11.89,0.29,0.0244
2010-01-19,69.4,69.85,67.52,68.2,21515952.0,0.016419081272287,12.18,-0.19,-0.0156
2010-01-20,67.81,68.66,64.06,64.28,28832656.0,0.022002545932427,11.99,-0.69,-0.0575
2010-01-21,64.57,65.08,62.75,63.66,17718504.0,0.0135212031147561,11.3,-0.11,-0.0097
2010-01-22,62.29,63.49,59.73,61.44,26126174.0,0.0199371970266485,11.19,-0.39,-0.0349
2010-01-25,60.3,62.52,60.3,60.76,10565556.0,0.0080627026241227,10.8,-0.12,-0.0111
2010-01-26,61.1,61.38,58.02,59.05,16596322.0,0.0126648525586525,10.68,-0.3,-0.0281
2010-01-27,59.16,60.02,58.02,58.88,12758637.0,0.0097362690633725,10.38,-0.03,-0.0029
2010-01-28,58.59,59.5,57.34,58.25,16356900.0,0.0124821467561682,10.35,-0.11,-0.0106
2010-01-29,57.34,58.88,56.89,58.08,12711606.0,0.0097003791426608,10.24,-0.03,-0.0029
2010-02-01,57.46,57.52,54.9,55.07,18469660.0,0.0140944192760566,10.21,-0.53,-0.0519
2010-02-02,56.04,57.17,55.35,55.58,11536325.0,0.0088035081021986,9.68,0.09,0.0093
2010-02-03,55.58,57.35,53.87,57.29,12618367.0,0.0096292273424176,9.77,0.3,0.0307
2010-02-04,56.83,57.63,55.98,56.89,9180964.0,0.0070061038467617,10.07,-0.07,-0.007
2010-02-05,55.64,55.69,54.33,54.78,13615219.0,0.0103899370709223,10.0,-0.37,-0.037
2010-02-08,54.67,55.69,54.67,55.18,6128806.0,0.0046769654355094,9.63,0.07,0.0073
2010-02-09,55.07,55.64,53.76,55.41,6822449.0,0.0052062927360608,9.7,0.04,0.0041
2010-02-10,55.75,56.49,55.47,56.38,8847980.0,0.0067519997588566,9.74,0.17,0.0175
2010-02-11,56.49,58.03,56.43,57.12,13857053.0,0.0105744834995629,9.91,0.13,0.0131
2010-02-12,57.57,57.86,56.89,57.63,4518917.0,0.0034484398127361,10.04,0.09,0.009
2010-02-22,57.63,57.8,56.95,57.18,4572113.0,0.0034890343189592,10.13,-0.08,-0.0079
2010-02-23,57.12,57.12,55.58,56.6,6555568.0,0.0050026326410285,10.05,-0.1,-0.01
2010-02-24,56.21,58.37,55.92,58.31,7734771.0,0.0059024966067747,9.95,0.3,0.0302
2010-02-25,58.54,59.06,57.97,58.88,9650114.0,0.0073641178439529,10.25,0.1,0.0098
2010-02-26,58.32,59.74,58.26,58.88,9638212.0,0.0073550352848682,10.35,0.0,0.0
2010-03-01,58.88,59.62,58.32,59.23,10755840.0,0.0082079106289006,10.35,0.06,0.0058
2010-03-02,59.74,60.08,58.49,58.72,12289043.0,0.0093779162444511,10.41,-0.09,-0.0086
2010-03-03,58.83,60.19,58.6,59.74,19357422.0,0.0147718811159253,10.32,0.18,0.0174
2010-03-04,60.03,62.13,59.17,59.8,26645170.0,0.0203332491048457,10.5,0.01,0.001
2010-03-05,60.88,62.59,59.57,61.45,33491128.0,0.0255574818410344,10.51,0.29,0.0276
2010-03-08,62.02,64.01,61.68,63.16,25890280.0,0.0197571834833182,10.8,0.3,0.0278
2010-03-09,63.21,64.58,61.73,63.84,25199002.0,0.0192296609426589,11.1,0.12,0.0108
2010-03-10,63.84,64.58,60.88,61.9,16235632.0,0.0123896056895341,11.22,-0.34,-0.0303
2010-03-11,61.51,62.53,61.16,61.68,9318787.0,0.0071112782326402,10.88,-0.04,-0.0037
2010-03-12,61.96,62.3,59.69,60.08,9947570.0,0.007591110088541,10.84,-0.28,-0.0258
2010-03-15,60.59,61.33,58.03,58.43,12115664.0,0.0092456086481194,10.56,-0.29,-0.0275
2010-03-16,57.75,59.0,57.75,58.95,8373833.0,0.0063901724909759,10.27,0.09,0.0088
2010-03-17,58.95,62.42,58.78,61.39,18974152.0,0.0144794031777319,10.36,0.43,0.0415
2010-03-18,61.51,62.59,60.37,60.94,20217734.0,0.0154283955312542,10.79,-0.08,-0.0074
2010-03-19,60.88,62.02,60.31,61.68,16866002.0,0.012870648604187,10.71,0.13,0.0121
2010-03-22,61.67,62.64,60.82,62.53,29250280.0,0.0223212398204435,10.84,0.15,0.0138
2010-03-23,62.53,62.53,59.97,60.71,19426052.0,0.0148242534928351,10.99,-0.32,-0.0291
2010-03-24,60.71,60.88,59.23,59.63,16654112.0,0.012708952801427,10.67,-0.19,-0.0178
2010-03-25,59.45,59.45,58.03,58.6,10386459.0,0.0079260315533459,10.48,-0.18,-0.0172
2010-03-26,58.55,60.31,58.09,60.2,9122537.0,0.0069615175016399,10.3,0.28,0.0272
2010-03-29,59.74,61.17,59.74,60.77,14141749.0,0.010791738434966,10.58,0.1,0.0095
2010-03-30,60.42,60.94,59.85,60.2,9342836.0,0.0071296303132508,10.68,-0.1,-0.0094
2010-03-31,60.14,61.05,59.23,59.52,10422767.0,0.007953738624027,10.58,-0.12,-0.0113
2010-04-01,59.63,60.77,59.4,60.43,12838287.0,0.0097970509345785,10.46,0.16,0.0153
2010-04-02,60.59,61.11,60.14,60.88,13354832.0,0.0101912326252512,10.62,0.08,0.0075
2010-04-06,61.22,62.24,60.93,61.45,17412776.0,0.0132878984076618,10.7,0.1,0.0093
2010-04-07,60.82,61.79,60.65,61.16,10152157.0,0.0077472328843277,10.8,-0.05,-0.0046
2010-04-08,60.88,60.99,59.51,59.91,16420965.0,0.0125310355267747,10.75,-0.22,-0.0205
2010-04-09,59.85,60.19,59.34,59.8,13057144.0,0.0099640633386779,10.53,-0.02,-0.0019
2010-04-12,60.13,60.42,58.71,59.39,15623859.0,0.01192275436884,10.51,-0.07,-0.0067
2010-04-13,59.0,60.59,58.88,60.48,18595792.0,0.0141906721194835,10.44,0.19,0.0182
2010-04-14,60.48,60.48,59.51,60.19,11210641.0,0.0085549747319306,10.63,-0.05,-0.0047
2010-04-15,60.3,61.44,60.02,60.99,21846980.0,0.0166716927131102,10.58,0.14,0.0132
2010-04-16,60.87,60.87,59.28,59.67,11003734.0,0.0083970815162921,10.72,-0.23,-0.0215
2010-04-19,58.99,58.99,54.05,55.47,23595078.0,0.0180056872829959,10.49,-0.74,-0.0705
2010-04-20,55.41,56.09,54.21,54.9,15333226.0,0.0117009688374627,9.75,-0.1,-0.0103
2010-04-21,55.01,56.03,54.38,55.75,13616467.0,0.0103908894347047,9.65,0.15,0.0155
2010-04-22,55.46,55.46,54.38,54.55,13400213.0,0.0102258634111545,9.8,-0.21,-0.0214
2010-04-23,54.44,54.89,53.76,54.44,12242892.0,0.0093426978623038,9.59,-0.02,-0.0021
2010-04-26,54.15,54.84,53.75,53.98,7853643.0,0.0059932092570446,9.57,-0.08,-0.0084
2010-04-27,54.04,54.49,51.48,52.22,11840654.0,0.0090357452155977,9.49,-0.31,-0.0327
2010-04-28,52.22,53.53,51.76,52.96,7958816.0,0.0060734680359566,9.18,0.13,0.0142
2010-04-29,53.42,54.5,52.56,52.62,11739506.0,0.0089585579625062,9.31,-0.06,-0.0064
2010-04-30,53.25,53.3,50.97,52.96,9953379.0,0.0075955430061786,9.25,0.06,0.0065
2010-05-04,52.28,52.9,51.08,51.6,9102330.0,0.0069460972973529,9.31,-0.24,-0.0258
2010-05-05,51.14,52.05,48.92,51.99,12647428.0,0.0096514041403977,9.07,0.07,0.0077
2010-05-06,51.77,51.77,48.92,49.21,10181071.0,0.0077692975048431,9.14,-0.49,-0.0536
2010-05-07,48.13,48.53,47.05,47.44,11599947.0,0.0088520588141869,8.65,-0.31,-0.0358
2010-05-10,47.45,49.32,46.65,48.98,9802001.0,0.007480024637071,8.34,0.27,0.0324
2010-05-11,50.18,50.74,48.18,48.53,13354310.0,0.0101908342807845,8.61,-0.08,-0.0093
2010-05-12,48.64,50.18,47.73,49.15,9761955.0,0.0074494650537149,8.53,0.11,0.0129
2010-05-13,49.1,49.84,48.24,49.72,9798749.0,0.0074775429968305,8.64,0.1,0.0116
2010-05-14,49.21,49.38,48.53,48.64,6644001.0,0.0050701169249753,8.74,-0.19,-0.0217
2010-05-17,48.07,48.25,43.86,43.98,11663832.0,0.0089008102246325,8.55,-0.82,-0.0959
2010-05-18,43.81,45.29,43.12,44.89,8212697.0,0.0062672076749226,7.73,0.16,0.0207
2010-05-19,44.49,45.46,43.81,44.26,6756037.0,0.0051556129415783,7.89,-0.11,-0.0139
2010-05-20,44.15,44.78,41.76,42.05,7956988.0,0.0060720730672113,7.78,-0.39,-0.0501
2010-05-21,40.34,42.05,39.83,41.93,13043723.0,0.0099538216124575,7.39,-0.02,-0.0027
2010-05-24,42.39,44.27,41.88,43.81,14529532.0,0.0110876602976384,7.37,0.33,0.0448
2010-05-25,43.53,43.64,42.05,42.5,11939772.0,0.0091113833513189,7.7,-0.23,-0.0299
2010-05-26,42.96,44.66,42.96,44.15,20486904.0,0.0156338023896661,7.47,0.29,0.0388
2010-05-27,43.81,44.72,43.01,44.66,13205382.0,0.0100771855360895,7.76,0.09,0.0116
2010-05-28,44.89,45.35,44.21,44.72,11369979.0,0.0086765674725987,7.85,0.01,0.0013
2010-05-31,44.49,44.66,42.39,42.44,8169080.0,0.0062339230185963,7.86,-0.4,-0.0509
2010-06-01,42.61,42.96,41.25,42.05,6693647.0,0.0051080023835803,7.46,-0.07,-0.0094
2010-06-02,41.65,43.3,41.59,43.24,6981184.0,0.0053274253201898,7.39,0.21,0.0284
2010-06-03,43.24,44.49,42.67,42.95,13410422.0,0.0102336540216145,7.6,-0.05,-0.0066
2010-06-04,42.9,43.24,42.44,42.9,4863378.0,0.0037113021371237,7.55,-0.01,-0.0013
2010-06-07,41.82,44.21,40.62,44.04,19399520.0,0.0148040066051159,7.54,0.2,0.0265
2010-06-08,43.3,47.91,42.84,46.37,27584736.0,0.0210502431990265,7.74,0.41,0.053
2010-06-09,46.09,46.54,44.55,46.31,26961220.0,0.0205744306540566,8.15,-0.01,-0.0012
2010-06-10,45.92,46.66,45.52,45.86,13453521.0,0.0102665433859222,8.14,-0.08,-0.0098
2010-06-11,46.2,46.6,45.52,46.43,11716976.0,0.0089413650490313,8.06,0.1,0.0124
2010-06-17,46.49,46.77,44.84,45.01,7441149.0,0.0056784301336142,8.16,-0.25,-0.0306
2010-06-18,44.95,45.69,42.33,42.9,9875944.0,0.0075364514280639,7.91,-0.37,-0.0468
2010-06-21,42.9,44.49,42.67,44.21,7342111.0,0.0056028530468534,7.54,0.23,0.0305
2010-06-23,43.64,44.33,43.02,43.53,6030142.0,0.0046016737526385,7.77,-0.12,-0.0154
2010-06-24,43.7,43.87,43.07,43.47,4164112.0,0.0031776838577677,7.65,-0.01,-0.0013
2010-06-25,43.25,43.36,42.11,42.56,4315824.0,0.003293457106285,7.64,-0.16,-0.0209
2010-06-28,42.39,42.85,42.0,42.68,3808490.0,0.0029063044402912,7.48,0.02,0.0027
2010-06-29,42.96,43.08,40.4,40.52,7732740.0,0.0059009467262924,7.5,-0.38,-0.0507
2010-06-30,40.23,42.62,40.12,40.86,10881672.0,0.0083039345387259,7.12,0.06,0.0084
2010-07-01,40.86,41.14,38.13,38.69,10477717.0,0.007995671628707,7.18,-0.38,-0.0529
2010-07-02,38.58,38.92,35.91,37.22,17220288.0,0.0131410085040247,6.8,-0.26,-0.0382
2010-07-05,36.71,37.05,35.79,36.36,5799012.0,0.0044252956749005,6.54,-0.15,-0.0229
2010-07-06,35.91,37.96,35.91,37.79,11966740.0,0.0091319629558723,6.39,0.25,0.0391
2010-07-07,37.27,38.58,36.99,38.24,8974965.0,0.0068489035368238,6.64,0.08,0.012
2010-07-08,38.41,40.86,38.41,40.17,18405442.0,0.0140454137493133,6.72,0.34,0.0506
2010-07-09,40.12,40.86,38.98,40.52,29379400.0,0.0224197728425416,7.06,0.06,0.0085
2010-07-12,40.0,40.35,39.38,40.18,17306264.0,0.013206617821775,7.12,-0.06,-0.0084
2010-07-13,39.95,40.8,39.78,40.12,15897962.0,0.0121319256587731,7.06,-0.01,-0.0014
2010-07-14,40.35,41.03,40.01,40.29,12425957.0,0.0094823969615169,7.05,0.03,0.0043
2010-07-15,40.24,40.63,38.7,38.87,8988904.0,0.0068595405550628,7.08,-0.25,-0.0353
2010-07-16,38.41,39.04,37.9,38.98,6325211.0,0.0048268444488704,6.83,0.02,0.0029
2010-07-19,38.36,40.92,38.3,40.46,9122606.0,0.0069615701563683,6.85,0.26,0.038
2010-07-20,40.63,41.94,40.18,41.54,17149094.0,0.0130866795079339,7.11,0.19,0.0267
2010-07-21,41.32,42.0,41.2,41.37,11024263.0,0.0084127474426447,7.3,-0.03,-0.0041
2010-07-22,41.2,42.28,40.97,42.06,11184439.0,0.0085349796711731,7.27,0.12,0.0165
2010-07-23,42.06,42.23,40.92,41.6,12597519.0,0.0096133179833353,7.39,-0.08,-0.0108
2010-07-26,41.66,42.34,41.26,42.28,12992421.0,0.009914672440372,7.31,0.12,0.0164
2010-07-27,42.17,42.29,41.72,42.0,9161644.0,0.0069913605228232,7.43,-0.05,-0.0067
2010-07-28,41.89,43.25,41.55,42.91,16920596.0,0.0129123099409933,7.38,0.16,0.0217
2010-07-29,42.97,44.79,42.97,43.77,21981782.0,0.0167745617376212,7.54,0.15,0.0199
2010-07-30,43.6,44.16,43.14,43.6,11428178.0,0.0087209798281834,7.69,-0.03,-0.0039
2010-08-02,43.6,44.85,43.42,44.68,16977688.0,0.0129558775315883,7.66,0.19,0.0248
2010-08-03,44.79,45.02,43.31,43.37,13868008.0,0.0105828433915788,7.85,-0.23,-0.0293
2010-08-04,43.31,43.6,41.72,43.31,18412764.0,0.0140510012554146,7.62,-0.01,-0.0013
2010-08-05,43.09,43.2,42.46,42.74,9653739.0,0.0073668841249714,7.61,-0.1,-0.0131
2010-08-06,42.86,44.0,42.06,43.83,13623206.0,0.010396032046507,7.51,0.19,0.0253
2010-08-09,43.6,44.51,43.54,44.28,15346507.0,0.0117111037280024,7.7,0.08,0.0104
2010-08-10,44.39,44.68,42.23,42.29,14514385.0,0.0110761014400972,7.78,-0.35,-0.045
2010-08-11,42.29,42.92,42.12,42.63,6632026.0,0.0050609786587142,7.43,0.06,0.0081
2010-08-12,42.17,42.69,41.43,41.55,9936206.0,0.0075824380837151,7.49,-0.19,-0.0254
2010-08-13,41.55,43.09,41.55,42.91,11576172.0,0.0088339158262657,7.3,0.24,0.0329
2010-08-16,42.69,47.19,42.46,47.19,58004852.0,0.0442641989150645,7.54,0.75,0.0995
2010-08-17,47.13,47.13,45.93,46.33,28752524.0,0.0219413962412345,8.29,-0.15,-0.0181
2010-08-18,46.28,46.85,45.25,46.05,17815276.0,0.0135950509897133,8.14,-0.05,-0.0061
2010-08-19,46.11,46.79,45.71,46.16,18690036.0,0.0142625908472918,8.09,0.02,0.0025
2010-08-20,45.82,47.99,45.54,46.11,26455156.0,0.0201882471403093,8.11,-0.01,-0.0012
2010-08-23,46.28,46.68,45.54,45.82,10055614.0,0.0076735597620197,8.1,-0.05,-0.0062
2010-08-24,45.82,46.51,45.03,46.17,11682427.0,0.0089150002923672,8.05,0.06,0.0075
2010-08-25,45.94,45.94,44.17,44.29,12600328.0,0.0096154615649576,8.11,-0.33,-0.0407
2010-08-26,44.69,45.77,44.12,44.8,9803847.0,0.0074814333418324,7.78,0.09,0.0116
2010-08-27,44.52,44.74,44.06,44.57,5071963.0,0.0038704758547069,7.87,-0.04,-0.0051
2010-08-30,45.09,45.83,44.57,45.37,9081662.0,0.0069303252984316,7.83,0.14,0.0179
2010-08-31,45.09,45.14,44.06,44.63,10125847.0,0.0077271554074736,7.97,-0.13,-0.0163
2010-09-01,44.63,45.83,44.18,44.97,11564211.0,0.0088247882435727,7.84,0.06,0.0077
2010-09-02,45.49,46.85,44.98,46.51,23025808.0,0.0175712705118545,7.9,0.27,0.0342
2010-09-03,46.57,46.68,45.38,45.94,11987678.0,0.009147940995035,8.17,-0.1,-0.0122
2010-09-06,46.23,47.25,45.66,46.8,16531785.0,0.0126156035991796,8.07,0.15,0.0186
2010-09-07,46.85,47.76,46.46,46.97,15743795.0,0.0120142789702833,8.22,0.03,0.0036
2010-09-09,46.74,48.22,45.83,46.97,23332908.0,0.0178056222086197,8.25,0.0,0.0
2010-09-10,46.8,46.97,45.15,46.11,10096833.0,0.0077050144757577,8.25,-0.15,-0.0182
2010-09-13,46.29,47.31,45.66,47.2,12686304.0,0.0096810708827078,8.1,0.19,0.0235
2010-09-14,47.25,47.77,46.17,46.29,12605237.0,0.0096192076817906,8.29,-0.16,-0.0193
2010-09-15,46.17,46.17,45.09,45.32,11302705.0,0.0086252298755679,8.13,-0.17,-0.0209
2010-09-16,45.43,45.49,43.21,43.84,10469695.0,0.0079895499442022,7.96,-0.26,-0.0327
2010-09-17,43.84,44.41,43.44,43.67,5226424.0,0.0039883468981261,7.7,-0.03,-0.0039
2010-09-20,43.55,44.12,43.1,43.38,5018939.0,0.0038300126037486,7.67,-0.05,-0.0065
2010-09-21,43.5,44.07,42.99,43.16,4527226.0,0.0034547805103864,7.62,-0.04,-0.0052
2010-09-27,43.33,43.96,43.16,43.9,5363991.0,0.0040933259273313,7.58,0.13,0.0172
2010-09-28,43.84,43.9,42.7,42.76,5696992.0,0.0043474429881405,7.71,-0.2,-0.0259
2010-09-29,42.42,43.62,42.42,42.76,6082455.0,0.0046415944309612,7.51,0.0,0.0
2010-09-30,42.42,43.79,42.36,43.33,5635913.0,0.0043008328699812,7.51,0.1,0.0133
2010-10-08,43.84,46.23,43.61,45.49,18239444.0,0.0139187386826912,7.61,0.38,0.0499
2010-10-11,45.49,49.48,45.49,47.71,35656096.0,0.0272095949124848,7.99,0.39,0.0488
2010-10-12,47.77,49.37,47.32,48.97,27944424.0,0.0213247254299158,8.38,0.22,0.0263
2010-10-13,49.31,49.65,48.11,48.62,16027053.0,0.012230436550623,8.6,-0.06,-0.007
2010-10-14,48.85,51.13,48.51,48.74,29028448.0,0.0221519571581289,8.54,0.02,0.0023
2010-10-15,48.4,51.19,47.83,51.13,37601256.0,0.028693969860319,8.56,0.42,0.0491
2010-10-18,51.3,52.55,49.82,51.24,34543752.0,0.0263607518522874,8.98,0.02,0.0022
2010-10-19,51.3,52.55,50.39,52.44,26299176.0,0.0200692169297543,9.0,0.21,0.0233
2010-10-20,51.13,52.38,50.16,51.75,24692678.0,0.0188432790197902,9.21,-0.12,-0.013
2010-10-21,51.58,52.1,49.19,51.24,26852128.0,0.0204911812391966,9.09,-0.09,-0.0099
2010-10-22,50.73,51.64,49.76,50.56,17060118.0,0.0130187808541684,9.0,-0.12,-0.0133
2010-10-25,50.68,51.87,49.76,51.81,21926240.0,0.0167321769706342,8.88,0.22,0.0248
2010-10-26,51.99,53.52,51.3,52.21,27047918.0,0.0206405909386745,9.1,0.07,0.0077
2010-10-27,52.27,53.52,50.96,51.36,18867144.0,0.0143977440882905,9.17,-0.15,-0.0164
2010-10-28,50.9,51.58,49.53,50.79,19390232.0,0.0147969188208126,9.02,-0.1,-0.0111
2010-10-29,50.45,51.07,49.54,50.67,14166199.0,0.0108103965234906,8.92,-0.02,-0.0022
2010-11-01,50.39,52.95,50.39,52.38,31709160.0,0.024197640667536,8.9,0.3,0.0337
2010-11-02,52.78,56.59,51.98,54.03,48088888.0,0.0366972077445566,9.2,0.29,0.0315
2010-11-03,53.52,55.11,52.67,53.29,26840236.0,0.0204821063112319,9.49,-0.13,-0.0137
2010-11-04,53.18,56.42,52.55,55.74,42033128.0,0.0320759845885715,9.36,0.43,0.0459
2010-11-05,56.19,56.37,54.94,55.17,21869590.0,0.0166889466755454,9.79,-0.1,-0.0102
2010-11-08,55.23,56.59,54.94,55.74,17100696.0,0.0130497464131112,9.69,0.1,0.0103
2010-11-09,55.39,55.57,52.89,53.17,27738570.0,0.0211676357712186,9.79,-0.45,-0.046
2010-11-10,53.17,53.86,52.04,52.78,23345136.0,0.017814953542218,9.34,-0.07,-0.0075
2010-11-11,52.55,53.46,52.26,52.37,21408940.0,0.0163374191303976,9.27,-0.07,-0.0076
2010-11-12,51.92,51.92,47.14,47.31,29976472.0,0.0228754056536488,9.2,-0.89,-0.0967
2010-11-15,47.37,48.11,46.68,47.88,15950605.0,0.0121720981640574,8.31,0.1,0.012
2010-11-16,47.82,47.94,44.98,45.37,19298316.0,0.0147267766177521,8.41,-0.44,-0.0523
2010-11-18,45.26,45.94,44.41,45.15,12994847.0,0.0099165237500964,7.97,-0.04,-0.005
2010-11-19,45.43,45.83,43.21,45.66,15687992.0,0.0119716950310629,7.93,0.09,0.0113
2010-11-22,44.97,45.37,44.23,44.69,18093462.0,0.0138073380659632,8.02,-0.17,-0.0212
2010-11-23,44.29,44.69,42.58,43.09,15870194.0,0.0121107355646156,7.85,-0.28,-0.0357
2010-11-24,42.87,44.4,42.75,44.35,11465332.0,0.0087493324916207,7.57,0.22,0.0291
2010-11-25,44.41,45.03,44.01,44.86,11217715.0,0.0085603729862547,7.79,0.09,0.0116
2010-11-26,44.75,44.81,43.67,43.95,8928088.0,0.0068131311353609,7.88,-0.16,-0.0203
2010-11-29,43.84,44.98,43.38,44.92,9022250.0,0.0068849872879848,7.72,0.17,0.022
2010-11-30,44.75,44.86,42.58,43.55,10391639.0,0.0079299844735323,7.89,-0.24,-0.0304
2010-12-01,43.1,43.95,43.1,43.55,4720186.0,0.0036020306028899,7.65,0.0,0.0
2010-12-02,44.01,44.81,43.84,44.12,9273610.0,0.0070768031215859,7.65,0.1,0.0131
2010-12-03,44.13,45.32,43.78,44.98,9590218.0,0.0073184104872956,7.75,0.15,0.0194
2010-12-06,44.98,45.15,44.3,44.98,6316479.0,0.0048201809548419,7.9,0.0,0.0
2010-12-07,44.64,45.55,43.9,45.09,6280460.0,0.0047926944235304,7.9,0.02,0.0025
2010-12-08,45.09,45.26,44.41,44.58,6100673.0,0.00465549680547,7.92,-0.09,-0.0114
2010-12-09,44.52,44.52,43.66,43.72,4067046.0,0.003103611627881,7.83,-0.15,-0.0192
2010-12-10,43.55,44.23,43.27,44.12,4077058.0,0.003111251905276,7.68,0.07,0.0091
2010-12-13,44.29,45.32,44.01,45.32,9334247.0,0.007123075944239,7.75,0.21,0.0271
2010-12-14,45.54,46.62,45.37,46.17,13530180.0,0.0103250427891209,7.96,0.15,0.0188
2010-12-15,46.34,47.08,45.71,46.17,18426688.0,0.0140616268269736,8.11,0.0,0.0
2010-12-16,45.99,46.51,45.99,46.05,5210233.0,0.0039759913516516,8.11,-0.02,-0.0025
2010-12-17,45.94,46.96,45.82,46.51,8802125.0,0.0067170072578628,8.09,0.08,0.0099
2010-12-20,46.68,46.79,44.4,45.26,7758421.0,0.0059205442056953,8.17,-0.22,-0.0269
2010-12-21,47.82,48.96,46.51,47.53,22971008.0,0.0175294519739752,7.95,0.4,0.0503
2010-12-22,47.13,51.0,46.74,49.41,31336230.0,0.0239130533074752,8.35,0.33,0.0395
2010-12-23,49.41,51.41,49.07,50.89,33836656.0,0.0258211584059315,8.68,0.26,0.03
2010-12-24,50.38,50.95,49.07,50.5,13940884.0,0.0106384559420622,8.94,-0.07,-0.0078
2010-12-27,50.38,50.66,47.99,48.9,11628721.0,0.0088740165990215,8.87,-0.28,-0.0316
2010-12-28,48.56,48.56,46.74,47.76,11911874.0,0.0090900940526007,8.59,-0.2,-0.0233
2010-12-29,47.47,49.69,47.47,49.58,17487550.0,0.0133449593447309,8.39,0.32,0.0381
2010-12-30,49.58,49.58,47.36,48.44,18926994.0,0.0144434163417955,8.71,-0.2,-0.023
2010-12-31,48.15,48.72,46.45,47.47,17904776.0,0.0136633495141695,8.51,-0.17,-0.02
2011-01-04,47.81,49.69,47.07,48.67,24993300.0,0.0190726872769864,8.34,0.21,0.0252
2011-01-13,49.22,50.15,47.98,49.04,27588804.0,0.0210533475386633,7.86,0.06,0.0076
2011-01-14,48.29,48.42,46.62,47.55,13611147.0,0.0103868296788376,7.92,-0.24,-0.0303
2011-01-17,47.06,47.06,44.21,44.58,10831705.0,0.0082658041211673,7.68,-0.48,-0.0625
2011-01-18,44.27,46.01,43.1,45.88,13971246.0,0.0082648264138122,7.2,0.21,0.0292
2011-01-19,45.2,47.3,44.95,46.56,10868638.0,0.0064294484847352,7.41,0.11,0.0148
2011-01-20,46.19,47.18,45.38,45.82,8523714.0,0.0050422858928245,7.52,-0.12,-0.016
2011-01-21,45.44,48.41,45.32,47.79,15731577.0,0.0093061673325715,7.4,0.32,0.0432
2011-01-24,47.73,50.52,47.05,47.86,25096156.0,0.0148458750918817,7.72,0.01,0.0013
2011-01-25,48.23,49.16,47.36,48.11,9814858.0,0.0058060746798257,7.73,0.04,0.0052
2011-01-26,48.1,50.21,47.67,49.84,13933356.0,0.0082424122159075,7.77,0.28,0.036
2011-01-27,49.9,51.57,49.22,50.89,25173244.0,0.0148914772478088,8.05,0.17,0.0211
2011-01-28,50.21,52.0,50.21,51.07,14321600.0,0.0084720817290063,8.22,0.03,0.0036
2011-01-31,51.01,52.99,50.21,52.44,15867116.0,0.009386346745868,8.25,0.22,0.0267
2011-02-01,52.62,53.61,51.38,52.13,12406523.0,0.0073391993093507,8.47,-0.05,-0.0059
2011-02-09,51.38,54.05,51.14,53.24,17986238.0,0.0106399339692045,8.42,0.18,0.0214
2011-02-10,53.12,55.41,52.75,54.23,19688382.0,0.0116468538023613,8.6,0.16,0.0186
2011-02-11,54.11,54.79,53.12,53.31,16247989.0,0.0096116558722486,8.76,-0.15,-0.0171
2011-02-14,53.12,53.86,52.56,53.24,18826872.0,0.0111372191853941,8.61,-0.01,-0.0012
2011-02-16,54.05,55.29,53.24,54.48,30320168.0,0.017936190183583,8.6,0.2,0.0233
2011-02-17,54.98,56.21,54.11,55.72,31389914.0,0.0185690088310301,8.8,0.2,0.0227
2011-02-18,55.66,56.09,54.67,55.6,17952208.0,0.0106198031918306,9.0,-0.02,-0.0022
2011-02-21,55.35,56.15,54.85,55.91,15736712.0,0.0093092049917491,8.98,0.05,0.0056
2011-02-22,56.34,56.84,53.31,54.17,35465076.0,0.0209797105349557,9.03,-0.28,-0.031
2011-02-23,53.93,54.61,52.32,52.69,21990044.0,0.0130084243375353,8.75,-0.24,-0.0274
2011-02-24,52.19,53.0,51.2,52.32,19588052.0,0.011587502615352,8.51,-0.06,-0.0071
2011-02-25,52.75,52.93,50.27,51.01,34242896.0,0.0202567180726919,8.45,-0.21,-0.0249
2011-02-28,50.45,53.67,50.45,53.36,27612072.0,0.0163341896639487,8.24,0.38,0.0461
2011-03-01,53.18,53.68,51.7,52.19,17868952.0,0.010570552295532,8.62,-0.19,-0.022
2011-03-02,52.0,54.05,51.38,52.93,27843026.0,0.0164708127482159,8.43,0.12,0.0142
2011-03-03,52.74,53.86,51.38,51.81,21638924.0,0.0128007158875933,8.55,-0.18,-0.0211
2011-03-04,51.69,53.74,51.69,53.55,18248528.0,0.0107950941689518,8.37,0.28,0.0335
2011-03-07,53.74,54.79,52.93,54.79,26573416.0,0.0157197626082899,8.65,0.2,0.0231
2011-03-08,54.48,54.91,53.55,54.6,18215460.0,0.0107755324720314,8.85,-0.03,-0.0034
2011-03-09,54.66,56.02,54.04,55.72,30321656.0,0.0179370704244508,8.82,0.18,0.0204
2011-03-10,56.03,56.03,54.17,54.36,18845300.0,0.0111481204479697,9.0,-0.22,-0.0244
2011-03-11,53.86,54.54,53.37,53.49,15355518.0,0.0090837059746975,8.78,-0.14,-0.0159
2011-03-14,53.06,53.37,51.7,52.5,16035492.0,0.0094859512057889,8.64,-0.16,-0.0185
2011-03-15,52.38,52.38,50.09,50.52,24719548.0,0.0146230889677197,8.48,-0.32,-0.0377
2011-03-16,50.83,51.7,50.65,51.27,29992882.0,0.0177425809680792,8.16,0.12,0.0147
2011-03-17,50.71,50.9,49.84,50.15,14143006.0,0.0083664327118357,8.28,-0.18,-0.0217
2011-03-18,50.46,50.96,49.91,50.15,9888699.0,0.0058497560413322,8.1,0.0,0.0
2011-03-21,50.15,50.89,50.09,50.4,8663581.0,0.0051250255766022,8.1,0.04,0.0049
2011-03-22,50.4,50.77,50.02,50.71,6985333.0,0.0041322416545864,8.14,0.05,0.0061
2011-03-23,50.89,51.64,50.52,51.45,10858762.0,0.0064236062409108,8.19,0.12,0.0147
2011-03-24,51.51,51.7,50.65,51.02,7937675.0,0.0046956088243136,8.31,-0.07,-0.0084
2011-03-25,51.27,51.39,50.71,51.33,9580795.0,0.0056676124363796,8.24,0.05,0.0061
2011-03-28,51.33,51.52,50.28,50.34,13221617.0,0.0078213760902147,8.29,-0.16,-0.0193
2011-03-29,50.34,50.65,49.72,49.85,12117504.0,0.0071682273097671,8.13,-0.08,-0.0098
2011-03-30,49.91,50.47,48.98,49.04,13074105.0,0.0077341139323546,8.05,-0.13,-0.0161
2011-03-31,49.05,49.42,48.49,49.11,10302342.0,0.0060944505798356,7.92,0.01,0.0013
2011-04-01,49.11,49.23,48.3,48.98,8651985.0,0.0051181658500542,7.93,-0.02,-0.0025
2011-04-06,48.74,50.72,48.31,50.6,15525982.0,0.00918454561132,7.91,0.26,0.0329
2011-04-07,50.16,50.53,49.73,49.85,10202067.0,0.0060351319286112,8.17,-0.12,-0.0147
2011-04-08,50.04,50.47,49.73,50.16,8687383.0,0.0051391058811292,8.05,0.05,0.0062
2011-04-11,50.28,50.35,48.92,49.11,14281244.0,0.0084482087448247,8.1,-0.17,-0.021
2011-04-12,48.92,50.66,48.86,50.1,14038830.0,0.0083048063861318,7.93,0.16,0.0202
2011-04-13,50.1,50.72,49.73,50.66,12975364.0,0.0076757027337453,8.09,0.09,0.0111
2011-04-14,50.72,50.9,50.04,50.72,12185910.0,0.0072086935441791,8.18,0.01,0.0012
2011-04-15,50.53,50.72,49.54,50.1,10114353.0,0.0059832438590674,8.19,-0.1,-0.0122
2011-04-18,49.97,50.47,49.54,50.28,9095557.0,0.0053805651795075,8.09,0.03,0.0037
2011-04-19,50.1,50.1,49.11,49.17,9000841.0,0.0053245350087833,8.12,-0.18,-0.0222
2011-04-20,49.35,49.72,49.29,49.48,4748067.0,0.0028087651993351,7.94,0.05,0.0063
2011-04-21,49.79,49.85,49.17,49.23,10576721.0,0.0062567621450744,7.99,-0.04,-0.005
2011-04-22,49.48,50.71,49.48,50.34,17113424.0,0.0101236123611285,7.95,0.18,0.0226
2011-04-25,50.09,50.15,48.42,48.98,14962417.0,0.008851163256024,8.13,-0.22,-0.0271
2011-04-26,48.86,49.23,47.37,47.49,13701013.0,0.008104967455185,7.91,-0.24,-0.0303
2011-04-27,47.74,48.18,46.75,47.06,6940697.0,0.0041058367947903,7.67,-0.07,-0.0091
2011-04-28,47.18,47.62,44.77,45.2,16285208.0,0.0096336731335792,7.6,-0.3,-0.0395
2011-04-29,45.26,46.56,44.58,46.19,9040825.0,0.005348187932748,7.3,0.16,0.0219
2011-05-03,46.19,46.69,45.51,46.56,4411638.0,0.0026097473532838,7.46,0.06,0.008
2011-05-04,46.44,47.31,46.25,46.32,11502950.0,0.0068046819157547,7.52,-0.04,-0.0053
2011-05-05,47.31,49.53,47.18,48.36,23693942.0,0.0140163817664462,7.48,0.33,0.0441
2011-05-06,48.29,49.59,47.8,48.54,18424614.0,0.0108992595543371,7.81,0.03,0.0038
2011-05-09,48.98,49.22,48.42,48.61,10339968.0,0.0061167086059735,7.84,0.01,0.0013
2011-05-10,48.61,48.98,47.99,48.85,7817556.0,0.0046245512619458,7.85,0.04,0.0051
2011-05-11,48.85,48.92,48.11,48.3,5719313.0,0.003383315214066,7.89,-0.09,-0.0114
2011-05-12,48.05,48.73,46.94,47.06,7376305.0,0.0043635249426096,7.8,-0.2,-0.0256
2011-05-13,47.12,47.5,46.32,46.88,8185083.0,0.0048419654322631,7.6,-0.03,-0.0039
2011-05-16,46.88,47.5,45.95,46.2,12249812.0,0.0072464953935986,7.57,-0.11,-0.0145
2011-05-17,46.13,46.81,46.01,46.69,6611053.0,0.0039108326814596,7.46,0.08,0.0107
2011-05-18,46.57,47.56,46.26,47.37,8854605.0,0.0052380276811297,7.54,0.11,0.0146
2011-05-19,47.06,47.43,46.69,46.75,5209613.0,0.0030817972232497,7.65,-0.1,-0.0131
2011-05-20,46.81,47.12,46.32,46.69,3551127.0,0.00210070370448,7.55,-0.01,-0.0013
2011-05-23,46.75,46.75,44.21,44.65,13818323.0,0.0081743633262909,7.54,-0.33,-0.0438
2011-05-24,44.58,44.89,44.21,44.58,6249335.0,0.0036968548815732,7.21,-0.01,-0.0014
2011-05-25,44.59,44.71,44.09,44.21,5364376.0,0.0031733487806613,7.2,-0.06,-0.0083
2011-05-26,44.83,45.08,44.15,44.15,3410680.0,0.0020176209160629,7.14,-0.01,-0.0014
2011-05-27,44.09,44.77,43.84,43.97,6046680.0,0.0035769723459074,7.13,-0.03,-0.0042
2011-05-30,43.96,44.27,43.22,43.47,10391068.0,0.0061469373078191,7.1,-0.08,-0.0113
2011-05-31,43.53,44.58,42.97,44.52,8099480.0,0.0047913261452946,7.02,0.17,0.0242
2011-06-01,44.27,44.52,43.96,44.33,5665855.0,0.0033516916143935,7.19,-0.03,-0.0042
2011-06-02,43.9,43.9,43.04,43.35,7919548.0,0.0046848856212147,7.16,-0.16,-0.0223
2011-06-03,43.22,43.84,43.16,43.65,4453729.0,0.0026346466935849,7.0,0.05,0.0071
2011-06-07,43.59,43.9,43.47,43.9,3940088.0,0.0023307973659002,7.05,0.04,0.0057
2011-06-08,43.96,44.21,43.1,44.09,6056689.0,0.003582893267175,7.09,0.03,0.0042
2011-06-09,44.27,44.77,44.09,44.09,10335407.0,0.0061140105020768,7.12,0.0,0.0
2011-06-10,43.84,44.09,43.22,43.96,6368442.0,0.0037673137855013,7.12,-0.02,-0.0028
2011-06-13,43.65,43.9,43.1,43.78,3229995.0,0.0019107349475115,7.1,-0.03,-0.0042
2011-06-14,43.84,44.71,43.65,44.27,5541125.0,0.003277906370143,7.07,0.08,0.0113
2011-06-15,44.21,44.64,43.72,43.78,5200687.0,0.0030765169611622,7.15,-0.08,-0.0112
2011-06-16,43.72,44.27,43.28,43.34,6908536.0,0.0040868116425387,7.07,-0.07,-0.0099
2011-06-17,43.22,43.59,42.97,43.04,3694089.0,0.0021852742656004,7.0,-0.05,-0.0071
2011-06-20,42.97,43.1,42.6,42.79,3310723.0,0.0019584903808304,6.95,-0.04,-0.0058
2011-06-21,43.04,43.47,42.42,43.41,4906655.0,0.0029025794726872,6.91,0.1,0.0145
2011-06-22,43.35,43.41,42.73,42.91,2963164.0,0.0017528884750621,7.01,-0.08,-0.0114
2011-06-23,42.85,43.84,42.42,43.47,4522019.0,0.002675044307069,6.93,0.09,0.013
2011-06-24,43.35,44.89,43.35,44.46,10203079.0,0.0060357305870509,7.02,0.16,0.0228
2011-06-27,44.58,45.2,44.28,44.46,9494268.0,0.0056164265482271,7.18,0.0,0.0
2011-06-28,44.52,44.83,43.72,44.65,6614939.0,0.0039131314825432,7.18,0.03,0.0042
2011-06-30,43.97,44.96,43.84,44.71,7762235.0,0.0045918255865094,7.21,0.01,0.0014
2011-07-01,44.71,44.9,43.97,44.46,7103910.0,0.0042023870318613,7.22,-0.04,-0.0055
2011-07-04,44.77,45.52,44.28,45.39,12736263.0,0.0075342602124147,7.18,0.15,0.0209
2011-07-05,45.39,45.46,44.78,45.09,8829370.0,0.0052230996715197,7.33,-0.05,-0.0068
2011-07-06,44.96,44.96,44.41,44.72,7875906.0,0.0046590687717832,7.28,-0.06,-0.0082
2011-07-07,44.84,45.15,44.53,44.72,7651024.0,0.0045260376381541,7.22,0.0,0.0
2011-07-08,44.84,44.96,44.28,44.78,6797658.0,0.0040212206835712,7.22,0.01,0.0014
2011-07-11,44.47,45.4,44.28,45.21,11326874.0,0.0067005224459667,7.23,0.07,0.0097
2011-07-12,44.9,44.96,44.28,44.59,6806984.0,0.0040267375695479,7.3,-0.1,-0.0137
2011-07-13,44.53,45.09,44.34,45.03,6398945.0,0.0037853581317322,7.2,0.07,0.0097
2011-07-14,45.09,46.14,44.72,45.83,14373574.0,0.0085028274540498,7.27,0.13,0.0179
2011-07-15,45.52,45.83,45.27,45.77,7445276.0,0.0044043254082651,7.4,-0.01,-0.0014
2011-07-18,45.83,45.83,44.96,45.03,9928219.0,0.0058731344815854,7.39,-0.12,-0.0162
2011-07-19,44.84,44.84,44.41,44.53,5313688.0,0.0031433638014216,7.27,-0.08,-0.011
2011-07-20,44.84,44.9,44.1,44.34,5814612.0,0.0034396902641088,7.19,-0.03,-0.0042
2011-07-21,44.34,44.59,44.03,44.22,4180155.0,0.0024728113339232,7.16,-0.02,-0.0028
2011-07-22,44.28,44.41,43.97,44.1,4057192.0,0.0024000713757031,7.14,-0.02,-0.0028
2011-07-25,43.97,44.1,42.61,42.79,7287516.0,0.0043110009463636,7.12,-0.21,-0.0295
2011-07-26,42.79,43.54,42.48,43.23,4345110.0,0.0025703920680317,6.91,0.07,0.0101
2011-07-27,43.1,43.35,42.73,43.29,3862543.0,0.0022849248671797,6.98,0.01,0.0014
2011-07-28,42.85,43.04,42.36,42.48,5500147.0,0.0032536654358136,6.99,-0.13,-0.0186
2011-07-29,42.48,42.73,41.31,41.62,6973326.0,0.0041251387969923,6.86,-0.14,-0.0204
2011-08-01,41.61,41.92,41.37,41.49,5003565.0,0.0029599075254437,6.72,-0.02,-0.003
2011-08-02,41.37,41.37,40.13,40.87,7413032.0,0.0043852511565564,6.7,-0.1,-0.0149
2011-08-03,40.44,40.81,39.7,40.75,8646471.0,0.0051149039897416,6.6,-0.02,-0.003
2011-08-04,40.5,40.87,40.32,40.69,4698429.0,0.0027794013578045,6.58,-0.01,-0.0015
2011-08-05,39.7,39.76,39.02,39.26,6592504.0,0.0038998598401576,6.57,-0.23,-0.035
2011-08-08,38.64,38.71,36.91,37.59,9385522.0,0.005552096794589,6.34,-0.27,-0.0426
2011-08-09,36.66,37.28,35.55,37.1,6817723.0,0.0040330903294133,6.07,-0.08,-0.0132
2011-08-10,37.65,37.78,36.97,37.03,6850035.0,0.0040522048071831,5.99,-0.01,-0.0017
2011-08-11,36.17,37.9,35.98,37.9,7609273.0,0.0045013394281589,5.98,0.14,0.0234
2011-08-12,38.02,39.57,37.65,39.51,16089973.0,0.009518179971058,6.12,0.26,0.0425
2011-08-15,39.01,39.32,38.39,39.08,9332993.0,0.0055210227538993,6.38,-0.07,-0.011
2011-08-16,38.83,39.02,38.27,38.46,6032203.0,0.0035684083357974,6.31,-0.1,-0.0158
2011-08-17,38.4,38.64,38.09,38.46,4192036.0,0.0024798396549922,6.21,0.0,0.0
2011-08-18,38.21,38.4,37.65,37.65,3825771.0,0.0022631720330453,6.21,-0.13,-0.0209
2011-08-19,36.66,37.16,36.6,36.97,5173657.0,0.0030605271018493,6.08,-0.11,-0.0181
2011-08-22,36.79,37.41,36.54,36.79,3707827.0,0.0021934011130751,5.97,-0.03,-0.005
2011-08-23,36.97,37.78,36.91,37.66,5173145.0,0.0030602242232711,5.94,0.14,0.0236
2011-08-24,38.16,38.59,37.53,37.72,4284376.0,0.0025344642798146,6.04,0.01,0.0017
2011-08-25,38.16,39.65,38.03,39.4,11782975.0,0.0069703334271896,6.05,0.27,0.0446
2011-08-26,38.97,39.21,38.72,38.97,6573070.0,0.0038883634685007,6.32,-0.07,-0.0111
2011-08-29,38.59,38.78,38.03,38.09,4481064.0,0.0026508169786132,6.25,-0.14,-0.0224
2011-08-30,38.34,39.34,38.09,38.15,6078910.0,0.0035960383157799,6.11,0.01,0.0016
2011-08-31,38.03,38.28,37.72,37.97,2694261.0,0.0015938162908665,6.12,-0.03,-0.0049
2011-09-01,38.53,38.53,37.53,37.72,2991558.0,0.0017696852218371,6.09,-0.04,-0.0066
2011-09-02,37.59,37.72,36.66,37.09,4493190.0,0.0026579902318144,6.05,-0.1,-0.0165
2011-09-05,36.84,36.91,36.22,36.41,4046154.0,0.0023935417394806,5.95,-0.11,-0.0185
2011-09-06,36.16,36.53,36.03,36.35,3448422.0,0.0020399475631286,5.84,-0.01,-0.0017
2011-09-07,36.34,36.97,36.03,36.91,4608245.0,0.0027260521357449,5.83,0.09,0.0154
2011-09-08,37.09,37.15,36.03,36.09,4351670.0,0.0025742726998146,5.92,-0.13,-0.022
2011-09-09,36.28,36.66,35.97,36.03,3544848.0,0.0020969893009792,5.79,-0.01,-0.0017
2011-09-13,35.47,35.72,35.16,35.35,3069627.0,0.0018158676978525,5.78,-0.11,-0.019
2011-09-14,35.47,36.09,34.97,35.97,3245732.0,0.0019200443228725,5.67,0.1,0.0176
2011-09-15,35.91,36.22,35.78,35.97,3339242.0,0.0019753610725708,5.77,0.0,0.0
2011-09-16,36.34,36.34,35.6,35.91,2552500.0,0.0015099561929734,5.77,-0.01,-0.0017
2011-09-19,35.72,35.72,34.91,35.41,3221029.0,0.0019054310230351,5.76,-0.08,-0.0139
2011-09-20,35.1,35.53,34.97,35.41,2112572.0,0.0012497125071507,5.68,0.0,0.0
2011-09-21,35.41,36.78,35.04,36.53,6163693.0,0.0036461925237755,5.68,0.18,0.0317
2011-09-22,36.22,36.28,35.04,35.53,5534398.0,0.0032739269478863,5.86,-0.16,-0.0273
2011-09-23,35.04,35.53,34.91,35.29,3815748.0,0.0022572428299416,5.7,-0.04,-0.007
2011-09-26,35.04,35.47,34.66,34.72,3278985.0,0.0019397154583416,5.66,-0.09,-0.0159
2011-09-27,34.85,35.22,34.66,34.91,3749188.0,0.0022178686147783,5.57,0.03,0.0054
2011-09-28,35.04,35.22,34.35,34.54,3131880.0,0.0018526940652888,5.6,-0.06,-0.0107
2011-09-29,34.29,34.41,33.35,33.48,4208554.0,0.0024896110384968,5.54,-0.17,-0.0307
2011-09-30,33.48,33.73,32.98,33.35,2311847.0,0.0013675955709528,5.37,-0.02,-0.0037
2011-10-10,33.48,33.91,33.48,33.54,3619916.0,0.0021413965062659,5.35,0.03,0.0056
2011-10-11,34.41,34.79,33.42,33.66,3711642.0,0.0021956579134183,5.38,0.02,0.0037
2011-10-12,33.29,35.1,32.92,34.85,8798632.0,0.0052049163087539,5.4,0.19,0.0352
2011-10-13,34.6,36.35,34.6,35.78,10213168.0,0.0060416988330963,5.59,0.15,0.0268
2011-10-14,35.6,35.6,34.79,35.53,5607404.0,0.0033171143570241,5.74,-0.04,-0.007
2011-10-17,35.22,35.97,35.03,35.22,3532929.0,0.0020899385006407,5.7,-0.05,-0.0088
2011-10-18,34.97,34.97,33.97,34.1,3145169.0,0.0018605553024478,5.65,-0.18,-0.0319
2011-10-19,34.16,34.6,33.29,33.41,4875204.0,0.0028839743278389,5.47,-0.11,-0.0201
2011-10-20,33.1,33.47,32.23,32.35,4607142.0,0.0027253996453704,5.36,-0.17,-0.0317
2011-10-21,32.29,32.79,32.1,32.48,3291966.0,0.001947394495106,5.19,0.02,0.0039
2011-10-24,32.6,33.29,32.1,33.23,4043191.0,0.0023917889480213,5.21,0.12,0.023
2011-10-25,33.1,34.1,32.92,33.85,5606739.0,0.0033167209698083,5.33,0.1,0.0188
2011-10-26,33.73,34.47,33.29,34.04,6552159.0,0.0038759933631329,5.43,0.03,0.0055
2011-10-27,34.1,34.6,33.79,33.85,5130998.0,0.0030352917556256,5.46,-0.03,-0.0055
2011-10-28,34.54,35.6,34.35,35.28,12959039.0,0.0076660455212672,5.43,0.23,0.0424
2011-10-31,35.16,35.6,34.79,35.35,5418022.0,0.0032050835935617,5.66,0.01,0.0018
2011-11-01,34.91,35.28,34.6,34.79,5212700.0,0.0030836233681146,5.67,-0.09,-0.0159
2011-11-02,34.35,35.16,33.85,35.1,8586115.0,0.0050791998110998,5.58,0.05,0.009
2011-11-03,35.16,35.97,34.85,35.6,14407948.0,0.0085231617279685,5.63,0.08,0.0142
2011-11-04,35.6,35.91,35.28,35.53,6953934.0,0.0041136672708437,5.71,-0.01,-0.0018
2011-11-07,35.47,35.53,34.97,35.1,4406836.0,0.0026069066834939,5.7,-0.07,-0.0123
2011-11-08,35.22,35.41,34.79,34.91,3591269.0,0.0021244500948809,5.63,-0.03,-0.0053
2011-11-09,35.22,35.35,34.66,35.16,3750436.0,0.0022186068813126,5.6,0.04,0.0071
2011-11-10,34.66,34.79,34.04,34.1,5173644.0,0.0030605194115729,5.64,-0.17,-0.0301
2011-11-11,34.48,34.48,33.54,33.79,4540311.0,0.0026858651175222,5.47,-0.05,-0.0091
2011-11-14,34.04,34.48,33.91,34.48,3773187.0,0.0022320654565707,5.42,0.11,0.0203
2011-11-15,34.41,34.6,34.16,34.54,3732225.0,0.002207833987197,5.53,0.01,0.0018
2011-11-16,34.6,35.04,33.79,33.85,9685520.0,0.0057295635283715,5.54,-0.11,-0.0199
2011-11-17,33.85,34.1,33.54,33.73,3384655.0,0.0020022255742717,5.43,-0.02,-0.0037
2011-11-18,33.54,33.66,32.92,33.04,4191347.0,0.002479432070343,5.41,-0.11,-0.0203
2011-11-21,32.92,33.1,32.73,33.1,2142506.0,0.0012674202558992,5.3,0.01,0.0019
2011-11-22,32.92,33.29,32.42,33.04,3141436.0,0.0018583470100018,5.31,-0.01,-0.0019
2011-11-23,32.98,32.98,32.29,32.42,3524176.0,0.0020847605783852,5.3,-0.1,-0.0189
2011-11-24,32.23,32.35,31.73,32.17,4199621.0,0.0024843266354912,5.2,-0.04,-0.0077
2011-11-25,31.92,32.1,31.35,31.42,4782517.0,0.0028291444317926,5.16,-0.12,-0.0233
2011-11-28,31.48,31.6,31.17,31.42,2425115.0,0.0014346003576583,5.04,0.0,0.0
2011-11-29,31.73,31.98,31.48,31.92,2661247.0,0.0015742865381712,5.04,0.08,0.0159
2011-11-30,31.73,31.85,29.48,29.86,7808204.0,0.0046190189954163,5.12,-0.33,-0.0645
2011-12-01,30.67,31.04,29.92,30.48,6017816.0,0.0035598975660625,4.79,0.1,0.0209
2011-12-02,30.54,30.61,29.73,30.05,3414446.0,0.0020198487299798,4.89,-0.07,-0.0143
2011-12-05,30.05,30.17,29.42,30.05,3467100.0,0.0020509967156349,4.82,0.0,0.0
2011-12-06,29.8,30.23,29.61,29.92,1981334.0,0.0011720773922228,4.82,-0.02,-0.0041
2011-12-07,30.05,30.61,29.86,30.36,3722275.0,0.0022019479679531,4.8,0.07,0.0146
2011-12-08,30.36,30.61,29.92,30.3,4565558.0,0.0027008002258489,4.87,-0.01,-0.0021
2011-12-09,29.99,30.24,29.8,29.92,1452473.0,0.000859224525554,4.86,-0.06,-0.0123
2011-12-12,29.92,30.11,29.61,29.61,1324640.0,0.000783603671483,4.8,-0.05,-0.0104
2011-12-13,29.49,29.8,29.11,29.11,2985960.0,0.0017663736705077,4.75,-0.08,-0.0168
2011-12-14,29.18,29.18,28.74,28.86,1491772.0,0.0008824722311084,4.67,-0.04,-0.0086
2011-12-15,28.74,28.87,27.68,27.68,2607947.0,0.0015427564049349,4.63,-0.19,-0.041
2011-12-16,27.68,28.18,27.37,28.18,2440230.0,0.0014435417828715,4.44,0.08,0.018
2011-12-19,27.93,27.99,26.62,27.43,7074155.0,0.0041847851723033,4.52,-0.12,-0.0265
2011-12-20,27.18,27.75,27.18,27.31,2683647.0,0.0015875374759665,4.4,-0.02,-0.0045
2011-12-21,27.62,27.75,26.5,26.62,2362237.0,0.0013974042653951,4.38,-0.11,-0.0251
2011-12-22,26.5,26.69,25.63,26.19,3646618.0,0.0021571923339896,4.27,-0.07,-0.0164
2011-12-23,26.06,26.75,25.94,26.12,3151090.0,0.0018640579275677,4.2,-0.01,-0.0024
2011-12-26,26.12,26.31,25.69,25.75,4935100.0,0.0029194063890081,4.19,-0.06,-0.0143
2011-12-27,25.75,25.94,25.13,25.19,4092294.0,0.0024208363051001,4.13,-0.09,-0.0218
2011-12-28,25.0,25.5,25.0,25.44,2561457.0,0.0015152547934124,4.04,0.04,0.0099
2011-12-29,25.37,25.69,25.19,25.37,1904020.0,0.0011263415437983,4.08,-0.01,-0.0025
2011-12-30,25.5,25.75,25.44,25.69,1933910.0,0.001144023263919,4.07,0.05,0.0123
2012-01-04,25.75,25.87,24.88,24.94,3818570.0,0.0022589122114799,4.12,-0.12,-0.0291
2012-01-05,24.81,25.31,24.44,24.75,3474657.0,0.0020554671324617,4.0,-0.03,-0.0075
2012-01-06,24.82,25.06,24.32,25.0,2285585.0,0.0013520600295072,3.97,0.04,0.0101
2012-01-09,24.75,25.75,24.69,25.75,7913759.0,0.0046814610819782,4.01,0.12,0.0299
2012-01-10,25.69,26.69,25.56,26.5,15219359.0,0.0090031597943727,4.13,0.12,0.0291
2012-01-11,26.31,26.69,26.06,26.44,9348670.0,0.0055302966356768,4.25,-0.01,-0.0024
2012-01-12,26.25,27.0,26.19,26.75,10020886.0,0.0059279525464372,4.24,0.05,0.0118
2012-01-13,26.56,26.75,25.75,25.81,6485279.0,0.0038364298488582,4.29,-0.15,-0.035
2012-01-16,25.62,25.69,25.12,25.12,4007460.0,0.0023706519275586,4.14,-0.11,-0.0266
2012-01-17,25.19,27.62,25.13,27.62,14737899.0,0.0087183474501341,4.03,0.4,0.0993
2012-01-18,28.68,29.99,27.56,27.81,33688520.0,0.0199287715596906,4.43,0.03,0.0068
2012-01-19,27.25,27.81,26.69,27.5,17526390.0,0.0103679064136995,4.46,-0.05,-0.0112
2012-01-20,27.37,27.68,26.68,27.43,10553706.0,0.0062431473980494,4.41,-0.01,-0.0023
2012-01-30,27.37,27.74,26.87,27.0,7300121.0,0.0043184575566721,4.4,-0.07,-0.0159
2012-01-31,26.81,27.12,26.31,26.81,6276759.0,0.003713077815417,4.33,-0.03,-0.0069
2012-02-01,26.62,27.5,26.37,26.75,5745045.0,0.0033985372288584,4.3,-0.01,-0.0023
2012-02-02,26.87,27.62,26.62,27.37,10987502.0,0.0064997636396506,4.29,0.1,0.0233
2012-02-03,27.25,27.75,26.94,27.37,10374399.0,0.0061370765987963,4.39,0.0,0.0
2012-02-06,27.5,27.87,27.37,27.62,11780410.0,0.0069688160765,4.39,0.04,0.0091
2012-02-07,27.56,27.75,26.94,27.06,6814399.0,0.004031123984894,4.43,-0.09,-0.0203
2012-02-08,27.12,27.81,26.81,27.75,11348336.0,0.0067132185007418,4.34,0.11,0.0253
2012-02-09,27.68,28.12,27.43,27.75,13829554.0,0.00818100713354,4.45,0.0,0.0
2012-02-10,27.81,28.31,27.62,27.87,10553214.0,0.0062428563506657,4.45,0.02,0.0045
2012-02-13,27.49,28.12,27.49,27.93,6865997.0,0.0040616472834817,4.47,0.01,0.0022
2012-02-14,27.93,28.18,27.62,27.93,6487498.0,0.0038377425198836,4.48,0.0,0.0
2012-02-15,27.87,30.74,27.74,29.86,57876368.0,0.0342373282226879,4.48,0.31,0.0692
2012-02-16,29.3,29.62,28.43,28.99,45897720.0,0.0271512425298185,4.79,-0.14,-0.0292
2012-02-17,28.99,29.62,28.74,29.06,19999856.0,0.0118311092755249,4.65,0.01,0.0022
2012-02-20,29.43,29.55,28.81,29.12,9880542.0,0.0058449306886716,4.66,0.01,0.0021
2012-02-21,29.05,29.43,28.68,29.24,10456206.0,0.0061854703250563,4.67,0.02,0.0043
2012-02-22,29.12,29.62,29.06,29.55,14139152.0,0.0083641528406633,4.69,0.05,0.0107
2012-02-23,29.56,31.12,29.56,29.93,22240704.0,0.013156704697704,4.74,0.06,0.0127
2012-02-24,29.93,30.68,29.62,30.24,15567286.0,0.0092089793941191,4.8,0.05,0.0104
2012-02-27,30.49,31.55,30.43,30.86,27697554.0,0.0163847573721907,4.85,0.1,0.0206
2012-02-28,31.05,32.55,31.05,31.55,27369234.0,0.0161905364839333,4.95,0.11,0.0222
2012-02-29,31.68,31.74,30.87,30.87,9975616.0,0.0059011726377767,5.06,-0.11,-0.0217
2012-03-01,30.62,32.67,30.62,31.8,19232290.0,0.0113770481451759,4.95,0.15,0.0303
2012-03-02,31.86,32.61,31.67,32.36,12482175.0,0.0073839519855155,5.1,0.09,0.0176
2012-03-05,32.42,32.42,31.8,31.8,10796930.0,0.0063870289201179,5.19,-0.09,-0.0173
2012-03-06,31.8,31.99,30.93,31.18,12402313.0,0.0073367088429168,5.1,-0.1,-0.0196
2012-03-07,30.55,31.3,30.55,30.74,8024811.0,0.0047471549723375,5.0,-0.07,-0.014
2012-03-08,30.74,32.3,30.74,31.8,17160898.0,0.0101516960674185,4.93,0.17,0.0345
2012-03-09,32.05,32.3,31.74,31.99,10070610.0,0.005957367262104,5.1,0.03,0.0059
2012-03-12,31.99,32.55,31.36,31.61,9473336.0,0.0056040440201051,5.13,-0.06,-0.0117
2012-03-13,31.62,31.86,31.18,31.68,10393646.0,0.006148462348785,5.07,0.01,0.002
2012-03-14,31.87,32.05,30.24,30.56,16087816.0,0.0095169039767355,5.08,-0.18,-0.0354
2012-03-15,30.49,30.68,29.0,29.56,11280377.0,0.0066730166935261,4.9,-0.16,-0.0327
2012-03-16,29.56,30.06,29.31,29.99,6591727.0,0.0038994001982528,4.74,0.07,0.0148
2012-03-19,29.99,30.31,29.56,30.18,5518064.0,0.0032642644113707,4.81,0.03,0.0062
2012-03-20,29.93,29.93,29.0,29.12,9959171.0,0.0058914444381319,4.84,-0.17,-0.0351
2012-03-21,29.12,30.18,28.87,29.43,16190425.0,0.0095776033283535,4.67,0.05,0.0107
2012-03-22,29.12,29.31,28.75,29.12,10937098.0,0.0064699466633722,4.72,-0.05,-0.0106
2012-03-23,29.0,29.49,28.81,29.0,9243019.0,0.0054677977593815,4.67,-0.02,-0.0043
2012-03-26,29.12,29.31,28.68,28.93,4198616.0,0.0024837321179696,4.65,-0.01,-0.0022
2012-03-27,29.24,29.43,28.93,29.18,4889932.0,0.0028926868194394,4.64,0.04,0.0086
2012-03-28,29.24,30.18,28.49,28.56,17298360.0,0.0102330130500624,4.68,-0.1,-0.0214
2012-03-29,28.06,28.37,27.18,27.62,7812392.0,0.0046214964475362,4.58,-0.15,-0.0328
2012-04-05,27.49,30.36,27.49,29.61,15338661.0,0.0090737340524468,4.43,0.32,0.0722
2012-04-06,29.61,30.24,29.11,29.61,11506736.0,0.006806921560866,4.75,0.0,0.0
2012-04-09,29.43,29.43,29.05,29.12,4368719.0,0.0025843582015321,4.75,-0.08,-0.0168
2012-04-10,28.74,30.43,28.74,30.3,11897567.0,0.0070381214389683,4.67,0.19,0.0407
2012-04-11,29.93,30.68,29.74,30.3,11800789.0,0.0069808714720952,4.86,0.0,0.0
2012-04-12,30.24,30.61,30.05,30.49,8554529.0,0.0050605148056889,4.86,0.03,0.0062
2012-04-13,30.55,30.8,29.99,30.43,9389332.0,0.0055543506371337,4.89,-0.01,-0.002
2012-04-16,30.55,30.55,29.87,30.05,6451105.0,0.0038162138868842,4.88,-0.06,-0.0123
2012-04-17,29.99,30.37,29.8,29.8,6272150.0,0.0037103513166536,4.82,-0.04,-0.0083
2012-04-18,30.05,30.93,29.93,30.55,10361629.0,0.0061295223811335,4.78,0.12,0.0251
2012-04-19,30.55,31.18,30.37,30.68,8407038.0,0.004973265070583,4.9,0.02,0.0041
2012-04-20,30.62,32.05,29.93,31.93,24929648.0,0.0147473756655233,4.92,0.2,0.0407
2012-04-23,31.8,32.18,31.49,31.55,12558614.0,0.0074291702191824,5.12,-0.06,-0.0117
2012-04-24,31.43,32.99,31.18,32.36,24316944.0,0.0143849246569985,5.06,0.13,0.0257
2012-04-25,32.11,32.55,31.99,32.42,11718900.0,0.0069324292379379,5.19,0.01,0.0019
2012-04-26,32.43,32.61,31.8,31.86,7929405.0,0.0046907166254044,5.2,-0.09,-0.0173
2012-04-27,31.8,32.05,31.49,31.74,5071950.0,0.0030003613371015,5.11,-0.02,-0.0039
2012-05-02,32.18,32.36,31.68,32.18,7320021.0,0.0043302295951599,5.09,0.07,0.0138
2012-05-03,32.11,32.18,31.49,31.93,6127201.0,0.0036246053263636,5.16,-0.04,-0.0078
2012-05-04,31.86,32.11,31.49,31.74,5788756.0,0.0034243948959107,5.12,-0.03,-0.0059
2012-05-07,31.43,32.68,31.37,31.99,6489374.0,0.0038388522859239,5.09,0.04,0.0079
2012-05-08,32.24,32.43,31.61,32.11,7434825.0,0.0043981430175999,5.13,0.02,0.0039
2012-05-09,31.87,31.87,30.31,30.56,12547016.0,0.007422309309515,5.15,-0.25,-0.0485
2012-05-10,30.81,30.81,30.43,30.56,5374613.0,0.0031794045775458,4.9,0.0,0.0
2012-05-11,30.43,30.74,30.24,30.31,4857171.0,0.002873306731354,4.9,-0.04,-0.0082
2012-05-14,30.56,30.81,30.06,30.06,4066015.0,0.0024052907071392,4.86,-0.04,-0.0082
2012-05-15,29.81,29.93,29.31,29.74,4103470.0,0.0024274475765644,4.82,-0.05,-0.0104
2012-05-16,29.74,29.87,29.25,29.31,3512282.0,0.0020777245670398,4.77,-0.07,-0.0147
2012-05-17,29.31,31.12,29.25,30.37,8178074.0,0.0048378191901646,4.7,0.17,0.0362
2012-05-18,30.24,30.87,29.81,30.06,6659224.0,0.0039393287048765,4.87,-0.05,-0.0103
2012-05-21,29.93,30.18,29.18,29.37,5281926.0,0.0031245746814995,4.82,-0.11,-0.0228
2012-05-22,29.62,29.68,29.18,29.31,6188290.0,0.0036607431182823,4.71,-0.01,-0.0021
2012-05-23,29.37,29.37,29.0,29.18,3855946.0,0.002281022347687,4.7,-0.02,-0.0043
2012-05-24,29.0,29.37,28.93,29.12,2719615.0,0.0016088146960836,4.68,-0.01,-0.0021
2012-05-25,29.12,29.43,29.06,29.12,2344066.0,0.0013866550336683,4.67,0.0,0.0
2012-05-28,29.12,29.43,28.56,29.37,3510347.0,0.0020765798989758,4.67,0.04,0.0086
2012-05-29,29.31,30.74,29.19,30.12,7559434.0,0.004471856683124,4.71,0.12,0.0255
2012-05-30,29.93,29.93,29.62,29.81,3939605.0,0.002330511642554,4.83,-0.05,-0.0104
2012-05-31,29.62,29.87,29.43,29.68,4078408.0,0.0024126219067864,4.78,-0.02,-0.0042
2012-06-01,29.62,29.87,29.37,29.5,2885601.0,0.0017070053282665,4.76,-0.03,-0.0063
2012-06-04,29.0,29.0,27.87,27.87,6549751.0,0.0038745688873199,4.73,-0.26,-0.055
2012-06-05,28.12,28.31,27.5,27.81,4793813.0,0.0028358266904237,4.47,-0.01,-0.0022
2012-06-07,28.06,28.12,27.25,27.5,5168787.0,0.0030576462059983,4.46,-0.05,-0.0112
2012-06-08,27.63,27.75,27.31,27.38,3666361.0,0.0021688714976009,4.41,-0.02,-0.0045
2012-06-11,27.69,27.94,27.0,27.63,7567916.0,0.0044768742926945,4.39,0.04,0.0091
2012-06-12,27.38,27.5,26.88,27.06,7665985.0,0.00453488796317,4.43,-0.09,-0.0203
2012-06-13,27.06,28.19,27.06,27.5,8925192.0,0.0052797841072976,4.34,0.07,0.0161
2012-06-14,27.44,27.56,26.88,27.0,5676817.0,0.0033581762920771,4.41,-0.08,-0.0181
2012-06-15,27.13,27.19,26.69,27.06,3327191.0,0.0019682321863488,4.33,0.01,0.0023
2012-06-18,27.06,27.25,26.82,27.06,5546484.0,0.0032810765386986,4.34,0.0,0.0
2012-06-19,27.0,27.19,26.69,26.82,4457131.0,0.0026366591797625,4.34,-0.04,-0.0092
2012-06-20,27.07,27.13,26.82,26.94,3803930.0,0.0022502517771351,4.3,0.02,0.0047
2012-06-21,26.94,26.94,26.07,26.32,4232170.0,0.0025035813129153,4.32,-0.1,-0.0231
2012-06-25,26.26,26.51,25.7,26.13,4444284.0,0.0026290594120011,4.22,-0.03,-0.0071
2012-06-26,26.01,26.13,25.57,26.01,3886162.0,0.0022988969162774,4.19,-0.02,-0.0048
2012-06-27,26.07,26.13,25.51,25.63,4483385.0,0.0026521899887303,4.17,-0.06,-0.0144
2012-06-28,25.69,25.82,25.01,25.13,7409348.0,0.0043830718505369,4.11,-0.08,-0.0195
2012-06-29,25.01,25.76,24.45,25.38,10425914.0,0.006167550797927,4.03,0.04,0.0099
2012-07-02,25.57,25.82,24.88,25.57,7826722.0,0.0046299734983669,4.07,0.03,0.0074
2012-07-03,25.44,27.13,25.07,26.38,18204024.0,0.0107687673950391,4.1,0.13,0.0317
2012-07-04,26.44,26.44,25.82,26.19,7329941.0,0.0043360978676121,4.23,-0.03,-0.0071
2012-07-05,25.88,26.07,25.32,25.44,4087108.0,0.0024177684763766,4.2,-0.12,-0.0286
2012-07-06,25.57,26.94,25.38,26.19,5963541.0,0.0035277906620964,4.08,0.12,0.0294
2012-07-09,26.19,26.19,25.19,25.57,6134095.0,0.003628683539094,4.2,-0.1,-0.0238
2012-07-10,25.69,25.69,25.32,25.44,2810073.0,0.0016623260055073,4.1,-0.02,-0.0049
2012-07-11,25.44,25.94,25.32,25.63,3434825.0,0.0020319041255749,4.08,0.03,0.0074
2012-07-12,25.45,25.69,25.01,25.38,6649851.0,0.0039337840155928,4.11,-0.04,-0.0097
2012-07-13,25.38,25.63,25.07,25.13,4569799.0,0.0027033090306342,4.07,-0.04,-0.0098
2012-07-16,25.13,25.26,24.32,24.39,5105886.0,0.0030204365078615,4.03,-0.12,-0.0298
2012-07-17,24.45,24.51,24.2,24.39,4741503.0,0.0028048822013133,3.91,0.0,0.0
2012-07-18,24.51,24.51,23.82,24.39,4459649.0,0.0026381487271451,3.89,-0.0,-0.0
2012-07-19,24.39,25.64,24.13,25.08,8606716.0,0.0050913865329534,3.89,0.11,0.0283
2012-07-20,25.01,25.01,24.57,24.57,5224160.0,0.0030904026425403,4.0,-0.08,-0.02
2012-07-23,24.45,24.45,24.01,24.32,1983280.0,0.0011732285674438,3.92,-0.04,-0.0102
2012-07-24,24.39,24.64,24.14,24.45,2085757.0,0.0012338498331783,3.88,0.02,0.0052
2012-07-25,24.39,24.51,24.2,24.32,1881124.0,0.0011127971923804,3.9,-0.02,-0.0051
2012-07-26,24.26,24.64,24.2,24.2,2086825.0,0.0012344816189625,3.88,-0.02,-0.0052
2012-07-27,24.26,24.51,23.63,23.7,6218739.0,0.0036787555202881,3.86,-0.08,-0.0207
2012-07-30,23.7,23.82,22.94,23.07,5661866.0,0.0033493318826585,3.78,-0.1,-0.0265
2012-07-31,23.07,23.19,22.82,22.88,2430450.0,0.0014377563287805,3.68,-0.03,-0.0082
2012-08-01,22.94,23.7,22.94,23.19,2902531.0,0.001717020434377,3.65,0.05,0.0137
2012-08-02,23.19,23.32,22.94,22.94,2065604.0,0.0012219281300806,3.7,-0.04,-0.0108
2012-08-03,23.07,23.44,22.94,23.38,2482964.0,0.0014688214960744,3.66,0.07,0.0191
2012-08-06,23.32,23.82,23.26,23.82,3886927.0,0.0022993494594655,3.73,0.07,0.0188
2012-08-07,23.82,24.57,23.7,24.01,9012073.0,0.0053311794075921,3.8,0.03,0.0079
2012-08-08,24.01,24.2,23.7,23.82,3435426.0,0.0020322596529684,3.83,-0.03,-0.0078
2012-08-09,23.82,24.07,23.45,24.01,6151061.0,0.0036387199413545,3.8,0.03,0.0079
2012-08-10,23.95,23.95,23.7,23.95,2760279.0,0.0016328698806599,3.83,-0.01,-0.0026
2012-08-13,23.89,23.89,23.38,23.45,3460000.0,0.0020467966416016,3.82,-0.08,-0.0209
2012-08-14,23.38,23.57,23.2,23.57,2644486.0,0.0015643714056539,3.74,0.02,0.0053
2012-08-15,23.57,23.57,23.19,23.19,2072433.0,0.001225967891429,3.76,-0.06,-0.016
2012-08-16,23.32,23.32,22.88,23.01,2796545.0,0.0016543233855745,3.7,-0.03,-0.0081
2012-08-17,22.94,23.13,22.88,23.07,1769891.0,0.0010469962297112,3.67,0.01,0.0027
2012-08-20,23.01,23.01,22.76,22.94,2369975.0,0.0014019817545317,3.68,-0.02,-0.0054
2012-08-21,23.01,23.45,22.88,23.26,4058186.0,0.0024006593860678,3.66,0.05,0.0137
2012-08-22,23.26,23.32,22.88,22.94,2344488.0,0.0013869046718714,3.71,-0.05,-0.0135
2012-08-23,23.01,23.2,22.88,23.13,1804789.0,0.0010676404809247,3.66,0.03,0.0082
2012-08-24,23.07,23.07,22.51,22.57,3569833.0,0.0021117694206585,3.69,-0.09,-0.0244
2012-08-27,22.44,22.51,21.82,21.82,3194409.0,0.0018896837032086,3.6,-0.12,-0.0333
2012-08-28,21.94,22.44,21.69,22.19,2848471.0,0.0016850407157513,3.48,0.06,0.0172
2012-08-29,22.13,22.57,21.82,22.19,2509760.0,0.0014846729304121,3.54,0.0,0.0
2012-08-30,21.94,22.13,21.69,21.82,2966883.0,0.0017550884856719,3.54,-0.06,-0.0169
2012-08-31,21.75,21.94,21.63,21.82,1711804.0,0.0010126343000809,3.48,0.0,0.0
2012-09-03,21.88,22.26,21.69,22.13,3095063.0,0.0018309146109669,3.48,0.05,0.0144
2012-09-04,22.13,22.7,21.57,21.69,4321535.0,0.0025564460475618,3.53,-0.07,-0.0198
2012-09-05,21.69,22.19,21.32,21.69,5908019.0,0.0034949460831556,3.46,0.0,0.0
2012-09-06,21.82,22.7,21.76,22.01,7086300.0,0.0041919696651392,3.46,0.05,0.0145
2012-09-07,22.13,24.08,22.07,23.26,17103352.0,0.0101176541715984,3.51,0.2,0.057
2012-09-10,23.07,23.7,22.82,23.26,10040325.0,0.0059394518758927,3.71,0.0,0.0
2012-09-11,23.14,23.26,22.89,23.14,7480584.0,0.004425212198965,3.71,-0.02,-0.0054
2012-09-12,23.39,23.45,22.95,23.2,6164993.0,0.0036469615514154,3.69,0.01,0.0027
2012-09-13,23.14,23.45,22.95,23.07,6332700.0,0.0037461702578817,3.7,-0.02,-0.0054
2012-09-14,23.26,23.32,23.01,23.14,6604066.0,0.003906699453675,3.68,0.01,0.0027
2012-09-17,23.01,23.07,22.01,22.07,6164493.0,0.0036466657715539,3.69,-0.17,-0.0461
2012-09-18,21.94,22.07,21.63,21.76,2660898.0,0.0015740800838278,3.52,-0.05,-0.0142
2012-09-19,21.94,22.07,21.69,22.01,3632320.0,0.00214873421307,3.47,0.04,0.0115
2012-09-20,22.01,22.01,21.25,21.25,3529063.0,0.0020876515307516,3.51,-0.12,-0.0342
2012-09-21,21.19,22.44,21.06,21.31,8691094.0,0.0051413011592613,3.39,0.01,0.0029
2012-09-24,21.13,21.38,20.63,21.13,4663730.0,0.0027588748269759,3.4,-0.03,-0.0088
2012-09-25,21.13,21.19,20.81,21.0,2386215.0,0.0014115886844333,3.37,-0.02,-0.0059
2012-09-26,20.88,21.63,20.88,21.0,5580942.0,0.0033014605036339,3.35,0.0,0.0
2012-09-27,20.94,22.19,20.88,21.69,9697944.0,0.0057369130663701,3.35,0.11,0.0328
2012-09-28,21.44,21.88,21.38,21.82,6000561.0,0.0035496902030421,3.46,0.02,0.0058
2012-10-08,22.13,22.51,21.82,21.94,6860879.0,0.0040586196808194,3.48,0.02,0.0057
2012-10-09,21.82,22.88,21.82,22.51,8320329.0,0.0049219715185608,3.5,0.09,0.0257
2012-10-10,22.38,22.82,22.32,22.69,7014577.0,0.004149541227126,3.59,0.03,0.0084
2012-10-11,22.95,22.95,22.07,22.07,5687600.0,0.0033645550805703,3.62,-0.1,-0.0276
2012-10-12,22.26,23.13,22.07,22.76,18847060.0,0.0111491615930822,3.52,0.11,0.0312
2012-10-15,22.76,22.82,22.13,22.44,7389878.0,0.00437155418273,3.63,-0.05,-0.0138
2012-10-16,22.51,22.76,22.38,22.63,8082036.0,0.0047810069774865,3.58,0.03,0.0084
2012-10-17,22.76,22.82,22.32,22.57,4961512.0,0.0029350306644122,3.61,-0.01,-0.0028
2012-10-18,22.57,23.63,22.57,23.32,11218923.0,0.0066366629823084,3.6,0.12,0.0333
2012-10-19,23.38,23.88,23.13,23.38,8504649.0,0.0050310078067054,3.72,0.01,0.0027
2012-10-22,23.32,23.32,22.88,23.13,5842002.0,0.0034558930849219,3.73,-0.04,-0.0107
2012-10-23,23.01,23.26,22.75,22.82,4377575.0,0.002589597054439,3.69,-0.05,-0.0136
2012-10-24,22.57,23.82,22.44,23.13,8565156.0,0.0050668013108653,3.64,0.05,0.0137
2012-10-25,22.94,23.82,22.94,23.13,13373905.0,0.0079114635373119,3.69,0.0,0.0
2012-10-26,23.07,23.13,21.94,22.13,11005528.0,0.0065104270952175,3.69,-0.16,-0.0434
2012-10-29,22.06,22.19,21.94,22.0,2598597.0,0.0015372253215248,3.53,-0.02,-0.0057
2012-10-30,22.13,22.63,22.06,22.25,5250824.0,0.0031061759909945,3.51,0.04,0.0114
2012-10-31,22.12,22.31,21.87,22.06,4460410.0,0.0026385989040943,3.55,-0.03,-0.0085
2012-11-01,22.12,22.63,22.12,22.5,5505906.0,0.0032570722282584,3.52,0.07,0.0199
2012-11-02,22.5,22.75,22.38,22.69,4488217.0,0.0026550484053119,3.59,0.03,0.0084
2012-11-05,22.57,22.82,22.44,22.75,4142439.0,0.0024505000674103,3.62,0.01,0.0028
2012-11-06,22.75,22.82,22.06,22.56,5695077.0,0.0033689781726192,3.63,-0.03,-0.0083
2012-11-07,22.38,22.5,22.13,22.31,3573502.0,0.0021139398532822,3.6,-0.04,-0.0111
2012-11-08,22.06,22.25,21.75,21.75,3875667.0,0.0022926884969844,3.56,-0.09,-0.0253
2012-11-09,21.69,21.88,21.56,21.56,2308701.0,0.0013657345240642,3.47,-0.03,-0.0086
2012-11-12,21.75,21.94,21.56,21.75,2498207.0,0.0014778386409322,3.44,0.03,0.0087
2012-11-13,21.69,21.75,21.18,21.25,3365271.0,0.0019907587806009,3.47,-0.08,-0.0231
2012-11-14,21.25,21.81,21.0,21.37,7587436.0,0.0044884215384876,3.39,0.02,0.0059
2012-11-15,21.12,21.37,21.0,21.0,3648013.0,0.0021580175598032,3.41,-0.06,-0.0176
2012-11-16,21.0,21.12,20.75,20.81,3819272.0,0.0022593274864055,3.35,-0.03,-0.009
2012-11-19,20.74,21.12,20.68,21.06,3054014.0,0.0018066316758972,3.32,0.04,0.012
2012-11-20,21.18,21.18,20.93,20.93,1437321.0,0.000850261212631,3.36,-0.02,-0.006
2012-11-21,20.93,22.12,20.87,21.75,7265615.0,0.00429804519687,3.34,0.13,0.0389
2012-11-22,21.49,21.62,21.24,21.31,3557385.0,0.0021044056852266,3.47,-0.07,-0.0202
2012-11-23,21.31,22.5,21.31,21.81,5945941.0,0.0035173792109715,3.4,0.08,0.0235
2012-11-26,21.68,21.87,21.43,21.56,3065692.0,0.0018135399103424,3.48,-0.04,-0.0115
2012-11-27,21.49,21.56,20.87,20.93,4656709.0,0.0027547214861607,3.44,-0.1,-0.0291
2012-11-28,20.74,20.93,20.62,20.93,2681661.0,0.0015863626383566,3.34,0.0,0.0
2012-11-29,20.87,21.05,20.62,20.68,3293882.0,0.0019485279235352,3.34,-0.04,-0.012
2012-11-30,20.68,21.05,20.49,20.99,3232769.0,0.0019123759341832,3.3,0.05,0.0152
2012-12-03,20.87,21.18,20.62,20.99,5069742.0,0.0029990551732331,3.35,0.0,0.0
2012-12-04,20.99,21.3,20.87,21.24,3362283.0,0.0019889912001486,3.35,0.04,0.0119
2012-12-05,21.3,23.37,21.24,22.06,15309249.0,0.0090563350978737,3.39,0.13,0.0383
2012-12-06,21.93,22.18,21.68,21.87,7083562.0,0.0041903499746176,3.52,-0.03,-0.0085
2012-12-07,22.05,23.25,21.93,22.87,18911660.0,0.0111873763511884,3.49,0.16,0.0458
2012-12-10,22.68,23.06,22.43,22.87,14139285.0,0.0083642315181064,3.65,0.0,0.0
2012-12-11,22.81,22.81,22.43,22.49,6886188.0,0.0040735914658489,3.65,-0.06,-0.0164
2012-12-12,22.43,22.62,22.12,22.43,6007470.0,0.0035537772891683,3.59,-0.01,-0.0028
2012-12-13,22.31,22.49,22.12,22.37,5336503.0,0.003156860236502,3.58,-0.01,-0.0028
2012-12-14,22.37,23.37,22.24,23.25,18368092.0,0.0108658234156733,3.57,0.14,0.0392
2012-12-17,23.25,24.0,23.06,23.56,18929676.0,0.0111980338911581,3.71,0.05,0.0135
2012-12-18,23.56,23.94,23.25,23.56,9772225.0,0.0057808547141547,3.76,0.0,0.0
2012-12-19,23.5,23.81,23.31,23.62,7813781.0,0.0046223181239915,3.76,0.01,0.0027
2012-12-20,23.62,23.62,23.18,23.43,7647998.0,0.0045242475784323,3.77,-0.03,-0.008
2012-12-21,23.5,24.5,23.5,23.81,16644450.0,0.0098461862315914,3.74,0.06,0.016
2012-12-24,23.81,23.93,23.31,23.62,6352853.0,0.0037580919609794,3.8,-0.03,-0.0079
2012-12-25,23.5,24.31,23.37,24.06,8112301.0,0.0047989105325033,3.77,0.07,0.0186
2012-12-26,24.06,24.31,23.81,24.0,7928386.0,0.0046901138260466,3.84,-0.01,-0.0026
2012-12-27,24.06,24.25,23.43,23.5,8272422.0,0.0048936316669108,3.83,-0.08,-0.0209
2012-12-28,23.5,24.12,23.37,24.0,8836148.0,0.0052271092633222,3.75,0.08,0.0213
2012-12-31,24.0,26.19,23.87,24.62,17655148.0,0.0104440744605144,3.83,0.1,0.0261
2013-01-04,25.06,27.07,25.06,26.06,42345968.0,0.0250501691005116,3.93,0.23,0.0585
2013-01-07,25.81,26.25,25.56,26.13,15540343.0,0.0091930410005021,4.16,0.01,0.0024
2013-01-08,25.94,26.06,25.25,25.81,11885512.0,0.0070309901865074,4.17,-0.05,-0.012
2013-01-09,25.81,25.81,25.06,25.37,6531692.0,0.0038638859102821,4.12,-0.07,-0.017
2013-01-10,25.44,26.88,25.37,26.0,15969000.0,0.0094466172166868,4.05,0.1,0.0247
2013-01-11,26.0,26.06,24.87,24.93,12984883.0,0.0076813337907486,4.15,-0.17,-0.041
2013-01-14,24.93,26.25,24.43,26.06,12449338.0,0.0073645269388912,3.98,0.18,0.0452
2013-01-15,26.06,26.06,25.43,25.87,14696366.0,0.0086937782001585,4.16,-0.03,-0.0072
2013-01-16,25.87,26.12,25.37,26.06,8966460.0,0.0053041965939466,4.13,0.03,0.0073
2013-01-17,26.0,28.07,25.81,26.69,23147400.0,0.0136930695323149,4.16,0.1,0.024
2013-01-18,26.69,27.0,26.37,26.81,11812897.0,0.0069880340772214,4.26,0.02,0.0047
2013-01-21,27.31,28.63,27.25,28.07,27550404.0,0.0162977093589503,4.28,0.2,0.0467
2013-01-22,27.75,28.13,27.38,27.56,9197578.0,0.0054409166940084,4.48,-0.08,-0.0179
2013-01-23,27.44,27.63,27.0,27.44,4381164.0,0.0025917201622849,4.4,-0.02,-0.0045
2013-01-24,27.94,29.76,27.94,28.38,29199098.0,0.0172730103249124,4.38,0.15,0.0342
2013-01-25,28.19,29.13,27.56,27.94,10735530.0,0.0063507071531253,4.53,-0.07,-0.0155
2013-01-28,27.94,28.31,27.5,28.25,11134073.0,0.0065864691398114,4.46,0.05,0.0112
2013-01-29,28.25,28.38,27.5,27.87,17963900.0,0.010626719708112,4.51,-0.06,-0.0133
2013-01-30,27.81,27.87,26.93,27.37,9545606.0,0.0056467960412868,4.45,-0.08,-0.018
2013-01-31,27.31,28.19,27.06,27.56,7823451.0,0.0046280385065129,4.37,0.03,0.0069
2013-02-01,27.44,28.75,27.31,27.88,6385773.0,0.0037775661070608,4.4,0.05,0.0114
2013-02-04,27.69,28.69,27.25,27.56,8330242.0,0.004927835650095,4.45,-0.05,-0.0112
2013-02-05,27.31,28.13,27.25,27.94,6377567.0,0.0037727117679738,4.4,0.06,0.0136
2013-02-06,27.94,28.07,27.31,27.44,11841894.0,0.0070051875345094,4.46,-0.08,-0.0179
2013-02-07,27.38,27.82,27.19,27.56,8011959.0,0.0047395522467774,4.38,0.02,0.0046
2013-02-08,27.63,28.13,27.5,27.94,5143830.0,0.0030428826499912,4.4,0.06,0.0136
2013-02-18,28.0,28.19,27.63,27.88,4564780.0,0.0027003399923844,4.46,-0.01,-0.0022
2013-02-19,27.82,28.57,27.69,28.51,17265984.0,0.0102138607124704,4.45,0.1,0.0225
2013-02-20,28.25,28.44,27.88,28.25,5830928.0,0.0034493421525494,4.55,-0.04,-0.0088
2013-02-21,28.07,28.13,26.5,26.69,10544370.0,0.0062376245964754,4.51,-0.25,-0.0554
2013-02-22,26.63,26.63,26.06,26.25,3819745.0,0.0022596072941545,4.26,-0.07,-0.0164
2013-02-25,26.19,26.63,26.13,26.25,3957269.0,0.0023409609535012,4.19,0.0,0.0
2013-02-26,26.06,26.31,25.19,25.37,7788576.0,0.0046074078611731,4.19,-0.14,-0.0334
2013-02-27,25.5,25.75,25.25,25.37,3746281.0,0.0022161489506635,4.05,0.0,0.0
2013-02-28,25.44,26.07,25.25,26.07,4079801.0,0.0024134459494806,4.05,0.11,0.0272
2013-03-01,26.0,26.32,25.69,25.94,5302099.0,0.0031365082157917,4.16,-0.02,-0.0048
2013-03-04,25.75,25.88,24.31,24.56,11984985.0,0.0070898344068341,4.14,-0.22,-0.0531
2013-03-05,24.63,25.06,24.25,25.0,13969819.0,0.0082639822580874,3.92,0.07,0.0179
2013-03-06,24.81,25.38,24.56,24.94,17624272.0,0.0104258094625068,3.99,-0.01,-0.0025
2013-03-07,24.94,26.07,24.94,25.06,14942779.0,0.0088395462061836,3.98,0.02,0.005
2013-03-08,25.13,26.25,24.94,25.25,17000844.0,0.0100570145675125,4.0,0.03,0.0075
2013-03-11,25.5,25.5,25.0,25.32,7840216.0,0.0046379560052691,4.03,0.01,0.0025
2013-03-12,25.5,25.82,24.94,25.25,11995675.0,0.007096158180273,4.04,-0.01,-0.0025
2013-03-13,25.19,25.38,24.62,24.81,4600016.0,0.0027211841907843,4.03,-0.07,-0.0174
2013-03-14,24.75,25.0,24.44,24.62,4078581.0,0.0024127242466185,3.96,-0.03,-0.0076
2013-03-15,25.0,25.63,24.94,25.19,12992879.0,0.0076860639022937,3.93,0.09,0.0229
2013-03-18,25.06,25.06,24.44,24.69,6181937.0,0.0036569849393621,4.02,-0.08,-0.0199
2013-03-19,24.56,24.94,24.44,24.87,4979458.0,0.0029456467952012,3.94,0.03,0.0076
2013-03-20,24.81,25.69,24.75,25.56,8034114.0,0.0047526582524406,3.97,0.11,0.0277
2013-03-21,25.56,25.88,25.38,25.63,6140410.0,0.0036324192387448,4.08,0.01,0.0025
2013-03-22,25.69,26.13,25.44,26.0,9077070.0,0.0053696290149083,4.09,0.06,0.0147
2013-03-25,25.94,26.01,25.57,25.69,4737505.0,0.0028025171455407,4.15,-0.05,-0.012
2013-03-26,25.57,25.94,25.32,25.88,6122849.0,0.0036220308584491,4.1,0.03,0.0073
2013-03-27,25.82,26.19,25.5,26.13,9181884.0,0.0054316327557155,4.13,0.04,0.0097
2013-03-28,25.82,26.76,25.44,25.69,14698349.0,0.0086949512630892,4.17,-0.07,-0.0168
2013-03-29,25.5,25.57,24.75,24.88,8587561.0,0.0050800552064593,4.1,-0.13,-0.0317
2013-04-01,24.88,24.88,24.06,24.19,9280197.0,0.0054897907667634,3.97,-0.11,-0.0277
2013-04-02,24.19,24.31,22.87,23.18,10678933.0,0.0063172266474823,3.86,-0.16,-0.0415
2013-04-03,23.31,23.44,22.81,23.18,6301740.0,0.0037278555688574,3.7,0.0,0.0
2013-04-08,22.87,23.12,22.5,22.81,6369157.0,0.0037677367507033,3.7,-0.06,-0.0162
2013-04-09,22.93,23.25,22.81,23.19,5067475.0,0.0029977141073411,3.64,0.06,0.0165
2013-04-10,23.19,23.25,22.87,23.0,4906563.0,0.0029025250491927,3.7,-0.03,-0.0081
2013-04-11,23.18,23.75,23.0,23.12,5028607.0,0.0029747213640273,3.67,0.02,0.0054
2013-04-12,22.93,23.06,22.68,22.74,2862694.0,0.0016934544696916,3.69,-0.06,-0.0163
2013-04-15,22.56,22.56,21.62,21.87,9048772.0,0.0053528890578667,3.63,-0.14,-0.0386
2013-04-16,21.68,22.24,21.49,22.12,3431341.0,0.0020298431315,3.49,0.04,0.0115
2013-04-17,22.12,22.43,22.05,22.18,2510590.0,0.0014851639249822,3.53,0.01,0.0028
2013-04-18,22.12,22.37,21.93,22.12,2604402.0,0.0015406593257169,3.54,-0.01,-0.0028
2013-04-19,22.12,22.43,22.05,22.37,10614976.0,0.006279392262278,3.53,0.04,0.0113
2013-04-22,22.24,22.37,21.99,22.18,6661940.0,0.0039409353810842,3.57,-0.03,-0.0084
2013-04-23,22.12,22.18,21.36,21.49,7405824.0,0.004380987194073,3.54,-0.11,-0.0311
2013-04-24,21.55,21.93,21.24,21.87,7779124.0,0.0046018164386712,3.43,0.06,0.0175
2013-04-25,21.8,21.99,21.43,21.49,4546890.0,0.0026897569889399,3.49,-0.06,-0.0172
2013-04-26,21.62,21.68,21.3,21.37,3238698.0,0.0019158832917809,3.43,-0.02,-0.0058
2013-05-02,21.3,21.3,20.86,21.05,3629551.0,0.002147096184197,3.41,-0.05,-0.0147
2013-05-03,21.05,21.8,20.99,21.49,3863290.0,0.0022853667622928,3.36,0.07,0.0208
2013-05-06,21.55,21.99,21.55,21.74,4096967.0,0.0024236006636857,3.43,0.04,0.0117
2013-05-07,21.8,21.87,21.55,21.8,2938323.0,0.0017381935399829,3.47,0.01,0.0029
2013-05-08,21.87,22.18,21.49,21.68,4370179.0,0.0025852218787277,3.48,-0.02,-0.0057
2013-05-09,21.68,22.56,21.12,21.99,10318780.0,0.0061041746385624,3.46,0.05,0.0145
2013-05-10,21.74,21.99,21.56,21.87,3919659.0,0.0023187123923189,3.51,-0.02,-0.0057
2013-05-13,21.87,22.06,21.49,21.68,3882686.0,0.0022968406546802,3.49,-0.03,-0.0086
2013-05-14,21.68,21.68,21.05,21.37,3712017.0,0.0021958797483145,3.46,-0.05,-0.0145
2013-05-15,21.3,21.43,21.18,21.37,2207433.0,0.0013058284540348,3.41,0.0,0.0
2013-05-16,21.37,21.62,21.12,21.55,3623282.0,0.0021433876962935,3.41,0.03,0.0088
2013-05-17,21.55,21.99,21.24,21.99,7023560.0,0.0041548552081178,3.44,0.07,0.0203
2013-05-20,23.18,23.87,22.81,22.93,28245914.0,0.0167091450618984,3.51,0.15,0.0427
2013-05-21,22.68,22.68,22.18,22.62,13051749.0,0.0077208890231871,3.66,-0.05,-0.0137
2013-05-22,22.55,22.99,22.37,22.87,9739380.0,0.0057614249350526,3.61,0.04,0.0111
2013-05-23,23.06,23.18,22.68,22.74,7848684.0,0.0046429653330036,3.65,-0.02,-0.0055
2013-05-24,22.55,22.87,22.55,22.74,6712212.0,0.0039706742714792,3.63,0.0,0.0
2013-05-27,22.74,22.74,21.93,22.12,16998644.0,0.0100557131361219,3.63,-0.1,-0.0275
2013-05-28,22.05,22.37,21.87,22.37,8293547.0,0.0049061283660593,3.53,0.04,0.0113
2013-05-29,22.37,22.49,22.05,22.37,6325391.0,0.0037418465478662,3.57,0.0,0.0
2013-05-30,22.12,22.55,22.12,22.43,5963771.0,0.0035279267208327,3.57,0.01,0.0028
2013-05-31,22.43,22.43,22.12,22.18,6314776.0,0.0037355671414065,3.58,-0.04,-0.0112
2013-06-03,22.12,22.3,21.99,22.05,4945925.0,0.0029258100230097,3.54,-0.02,-0.0056
2013-06-04,22.05,22.05,21.36,21.49,7345965.0,0.0043455770206136,3.52,-0.09,-0.0256
2013-06-05,21.43,21.61,21.36,21.55,3642552.0,0.0021547870521558,3.43,0.01,0.0029
2013-06-06,21.55,21.55,21.24,21.36,3198616.0,0.0018921723949633,3.44,-0.03,-0.0087
2013-06-07,21.43,21.55,21.05,21.18,3700237.0,0.0021889111747774,3.41,-0.03,-0.0088
2013-06-13,21.05,21.05,20.05,20.24,5950550.0,0.0035201057097348,3.38,-0.15,-0.0444
2013-06-14,20.17,20.8,20.17,20.67,5764369.0,0.0034099685289458,3.23,0.07,0.0217
2013-06-17,20.8,21.68,20.42,21.36,6550808.0,0.0038751941659471,3.3,0.11,0.0333
2013-06-18,21.36,21.43,20.99,21.24,3832794.0,0.00226732655698,3.41,-0.02,-0.0059
2013-06-19,21.3,21.68,21.24,21.49,9984403.0,0.0059063706730628,3.39,0.04,0.0118
2013-06-20,21.49,21.49,20.61,20.67,5485212.0,0.0032448304913505,3.43,-0.13,-0.0379
2013-06-21,20.48,20.74,20.23,20.55,3556994.0,0.0021041743853749,3.3,-0.02,-0.0061
2013-06-24,20.55,20.67,19.17,19.42,6511734.0,0.0038520795613304,3.28,-0.18,-0.0549
2013-06-25,19.29,19.61,18.1,19.17,5625835.0,0.0033280173942788,3.1,-0.04,-0.0129
2013-06-26,19.17,19.42,18.73,19.11,4546162.0,0.0026893263334615,3.06,-0.01,-0.0033
2013-06-27,19.23,19.42,18.61,18.92,7166481.0,0.0042394015152895,3.05,-0.03,-0.0098
2013-06-28,18.98,19.17,18.48,18.92,7061370.0,0.0041772220812446,3.02,0.0,0.0
2013-07-01,18.79,18.98,18.54,18.98,5107010.0,0.0030211014209901,3.02,0.01,0.0033
2013-07-02,19.11,19.17,18.6,18.92,4805316.0,0.0028426314019175,3.03,-0.01,-0.0033
2013-07-03,18.86,18.92,18.61,18.67,5984488.0,0.0035401820636142,3.02,-0.04,-0.0132
2013-07-04,18.61,19.05,18.17,18.73,6806487.0,0.0040264435643656,2.98,0.01,0.0034
2013-07-05,18.73,18.92,18.61,18.73,3310749.0,0.0019585057613832,2.99,0.0,0.0
2013-07-08,18.54,18.54,18.04,18.11,4980952.0,0.0029465305854274,2.99,-0.1,-0.0334
2013-07-09,17.92,18.17,17.86,17.98,4104884.0,0.0024282840420128,2.89,-0.02,-0.0069
2013-07-10,17.98,18.48,17.92,18.42,3664056.0,0.0021675079524394,2.87,0.07,0.0244
2013-07-11,18.29,19.17,18.23,18.92,9438404.0,0.0055833796558611,2.94,0.08,0.0272
2013-07-12,18.8,18.92,18.48,18.48,7913100.0,0.0046810712441207,3.02,-0.07,-0.0232
2013-07-15,18.42,18.8,18.42,18.61,5500838.0,0.0032540742035822,2.95,0.02,0.0068
2013-07-16,18.61,18.73,18.36,18.73,4111449.0,0.0024321676315943,2.97,0.02,0.0067
2013-07-17,18.73,18.98,18.42,18.67,6641432.0,0.0039288036742848,2.99,-0.01,-0.0033
2013-07-18,18.55,18.61,18.23,18.3,5732679.0,0.0033912220013237,2.98,-0.06,-0.0201
2013-07-19,18.23,18.42,17.92,17.92,4612004.0,0.0027282758087437,2.92,-0.06,-0.0205
2013-07-22,17.73,17.79,17.48,17.73,4854946.0,0.0028719905109703,2.86,-0.03,-0.0105
2013-07-23,17.86,18.23,17.79,18.11,5864778.0,0.0034693664491731,2.83,0.06,0.0212
2013-07-24,18.11,18.17,17.54,17.79,7335069.0,0.0043391313858717,2.89,-0.05,-0.0173
2013-07-25,17.79,18.17,17.54,17.86,8062594.0,0.0047695058733518,2.84,0.01,0.0035
2013-07-26,17.73,17.8,17.42,17.54,6286229.0,0.0037186798859938,2.85,-0.05,-0.0175
2013-07-29,17.42,17.42,16.85,17.04,8852403.0,0.0052367250666197,2.8,-0.08,-0.0286
2013-07-30,17.04,17.29,16.86,17.11,5672510.0,0.0033556284443502,2.72,0.01,0.0037
2013-07-31,17.11,17.29,16.92,17.04,3460473.0,0.0020470764493506,2.73,-0.01,-0.0037
2013-08-01,17.04,17.48,17.04,17.48,6483138.0,0.0038351633194913,2.72,0.07,0.0257
2013-08-02,17.54,17.73,17.36,17.48,5036108.0,0.0029791586535095,2.79,0.0,0.0
2013-08-05,17.48,18.67,17.36,18.42,20228594.0,0.0119664214634459,2.79,0.15,0.0538
2013-08-06,18.17,18.42,18.11,18.3,10273135.0,0.0060771728950058,2.94,-0.02,-0.0068
2013-08-07,18.3,19.86,18.23,18.61,15427075.0,0.0091260362137966,2.92,0.05,0.0171
2013-08-08,18.61,18.67,18.36,18.61,6756217.0,0.0039967058570901,2.97,0.0,0.0
2013-08-09,18.61,19.05,18.48,18.8,5896408.0,0.0034880774832118,2.97,0.03,0.0101
2013-08-12,18.86,18.99,18.73,18.92,8245414.0,0.0048776548219118,3.0,0.02,0.0067
2013-08-13,18.99,19.42,18.86,19.24,13516630.0,0.007995893898778,3.02,0.05,0.0166
2013-08-14,19.17,19.3,18.8,19.05,6725738.0,0.0039786757082926,3.07,-0.03,-0.0098
2013-08-15,18.99,19.24,18.61,18.74,5810655.0,0.0034373494622849,3.04,-0.05,-0.0164
2013-08-16,18.61,19.24,18.36,18.55,10191103.0,0.0060286460678081,2.99,-0.03,-0.01
2013-08-19,18.36,18.74,18.36,18.67,3391969.0,0.0020065522420857,2.96,0.02,0.0068
2013-08-20,18.67,18.74,18.36,18.55,3251671.0,0.0019235575960674,2.98,-0.02,-0.0067
2013-08-21,18.55,18.74,18.42,18.68,2624605.0,0.0015526106068008,2.96,0.02,0.0068
2013-08-22,18.61,18.74,18.49,18.55,2808143.0,0.0016611842952419,2.98,-0.02,-0.0067
2013-08-23,18.61,18.8,18.17,18.55,3750192.0,0.0022184625407402,2.96,0.0,0.0
2013-08-26,18.49,20.12,18.49,19.87,24869424.0,0.014711749572765,2.96,0.21,0.0709
2013-08-27,19.55,20.12,19.49,19.68,15216411.0,0.0090014158763093,3.17,-0.03,-0.0095
2013-08-28,19.55,21.06,19.43,20.68,30618704.0,0.0181127920570504,3.14,0.16,0.051
2013-08-29,20.68,20.99,20.24,20.87,18903510.0,0.0111825551394459,3.3,0.03,0.0091
2013-08-30,20.87,22.87,20.49,22.0,61600032.0,0.0364400978670963,3.33,0.18,0.0541
2013-09-02,22.25,22.5,20.05,20.49,30296576.0,0.0179222341065979,3.51,-0.24,-0.0684
2013-09-03,20.43,20.93,20.05,20.56,15824712.0,0.0093612622473737,3.27,0.01,0.0031
2013-09-04,20.49,21.12,20.37,20.81,14030389.0,0.0082998130305099,3.28,0.04,0.0122
2013-09-05,20.87,20.93,20.43,20.62,9164106.0,0.0054211160069599,3.32,-0.03,-0.009
2013-09-06,20.81,22.69,20.81,22.69,55190372.0,0.032648401172932,3.29,0.33,0.1003
2013-09-09,23.75,24.94,23.19,24.94,81132000.0,0.0479944234469433,3.62,0.36,0.0994
2013-09-10,25.7,27.45,25.07,27.45,128038896.0,0.0757426538517864,3.98,0.4,0.1005
2013-09-11,28.01,28.83,25.95,26.26,99087664.0,0.0586162710691767,4.38,-0.19,-0.0434
2013-09-12,25.76,26.51,24.94,25.69,55773936.0,0.0329936141311285,4.19,-0.09,-0.0215
2013-09-13,25.26,25.38,23.81,24.88,48211312.0,0.028519870372488,4.1,-0.13,-0.0317
2013-09-16,25.13,25.76,25.13,25.19,41342428.0,0.0244565152560859,3.97,0.05,0.0126
2013-09-17,25.26,25.26,22.81,23.38,42138160.0,0.0249272382575931,4.02,-0.29,-0.0721
2013-09-18,23.56,24.07,23.19,23.38,24470704.0,0.014475882880008,3.73,0.0,0.0
2013-09-23,23.82,24.63,23.82,24.07,24057780.0,0.0142316136729453,3.73,0.11,0.0295
2013-09-24,24.07,24.57,23.0,23.88,34561828.0,0.0204453853982697,3.84,-0.03,-0.0078
2013-09-25,23.94,24.32,23.38,23.5,28302130.0,0.0167424001832869,3.81,-0.06,-0.0157
2013-09-26,23.57,23.75,21.75,22.19,29930064.0,0.0177054203693994,3.75,-0.21,-0.056
2013-09-27,22.06,22.38,21.87,22.19,13376106.0,0.0079127655602622,3.54,0.0,0.0
2013-09-30,22.19,22.69,22.12,22.56,9819070.0,0.005808566329379,3.54,0.06,0.0169
2013-10-08,22.56,23.0,22.12,22.88,10895946.0,0.006445602797651,3.6,0.05,0.0139
2013-10-09,22.75,24.13,22.5,23.69,23391024.0,0.0138371876782726,3.65,0.13,0.0356
2013-10-10,23.69,23.69,22.69,22.88,20354856.0,0.0120411129771921,3.78,-0.13,-0.0344
2013-10-11,23.19,23.94,23.19,23.31,19102514.0,0.011300277890563,3.65,0.07,0.0192
2013-10-14,23.25,23.57,22.94,23.25,15137862.0,0.0089549494516268,3.72,-0.01,-0.0027
2013-10-15,23.19,23.94,23.13,23.82,26677900.0,0.0157815711343885,3.71,0.09,0.0243
2013-10-16,23.63,23.63,22.56,22.69,15824598.0,0.0093611948095653,3.8,-0.18,-0.0474
2013-10-17,22.75,23.06,22.5,23.06,12991973.0,0.0076855279491847,3.62,0.06,0.0166
2013-10-18,22.94,23.94,22.94,23.38,20881252.0,0.0123525076491437,3.68,0.05,0.0136
2013-10-21,23.0,23.0,22.44,23.0,19794750.0,0.011709776826978,3.73,-0.06,-0.0161
2013-10-22,22.88,22.94,22.5,22.69,10232685.0,0.0060532443042102,3.67,-0.05,-0.0136
2013-10-23,22.75,23.0,21.94,22.0,11261328.0,0.0066617480723625,3.62,-0.11,-0.0304
2013-10-24,22.0,22.06,21.5,21.62,6447625.0,0.0038141552590481,3.51,-0.06,-0.0171
2013-10-25,21.62,21.87,21.12,21.31,6971995.0,0.0041243514310009,3.45,-0.05,-0.0145
2013-10-28,21.31,21.68,21.18,21.68,5503478.0,0.003255635921251,3.4,0.06,0.0176
2013-10-29,21.62,21.62,20.43,20.99,10148953.0,0.0060037118254834,3.46,-0.11,-0.0318
2013-10-30,20.93,21.56,20.74,21.43,6666965.0,0.0039439079686923,3.35,0.07,0.0209
2013-10-31,21.68,22.25,21.5,21.56,12513044.0,0.007402212842605,3.42,0.02,0.0058
2013-11-01,21.12,21.56,20.93,21.43,5883834.0,0.0034806392112547,3.44,-0.02,-0.0058
2013-11-04,21.5,21.5,21.06,21.24,4950964.0,0.0029287908924539,3.42,-0.03,-0.0088
2013-11-05,21.24,21.37,20.74,21.24,5452025.0,0.0032251983988231,3.39,0.0,0.0
2013-11-06,21.31,21.31,20.81,20.93,7582938.0,0.0044857607028535,3.39,-0.05,-0.0147
2013-11-07,20.99,20.99,20.62,20.68,5075457.0,0.0030024359370501,3.34,-0.04,-0.012
2013-11-08,20.56,20.68,20.18,20.24,5672353.0,0.0033555355694736,3.3,-0.07,-0.0212
2013-11-11,20.18,20.49,19.8,20.37,6747628.0,0.0039916249506292,3.23,0.02,0.0062
2013-11-12,20.56,20.93,20.37,20.93,7965819.0,0.0047122576811579,3.25,0.09,0.0277
2013-11-13,20.93,21.87,20.56,21.06,15561276.0,0.0092054241201838,3.34,0.02,0.006
2013-11-14,21.06,21.25,20.75,21.18,4956314.0,0.002931955736972,3.36,0.02,0.006
2013-11-15,21.25,21.87,21.0,21.62,9264681.0,0.0054806121261012,3.38,0.07,0.0207
2013-11-18,21.69,22.5,21.62,22.5,13451615.0,0.0079574336433867,3.45,0.14,0.0406
2013-11-19,22.56,22.75,22.12,22.5,9762876.0,0.0057753242223043,3.59,0.0,0.0
2013-11-20,22.38,22.69,22.12,22.56,6986324.0,0.0041328278902719,3.59,0.01,0.0028
2013-11-21,22.5,23.69,22.13,23.19,22727332.0,0.0134445742225911,3.6,0.1,0.0278
2013-11-22,23.25,23.75,22.88,23.19,11018281.0,0.006517971256365,3.7,0.0,0.0
2013-11-25,22.88,23.94,22.88,23.19,17232816.0,0.0101942398595777,3.7,0.0,0.0
2013-11-26,23.19,23.57,23.0,23.25,9267919.0,0.0054825275964843,3.7,0.01,0.0027
2013-11-27,23.19,23.25,22.5,22.94,10583249.0,0.0062606238469462,3.71,-0.05,-0.0135
2013-11-28,22.94,23.38,22.75,23.0,9063511.0,0.0053616080566241,3.66,0.01,0.0027
2013-11-29,23.19,24.13,23.19,23.94,19203254.0,0.0113598716170587,3.67,0.15,0.0409
2013-12-02,23.82,23.94,22.81,23.13,16487903.0,0.0097535793316339,3.82,-0.13,-0.034
2013-12-03,23.07,23.69,22.94,23.63,8675449.0,0.0051320462073948,3.69,0.08,0.0217
2013-12-04,23.5,26.01,23.44,26.01,28442408.0,0.0168253829981108,3.77,0.38,0.1008
2013-12-05,28.08,28.08,25.26,25.51,57022724.0,0.033732346814502,4.15,-0.08,-0.0193
2013-12-06,25.2,26.33,25.2,25.57,21546908.0,0.0127462829281212,4.07,0.01,0.0025
2013-12-09,25.57,26.95,25.57,26.14,19178688.0,0.0113453393609033,4.08,0.09,0.0221
2013-12-10,26.01,26.33,25.2,25.32,18300768.0,0.0108259972488817,4.17,-0.13,-0.0312
2013-12-11,25.14,25.2,24.01,24.32,17315040.0,0.0102428802662421,4.04,-0.16,-0.0396
2013-12-12,24.32,24.76,24.2,24.38,8263096.0,0.004888114780934,3.88,0.01,0.0026
2013-12-13,24.32,25.45,24.01,24.7,12661952.0,0.0074903008178384,3.89,0.05,0.0129
2013-12-16,24.57,24.57,22.57,23.19,16937194.0,0.0100193617911431,3.94,-0.24,-0.0609
2013-12-17,23.19,23.63,22.82,23.38,8446760.0,0.0049967630059003,3.7,0.03,0.0081
2013-12-18,23.32,23.57,23.19,23.26,2816314.0,0.0016660179297386,3.73,-0.02,-0.0054
2013-12-19,23.26,23.51,22.75,22.82,5138063.0,0.0030394711250686,3.71,-0.07,-0.0189
2013-12-20,22.88,23.07,21.94,22.38,5632571.0,0.003332002140573,3.64,-0.07,-0.0192
2013-12-23,22.44,22.63,21.56,21.88,10519703.0,0.006223032592788,3.57,-0.08,-0.0224
2013-12-24,22.06,22.44,21.81,22.0,8752660.0,0.0051777211251679,3.49,0.02,0.0057
2013-12-25,22.06,22.32,21.88,22.25,4446482.0,0.0026303596602722,3.51,0.04,0.0114
2013-12-26,22.25,22.25,21.44,21.62,6269016.0,0.0037084973684817,3.55,-0.1,-0.0282
2013-12-27,21.5,22.38,21.5,22.06,11147202.0,0.0065942357274147,3.45,0.07,0.0203
2013-12-30,22.19,22.19,21.81,21.94,8111538.0,0.0047984591724346,3.52,-0.02,-0.0057
2013-12-31,21.94,22.25,21.69,22.0,7621729.0,0.0045087078960687,3.5,0.01,0.0029
2014-01-02,21.94,22.25,21.88,22.06,4696681.0,0.0027783673114087,3.51,0.01,0.0028
2014-01-03,21.94,21.94,20.87,21.0,16603192.0,0.0098217796605396,3.52,-0.17,-0.0483
2014-01-06,20.87,20.87,20.18,20.25,7453369.0,0.0044091129011033,3.35,-0.12,-0.0358
2014-01-07,20.18,20.81,20.0,20.06,11265831.0,0.0066644118657952,3.23,-0.03,-0.0093
2014-01-08,20.18,20.37,19.81,19.87,5587600.0,0.0033053991082697,3.2,-0.03,-0.0094
2014-01-09,19.93,20.18,19.81,19.93,7258306.0,0.0042937214868546,3.17,0.01,0.0032
2014-01-10,19.93,20.25,19.62,19.81,5520103.0,0.0032654706016459,3.18,-0.02,-0.0063
2014-01-13,19.62,19.74,18.74,19.12,16125506.0,0.0095391998626956,3.16,-0.11,-0.0348
2014-01-14,19.18,19.43,18.74,19.05,20804280.0,0.0123069741141445,3.05,-0.01,-0.0033
2014-01-15,19.05,19.12,18.62,18.8,17556090.0,0.0103854757374728,3.04,-0.04,-0.0132
2014-01-16,18.74,18.99,18.55,18.87,21751876.0,0.0128675337414263,3.0,0.01,0.0033
2014-01-17,18.74,19.05,18.49,18.61,19234652.0,0.0113784454092416,3.01,-0.04,-0.0133
2014-01-20,18.61,18.61,18.05,18.24,16939560.0,0.0100207614214478,2.97,-0.06,-0.0202
2014-01-21,18.17,18.55,18.17,18.49,9955647.0,0.005889359781668,2.91,0.04,0.0137
2014-01-22,18.43,19.18,18.36,19.12,17942848.0,0.0106142661928233,2.95,0.1,0.0339
2014-01-23,19.05,19.18,18.86,19.05,9795723.0,0.0057947551845259,3.05,-0.01,-0.0033
2014-01-24,18.93,19.37,18.86,19.24,13541441.0,0.0080105710870655,3.04,0.03,0.0099
2014-01-27,18.99,19.3,18.99,19.18,11108517.0,0.0065713512395302,3.07,-0.01,-0.0033
2014-01-28,19.12,19.49,18.99,19.24,9235235.0,0.0054631930584976,3.06,0.01,0.0033
2014-01-29,19.18,19.37,19.05,19.3,4984745.0,0.0029487743714568,3.07,0.01,0.0033
2014-01-30,19.24,19.24,18.99,18.99,4080545.0,0.0024138860699145,3.08,-0.05,-0.0162
2014-02-07,18.93,19.3,18.87,19.24,5521564.0,0.0032663348704013,3.03,0.04,0.0132
2014-02-10,19.3,19.93,19.24,19.87,11421264.0,0.0067563597682212,3.07,0.1,0.0326
2014-02-11,19.93,20.56,19.74,20.37,14265347.0,0.008438804719908,3.17,0.08,0.0252
2014-02-12,20.43,20.68,20.18,20.62,13977787.0,0.0082686958059604,3.25,0.04,0.0123
2014-02-13,20.5,21.18,20.37,20.43,11754772.0,0.0069536496683216,3.29,-0.03,-0.0091
2014-02-14,20.37,20.68,20.18,20.56,8447932.0,0.0049974563138956,3.26,0.02,0.0061
2014-02-17,20.56,20.68,20.43,20.56,9669023.0,0.005719804567621,3.28,0.0,0.0
2014-02-18,20.62,21.31,20.62,20.87,18315178.0,0.0108345216244902,3.28,0.05,0.0152
2014-02-19,20.74,21.5,20.74,21.31,15865268.0,0.0093852535434999,3.33,0.07,0.021
2014-02-20,21.37,21.87,20.68,21.12,16425714.0,0.0097167908240199,3.4,-0.03,-0.0088
2014-02-21,20.87,21.12,20.37,20.49,10188176.0,0.0060269145724989,3.37,-0.1,-0.0297
2014-02-24,20.49,20.49,19.74,19.99,11524477.0,0.0068174164219119,3.27,-0.08,-0.0245
2014-02-25,19.74,20.24,19.24,19.43,10656947.0,0.0063042206154123,3.19,-0.09,-0.0282
2014-02-26,19.3,19.55,18.99,19.49,9763643.0,0.0057757779486119,3.1,0.01,0.0032
2014-02-27,19.49,19.68,19.24,19.36,7664897.0,0.0045342443461914,3.11,-0.02,-0.0064
2014-02-28,19.24,19.93,19.18,19.74,7163351.0,0.0042375499333565,3.09,0.06,0.0194
2014-03-03,19.8,20.05,19.43,19.86,9208237.0,0.0054472221290959,3.15,0.02,0.0063
2014-03-04,19.74,20.24,19.74,20.05,8040504.0,0.0047564383190706,3.17,0.03,0.0095
2014-03-05,20.24,20.24,19.74,19.87,5899567.0,0.0034899462203768,3.2,-0.03,-0.0094
2014-03-06,19.99,20.37,19.8,20.18,8176915.0,0.0048371335724456,3.17,0.05,0.0158
2014-03-07,20.24,20.68,20.18,20.62,16746975.0,0.0099068358921926,3.22,0.07,0.0217
2014-03-10,20.55,20.87,19.99,20.05,14842169.0,0.0087800293824519,3.29,-0.09,-0.0274
2014-03-11,19.8,20.11,19.61,19.93,8046850.0,0.0047601923570728,3.2,-0.02,-0.0063
2014-03-12,19.86,19.99,19.43,19.74,7786017.0,0.0046058940598419,3.18,-0.03,-0.0094
2014-03-13,19.49,19.68,19.3,19.49,10035256.0,0.0059364532596568,3.15,-0.04,-0.0127
2014-03-14,19.42,19.99,19.36,19.67,6602572.0,0.0039058156634488,3.11,0.03,0.0096
2014-03-17,19.55,19.8,19.42,19.8,4288661.0,0.0025369991132277,3.14,0.02,0.0064
2014-03-18,19.8,19.86,19.49,19.55,5513017.0,0.0032612788094487,3.16,-0.04,-0.0127
2014-03-19,19.55,19.61,19.17,19.36,6347962.0,0.0037551986423742,3.12,-0.03,-0.0096
2014-03-20,19.43,19.61,19.05,19.11,6677950.0,0.0039504062522496,3.09,-0.04,-0.0129
2014-03-21,19.05,19.74,18.86,19.74,13935577.0,0.0082437260700523,3.05,0.1,0.0328
2014-03-24,19.61,20.61,19.55,20.11,15013495.0,0.0088813789435557,3.15,0.06,0.019
2014-03-25,19.93,20.3,19.93,20.18,10200268.0,0.0060340677126695,3.21,0.01,0.0031
2014-03-26,20.24,20.3,19.86,19.93,6154397.0,0.0036406933845905,3.22,-0.04,-0.0124
2014-03-27,19.8,20.11,19.74,19.86,6749455.0,0.0039927057302431,3.18,-0.01,-0.0031
2014-03-28,19.74,20.36,19.61,20.36,12540820.0,0.0074186440054712,3.17,0.08,0.0252
2014-03-31,20.36,20.55,19.68,19.86,8986599.0,0.0053161100152082,3.25,-0.08,-0.0246
2014-04-01,19.86,20.8,19.67,20.49,14082658.0,0.0083307332656717,3.17,0.1,0.0315
2014-04-02,20.3,20.61,20.24,20.61,10141586.0,0.005999353805004,3.27,0.02,0.0061
2014-04-03,20.55,20.55,19.86,20.05,13406149.0,0.0079305377890205,3.29,-0.09,-0.0274
2014-04-04,19.99,20.36,19.92,20.24,7111940.0,0.004207137256437,3.2,0.03,0.0094
2014-04-08,20.18,20.55,19.99,20.49,9834724.0,0.0058178266052829,3.23,0.04,0.0124
2014-04-09,20.43,20.49,20.18,20.36,6210323.0,0.0036737769536593,3.27,-0.02,-0.0061
2014-04-10,20.36,21.12,20.11,20.74,17631148.0,0.0104298770271622,3.25,0.06,0.0185
2014-04-11,20.49,20.55,19.93,20.18,14207223.0,0.008404420902568,3.31,-0.09,-0.0272
2014-04-14,20.05,20.24,19.99,20.11,5126794.0,0.0030328048385501,3.22,-0.01,-0.0031
2014-04-15,20.18,20.18,19.86,19.99,6011140.0,0.0035559483133518,3.21,-0.02,-0.0062
2014-04-16,19.93,20.05,19.8,19.86,5982778.0,0.0035391704964879,3.19,-0.02,-0.0063
2014-04-17,19.86,20.11,19.86,19.99,4735894.0,0.0028015641428269,3.17,0.02,0.0063
2014-04-18,19.99,20.05,19.86,20.05,4077277.0,0.0024119528527397,3.19,0.01,0.0031
2014-04-21,19.86,19.93,19.42,19.55,7206092.0,0.0042628337874775,3.2,-0.08,-0.025
2014-04-22,19.49,19.61,19.17,19.42,5545798.0,0.0032806707287286,3.12,-0.02,-0.0064
2014-04-23,19.42,19.55,19.3,19.36,3212000.0,0.001900089830296,3.1,-0.01,-0.0032
2014-04-24,19.43,19.49,19.24,19.3,2747103.0,0.0016250754897496,3.09,-0.01,-0.0032
2014-04-25,19.24,19.36,18.92,18.99,4363019.0,0.002580986311111,3.08,-0.05,-0.0162
2014-04-28,18.8,18.92,18.36,18.49,5936875.0,0.0035120161305227,3.03,-0.08,-0.0264
2014-04-29,18.49,18.86,18.3,18.74,3981838.0,0.0023554949843357,2.95,0.04,0.0136
2014-04-30,18.61,19.11,18.61,18.99,3527607.0,0.0020867902197949,2.99,0.04,0.0134
2014-05-05,18.86,18.99,18.55,18.99,3157041.0,0.0018675782994793,3.03,0.0,0.0
2014-05-06,18.99,19.11,18.8,19.05,3719137.0,0.0022000916535423,3.03,0.01,0.0033
2014-05-07,18.93,19.11,18.68,18.68,6170884.0,0.0036504464297437,3.04,-0.06,-0.0197
2014-05-08,18.68,18.93,18.61,18.68,7076315.0,0.0041860629413049,2.98,0.0,0.0
2014-05-09,18.68,18.68,18.49,18.68,4957871.0,0.0029328767954607,2.98,0.0,0.0
2014-05-12,18.8,19.62,18.74,19.37,11760011.0,0.0069567488497104,2.98,0.11,0.0369
2014-05-13,19.37,19.43,19.18,19.3,4395822.0,0.0026003912447047,3.09,-0.01,-0.0032
2014-05-14,19.18,19.68,19.18,19.49,5315123.0,0.0031442126896241,3.08,0.03,0.0097
2014-05-15,19.43,19.43,18.99,19.05,4817238.0,0.0028496839769351,3.11,-0.07,-0.0225
2014-05-16,19.11,19.3,18.93,19.11,3102204.0,0.0018351389389488,3.04,0.01,0.0033
2014-05-19,19.11,19.11,18.74,18.86,2532141.0,0.0014979126285727,3.05,-0.04,-0.0131
2014-05-20,18.93,19.05,18.74,18.86,2999795.0,0.0017745578992755,3.01,0.0,0.0
2014-05-21,18.8,19.05,18.61,18.99,2753588.0,0.0016289117545533,3.01,0.02,0.0066
2014-05-22,18.93,19.05,18.8,18.8,2845473.0,0.0016832672197017,3.03,-0.03,-0.0099
2014-05-23,18.86,18.99,18.74,18.93,3377460.0,0.0019979693020647,3.0,0.02,0.0067
2014-05-26,18.99,18.99,18.8,18.99,2690523.0,0.0015916050406219,3.02,0.01,0.0033
2014-05-27,18.99,18.99,18.74,18.8,3651778.0,0.0021602447821603,3.03,-0.03,-0.0099
2014-05-28,18.8,18.99,18.74,18.99,3041070.0,0.0017989745268426,3.0,0.03,0.01
2014-05-29,18.93,18.99,18.68,18.74,3256176.0,0.0019262225726196,3.03,-0.04,-0.0132
2014-05-30,18.74,18.8,18.49,18.68,5451184.0,0.0032247008970961,2.99,-0.01,-0.0033
2014-06-03,18.55,18.8,18.55,18.61,2881980.0,0.0017048632905095,2.98,-0.01,-0.0034
2014-06-04,18.61,18.68,18.36,18.49,3453203.0,0.0020427758101643,2.97,-0.02,-0.0067
2014-06-05,18.43,18.61,18.36,18.55,1811777.0,0.0010717743002691,2.95,0.01,0.0034
2014-06-06,18.55,18.61,18.49,18.49,2227496.0,0.0013176969167575,2.96,-0.01,-0.0034
2014-06-09,18.49,18.55,18.36,18.36,3126343.0,0.0018494185991025,2.95,-0.02,-0.0068
2014-06-10,18.36,18.61,18.36,18.61,2169027.0,0.001283109011313,2.93,0.04,0.0137
2014-06-11,18.61,18.8,18.55,18.61,2690557.0,0.0015916251536525,2.97,0.0,0.0
2014-06-12,18.61,18.86,18.61,18.74,4554969.0,0.002694536199942,2.97,0.02,0.0067
2014-06-13,18.74,18.8,18.55,18.74,3405369.0,0.002014479142374,2.99,0.0,0.0
2014-06-16,18.68,18.68,18.3,18.55,11122245.0,0.0065794721714076,2.99,-0.03,-0.01
2014-06-17,18.49,18.55,18.36,18.43,2816132.0,0.001665910265869,2.96,-0.02,-0.0068
2014-06-18,18.43,18.43,18.17,18.36,5474353.0,0.0032384067443184,2.94,-0.01,-0.0034
2014-06-19,18.36,18.36,17.92,17.99,4817482.0,0.0028498283175076,2.93,-0.06,-0.0205
2014-06-20,17.99,18.05,17.92,18.05,4347830.0,0.0025720011104782,2.87,0.01,0.0035
2014-06-23,18.05,18.18,17.99,18.11,2904590.0,0.0017182384558467,2.88,0.01,0.0035
2014-06-24,18.05,18.24,17.99,18.05,3115591.0,0.0018430581489607,2.89,-0.01,-0.0035
2014-06-25,18.05,18.11,17.92,17.99,2399765.0,0.0014196043186801,2.88,-0.01,-0.0035
2014-06-26,17.99,18.24,17.99,18.24,3322712.0,0.0019655825903495,2.87,0.04,0.0139
2014-06-27,18.24,18.67,18.05,18.42,6692040.0,0.0039587413287467,2.91,0.03,0.0103
2014-06-30,18.36,18.55,18.24,18.36,5593037.0,0.0033086154184837,2.94,-0.01,-0.0034
2014-07-01,18.42,18.55,18.3,18.49,4915938.0,0.0029080709215959,2.93,0.02,0.0068
2014-07-02,18.42,19.18,18.42,19.11,16284845.0,0.0096334583973997,2.95,0.1,0.0339
2014-07-03,19.05,20.62,18.86,19.99,29979304.0,0.0177345487701602,3.05,0.14,0.0459
2014-07-04,19.8,19.87,19.18,19.36,22699352.0,0.0134280223815414,3.19,-0.1,-0.0313
2014-07-07,19.49,19.49,18.93,19.05,8127161.0,0.0048077011099872,3.09,-0.05,-0.0162
2014-07-08,19.05,19.3,18.93,19.24,5824719.0,0.0034456691582292,3.04,0.03,0.0099
2014-07-09,19.24,19.3,18.86,19.05,6343687.0,0.0037526697245583,3.07,-0.03,-0.0098
2014-07-10,18.92,19.3,18.92,18.99,5868107.0,0.003471335751491,3.04,-0.01,-0.0033
2014-07-11,18.99,19.8,18.99,19.55,11099571.0,0.0065660591462482,3.03,0.09,0.0297
2014-07-14,19.43,19.74,19.24,19.61,8449306.0,0.004998269116955,3.12,0.01,0.0032
2014-07-15,19.55,19.8,19.55,19.74,7484771.0,0.0044276890595252,3.13,0.02,0.0064
2014-07-16,19.74,20.99,19.61,20.05,26554380.0,0.0157085016774027,3.15,0.05,0.0159
2014-07-17,20.05,20.3,19.61,19.86,11559695.0,0.0068382499722367,3.2,-0.03,-0.0094
2014-07-18,19.68,19.93,19.61,19.68,6008973.0,0.003554666403432,3.17,-0.03,-0.0095
2014-07-21,19.68,19.8,19.49,19.68,5171049.0,0.0030589843140917,3.14,0.0,0.0
2014-07-22,19.61,19.93,19.61,19.93,6401994.0,0.0037871617973276,3.14,0.04,0.0127
2014-07-23,19.93,19.93,19.61,19.74,5244870.0,0.0031026538444038,3.18,-0.03,-0.0094
2014-07-24,19.8,20.11,19.74,19.99,11712561.0,0.0069286793408538,3.15,0.04,0.0127
2014-07-25,19.99,20.24,19.86,20.24,8928856.0,0.0052819515821227,3.19,0.04,0.0125
2014-07-28,20.18,20.74,20.11,20.68,15445675.0,0.0091370392246446,3.23,0.07,0.0217
2014-07-29,20.68,20.74,20.37,20.43,16040392.0,0.0094888498484317,3.3,-0.04,-0.0121
2014-07-30,20.43,20.49,20.12,20.3,11215951.0,0.0066349048668117,3.26,-0.02,-0.0061
2014-07-31,20.49,20.62,20.3,20.55,11268584.0,0.0066660404297126,3.24,0.04,0.0123
2014-08-01,20.49,20.55,20.11,20.18,10310691.0,0.006099389511963,3.28,-0.06,-0.0183
2014-08-04,20.18,20.62,20.11,20.62,11827649.0,0.0069967607662551,3.22,0.07,0.0217
2014-08-05,20.55,20.99,20.49,20.62,13515452.0,0.0079951970414243,3.29,0.0,0.0
2014-08-06,20.55,21.12,20.3,21.05,24289756.0,0.0143688413312494,3.29,0.07,0.0213
2014-08-07,20.93,21.43,20.68,20.74,15479175.0,0.0091568564753653,3.36,-0.05,-0.0149
2014-08-08,20.68,20.8,20.55,20.68,7979086.0,0.004720105904003,3.31,-0.01,-0.003
2014-08-11,20.74,21.12,20.55,20.99,10230820.0,0.0060521410453268,3.3,0.05,0.0152
2014-08-12,20.99,20.99,20.74,20.93,7120006.0,0.0042119087771628,3.35,-0.01,-0.003
2014-08-13,20.99,21.37,20.87,20.99,14377351.0,0.0085050617751236,3.34,0.01,0.003
2014-08-14,21.18,23.12,21.05,22.62,102416328.0,0.0605853746229975,3.35,0.26,0.0776
2014-08-15,21.87,22.18,21.56,22.18,57950156.0,0.0342809782315291,3.61,-0.07,-0.0194
2014-08-18,22.56,23.69,22.18,22.81,48542136.0,0.0287155725262918,3.54,0.1,0.0282
2014-08-19,22.5,22.87,22.18,22.62,30371304.0,0.0179664401815787,3.64,-0.03,-0.0082
2014-08-20,22.43,23.0,22.31,22.62,25194744.0,0.0149041957818534,3.61,0.0,0.0
2014-08-21,22.56,22.68,21.81,22.18,21119268.0,0.0124933083281748,3.61,-0.07,-0.0194
2014-08-22,22.12,24.37,21.81,23.81,70797272.0,0.0418808146139183,3.54,0.26,0.0734
2014-08-25,23.19,25.06,23.19,24.31,73567544.0,0.0435195959508903,3.8,0.08,0.0211
2014-08-26,24.19,24.63,23.31,24.13,37403400.0,0.022126344943492,3.88,-0.03,-0.0077
2014-08-27,24.06,24.13,23.5,23.69,20850252.0,0.0123341692977305,3.85,-0.07,-0.0182
2014-08-28,23.69,24.19,23.37,23.81,22292312.0,0.0131872339118889,3.78,0.02,0.0053
2014-08-29,24.0,24.25,23.69,24.0,19069684.0,0.0112808569848567,3.8,0.03,0.0079
2014-09-01,23.88,24.31,23.56,23.94,20679072.0,0.0122329061043463,3.83,-0.01,-0.0026
2014-09-02,24.31,24.88,24.06,24.81,43716972.0,0.0258611998469921,3.82,0.14,0.0366
2014-09-03,25.0,26.19,24.63,24.81,67435704.0,0.0398922463789716,3.96,0.0,0.0
2014-09-04,24.94,25.25,24.44,24.88,38182408.0,0.0225871747001917,3.96,0.01,0.0025
2014-09-05,24.94,25.0,24.38,24.81,27901172.0,0.0165052095798698,3.97,-0.01,-0.0025
2014-09-09,24.88,25.38,24.63,25.06,27156100.0,0.0160644549939301,3.96,0.04,0.0101
2014-09-10,25.13,26.07,24.88,25.19,23369136.0,0.0138242396190554,4.0,0.02,0.005
2014-09-11,24.94,25.38,24.81,24.88,22847252.0,0.013515514064574,4.02,-0.05,-0.0124
2014-09-12,24.75,25.07,24.57,25.07,16504726.0,0.0097635311408541,3.97,0.03,0.0076
2014-09-15,25.13,25.13,24.69,25.0,18954964.0,0.0112129932534335,4.0,-0.01,-0.0025
2014-09-16,24.94,26.2,24.63,24.69,45801412.0,0.0270942705960152,3.99,-0.05,-0.0125
2014-09-17,24.44,25.07,23.88,24.94,35147180.0,0.0207916560652509,3.94,0.04,0.0102
2014-09-18,24.69,25.19,24.51,24.76,23610332.0,0.0139669214580056,3.98,-0.03,-0.0075
2014-09-19,24.82,25.13,24.57,24.82,14123231.0,0.0083547346183133,3.95,0.01,0.0025
2014-09-22,24.75,24.75,23.75,23.94,20932016.0,0.0123825375869224,3.96,-0.14,-0.0354
2014-09-23,23.94,24.13,23.63,23.94,16931096.0,0.0100157544599522,3.82,0.0,0.0
2014-09-24,24.0,24.32,23.88,24.25,28640128.0,0.0169423461865436,3.82,0.05,0.0131
2014-09-25,24.25,25.38,24.19,24.63,33666200.0,0.0199155679466731,3.87,0.06,0.0155
2014-09-26,24.5,24.5,24.13,24.44,15787566.0,0.0093392881699029,3.93,-0.03,-0.0076
2014-09-29,24.44,24.82,24.44,24.63,17155584.0,0.0101485525190505,3.9,0.03,0.0077
2014-09-30,24.63,24.94,24.44,24.82,22752212.0,0.0134592922284995,3.93,0.03,0.0076
2014-10-08,24.94,25.38,24.88,25.38,28935214.0,0.0171169071789666,3.96,0.09,0.0227
2014-10-09,25.38,25.51,24.94,25.13,25560134.0,0.0151203457890427,4.05,-0.04,-0.0099
2014-10-10,25.0,25.13,24.82,25.0,16799952.0,0.0099381749516383,4.01,-0.02,-0.005
2014-10-13,24.88,25.38,24.63,25.38,23232738.0,0.0137435520559568,3.99,0.06,0.015
2014-10-14,25.38,26.13,25.19,25.57,35941992.0,0.0212618348318129,4.05,0.03,0.0074
2014-10-15,25.5,26.32,25.32,26.32,51307276.0,0.0303513179787653,4.08,0.12,0.0294
2014-10-16,26.0,26.76,25.57,25.63,35427624.0,0.0209575554402096,4.2,-0.11,-0.0262
2014-10-17,26.01,26.57,25.13,25.57,43289192.0,0.0256081424286845,4.09,-0.01,-0.0024
2014-10-20,25.75,26.38,25.25,26.07,33307980.0,0.0197036594226978,4.08,0.08,0.0196
2014-10-21,26.07,26.07,25.38,25.63,24299576.0,0.0143746504477294,4.16,-0.07,-0.0168
2014-10-22,25.82,26.26,25.5,25.63,34975600.0,0.0206901562479775,4.09,0.0,0.0
2014-10-23,25.44,25.63,24.25,24.38,32291670.0,0.0191024513606093,4.09,-0.2,-0.0489
2014-10-24,24.31,24.5,24.0,24.13,15080921.0,0.0089212654494391,3.89,-0.04,-0.0103
2014-10-27,24.13,24.31,23.75,24.25,12281108.0,0.0072650088466898,3.85,0.02,0.0052
2014-10-28,24.38,25.25,24.38,25.19,23211390.0,0.0137309234389901,3.87,0.15,0.0388
2014-10-29,25.69,27.7,25.51,27.7,143587600.0,0.0849406408831326,4.02,0.4,0.0995
2014-10-30,27.64,28.39,27.01,27.89,134432416.0,0.0795248027720214,4.42,0.03,0.0068
2014-10-31,27.82,27.95,26.95,27.39,54558344.0,0.0322745188643198,4.45,-0.08,-0.018
2014-11-03,27.89,29.51,27.7,28.76,105555120.0,0.0624421575490918,4.37,0.22,0.0503
2014-11-04,28.7,30.58,28.14,29.83,107316296.0,0.063483998335817,4.59,0.17,0.037
2014-11-05,29.39,29.64,28.2,28.57,59445148.0,0.0351653552849457,4.76,-0.2,-0.042
2014-11-06,28.51,28.7,27.95,28.64,43809048.0,0.0259156683000476,4.56,0.01,0.0022
2014-11-07,28.83,30.33,28.45,29.7,89294384.0,0.052822961065054,4.57,0.17,0.0372
2014-11-10,29.77,32.65,29.33,32.65,136798656.0,0.0809245750509877,4.74,0.47,0.0992
2014-11-11,32.65,33.27,31.33,32.15,97926944.0,0.0579296358674888,5.21,-0.08,-0.0154
2014-11-12,31.71,34.9,31.46,33.15,82391128.0,0.0487392728578527,5.13,0.16,0.0312
2014-11-13,33.21,34.34,32.58,32.9,58950616.0,0.034872810072008,5.29,-0.04,-0.0076
2014-11-14,33.4,33.9,32.14,33.21,44987376.0,0.0266127196853381,5.25,0.05,0.0095
2014-11-17,32.77,33.09,32.21,32.4,27382526.0,0.0161983994957715,5.3,-0.13,-0.0245
2014-11-18,32.46,33.09,32.02,32.58,27964376.0,0.0165425985206027,5.17,0.03,0.0058
2014-11-19,32.39,32.64,31.77,31.89,26364116.0,0.0155959491582647,5.2,-0.11,-0.0212
2014-11-20,31.52,31.64,30.76,30.95,33811416.0,0.0200014718834092,5.09,-0.15,-0.0295
2014-11-21,30.95,31.64,30.7,31.45,28337104.0,0.0167630893930393,4.94,0.08,0.0162
2014-11-24,32.02,32.89,31.01,32.21,51369732.0,0.0303882644328254,5.02,0.12,0.0239
2014-11-25,33.33,34.84,33.27,33.84,62584224.0,0.0370223062140013,5.14,0.26,0.0506
2014-11-26,33.84,33.9,32.77,33.21,39437388.0,0.0233295703213701,5.4,-0.1,-0.0185
2014-11-27,33.15,33.71,32.58,33.21,33611188.0,0.0198830250631911,5.3,0.0,0.0
2014-11-28,35.09,36.53,33.84,34.65,97612192.0,0.0577434412615532,5.3,0.23,0.0434
2014-12-01,35.59,37.16,34.46,35.9,79891176.0,0.0472604019452038,5.53,0.2,0.0362
2014-12-02,34.96,36.34,34.09,35.53,61755316.0,0.0365319576271236,5.73,-0.06,-0.0105
2014-12-03,35.84,35.9,33.9,34.71,61570928.0,0.0364228811129179,5.67,-0.13,-0.0229
2014-12-04,34.27,35.4,34.27,35.15,49573588.0,0.0293257379857061,5.54,0.07,0.0126
2014-12-05,35.03,35.03,31.83,33.08,70219000.0,0.0415387321897761,5.61,-0.33,-0.0588
2014-12-08,33.15,34.59,32.77,34.21,52540772.0,0.0310810045308547,5.28,0.18,0.0341
2014-12-09,34.27,36.72,33.21,33.65,94393016.0,0.0558391063986848,5.46,-0.09,-0.0165
2014-12-10,33.65,34.84,32.58,34.78,42316936.0,0.0250329949386333,5.37,0.18,0.0335
2014-12-11,35.59,38.28,35.46,38.28,133873560.0,0.079194206071461,5.55,0.56,0.1009
2014-12-12,39.41,39.54,36.97,37.35,80922768.0,0.0478706502229792,6.11,-0.15,-0.0245
2014-12-15,38.72,38.79,37.03,38.16,72435968.0,0.0428502011657698,5.96,0.13,0.0218
2014-12-16,38.47,39.04,37.53,38.91,73307344.0,0.0433656721109641,6.09,0.12,0.0197
2014-12-17,38.85,42.61,37.53,41.42,121210080.0,0.0717030013503658,6.21,0.4,0.0644
2014-12-18,40.16,45.55,39.54,45.55,164517920.0,0.0973221751847649,6.61,0.66,0.0998
2014-12-19,45.93,50.13,45.86,50.13,188510400.0,0.111515160007798,7.27,0.73,0.1004
2015-01-08,52.01,54.51,48.25,49.56,211124272.0,0.1248926158642168,8.0,-0.09,-0.0112
2015-01-09,48.12,48.31,45.74,47.0,109113168.0,0.0645469554384147,7.91,-0.41,-0.0518
2015-01-12,46.24,46.24,43.42,43.86,80816224.0,0.0478076230838513,7.5,-0.5,-0.0667
2015-01-13,44.24,45.18,42.55,43.8,60515588.0,0.0357985844748405,7.0,-0.01,-0.0014
2015-01-14,43.42,43.42,41.92,42.55,50124548.0,0.0296516637306936,6.99,-0.2,-0.0286
2015-01-15,41.99,43.87,41.55,43.8,56271968.0,0.0332882298030967,6.79,0.2,0.0295
2015-01-16,44.8,44.87,43.17,43.68,61915408.0,0.0366266616062991,6.99,-0.02,-0.0029
2015-01-19,41.36,42.24,39.29,39.29,53327728.0,0.0315465360042328,6.97,-0.7,-0.1004
2015-01-20,39.35,40.42,38.73,40.1,45283956.0,0.0267881644679873,6.27,0.13,0.0207
2015-01-21,40.1,44.11,40.1,43.05,78630112.0,0.0465144072746706,6.4,0.47,0.0734
2015-01-22,43.05,43.55,42.17,43.3,47813828.0,0.0282847348475486,6.87,0.04,0.0058
2015-01-23,43.73,44.05,42.48,42.8,47867104.0,0.0283162507833515,6.91,-0.08,-0.0116
2015-01-26,42.8,43.36,42.23,43.36,40854376.0,0.0241678033501533,6.83,0.09,0.0132
2015-01-27,43.61,43.74,41.23,42.36,46487996.0,0.0275004260368758,6.92,-0.16,-0.0231
2015-01-28,41.73,41.79,40.79,41.42,37062368.0,0.0219246041480358,6.76,-0.15,-0.0222
2015-01-29,40.92,41.73,40.17,41.23,24059188.0,0.0142324465890353,6.61,-0.03,-0.0045
2015-01-30,41.23,41.8,40.17,40.23,23666746.0,0.0140002937082193,6.58,-0.16,-0.0243
2015-02-02,39.6,39.6,38.47,38.54,27203556.0,0.0160925280521451,6.42,-0.27,-0.0421
2015-02-03,38.66,39.54,38.29,39.48,23230384.0,0.0137421595243689,6.15,0.15,0.0244
2015-02-04,39.54,39.91,38.85,38.91,19390304.0,0.011470522863247,6.3,-0.09,-0.0143
2015-02-05,39.66,39.79,38.35,38.41,17925654.0,0.0106040949149459,6.21,-0.08,-0.0129
2015-02-06,38.28,38.28,36.53,36.84,25163740.0,0.0148858550642013,6.13,-0.25,-0.0408
2015-02-09,36.53,36.53,35.53,36.34,20859546.0,0.0123396672537962,5.88,-0.08,-0.0136
2015-02-10,36.4,37.91,36.15,37.72,22334782.0,0.013212357453325,5.8,0.22,0.0379
2015-02-11,37.97,38.16,37.03,37.53,16249475.0,0.009612534929997,6.02,-0.03,-0.005
2015-02-12,37.66,38.16,36.97,37.91,15299346.0,0.0090504768819368,5.99,0.06,0.01
2015-02-13,38.22,40.73,37.66,39.29,40250256.0,0.0238104302902907,6.05,0.22,0.0364
2015-02-16,38.91,39.6,38.91,39.54,22247228.0,0.0131605640333369,6.27,0.04,0.0064
2015-02-17,39.6,40.73,39.6,40.48,29061836.0,0.0171918116542131,6.31,0.15,0.0238
2015-02-25,40.73,40.73,39.54,39.66,19186924.0,0.011350211446782,6.46,-0.13,-0.0201
2015-02-26,39.48,40.6,38.6,40.54,33741472.0,0.0199600958301432,6.33,0.14,0.0221
2015-02-27,40.66,40.98,40.23,40.73,27025512.0,0.0159872043928221,6.47,0.03,0.0046
2015-03-02,40.92,41.17,40.35,41.04,28409140.0,0.0168057029892458,6.5,0.05,0.0077
2015-03-03,41.04,42.29,40.1,40.91,52963880.0,0.0313312981821364,6.55,-0.02,-0.0031
2015-03-04,40.47,40.91,40.29,40.6,24086880.0,0.0142488280608848,6.53,-0.05,-0.0077
2015-03-05,40.6,40.6,39.28,39.66,25830368.0,0.0152802053392295,6.48,-0.15,-0.0231
2015-03-06,39.66,41.35,39.29,40.66,34347816.0,0.0203187845188297,6.33,0.16,0.0253
2015-03-09,40.35,41.17,39.54,41.1,23821954.0,0.0140921085097077,6.49,0.07,0.0108
2015-03-10,41.17,42.17,40.85,41.86,35884372.0,0.0212277491605733,6.56,0.12,0.0183
2015-03-11,41.98,43.8,41.86,42.67,53908788.0,0.0318902676968828,6.68,0.13,0.0195
2015-03-12,42.74,42.92,41.8,42.55,29467876.0,0.0174320085641426,6.81,-0.02,-0.0029
2015-03-13,42.55,43.68,42.17,43.24,36853624.0,0.0218011196052166,6.79,0.11,0.0162
2015-03-16,43.8,44.49,43.3,44.43,51677692.0,0.0305704411651224,6.9,0.19,0.0275
2015-03-17,44.86,48.87,44.49,48.87,144121280.0,0.0852563444761066,7.09,0.71,0.1001
2015-03-18,49.38,49.81,48.25,48.62,111960352.0,0.0662312348168026,7.8,-0.04,-0.0051
2015-03-19,48.0,48.06,46.87,47.5,78291200.0,0.0463139205858271,7.76,-0.18,-0.0232
2015-03-20,47.49,48.25,47.06,48.25,62406152.0,0.0369169659910061,7.58,0.12,0.0158
2015-03-23,48.18,48.69,47.37,48.37,63034696.0,0.0372887873055433,7.7,0.02,0.0026
2015-03-24,48.44,48.5,46.24,47.62,74678216.0,0.0441766247715611,7.72,-0.12,-0.0155
2015-03-25,47.62,48.75,47.18,48.06,58917908.0,0.0348534613365879,7.6,0.07,0.0092
2015-03-26,47.81,49.63,47.0,49.0,79433816.0,0.0469898461902896,7.67,0.15,0.0196
2015-03-27,49.07,50.38,48.63,48.82,67295352.0,0.0398092197887283,7.82,-0.03,-0.0038
2015-03-30,50.01,52.2,50.01,51.38,96480184.0,0.0570737909226323,7.79,0.41,0.0526
2015-03-31,52.51,53.2,49.44,49.75,79130504.0,0.0468104190275852,8.2,-0.26,-0.0317
2015-04-01,49.5,50.38,49.25,50.0,50495000.0,0.0298708082132007,7.94,0.04,0.005
2015-04-02,49.94,49.94,49.07,49.5,59344556.0,0.035105849109289,7.98,-0.08,-0.01
2015-04-03,49.19,50.01,48.94,49.5,46008408.0,0.0272167210924386,7.9,0.0,0.0
2015-04-07,49.38,51.01,49.0,50.57,77285496.0,0.0457189866061608,7.9,0.17,0.0215
2015-04-08,50.63,50.63,48.62,49.5,56223448.0,0.0332595273253364,8.07,-0.17,-0.0211
2015-04-09,49.5,50.32,48.0,49.94,66879192.0,0.039563036294402,7.9,0.07,0.0089
2015-04-10,50.19,54.2,50.13,52.45,130538608.0,0.0772213827901018,7.97,0.4,0.0502
2015-04-13,52.01,52.76,51.26,52.32,77054400.0,0.045582279520413,8.37,-0.02,-0.0024
2015-04-14,52.32,54.2,51.51,52.95,83089320.0,0.0491522951239779,8.35,0.1,0.012
2015-04-15,52.95,58.28,51.76,55.02,138245712.0,0.0817805950975222,8.45,0.33,0.0391
2015-04-16,53.77,58.16,52.7,57.22,112369472.0,0.0664732537306789,8.78,0.35,0.0399
2015-04-17,58.22,62.92,58.22,62.92,141568368.0,0.0837461445605273,9.13,0.91,0.0997
2015-04-20,64.86,69.19,62.98,69.19,279251200.0,0.1651937625211638,10.04,1.0,0.0996
2015-04-21,70.13,75.08,64.3,66.99,235318928.0,0.1392051998658084,11.04,-0.35,-0.0317
2015-04-22,65.18,72.01,63.93,68.19,165815024.0,0.0980894896677152,10.69,0.19,0.0178
2015-04-23,67.25,67.94,65.81,66.5,102981848.0,0.060919913477552,10.88,-0.27,-0.0248
2015-04-24,65.18,70.76,64.05,68.88,144313312.0,0.085369942872835,10.61,0.38,0.0358
2015-04-27,70.51,75.77,69.07,75.77,185953728.0,0.1100027358276601,10.99,1.1,0.1001
2015-04-28,78.15,83.36,76.4,83.36,250790208.0,0.1483573859771606,12.09,1.21,0.1001
2015-04-29,85.17,86.36,75.02,78.53,196508832.0,0.1162467102262023,13.3,-0.77,-0.0579
2015-04-30,76.96,81.35,75.21,77.84,117262368.0,0.0693676939331373,12.53,-0.11,-0.0088
2015-05-04,76.46,78.34,73.39,75.33,88756032.0,0.0525044937050541,12.42,-0.4,-0.0322
2015-05-05,75.39,77.52,70.19,71.07,85194168.0,0.0503974384238282,12.02,-0.68,-0.0566
2015-05-06,71.0,72.32,65.18,66.87,93074432.0,0.0550590852128843,11.34,-0.67,-0.0591
2015-05-07,66.24,66.24,62.23,62.42,72931296.0,0.043143217260247,10.67,-0.71,-0.0665
2015-05-08,63.68,65.81,62.67,65.49,76341848.0,0.0451607624566654,9.96,0.49,0.0492
2015-05-11,65.74,68.31,64.55,68.13,76979632.0,0.0455380497830433,10.45,0.42,0.0402
2015-05-12,68.88,70.25,67.81,70.07,75626328.0,0.04473748964366,10.87,0.31,0.0285
2015-05-13,69.07,69.13,66.37,66.87,77569360.0,0.0458869091153723,11.18,-0.51,-0.0456
2015-05-14,67.0,68.06,65.31,67.0,56512372.0,0.0334304431267463,10.67,0.02,0.0019
2015-05-15,67.06,67.38,63.99,64.31,48170404.0,0.0284956708473393,10.69,-0.43,-0.0402
2015-05-18,63.3,67.06,62.61,64.93,59360600.0,0.035115340093485,10.26,0.1,0.0097
2015-05-19,63.99,67.56,63.92,67.18,64066256.0,0.0378990166534077,10.36,0.36,0.0347
2015-05-20,68.88,73.89,68.81,72.7,121887728.0,0.0721038706135415,10.72,0.88,0.0821
2015-05-21,73.95,79.97,72.07,79.97,167219776.0,0.0989204843717277,11.6,1.16,0.1
2015-05-22,83.54,85.61,75.4,77.02,188121776.0,0.1112852657020044,12.76,-0.47,-0.0368
2015-05-25,75.46,78.97,73.64,78.03,123653376.0,0.0731483568553481,12.29,0.16,0.013
2015-05-26,78.09,78.72,75.33,77.71,105558632.0,0.062444235106839,12.45,-0.05,-0.004
2015-05-27,77.84,78.28,75.58,76.02,85918696.0,0.0508260400068184,12.4,-0.27,-0.0218
2015-05-28,75.65,77.96,72.76,72.89,118488520.0,0.0700930360706209,12.13,-0.5,-0.0412
2015-05-29,71.45,73.64,66.31,69.44,84034768.0,0.0497115840809747,11.63,-0.55,-0.0473
2015-06-01,69.44,73.2,68.5,72.95,63285016.0,0.0374368665354063,11.08,0.56,0.0505
2015-06-02,72.95,74.7,72.07,74.01,69893272.0,0.0413460446243207,11.64,0.17,0.0146
2015-06-03,74.07,74.26,71.25,72.82,59049520.0,0.0349313176948522,11.81,-0.19,-0.0161
2015-06-04,72.7,73.2,67.18,71.76,54555728.0,0.0322729713440844,11.62,-0.17,-0.0146
2015-06-05,72.76,78.65,72.44,78.02,133404592.0,0.0789167834912822,11.45,1.0,0.0873
2015-06-08,79.03,85.23,79.03,81.22,177537200.0,0.1050238568553058,12.45,0.51,0.041
2015-06-09,80.09,80.22,76.39,77.83,97912000.0,0.0579207955989882,12.96,-0.54,-0.0417
2015-06-10,76.45,79.34,75.51,77.96,69757312.0,0.0412656161643807,12.42,0.02,0.0016
2015-06-11,78.21,78.33,75.7,77.02,60811560.0,0.0359736695891781,12.44,-0.15,-0.0121
2015-06-12,76.95,80.52,76.89,79.9,97675296.0,0.0577807710463138,12.29,0.46,0.0374
2015-06-15,80.84,87.92,80.84,87.92,188395584.0,0.1114472394866413,12.75,1.28,0.1004
2015-06-16,87.73,93.87,84.6,90.8,269619136.0,0.1594958214093453,14.03,0.46,0.0328
2015-06-17,88.54,97.38,83.97,96.44,202595136.0,0.1198471225345742,14.49,0.9,0.0621
2015-06-18,94.69,104.97,90.93,92.49,197910624.0,0.1170759539134347,15.39,-0.63,-0.0409
2015-06-19,87.48,90.8,83.22,83.22,117028096.0,0.0692291080537092,14.76,-1.48,-0.1003
2015-06-23,81.78,91.56,76.33,91.56,140660672.0,0.0832091881661934,13.28,1.33,0.1002
2015-06-24,94.31,100.45,93.06,99.82,208437168.0,0.1233030333662878,14.61,1.32,0.0903
2015-06-25,99.39,107.72,94.0,98.14,236810064.0,0.1400872958649331,15.93,-0.27,-0.0169
2015-06-26,92.43,97.13,88.29,88.29,140440976.0,0.0830792248612878,15.66,-1.57,-0.1003
2015-06-29,93.99,95.56,81.4,94.81,202386336.0,0.1197236048644105,14.09,1.04,0.0738
2015-06-30,94.5,103.15,85.35,101.46,192705744.0,0.1139969565423539,15.13,1.06,0.0701
2015-07-01,97.95,106.28,92.75,93.19,192464960.0,0.1138545184260096,16.19,-1.32,-0.0815
2015-07-02,90.24,92.75,83.85,83.85,108922744.0,0.064434308269721,14.87,-1.49,-0.1002
2015-07-03,76.15,80.16,75.46,75.46,63899016.0,0.0378000842053321,13.38,-1.34,-0.1001
2015-07-06,81.85,81.85,67.93,67.93,131057496.0,0.0775283360316531,12.04,-1.2,-0.0997
2015-07-07,62.04,62.04,61.17,61.17,30087500.0,0.0177985531659506,10.84,-1.08,-0.0996
2015-07-08,55.03,59.29,55.03,55.03,215155584.0,0.1272773776742886,9.76,-0.98,-0.1004
2015-07-09,49.76,60.54,49.76,60.54,79534464.0,0.0470493854932908,8.78,0.88,0.1002
2015-07-10,64.05,66.62,61.73,66.62,62995916.0,0.0372658466194852,9.66,0.97,0.1004
2015-07-13,69.56,73.26,68.0,73.26,94085976.0,0.0556574739013329,10.63,1.06,0.0997
2015-07-14,72.95,78.34,69.56,70.51,105402672.0,0.0623519754524389,11.69,-0.44,-0.0376
2015-07-15,67.68,69.56,63.48,63.48,57100684.0,0.0337784648105076,11.25,-1.12,-0.0996
2015-07-16,63.61,68.13,59.03,64.8,50641616.0,0.029957540333549,10.11,0.21,0.0208
2015-07-17,66.0,70.83,66.0,70.33,49916896.0,0.0295288251710919,10.32,0.88,0.0853
2015-07-20,71.27,77.17,70.89,74.54,77624584.0,0.0459195774095156,11.2,0.67,0.0598
2015-07-21,72.72,76.61,71.27,73.66,66972956.0,0.0396185033002699,11.87,-0.14,-0.0118
2015-07-22,73.78,79.12,73.78,78.49,102039200.0,0.0603622808877796,11.73,0.77,0.0656
2015-07-23,79.74,85.96,77.8,84.58,105582072.0,0.0624581012667462,12.5,0.97,0.0776
2015-07-24,84.01,87.28,78.55,81.37,118152840.0,0.0698944613028021,13.47,-0.51,-0.0379
2015-07-27,78.24,82.82,73.21,73.21,74278552.0,0.0439401996464255,12.96,-1.3,-0.1003
2015-07-28,65.87,73.97,65.87,67.31,75053840.0,0.0443988288009556,11.66,-0.94,-0.0806
2015-07-29,69.76,74.03,68.13,74.03,73407128.0,0.0434247003063645,10.72,1.07,0.0998
2015-07-30,75.35,79.43,71.89,74.16,81753832.0,0.0483622742126197,11.79,0.02,0.0017
2015-07-31,72.65,76.16,72.65,73.4,53250264.0,0.0315007114218498,11.81,-0.12,-0.0102
2015-08-03,72.71,76.98,71.58,75.09,59909544.0,0.0354400732540709,11.69,0.27,0.0231
2015-08-04,75.85,82.63,75.85,82.63,101726896.0,0.0601775344200459,11.96,1.2,0.1003
2015-08-05,84.64,86.83,79.74,81.56,113785208.0,0.0673107461266889,13.16,-0.17,-0.0129
2015-08-06,77.23,85.89,77.04,81.31,74988720.0,0.0443603064317934,12.99,-0.04,-0.0031
2015-08-07,83.51,89.47,83.51,89.47,144777760.0,0.0856446916030658,12.95,1.3,0.1004
2015-12-15,80.56,80.56,80.56,80.56,5648000.0,0.0033411293155393,14.25,-1.42,-0.0996
2015-12-16,72.52,72.52,72.52,72.52,8390300.0,0.0049633635439393,12.83,-1.28,-0.0998
2015-12-17,69.06,79.8,67.24,79.8,229524960.0,0.1357777217606213,11.55,1.16,0.1004
2015-12-18,78.48,79.55,73.39,74.4,174190256.0,0.1030439395897483,12.71,-0.86,-0.0677
2015-12-21,72.08,74.46,70.7,71.64,95281016.0,0.0563644114327143,11.85,-0.44,-0.0371
2015-12-22,71.89,72.14,70.44,71.01,56783427.0,0.0335907883474658,11.41,-0.1,-0.0088
2015-12-23,71.07,71.32,67.24,68.43,101762136.0,0.0601983809846846,11.31,-0.41,-0.0363
2015-12-24,68.56,68.68,65.98,66.86,52853356.0,0.0312659166353109,10.9,-0.25,-0.0229
2015-12-25,67.43,70.63,66.55,68.94,95575577.0,0.0565386618562828,10.65,0.33,0.031
2015-12-28,68.12,68.43,65.36,65.48,77081952.0,0.0455985781739013,10.98,-0.55,-0.0501
2015-12-29,65.48,66.23,64.41,65.73,37497173.0,0.0221818172733975,10.43,0.04,0.0038
2015-12-30,65.85,66.1,64.6,64.97,32616235.0,0.0192944509421068,10.47,-0.12,-0.0115
2015-12-31,64.85,65.85,64.1,64.41,27863708.0,0.0164830473864071,10.35,-0.09,-0.0087
2016-01-04,64.28,64.53,57.94,57.94,38158939.0,0.0225732913850525,10.26,-1.03,-0.1004
2016-01-05,54.42,57.38,52.23,54.36,54875792.0,0.0324623083152687,9.23,-0.57,-0.0618
2016-01-06,54.61,56.18,54.49,55.99,40971344.0,0.0242369969078339,8.66,0.26,0.03
2016-01-07,55.74,55.74,50.41,50.6,9846285.0,0.0058246656272406,8.92,-0.86,-0.0964
2016-01-08,52.1,53.54,45.89,50.47,51209271.0,0.0302933421681121,8.06,-0.02,-0.0025
2016-01-11,48.96,50.53,45.45,45.45,46702617.0,0.0276273871761871,8.04,-0.8,-0.0995
2016-01-12,45.32,46.2,43.31,44.57,38213781.0,0.0226057337033816,7.24,-0.14,-0.0193
2016-01-13,44.88,46.07,43.63,44.07,41702109.0,0.0246692880488165,7.1,-0.08,-0.0113
2016-01-14,42.37,45.45,41.8,45.19,38362436.0,0.0226936720140051,7.02,0.18,0.0256
2016-01-15,44.69,44.88,41.43,41.99,34209888.0,0.0202371918693549,7.2,-0.51,-0.0708
2016-01-18,40.93,45.45,40.93,43.75,43804597.0,0.0259130352677205,6.69,0.28,0.0419
2016-01-19,43.57,45.32,42.37,45.01,47593987.0,0.0281546857664832,6.97,0.2,0.0287
2016-01-20,44.57,48.34,44.13,45.95,58465966.0,0.034586110652253,7.17,0.15,0.0209
2016-01-21,45.07,45.89,42.75,42.94,38043895.0,0.0225052359882789,7.32,-0.48,-0.0656
2016-01-22,43.31,43.88,42.06,43.5,27036820.0,0.0159938937501699,6.84,0.09,0.0132
2016-01-25,44.13,44.63,43.32,43.88,22750363.0,0.0134581984345717,6.93,0.06,0.0087
2016-01-26,43.44,43.63,39.49,39.49,32281932.0,0.0190966907520267,6.99,-0.7,-0.1001
2016-01-27,39.49,39.93,35.79,37.92,30835206.0,0.0182408659202007,6.29,-0.25,-0.0397
2016-01-28,37.48,37.92,34.72,35.1,21828772.0,0.0129130223178866,6.04,-0.45,-0.0745
2016-01-29,35.22,37.48,34.91,36.98,31788414.0,0.0188047453806481,5.59,0.3,0.0537
2016-02-01,36.79,37.55,35.29,36.79,23567713.0,0.0139417097741708,5.89,-0.03,-0.0051
2016-02-02,36.98,38.11,36.98,37.98,23381703.0,0.0138316737500944,5.86,0.19,0.0324
2016-02-03,37.36,37.8,36.79,37.61,19582708.0,0.0115843413201923,6.05,-0.06,-0.0099
2016-02-04,37.92,38.61,37.67,38.05,21388358.0,0.0126524911340385,5.99,0.07,0.0117
2016-02-05,38.05,38.17,37.67,37.67,15765269.0,0.009326098162759,6.06,-0.06,-0.0099
2016-02-15,36.1,36.92,35.54,36.61,15465716.0,0.0091488946730533,6.0,-0.17,-0.0283
2016-02-16,37.17,40.25,37.17,40.25,57713138.0,0.0341407679291016,5.83,0.58,0.0995
2016-02-17,40.0,40.25,38.93,39.81,47417394.0,0.0280502204603183,6.41,-0.07,-0.0109
2016-02-18,40.06,42.38,39.68,40.69,53616460.0,0.0317173382261758,6.34,0.14,0.0221
2016-02-19,40.81,40.94,39.56,40.12,29198802.0,0.0172728352232344,6.48,-0.09,-0.0139
2016-02-22,40.5,41.63,40.12,41.19,34704734.0,0.0205299228320457,6.39,0.17,0.0266
2016-02-23,40.81,41.38,39.87,40.63,25359944.0,0.015001921448094,6.56,-0.09,-0.0137
2016-02-24,40.31,43.58,39.93,42.57,49700330.0,0.0294007134481193,6.47,0.31,0.0479
2016-02-25,42.01,42.2,38.3,38.3,49815651.0,0.0294689327069361,6.78,-0.68,-0.1003
2016-02-26,38.43,39.87,36.86,38.93,32080627.0,0.0189776068219869,6.1,0.1,0.0164
2016-02-29,38.62,38.62,35.04,35.48,35811135.0,0.0211844251011395,6.2,-0.55,-0.0887
2016-03-01,35.79,36.73,34.85,36.48,23831277.0,0.0140976236210052,5.65,0.16,0.0283
2016-03-02,36.48,39.06,36.23,38.55,34690297.0,0.0205213824843246,5.81,0.33,0.0568
2016-03-03,38.55,42.38,38.18,41.0,69712258.0,0.0412389640326204,6.14,0.39,0.0635
2016-03-04,40.37,41.44,38.43,39.75,55018442.0,0.0325466943097556,6.53,-0.2,-0.0306
2016-03-07,40.81,42.82,40.81,41.32,49907085.0,0.0295230213786495,6.33,0.25,0.0395
2016-03-08,42.82,45.46,41.07,45.46,123689425.0,0.0731696819918027,6.58,0.66,0.1003
2016-03-09,43.33,44.08,42.32,42.82,76496093.0,0.0452520075861405,7.24,-0.42,-0.058
2016-03-10,43.07,43.33,40.63,40.75,44676209.0,0.0264286458210094,6.82,-0.33,-0.0484
2016-03-11,40.31,40.31,38.68,39.74,42564713.0,0.0251795698321206,6.49,-0.16,-0.0247
2016-03-14,40.18,41.57,39.93,40.94,36253390.0,0.0214460453464376,6.33,0.19,0.03
2016-03-15,40.94,40.94,39.3,39.87,32057258.0,0.01896378266282,6.52,-0.17,-0.0261
2016-03-16,39.93,40.18,38.68,38.86,32145675.0,0.019016086598849,6.35,-0.16,-0.0252
2016-03-17,39.05,40.06,38.87,39.93,29770487.0,0.0176110210434812,6.19,0.17,0.0275
2016-03-18,40.06,41.94,39.93,41.38,47000506.0,0.0278036063105137,6.36,0.23,0.0362
2016-03-21,41.88,43.26,41.88,43.01,48560421.0,0.028726389195827,6.59,0.26,0.0395
2016-03-22,42.64,42.64,41.76,42.14,38073734.0,0.0225228875388537,6.85,-0.14,-0.0204
2016-03-23,41.95,42.7,41.69,42.64,24951783.0,0.0147604698399921,6.71,0.08,0.0119
2016-03-24,42.07,42.2,41.07,41.13,31126059.0,0.0184129228403162,6.79,-0.24,-0.0353
2016-03-25,40.82,41.64,40.69,41.51,20434929.0,0.0120884809388924,6.55,0.06,0.0092
2016-03-28,41.7,42.71,40.51,40.82,31984772.0,0.0189209028647381,6.61,-0.11,-0.0166
2016-03-29,40.76,40.82,39.31,39.69,22566501.0,0.0133494330807803,6.5,-0.18,-0.0277
2016-03-30,39.88,40.95,39.88,40.88,19134874.0,0.0113194207631995,6.32,0.19,0.0301
2016-03-31,41.01,42.33,40.88,41.83,32251231.0,0.0190785292769706,6.51,0.15,0.023
2016-04-01,41.95,42.64,41.26,42.14,37230059.0,0.0220238033895464,6.66,0.05,0.0075
2016-04-05,42.83,45.15,42.14,44.21,73169412.0,0.0432840770952504,6.71,0.33,0.0492
2016-04-06,43.71,43.96,43.02,43.39,41791148.0,0.0247219599349933,7.04,-0.13,-0.0185
2016-04-07,43.83,44.84,43.33,43.46,52622721.0,0.0311294822585953,6.91,0.01,0.0014
2016-04-08,43.02,43.14,41.76,42.7,35491163.0,0.0209951425534497,6.92,-0.12,-0.0173
2016-04-11,43.46,44.46,43.08,43.77,36310247.0,0.0214796796576086,6.8,0.17,0.025
2016-04-12,44.15,48.11,43.77,45.72,92963975.0,0.0549937433005602,6.97,0.31,0.0445
2016-04-13,46.35,50.3,46.35,49.92,170828466.0,0.1010552400285431,7.28,0.67,0.092
2016-04-14,48.98,49.3,47.54,47.98,104727647.0,0.0619526578504166,7.95,-0.31,-0.039
2016-04-15,48.36,49.99,47.6,48.36,78732223.0,0.0465748120295465,7.64,0.06,0.0079
2016-04-18,48.67,49.8,47.79,49.24,52880725.0,0.0312821070333698,7.7,0.14,0.0182
2016-04-19,49.62,51.25,47.79,48.3,52600630.0,0.0311164141127544,7.84,-0.15,-0.0191
2016-04-20,48.49,48.86,43.96,45.16,61374606.0,0.0363067449249779,7.69,-0.5,-0.065
2016-04-21,44.47,46.16,44.03,44.59,38899900.0,0.0230116140689709,7.19,-0.09,-0.0125
2016-04-22,43.9,44.4,43.02,43.21,38695856.0,0.0228909098568498,7.1,-0.22,-0.031
2016-04-25,43.4,43.59,41.96,42.83,18665860.0,0.0110419709712735,6.88,-0.06,-0.0087
2016-04-26,42.83,43.59,42.52,43.4,21918514.0,0.0129661100705486,6.82,0.09,0.0132
2016-04-27,43.4,43.59,42.46,42.71,18835826.0,0.0111425160111539,6.91,-0.11,-0.0159
2016-04-28,42.71,43.08,41.45,42.39,18503274.0,0.0109457916421488,6.8,-0.05,-0.0074
2016-04-29,41.95,42.33,41.83,41.95,13402914.0,0.0079286240933166,6.75,-0.07,-0.0104
2016-05-03,41.95,43.4,41.7,43.33,20940741.0,0.0123876989455056,6.68,0.22,0.0329
2016-05-04,43.02,44.72,42.77,44.59,39511999.0,0.0233737071838633,6.9,0.2,0.029
2016-05-05,44.15,44.4,43.65,44.09,20654003.0,0.0122180762936503,7.1,-0.08,-0.0113
2016-05-06,43.96,44.02,41.51,41.57,31858788.0,0.0188463758045949,7.02,-0.4,-0.057
2016-05-09,40.82,40.88,37.74,38.24,30691002.0,0.0181555606419043,6.62,-0.53,-0.0801
2016-05-10,38.24,41.32,37.68,39.75,40671667.0,0.0240597200647225,6.09,0.24,0.0394
2016-05-11,39.0,39.5,38.18,38.43,28397991.0,0.016799107689894,6.33,-0.21,-0.0332
2016-05-12,37.68,37.68,36.48,37.3,24289983.0,0.0143689756153066,6.12,-0.18,-0.0294
2016-05-13,37.24,38.11,36.8,37.11,15289633.0,0.0090447310623472,5.94,-0.03,-0.0051
2016-05-16,37.23,37.55,36.79,37.55,13821510.0,0.0081762486271281,5.91,0.07,0.0118
2016-05-17,37.55,37.74,36.98,37.3,13345745.0,0.007894805215512,5.98,-0.04,-0.0067
2016-05-18,37.23,37.36,35.03,35.66,20873590.0,0.012347975118546,5.94,-0.26,-0.0438
2016-05-19,35.92,36.48,35.54,35.73,13833407.0,0.0081832864131527,5.68,0.01,0.0018
2016-05-20,35.29,36.04,35.16,35.98,10037398.0,0.0059377203805835,5.69,0.04,0.007
2016-05-23,35.98,36.92,35.79,36.67,24232279.0,0.0143348402530502,5.73,0.11,0.0192
2016-05-24,36.54,36.54,35.6,35.85,13041650.0,0.0077149148615445,5.84,-0.13,-0.0223
2016-05-25,36.1,36.23,35.72,35.72,9342876.0,0.0055268691386417,5.71,-0.02,-0.0035
2016-05-26,35.72,35.98,35.03,35.72,11516372.0,0.0068126218303569,5.69,0.0,0.0
2016-05-27,35.66,36.1,35.41,35.72,9983235.0,0.0059056797313063,5.69,0.0,0.0
2016-05-30,35.41,35.85,35.22,35.6,6760441.0,0.0039992046053601,5.69,-0.02,-0.0035
2016-05-31,35.98,37.23,35.91,37.11,29591099.0,0.0175049023278906,5.67,0.24,0.0423
2016-06-01,37.04,37.99,36.79,37.23,23647235.0,0.0139887517864637,5.91,0.02,0.0034
2016-06-02,37.23,37.42,36.79,37.29,15334376.0,0.0090711992190337,5.93,0.01,0.0017
2016-06-03,37.29,37.73,37.04,37.61,16674699.0,0.0098640803216526,5.94,0.05,0.0084
2016-06-06,37.73,37.98,37.17,37.36,12763348.0,0.0075502826075124,5.99,-0.04,-0.0067
2016-06-07,37.42,37.48,36.85,37.11,10182327.0,0.006023454539679,5.95,-0.04,-0.0067
2016-06-08,37.04,38.3,36.54,37.3,23722102.0,0.014033040088246,5.91,0.03,0.0051
2016-06-13,36.42,36.79,35.29,35.35,19577759.0,0.0115814136911231,5.94,-0.31,-0.0522
2016-06-14,35.35,35.66,35.16,35.48,9238329.0,0.0054650233442806,5.63,0.02,0.0036
2016-06-15,35.04,36.35,34.85,36.1,13578486.0,0.0080324854170042,5.65,0.1,0.0177
2016-06-16,36.04,36.73,35.48,35.73,11194817.0,0.0066224028436256,5.75,-0.06,-0.0104
2016-06-17,35.67,36.29,35.67,35.79,12695630.0,0.0075102233661898,5.69,0.01,0.0018
2016-06-20,35.73,35.98,34.85,35.42,25193398.0,0.0149033995424662,5.7,-0.06,-0.0105
2016-06-21,35.54,35.79,35.04,35.17,13793492.0,0.0081596743068089,5.64,-0.04,-0.0071
2016-06-22,35.16,35.41,34.91,35.41,9391265.0,0.0055554941220783,5.6,0.04,0.0071
2016-06-23,35.35,35.35,34.97,35.1,9489361.0,0.0056135237646663,5.64,-0.05,-0.0089
2016-06-24,35.16,35.35,33.15,34.22,20238365.0,0.0119722015934994,5.59,-0.14,-0.025
2016-06-27,34.03,34.98,33.91,34.79,12379285.0,0.0073230864056154,5.45,0.09,0.0165
2016-06-28,34.6,35.1,34.53,35.04,13795619.0,0.0081609325543398,5.54,0.04,0.0072
2016-06-29,35.16,35.98,35.1,35.42,18562042.0,0.0109805564239504,5.58,0.06,0.0108
2016-06-30,35.23,35.54,34.98,35.23,12721187.0,0.0075253418580307,5.64,-0.03,-0.0053
2016-07-01,35.42,35.86,35.29,35.6,18306455.0,0.0108293614490264,5.61,0.06,0.0107
2016-07-04,35.29,36.55,35.17,36.36,28242536.0,0.0167071467731541,5.67,0.12,0.0212
2016-07-05,37.99,38.87,36.99,37.18,53847536.0,0.0318540334807292,5.79,0.13,0.0225
2016-07-06,36.74,37.11,36.49,37.05,22921011.0,0.0135591469181832,5.92,-0.02,-0.0034
2016-07-07,36.99,37.55,36.42,36.99,27585768.0,0.0163186292769947,5.9,-0.01,-0.0017
2016-07-08,36.74,36.93,36.49,36.74,16079256.0,0.0095118402255066,5.89,-0.04,-0.0068
2016-07-11,36.55,37.43,36.3,36.74,28028292.0,0.0165804086518583,5.85,0.0,0.0
2016-07-12,36.67,39.06,36.55,39.0,61279850.0,0.0362506910918647,5.85,0.36,0.0615
2016-07-13,39.25,39.31,38.18,38.81,53109081.0,0.0314171932454766,6.21,-0.03,-0.0048
2016-07-14,38.81,39.75,38.56,39.06,37686347.0,0.0222937249924375,6.18,0.04,0.0065
2016-07-15,39.38,39.38,38.43,38.81,22457054.0,0.0132846886437764,6.22,-0.04,-0.0064
2016-07-18,38.37,38.62,37.81,38.06,16419440.0,0.0097130793783177,6.18,-0.12,-0.0194
2016-07-19,38.12,38.31,37.87,38.25,11986738.0,0.0070908714110285,6.06,0.03,0.005
2016-07-20,38.31,38.44,37.81,37.87,11559148.0,0.0068379263890682,6.09,-0.06,-0.0099
2016-07-21,37.87,38.06,37.24,37.49,26063356.0,0.0154180316559733,6.03,-0.06,-0.01
2016-07-22,37.37,37.49,36.93,37.05,15633039.0,0.0092478762205859,5.97,-0.07,-0.0117
2016-07-25,36.99,37.24,36.8,36.99,8771249.0,0.0051887176288588,5.9,-0.01,-0.0017
2016-07-26,37.18,37.43,36.93,37.43,11119256.0,0.0065777039993956,5.89,0.07,0.0119
2016-07-27,37.49,37.81,35.04,35.86,29568833.0,0.0174917306590981,5.96,-0.25,-0.0419
2016-07-28,35.86,36.81,35.36,36.3,19986393.0,0.0118231451069741,5.71,0.07,0.0123
2016-07-29,35.86,36.18,35.55,35.67,11954281.0,0.0070716711570989,5.78,-0.1,-0.0173
2016-08-01,35.8,35.86,35.05,35.3,10891060.0,0.0064427124368444,5.68,-0.06,-0.0106
2016-08-02,35.3,35.8,35.23,35.55,8352724.0,0.0049411350957876,5.62,0.04,0.0071
2016-08-03,35.55,35.86,35.36,35.74,8733193.0,0.0051662052320401,5.66,0.03,0.0053
2016-08-04,35.67,35.74,35.23,35.61,7733276.0,0.0045746946084909,5.69,-0.02,-0.0035
2016-08-05,35.55,35.8,35.29,35.36,8406210.0,0.0049727752591323,5.67,-0.04,-0.0071
2016-08-08,35.42,36.05,35.23,35.99,12619491.0,0.0074651826004399,5.63,0.1,0.0178
2016-08-09,35.92,36.3,35.74,36.24,9245430.0,0.0054692240098737,5.73,0.04,0.007
2016-08-10,36.24,36.3,35.93,35.99,8434980.0,0.0049897944323632,5.76,-0.04,-0.0069
2016-08-11,36.05,36.43,35.8,35.86,10903336.0,0.0064499744240041,5.72,-0.02,-0.0035
2016-08-12,35.93,36.87,35.55,36.43,11995471.0,0.0070960375020895,5.7,0.09,0.0158
2016-08-15,36.37,37.75,36.3,37.56,29221981.0,0.0172865469860539,5.79,0.18,0.0311
2016-08-16,37.37,37.81,37.31,37.43,14843365.0,0.0087807368878807,5.97,-0.02,-0.0034
2016-08-17,37.37,37.56,37.0,37.18,11431754.0,0.0067625652297156,5.95,-0.04,-0.0067
2016-08-18,37.25,37.63,37.06,37.37,13852833.0,0.0081947780523318,5.91,0.03,0.0051
2016-08-19,37.25,37.94,36.87,37.81,19745575.0,0.0116806868775991,5.94,0.07,0.0118
2016-08-22,37.69,37.81,36.87,36.87,16276368.0,0.0096284437456278,6.01,-0.15,-0.025
2016-08-23,36.93,37.56,36.74,37.12,11495836.0,0.0068004735598853,5.86,0.04,0.0068
2016-08-24,37.12,37.31,36.74,36.8,7784025.0,0.0046047156728737,5.9,-0.05,-0.0085
2016-08-25,36.87,36.87,36.05,36.24,10198956.0,0.0060332915863129,5.85,-0.09,-0.0154
2016-08-26,36.17,36.55,36.17,36.3,6788840.0,0.0040160043099337,5.76,0.01,0.0017
2016-08-29,36.17,36.74,36.11,36.43,6388933.0,0.0037794354357855,5.77,0.02,0.0035
2016-08-30,36.43,36.55,36.17,36.24,6343773.0,0.0037527205986945,5.79,-0.03,-0.0052
2016-08-31,36.24,36.43,35.99,36.24,6110831.0,0.003614921493698,5.76,0.0,0.0
2016-09-01,36.49,37.24,36.42,36.49,18443302.0,0.0109103146224406,5.76,0.04,0.0069
2016-09-02,36.55,36.99,36.23,36.61,8755143.0,0.0051791899679601,5.8,0.02,0.0034
2016-09-05,36.99,37.11,36.67,36.93,11471930.0,0.0067863317331471,5.82,0.05,0.0086
2016-09-06,36.93,37.24,36.55,37.18,12028491.0,0.0071155708041432,5.87,0.04,0.0068
2016-09-07,37.3,37.36,36.86,36.99,11689166.0,0.0069148398011341,5.91,-0.03,-0.0051
2016-09-08,37.18,37.49,36.92,37.43,11611172.0,0.0068687016920979,5.88,0.07,0.0119
2016-09-09,37.43,38.43,37.3,37.49,31227352.0,0.0184728436993387,5.95,0.01,0.0017
2016-09-12,36.86,36.99,35.86,36.04,18889604.0,0.0111743289099378,5.96,-0.23,-0.0386
2016-09-13,36.23,36.36,35.92,36.17,6410085.0,0.0037919481070465,5.73,0.02,0.0035
2016-09-14,35.92,35.98,35.29,35.67,8568309.0,0.0050686664986719,5.75,-0.08,-0.0139
2016-09-19,35.67,36.23,35.67,35.98,6310907.0,0.0037332783968382,5.67,0.05,0.0088
2016-09-20,36.05,36.17,35.79,35.92,5038753.0,0.0029807233289769,5.72,-0.01,-0.0017
2016-09-21,35.92,36.42,35.92,36.24,7650059.0,0.0045254667830214,5.71,0.05,0.0088
2016-09-22,36.68,36.8,36.3,36.36,10429181.0,0.006169483423542,5.76,0.02,0.0035
2016-09-23,36.62,37.25,36.55,36.68,18498998.0,0.0109432621327732,5.78,0.05,0.0087
2016-09-26,36.49,36.49,35.61,35.86,12546433.0,0.0074219644301965,5.83,-0.13,-0.0223
2016-09-27,35.67,35.92,35.23,35.8,10611097.0,0.0062770976021124,5.7,-0.01,-0.0018
2016-09-28,35.8,35.8,35.48,35.67,4329507.0,0.0025611619616736,5.69,-0.02,-0.0035
2016-09-29,35.61,35.86,35.48,35.55,5680117.0,0.0033601284391631,5.67,-0.02,-0.0035
2016-09-30,35.48,35.61,35.29,35.48,6697393.0,0.003961907947944,5.65,-0.01,-0.0018
2016-10-10,35.73,36.17,35.67,36.17,9137333.0,0.0054052781784958,5.64,0.11,0.0195
2016-10-11,36.05,37.05,36.05,36.55,15242708.0,0.0090169721223452,5.75,0.06,0.0104
2016-10-12,36.36,36.61,36.05,36.55,9104161.0,0.0053856549593643,5.81,0.0,0.0
2016-10-13,36.55,37.43,36.24,36.86,15516098.0,0.0091786986350178,5.81,0.05,0.0086
2016-10-14,36.55,36.62,36.11,36.43,11503526.0,0.0068050226541552,5.86,-0.07,-0.0119
2016-10-17,36.36,36.61,35.92,35.99,8686037.0,0.005138309641742,5.79,-0.07,-0.0121
2016-10-18,35.99,37.43,35.86,37.12,25348451.0,0.0149951226521975,5.72,0.18,0.0315
2016-10-19,37.06,40.26,36.87,38.38,58876307.0,0.0348288518605511,5.9,0.2,0.0339
2016-10-20,37.81,38.13,37.43,37.69,27720804.0,0.0163985111357506,6.1,-0.11,-0.018
2016-10-21,37.44,38.88,37.44,38.19,39060759.0,0.023106771774454,5.99,0.08,0.0134
2016-10-24,38.32,39.58,38.0,38.95,50470018.0,0.0298560298682006,6.07,0.12,0.0198
2016-10-25,38.69,38.95,37.88,38.32,28963035.0,0.0171333649620204,6.19,-0.1,-0.0162
2016-10-26,38.19,38.26,37.63,37.81,26090636.0,0.0154341694052169,6.09,-0.08,-0.0131
2016-10-27,37.69,38.0,37.25,37.81,18765768.0,0.0111010725200796,6.01,0.0,0.0
2016-10-28,37.62,37.75,37.0,37.06,15550223.0,0.0091988856105654,6.01,-0.12,-0.02
2016-10-31,36.87,36.93,36.49,36.74,12781724.0,0.0075611531089823,5.89,-0.05,-0.0085
2016-11-01,36.74,37.06,36.68,36.93,11386938.0,0.0067360538891693,5.84,0.03,0.0051
2016-11-02,36.8,36.8,35.99,36.05,26394085.0,0.0156136776116035,5.87,-0.14,-0.0239
2016-11-03,35.99,36.74,35.86,36.3,18507138.0,0.0109480774289185,5.73,0.04,0.007
2016-11-04,36.36,36.55,36.05,36.17,10478709.0,0.0061987821935031,5.77,-0.02,-0.0035
2016-11-07,36.17,36.42,36.05,36.36,6916157.0,0.0040913199191877,5.75,0.03,0.0052
2016-11-08,36.55,36.8,36.24,36.61,14223643.0,0.0084141343132198,5.78,0.04,0.0069
2016-11-09,36.61,37.37,36.24,36.55,26759674.0,0.0158299453391776,5.82,-0.01,-0.0017
2016-11-10,36.93,38.69,36.86,37.56,42585521.0,0.0251918790068369,5.81,0.16,0.0275
2016-11-11,37.49,41.27,37.49,40.14,112373484.0,0.0664756270682876,5.97,0.41,0.0687
2016-11-14,40.26,44.16,40.26,43.41,139473685.0,0.0825070144652614,6.38,0.52,0.0815
2016-11-15,45.35,47.56,42.59,43.85,142009776.0,0.08400726375474,6.9,0.07,0.0101
2016-11-16,44.91,45.6,42.96,44.47,82083953.0,0.0485575604999383,6.97,0.1,0.0143
2016-11-17,46.3,48.43,44.6,46.67,132943181.0,0.0786438313279302,7.07,0.35,0.0495
2016-11-18,45.1,45.48,43.15,44.09,99032693.0,0.0585837524396433,7.42,-0.41,-0.0553
2016-11-21,43.84,44.34,43.21,43.65,56632871.0,0.0335017254818088,7.01,-0.07,-0.01
2016-11-22,43.4,44.53,42.71,44.22,65915644.0,0.0389930401064188,6.94,0.09,0.013
2016-11-23,43.91,44.28,42.58,42.77,47019381.0,0.0278147720002854,7.03,-0.23,-0.0327
2016-11-24,42.77,43.59,42.14,42.96,44426513.0,0.0262809357244137,6.8,0.03,0.0044
2016-11-25,42.65,42.96,41.39,42.84,37239853.0,0.0220295971254735,6.83,-0.02,-0.0029
2016-11-28,42.65,44.72,42.4,44.03,63711306.0,0.0376890425297266,6.81,0.19,0.0279
2016-11-29,43.66,44.79,42.9,43.97,55032043.0,0.0325547401135482,7.0,-0.01,-0.0014
2016-11-30,43.59,43.72,41.64,42.33,48490797.0,0.0286852024416724,6.99,-0.26,-0.0372
2016-12-01,42.02,43.53,41.96,42.52,35898136.0,0.0212358913886008,6.73,0.03,0.0045
2016-12-02,42.4,42.84,41.08,41.14,33102444.0,0.01958207260347,6.76,-0.22,-0.0325
2016-12-05,40.33,41.46,40.2,40.39,24251430.0,0.0143461692133055,6.54,-0.12,-0.0183
2016-12-06,40.45,41.21,40.27,40.89,17880691.0,0.0105774966151204,6.42,0.08,0.0125
2016-12-07,40.96,41.08,40.45,40.96,19183793.0,0.0113483592732893,6.5,0.01,0.0015
2016-12-08,40.96,41.21,40.64,40.64,12686680.0,0.0075049289066689,6.51,-0.05,-0.0077
2016-12-09,40.39,41.33,40.01,41.27,23683878.0,0.0140104283093938,6.46,0.1,0.0155
2016-12-12,40.96,41.15,38.76,38.88,31759480.0,0.0187876291916226,6.56,-0.38,-0.0579
2016-12-13,38.57,39.26,38.13,38.76,21528071.0,0.0127351397176189,6.18,-0.02,-0.0032
2016-12-14,38.63,38.63,37.5,38.0,22545849.0,0.0133372161893808,6.16,-0.12,-0.0195
2016-12-15,37.75,38.38,37.69,37.81,21019153.0,0.012434084326506,6.04,-0.03,-0.005
2016-12-16,38.06,38.38,37.81,38.25,18030048.0,0.0106658502006694,6.01,0.07,0.0116
2016-12-19,38.19,38.25,37.81,38.0,12349967.0,0.0073057430576563,6.08,-0.04,-0.0066
2016-12-20,38.19,38.69,37.81,38.44,20570068.0,0.0121684237282997,6.04,0.07,0.0116
2016-12-21,38.88,40.45,38.88,40.33,46311725.0,0.0273961512129417,6.11,0.3,0.0491
2016-12-22,40.13,40.45,39.44,39.95,24642328.0,0.0145774087259092,6.41,-0.06,-0.0094
2016-12-23,39.76,39.82,38.69,38.82,20887144.0,0.0123559931190317,6.35,-0.18,-0.0283
2016-12-26,38.94,39.76,38.25,39.7,16988199.0,0.0100495342948151,6.17,0.14,0.0227
2016-12-27,39.76,40.14,39.13,39.45,15957677.0,0.0094399189859432,6.31,-0.04,-0.0063
2016-12-28,39.19,39.44,38.44,38.88,15646753.0,0.0092559888706272,6.27,-0.09,-0.0144
2016-12-29,38.57,38.88,38.06,38.38,21555393.0,0.0127513023123709,6.18,-0.08,-0.0129
2016-12-30,38.44,38.94,38.25,38.5,14489748.0,0.0085715513133104,6.1,0.02,0.0033
2017-01-03,38.63,38.94,38.38,38.88,12099227.0,0.0071574153727097,6.12,0.06,0.0098
2017-01-04,38.88,39.2,38.69,39.07,18842441.0,0.0111464291787216,6.18,0.03,0.0049
2017-01-05,39.13,39.32,38.88,39.26,19700843.0,0.0116542252280696,6.21,0.03,0.0048
2017-01-06,39.2,40.71,39.07,40.58,54663493.0,0.0323367207776342,6.24,0.21,0.0337
2017-01-09,40.58,40.71,40.08,40.58,28839423.0,0.0170602410815401,6.45,0.0,0.0
2017-01-10,40.46,41.84,39.95,40.9,45298018.0,0.0267964829808122,6.45,0.05,0.0078
2017-01-11,40.46,42.35,40.4,41.15,41845600.0,0.0247541715450304,6.5,0.04,0.0062
2017-01-12,40.9,41.22,39.96,40.21,22724319.0,0.0134427918531457,6.54,-0.15,-0.0229
2017-01-13,40.21,40.4,39.52,40.09,15831513.0,0.0093652854450498,6.39,-0.02,-0.0031
2017-01-16,39.77,39.96,36.94,38.39,23340869.0,0.0138075180003652,6.37,-0.27,-0.0424
2017-01-17,38.07,38.7,37.63,38.7,10657615.0,0.0063046157773072,6.1,0.05,0.0082
2017-01-18,38.64,39.39,38.32,38.95,12309448.0,0.0072817736492398,6.15,0.04,0.0065
2017-01-19,38.89,40.78,38.45,39.83,20191435.0,0.0119444396956987,6.19,0.14,0.0226
2017-01-20,39.52,40.84,39.52,40.33,19672886.0,0.0116376869928935,6.33,0.08,0.0126
2017-01-23,40.08,41.03,40.02,40.84,18397309.0,0.0108831070161004,6.41,0.08,0.0125
2017-01-24,40.84,41.41,40.27,40.96,16502844.0,0.0097624178254554,6.49,0.02,0.0031
2017-01-25,40.97,41.09,40.02,40.21,14474703.0,0.0085626512972777,6.51,-0.12,-0.0184
2017-01-26,40.15,41.41,40.15,40.9,19744119.0,0.0116798255666425,6.39,0.11,0.0172
2017-02-03,40.53,40.78,40.15,40.34,9641437.0,0.0057034858011022,6.5,-0.09,-0.0138
2017-02-06,40.46,41.15,40.34,40.9,16786205.0,0.0099300427801261,6.41,0.09,0.014
2017-02-07,40.9,42.73,40.65,42.04,36281574.0,0.0214627178656708,6.5,0.18,0.0277
2017-02-08,41.98,43.67,41.28,43.04,48489550.0,0.0286844647666978,6.68,0.16,0.024
2017-02-09,42.92,43.86,42.42,42.86,25777878.0,0.0152491543693689,6.84,-0.03,-0.0044
2017-02-10,43.23,44.37,42.98,43.86,44069556.0,0.0260697743403685,6.81,0.16,0.0235
2017-02-13,44.18,45.63,43.99,45.25,64585843.0,0.0382063833952053,6.97,0.22,0.0316
2017-02-14,45.0,45.31,44.11,45.0,28023379.0,0.0165775023189392,7.19,-0.04,-0.0056
2017-02-15,44.8,44.8,42.98,43.48,37571723.0,0.0222259180507476,7.15,-0.24,-0.0336
2017-02-16,43.42,44.24,43.23,43.86,16776937.0,0.0099245602046133,6.91,0.06,0.0087
2017-02-17,43.74,44.3,42.98,43.42,18010940.0,0.0106545466774822,6.97,-0.07,-0.01
2017-02-20,43.42,47.77,43.36,47.77,79824395.0,0.0472208969953417,6.9,0.69,0.1
2017-02-21,47.89,48.4,46.38,47.33,44971276.0,0.0266031955737977,7.59,-0.07,-0.0092
2017-02-22,47.2,48.9,46.7,47.45,49223476.0,0.0291186258279649,7.52,0.02,0.0027
2017-02-23,47.46,49.6,46.26,46.89,56258964.0,0.0332805371604587,7.54,-0.09,-0.0119
2017-02-24,46.89,48.59,45.88,47.83,32973874.0,0.019506015769883,7.45,0.15,0.0201
2017-02-27,47.64,47.71,46.7,46.95,18525219.0,0.0109587734202701,7.6,-0.14,-0.0184
2017-02-28,46.89,47.33,46.26,47.08,14402776.0,0.0085201021810811,7.46,0.02,0.0027
2017-03-01,46.89,48.27,46.57,47.27,22837242.0,0.0135095925517467,7.48,0.03,0.004
2017-03-02,47.33,50.22,47.33,48.65,53154546.0,0.0314440885082831,7.51,0.22,0.0293
2017-03-03,48.15,48.27,46.57,47.52,22206828.0,0.0131366650205275,7.73,-0.18,-0.0233
2017-03-06,47.64,47.71,46.26,46.82,21928663.0,0.0129721138101774,7.55,-0.11,-0.0146
2017-03-07,46.7,46.95,46.13,46.57,19943285.0,0.0117976441504347,7.44,-0.04,-0.0054
2017-03-08,47.07,47.83,46.44,47.07,22943667.0,0.0135725492952677,7.4,0.08,0.0108
2017-03-09,47.58,47.58,44.93,45.19,29896480.0,0.0176855534276619,7.48,-0.3,-0.0401
2017-03-10,44.75,45.13,43.36,43.8,48194465.0,0.0285099043658345,7.18,-0.22,-0.0306
2017-03-13,43.68,44.31,43.68,43.74,24080892.0,0.0142452858012635,6.96,-0.01,-0.0014
2017-03-14,43.68,44.06,43.05,43.3,25783048.0,0.0152522127331369,6.95,-0.07,-0.0101
2017-03-15,43.36,44.5,42.99,44.12,24197088.0,0.0143140226748379,6.88,0.13,0.0189
2017-03-16,44.37,44.88,44.06,44.56,28493221.0,0.0168554419223159,7.01,0.07,0.01
2017-03-17,44.87,45.25,43.43,43.62,27918559.0,0.0165154950287737,7.08,-0.15,-0.0212
2017-03-20,43.49,44.81,43.24,44.62,32274962.0,0.0190925675807573,6.93,0.16,0.0231
2017-03-21,44.37,44.68,43.8,44.31,22297459.0,0.0131902786697832,7.09,-0.05,-0.0071
2017-03-22,43.74,45.12,43.42,44.43,29198166.0,0.0172724589912506,7.04,0.02,0.0028
2017-03-23,44.24,45.18,43.74,44.99,33896302.0,0.0200516870220563,7.06,0.09,0.0127
2017-03-24,44.99,47.76,44.43,47.64,67835157.0,0.0401285466850057,7.15,0.42,0.0587
2017-03-27,47.89,49.96,47.07,47.32,64132678.0,0.0379383092333292,7.57,-0.05,-0.0066
2017-03-28,47.32,49.71,46.75,49.02,56060878.0,0.0331633574611673,7.52,0.27,0.0359
2017-03-29,51.29,53.93,50.47,51.79,144925674.0,0.0857321915679345,7.79,0.44,0.0565
2017-03-30,51.79,52.67,48.45,49.9,114991102.0,0.0680241044473038,8.23,-0.3,-0.0365
2017-03-31,48.96,49.4,46.12,46.5,81254267.0,0.0480667516795961,7.93,-0.54,-0.0681
2017-04-05,46.69,47.64,45.37,47.07,53326225.0,0.0315456468899691,7.39,0.09,0.0122
2017-04-06,46.88,48.46,46.32,48.01,68819658.0,0.040710937823865,7.48,0.15,0.0201
2017-04-07,48.14,48.14,46.69,46.88,41041192.0,0.0242783161713664,7.63,-0.18,-0.0236
2017-04-10,46.57,48.52,46.19,47.82,45708158.0,0.027039105285606,7.45,0.15,0.0201
2017-04-11,47.57,50.84,46.69,50.34,71990788.0,0.0425868506082819,7.6,0.4,0.0526
2017-04-12,52.73,53.49,50.34,50.84,129300258.0,0.076488824807117,8.0,0.08,0.01
2017-04-13,50.9,50.9,49.14,50.09,56025992.0,0.0331427203086705,8.08,-0.12,-0.0149
2017-04-14,49.71,49.71,46.94,47.63,65095007.0,0.0385075843100101,7.96,-0.39,-0.049
2017-04-17,47.69,48.76,47.31,48.07,35548809.0,0.0210292436052422,7.57,0.07,0.0092
2017-04-18,47.82,48.57,47.06,47.19,32115890.0,0.0189984669924993,7.64,-0.14,-0.0183
2017-04-19,46.43,46.56,44.48,44.92,50211588.0,0.0297031530889841,7.5,-0.36,-0.048
2017-04-20,44.86,45.62,43.67,44.61,31972930.0,0.0189138976144983,7.14,-0.05,-0.007
2017-04-21,44.61,45.05,43.73,44.17,22774622.0,0.0134725490818921,7.09,-0.07,-0.0099
2017-04-24,44.17,44.17,40.58,40.96,31140704.0,0.0184215862324597,7.02,-0.51,-0.0726
2017-04-25,40.71,42.16,40.71,41.53,20166137.0,0.0119294744178261,6.51,0.09,0.0138
2017-04-26,41.53,41.97,41.03,41.4,14933071.0,0.0088338033443927,6.6,-0.02,-0.003
2017-04-27,41.02,42.79,39.83,42.47,33113871.0,0.0195888323564248,6.58,0.17,0.0258
2017-04-28,42.34,42.78,41.97,42.72,15893566.0,0.0094019935005416,6.75,0.04,0.0059
2017-05-02,42.72,43.16,42.28,42.79,16533594.0,0.0097806082869378,6.79,0.01,0.0015
2017-05-03,42.41,43.22,41.9,42.09,19745157.0,0.0116804396056349,6.8,-0.11,-0.0162
2017-05-04,41.53,43.04,40.71,42.16,26622923.0,0.0157490489554968,6.69,0.01,0.0015
2017-05-05,41.84,42.09,40.33,40.46,23420899.0,0.0138548605249974,6.7,-0.27,-0.0403
2017-05-08,40.27,40.65,38.76,38.82,27093532.0,0.016027442285181,6.43,-0.26,-0.0404
2017-05-09,38.88,39.83,38.63,39.58,15535976.0,0.0091904576591918,6.17,0.12,0.0194
2017-05-10,39.51,40.14,38.51,38.57,15707572.0,0.0092919669414207,6.29,-0.16,-0.0254
2017-05-11,38.19,39.2,37.19,38.95,22578758.0,0.0133566838283052,6.13,0.06,0.0098
2017-05-12,38.69,39.95,38.25,39.51,24534512.0,0.0145136291228135,6.19,0.09,0.0145
2017-05-15,39.77,40.14,38.76,38.95,17748047.0,0.0104990297672219,6.28,-0.09,-0.0143
2017-05-16,38.82,39.58,37.82,39.58,18082510.0,0.0106968846068578,6.19,0.1,0.0162
2017-05-17,39.58,40.59,39.2,40.27,24080528.0,0.0142450704735243,6.29,0.11,0.0175
2017-05-18,39.52,39.96,39.27,39.45,13149015.0,0.007778427671205,6.4,-0.13,-0.0203
2017-05-19,39.64,39.96,39.14,39.45,9314980.0,0.0055103669886087,6.27,0.0,0.0
2017-05-22,39.14,39.45,38.07,38.38,14498650.0,0.0085768173779646,6.27,-0.17,-0.0271
2017-05-23,38.13,38.51,37.44,37.44,13918807.0,0.0082338056134975,6.1,-0.15,-0.0246
2017-05-24,37.19,37.88,36.43,37.63,14383853.0,0.0085089080964426,5.95,0.03,0.005
2017-05-25,37.5,38.26,36.81,38.13,13051819.0,0.0077209304323677,5.98,0.08,0.0134
2017-05-26,38.32,38.45,37.88,38.01,11517748.0,0.0068134358165358,6.06,-0.02,-0.0033
2017-05-31,38.26,38.64,37.88,37.88,9251816.0,0.0054730017102648,6.04,-0.02,-0.0033
2017-06-01,37.88,37.95,36.5,36.5,14036007.0,0.0083031364130338,6.02,-0.22,-0.0365
2017-06-02,36.5,37.0,36.24,36.87,9311600.0,0.005508367516745,5.8,0.06,0.0103
2017-06-05,36.87,37.5,36.75,37.19,8088069.0,0.0047845758572954,5.86,0.05,0.0085
2017-06-06,37.06,37.44,37.0,37.31,6518041.0,0.0038558105285034,5.91,0.02,0.0034
2017-06-07,37.25,38.07,37.0,38.07,12395663.0,0.0073327749707588,5.93,0.12,0.0202
2017-06-08,38.07,39.07,37.94,38.32,16516970.0,0.0097707741981025,6.05,0.04,0.0066
2017-06-09,38.26,38.44,37.5,38.0,16029818.0,0.0094825946959206,6.09,-0.05,-0.0082
2017-06-12,37.88,37.94,37.12,37.19,9727976.0,0.0057546787879714,6.04,-0.13,-0.0215
2017-06-13,37.25,38.07,37.12,38.07,10384187.0,0.0061428667853651,5.91,0.14,0.0237
2017-06-14,38.07,38.64,37.88,38.38,18300909.0,0.0108260806588026,6.05,0.05,0.0083
2017-06-15,38.26,38.51,38.01,38.45,13853592.0,0.0081952270461616,6.1,0.01,0.0016
2017-06-16,38.38,38.76,38.2,38.57,11700818.0,0.0069217326550265,6.11,0.02,0.0033
2017-06-19,38.57,39.08,38.51,39.01,14303940.0,0.008461634784298,6.13,0.07,0.0114
2017-06-20,39.08,39.2,38.64,38.83,9850519.0,0.0058271702911078,6.2,-0.03,-0.0048
2017-06-21,38.95,39.58,38.45,39.02,12609347.0,0.0074591818186097,6.17,0.03,0.0049
2017-06-22,38.89,38.95,38.07,38.07,12498929.0,0.0073938629771148,6.2,-0.15,-0.0242
2017-06-23,38.01,38.32,37.7,38.26,11384815.0,0.0067347980078774,6.05,0.03,0.005
2017-06-26,38.2,38.95,38.13,38.89,18037617.0,0.0106703277162128,6.08,0.1,0.0164
2017-06-27,38.95,39.14,38.51,38.83,12905541.0,0.0076343982592058,6.18,-0.01,-0.0016
2017-06-28,39.02,39.08,38.2,38.45,13900710.0,0.0082231001571902,6.17,-0.06,-0.0097
2017-06-29,38.45,39.39,38.45,39.39,25377143.0,0.01501209568377,6.11,0.15,0.0245
2017-06-30,39.2,39.27,38.76,39.14,10217313.0,0.0060441508481481,6.26,-0.04,-0.0064
2017-07-03,39.39,39.58,38.89,39.39,12581724.0,0.0074428411643811,6.22,0.04,0.0064
2017-07-04,39.52,39.58,38.82,39.01,13827255.0,0.0081796471377368,6.26,-0.06,-0.0096
2017-07-05,38.89,39.39,38.7,39.33,14758018.0,0.0087302490402013,6.2,0.05,0.0081
2017-07-06,39.33,40.52,39.2,40.02,31639175.0,0.0187164615991463,6.25,0.11,0.0176
2017-07-07,41.22,42.66,41.03,42.35,51362108.0,0.0303837543814972,6.36,0.37,0.0582
2017-07-10,43.23,43.67,41.35,42.54,34299755.0,0.0202903535669823,6.73,0.03,0.0045
2017-07-11,43.04,43.86,41.59,41.78,48210328.0,0.0285192882777206,6.76,-0.12,-0.0178
2017-07-12,41.6,41.85,40.59,41.47,28054215.0,0.0165957436545578,6.64,-0.05,-0.0075
2017-07-13,41.53,42.54,41.22,42.29,25302597.0,0.0149679972726588,6.59,0.13,0.0197
2017-07-14,42.35,42.92,41.72,42.16,21151018.0,0.0125120903493802,6.72,-0.02,-0.003
2017-07-17,42.1,42.47,39.89,40.46,27043018.0,0.0159975602373331,6.7,-0.27,-0.0403
2017-07-18,40.34,43.11,40.21,43.04,39712830.0,0.0234925107145944,6.43,0.41,0.0638
2017-07-19,43.04,45.31,42.6,45.06,57398866.0,0.033954857271833,6.84,0.32,0.0468
2017-07-20,44.68,45.56,44.24,44.49,30966742.0,0.0183186773199261,7.16,-0.09,-0.0126
2017-07-21,44.42,47.07,44.17,46.0,40464605.0,0.0239372305253574,7.07,0.24,0.0339
2017-07-24,45.94,47.57,45.56,46.88,43986696.0,0.0260207577017202,7.31,0.14,0.0192
2017-07-25,46.75,46.75,45.06,45.69,33624818.0,0.0198910880222156,7.45,-0.19,-0.0255
2017-07-26,46.31,47.82,44.68,46.12,30515511.0,0.0180517472345542,7.26,0.07,0.0096
2017-07-27,45.12,45.75,43.86,44.17,37105906.0,0.021950359475256,7.33,-0.31,-0.0423
2017-07-28,44.17,45.75,43.98,45.24,25120619.0,0.0148603464173856,7.02,0.17,0.0242
2017-07-31,44.93,46.38,44.61,46.25,40551013.0,0.0239883460179029,7.19,0.16,0.0223
2017-08-01,46.44,47.57,45.75,46.13,38910301.0,0.0230177668816499,7.35,-0.02,-0.0027
2017-08-02,45.62,45.94,44.37,45.12,39933333.0,0.0236229514081964,7.33,-0.16,-0.0218
2017-08-03,45.0,47.01,44.62,46.88,35371077.0,0.0209241045125528,7.17,0.28,0.0391
2017-08-04,47.2,48.9,46.07,46.13,72394152.0,0.0428254645043926,7.45,-0.12,-0.0161
2017-08-07,45.81,48.58,45.0,47.83,41630456.0,0.024626901019984,7.33,0.27,0.0368
2017-08-08,47.51,50.16,47.26,49.46,75999969.0,0.0449585206101238,7.6,0.26,0.0342
2017-08-09,48.96,49.34,47.95,48.77,30991460.0,0.0183332994931593,7.86,-0.11,-0.014
2017-08-10,48.9,50.34,47.95,48.83,39864316.0,0.0235821237307937,7.75,0.01,0.0013
2017-08-11,48.33,48.84,45.12,45.19,42631747.0,0.0252192244465926,7.76,-0.58,-0.0747
2017-08-14,45.75,46.38,45.06,46.0,19105727.0,0.011302178571953,7.18,0.13,0.0181
2017-08-15,46.26,46.26,44.68,45.25,27734206.0,0.0164064392191583,7.31,-0.12,-0.0164
2017-08-16,45.06,45.5,43.68,44.18,30960060.0,0.0183147245178569,7.19,-0.17,-0.0236
2017-08-17,44.56,46.07,44.56,45.5,33091254.0,0.0195754530501695,7.02,0.21,0.0299
2017-08-18,45.5,46.07,44.75,45.5,28873010.0,0.0170801097979567,7.23,0.0,0.0
2017-08-21,45.81,46.13,45.0,45.69,20372437.0,0.0120515131886823,7.23,0.03,0.0041
2017-08-22,45.75,45.75,44.62,44.81,19038991.0,0.0112627002422785,7.26,-0.14,-0.0193
2017-08-23,44.68,44.81,43.42,43.61,25046064.0,0.0148162426822368,7.12,-0.19,-0.0267
2017-08-24,43.3,43.74,42.67,43.04,15275823.0,0.0090365616225725,6.93,-0.09,-0.013
2017-08-25,42.92,43.92,42.85,43.86,15640021.0,0.0092520064905719,6.84,0.13,0.019
2017-08-28,43.74,44.93,43.49,44.37,20836062.0,0.0123257750652611,6.97,0.08,0.0115
2017-08-29,44.36,44.62,43.04,43.48,23390920.0,0.0138371261560614,7.05,-0.14,-0.0199
2017-08-30,43.36,44.3,43.29,43.92,19380360.0,0.0114646403933614,6.91,0.07,0.0101
2017-08-31,44.36,44.55,43.42,44.05,15086053.0,0.0089243013339376,6.98,0.02,0.0029
2017-09-01,44.11,45.31,43.8,45.06,30510436.0,0.01804874506896,7.0,0.16,0.0229
2017-09-04,45.18,45.31,44.18,44.62,24065171.0,0.0142359858908581,7.16,-0.07,-0.0098
2017-09-05,44.62,44.62,43.49,43.86,17492594.0,0.0103479140613008,7.09,-0.12,-0.0169
2017-09-06,43.92,44.3,42.79,44.11,27782057.0,0.0164347459434639,6.97,0.04,0.0057
2017-09-07,43.99,44.05,43.23,43.55,18033777.0,0.0106680561268765,7.01,-0.09,-0.0128
2017-09-08,43.8,44.68,43.74,44.24,25005970.0,0.0147925246867026,6.92,0.11,0.0159
2017-09-11,44.24,44.81,44.18,44.68,20356606.0,0.0120421482067074,7.03,0.07,0.01
2017-09-12,45.06,46.2,44.56,45.13,41738306.0,0.0246907007361102,7.1,0.07,0.0099
2017-09-13,45.13,45.82,44.81,45.5,31293187.0,0.0185117890337028,7.17,0.06,0.0084
2017-09-14,45.51,46.7,44.88,46.01,38815191.0,0.0229615036363948,7.23,0.08,0.0111
2017-09-15,46.77,46.83,44.44,44.88,36136127.0,0.0213766772786387,7.31,-0.18,-0.0246
2017-09-18,44.81,45.26,44.44,45.0,17932428.0,0.0106081021405095,7.13,0.02,0.0028
2017-09-19,45.13,45.19,44.25,44.31,17253053.0,0.0102062112536922,7.15,-0.11,-0.0154
2017-09-20,44.56,45.19,44.44,45.0,16352837.0,0.0096736797260864,7.04,0.11,0.0156
2017-09-21,45.25,46.01,44.75,44.81,26528597.0,0.0156932494930645,7.15,-0.03,-0.0042
2017-09-22,44.56,45.0,44.06,44.37,15540935.0,0.0091933912038581,7.12,-0.07,-0.0098
2017-09-25,44.5,44.88,43.62,43.68,15215900.0,0.0090011135892908,7.05,-0.11,-0.0156
2017-09-26,43.49,44.0,43.3,43.68,12528748.0,0.0074115026964951,6.94,0.0,0.0
2017-09-27,43.31,43.62,42.86,43.31,15319512.0,0.0090624062753109,6.94,-0.06,-0.0086
2017-09-28,43.11,43.18,42.23,42.3,15038232.0,0.0088960123564237,6.88,-0.16,-0.0233
2017-09-29,42.3,42.48,41.54,42.17,16539300.0,0.0097839837267173,6.72,-0.02,-0.003
2017-10-09,42.74,42.93,42.11,42.49,12332206.0,0.007295236365416,6.7,0.05,0.0075
2017-10-10,42.55,43.18,41.92,43.11,12908844.0,0.0076363521809709,6.75,0.1,0.0148
2017-10-11,43.11,43.24,42.61,42.61,11285023.0,0.0066757650799991,6.85,-0.08,-0.0117
2017-10-12,42.29,42.48,41.73,42.29,11875634.0,0.0070251467595636,6.77,-0.05,-0.0074
2017-10-13,42.48,42.8,42.29,42.67,10333541.0,0.0061129066516337,6.72,0.06,0.0089
2017-10-16,42.93,43.3,42.23,42.55,14713297.0,0.0087037938978287,6.78,-0.02,-0.0029
2017-10-17,42.74,42.8,42.36,42.55,8404522.0,0.0049717767063199,6.76,0.0,0.0
2017-10-18,42.67,43.05,42.11,42.17,11521478.0,0.0068156423343026,6.76,-0.06,-0.0089
2017-10-19,42.04,42.42,40.6,40.85,15004956.0,0.008876327615081,6.7,-0.21,-0.0313
2017-10-20,41.23,42.67,41.23,42.42,14055436.0,0.0083146298268921,6.49,0.25,0.0385
2017-10-23,42.36,42.86,42.04,42.42,11369947.0,0.0067260026979157,6.74,0.0,0.0
2017-10-24,42.48,42.61,41.73,42.04,8330178.0,0.0049277977902727,6.74,-0.06,-0.0089
2017-10-25,42.04,42.17,41.67,41.92,5757345.0,0.0034058134134514,6.68,-0.02,-0.003
2017-10-26,41.98,42.67,41.48,42.23,17589045.0,0.0104049705881445,6.66,0.05,0.0075
2017-10-27,42.17,42.55,41.73,41.79,11629992.0,0.0068798348460849,6.71,-0.07,-0.0104
2017-10-30,41.79,41.92,40.16,40.66,13585320.0,0.0080365281361513,6.64,-0.18,-0.0271
2017-10-31,40.85,41.35,40.34,41.23,8926224.0,0.0052803945969317,6.46,0.09,0.0139
2017-11-01,41.23,41.23,40.66,40.78,7726406.0,0.0045706305931938,6.55,-0.07,-0.0107
2017-11-02,40.6,40.66,39.59,39.78,11165377.0,0.0066049873253803,6.48,-0.16,-0.0247
2017-11-03,39.65,39.65,38.46,38.71,13100912.0,0.0077499718738493,6.32,-0.17,-0.0269
2017-11-06,38.83,38.96,37.95,38.65,10942853.0,0.0064733510895781,6.15,-0.01,-0.0016
2017-11-07,38.84,39.09,38.33,39.02,12470062.0,0.0073767864225908,6.14,0.06,0.0098
2017-11-08,38.9,39.21,38.65,38.71,14231147.0,0.0084185733773812,6.2,-0.05,-0.0081
2017-11-09,38.64,39.34,38.58,39.21,10203157.0,0.0060357767287093,6.15,0.08,0.013
2017-11-10,39.15,39.15,38.65,38.83,8030524.0,0.004750534553035,6.23,-0.06,-0.0096
2017-11-13,38.9,39.09,38.58,38.71,8164447.0,0.0048297580058192,6.17,-0.02,-0.0032
2017-11-14,38.77,38.84,37.96,38.21,9973542.0,0.0058999457429112,6.15,-0.08,-0.013
2017-11-15,38.08,38.46,36.89,37.52,15752725.0,0.0093186776375936,6.07,-0.11,-0.0181
2017-11-16,37.45,37.77,37.2,37.26,7431633.0,0.0043962547589641,5.96,-0.04,-0.0067
2017-11-17,37.33,37.52,35.31,35.76,14283577.0,0.0084495888536584,5.92,-0.24,-0.0405
2017-11-20,35.88,36.13,34.37,36.07,13829307.0,0.0081808610182884,5.68,0.05,0.0088
2017-11-21,35.82,36.26,35.44,35.94,10295498.0,0.0060904019450914,5.73,-0.02,-0.0035
2017-11-22,35.88,36.51,35.75,36.2,11376701.0,0.0067299980922849,5.71,0.04,0.007
2017-11-23,36.13,36.7,35.31,35.38,10218667.0,0.0060449518200131,5.75,-0.13,-0.0226
2017-11-24,35.31,35.69,35.0,35.56,6466160.0,0.0038251198185141,5.62,0.03,0.0053
2017-11-27,35.44,36.26,35.25,35.38,8047693.0,0.0047606910419193,5.65,-0.03,-0.0053
2017-11-28,35.19,36.01,35.19,36.01,5989857.0,0.003543358147767,5.62,0.1,0.0178
2017-11-29,35.94,36.45,35.69,36.38,8684572.0,0.0051374430067478,5.72,0.06,0.0105
2017-11-30,36.51,36.57,36.01,36.13,6947710.0,0.0041099854031277,5.78,-0.04,-0.0069
2017-12-01,36.26,36.89,36.26,36.89,9560560.0,0.0056556422253846,5.74,0.12,0.0209
2017-12-04,37.01,39.59,37.01,38.21,31612933.0,0.0187009378888952,5.86,0.21,0.0358
2017-12-05,38.21,38.46,36.95,37.45,14785286.0,0.0087463796907282,6.07,-0.12,-0.0198
2017-12-06,37.33,37.77,35.94,36.76,14837744.0,0.0087774117306776,5.95,-0.11,-0.0185
2017-12-07,36.69,36.69,36.13,36.44,7482721.0,0.004426476362093,5.84,-0.05,-0.0086
2017-12-08,36.44,37.39,36.44,37.01,9409524.0,0.0055662954110606,5.79,0.09,0.0155
2017-12-11,37.26,37.89,37.13,37.64,11057939.0,0.00654143133186,5.88,0.1,0.017
2017-12-12,37.76,38.14,37.39,37.45,10516794.0,0.0062213117455538,5.98,-0.03,-0.005
2017-12-13,37.32,37.89,37.26,37.76,7042805.0,0.004166239774987,5.95,0.05,0.0084
2017-12-14,37.76,37.76,37.26,37.51,6486181.0,0.0038369634357284,6.0,-0.04,-0.0067
2017-12-15,37.32,37.51,36.76,36.94,6838370.0,0.0040453042630142,5.96,-0.09,-0.0151
2017-12-18,36.95,37.01,35.62,36.32,11836881.0,0.0070022220456179,5.87,-0.1,-0.017
2017-12-19,36.38,36.69,36.19,36.63,4133200.0,0.0024450346471294,5.77,0.05,0.0087
2017-12-20,36.38,37.45,36.0,36.63,8841598.0,0.0052303332638126,5.82,0.0,0.0
2017-12-21,36.38,36.51,35.75,36.13,7719634.0,0.0045666245507496,5.82,-0.08,-0.0137
2017-12-22,35.88,36.13,35.56,35.69,7258444.0,0.0042938031220964,5.74,-0.07,-0.0122
2017-12-25,35.62,35.62,34.74,34.74,8861899.0,0.0052423425177493,5.67,-0.15,-0.0265
2017-12-26,34.74,35.37,34.68,35.12,4567464.0,0.002701927738681,5.52,0.06,0.0109
2017-12-27,35.06,35.25,34.74,34.87,7172986.0,0.0042432496112877,5.58,-0.04,-0.0072
2017-12-28,34.74,35.06,34.43,34.93,8785175.0,0.0051969556895614,5.54,0.01,0.0018
2017-12-29,34.74,35.37,34.74,35.31,7091338.0,0.0041949499430237,5.55,0.06,0.0108
2018-01-02,35.31,36.25,35.31,36.25,11422932.0,0.0067573464898392,5.61,0.15,0.0267
2018-01-03,36.19,36.94,36.0,36.44,13299317.0,0.0078673402806923,5.76,0.03,0.0052
2018-01-04,36.25,36.69,36.19,36.57,7337412.0,0.0043405174103027,5.79,0.02,0.0035
2018-01-05,36.63,37.01,36.44,36.76,9484749.0,0.0056107954912238,5.81,0.03,0.0052
2018-01-08,36.89,37.33,36.44,37.14,12017935.0,0.0071093262997071,5.84,0.06,0.0103
2018-01-09,37.14,37.26,36.44,36.57,8619056.0,0.0050986863799353,5.9,-0.09,-0.0153
2018-01-10,36.57,36.76,35.88,36.44,10566691.0,0.0062508288010526,5.81,-0.02,-0.0034
2018-01-11,36.44,36.44,36.07,36.32,4819060.0,0.0028507617987505,5.79,-0.02,-0.0035
2018-01-12,36.32,36.51,35.69,35.75,9194230.0,0.0054389361520557,5.77,-0.09,-0.0156
2018-01-15,35.62,36.19,35.37,35.56,11084219.0,0.0065569775213806,5.68,-0.03,-0.0053
2018-01-16,36.06,36.57,35.75,36.5,11296490.0,0.0066825484953429,5.65,0.15,0.0265
2018-01-17,36.38,36.57,35.43,36.06,9872285.0,0.0058400461800387,5.8,-0.07,-0.0121
2018-01-18,36.12,36.19,35.75,36.12,8456500.0,0.0050025247976023,5.73,0.01,0.0017
2018-01-19,36.06,36.56,35.68,36.12,10903839.0,0.0064502719785447,5.74,0.0,0.0
2018-01-22,36.19,36.81,36.0,36.75,12248675.0,0.0072458227901936,5.74,0.1,0.0174
2018-01-23,36.75,37.0,36.44,36.81,8844516.0,0.0052320594350843,5.84,0.01,0.0017
2018-01-24,36.82,37.26,36.63,37.19,13300369.0,0.0078679626015209,5.85,0.06,0.0103
2018-01-25,37.19,37.76,37.0,37.19,14178023.0,0.0083871473586562,5.91,0.0,0.0
2018-01-26,37.07,38.77,37.01,38.26,25317173.0,0.0149766198471813,5.91,0.17,0.0288
2018-01-29,39.02,39.46,38.08,38.14,28439613.0,0.016823729588685,6.08,-0.02,-0.0033
2018-01-30,38.07,38.39,37.26,37.32,14655535.0,0.0086696242251084,6.06,-0.13,-0.0215
2018-01-31,37.32,37.63,36.81,37.13,14396030.0,0.0085161115191897,5.93,-0.03,-0.0051
2018-02-01,37.19,37.19,35.05,35.36,19456177.0,0.0115094906768806,5.9,-0.28,-0.0475
2018-02-02,34.99,35.62,34.48,35.36,11088140.0,0.0065592970270545,5.62,0.0,0.0
2018-02-05,34.99,35.36,34.73,35.24,7017522.0,0.0041512833705102,5.62,-0.02,-0.0036
2018-02-06,34.67,35.11,33.04,33.1,14703540.0,0.0086980220496113,5.6,-0.34,-0.0607
2018-02-07,33.66,34.1,32.85,33.22,8241645.0,0.0048754252333158,5.26,0.02,0.0038
2018-02-08,33.22,33.73,33.1,33.6,4744630.0,0.0028067320085671,5.28,0.06,0.0114
2018-02-09,32.72,32.97,31.46,31.65,13278735.0,0.0078551647984734,5.34,-0.31,-0.0581
2018-02-12,31.65,32.15,31.59,31.96,6581533.0,0.0038933698384365,5.03,0.05,0.0099
2018-02-13,32.15,32.4,31.9,32.03,5588130.0,0.0033057126349229,5.08,0.01,0.002
2018-02-14,32.22,32.22,31.46,32.09,3529767.0,0.0020880679887966,5.09,0.01,0.002
2018-02-22,32.28,33.41,32.28,33.16,6728792.0,0.0039804823316866,5.1,0.17,0.0333
2018-02-23,33.03,33.41,32.91,33.35,4876759.0,0.0028848942032082,5.27,0.03,0.0057
2018-02-26,33.47,33.85,33.22,33.6,7614180.0,0.0045042422117197,5.3,0.04,0.0075
2018-02-27,33.47,33.6,33.1,33.16,6231994.0,0.0036865966444166,5.34,-0.07,-0.0131
2018-02-28,32.84,33.22,32.53,33.16,5660873.0,0.0033487444638535,5.27,0.0,0.0
2018-03-01,33.03,33.41,32.78,33.35,7890632.0,0.0046677800802642,5.27,0.03,0.0057
2018-03-02,33.1,33.16,32.85,33.03,6891273.0,0.0040765995470404,5.3,-0.05,-0.0094
2018-03-05,33.04,33.29,32.66,32.72,8762782.0,0.0051837088926841,5.25,-0.05,-0.0095
2018-03-06,32.91,33.41,32.78,33.35,9272265.0,0.0054850985150405,5.2,0.1,0.0192
2018-03-07,33.47,33.73,33.1,33.16,7687500.0,0.0045476153706105,5.3,-0.03,-0.0057
2018-03-08,33.1,33.73,32.97,33.73,8924676.0,0.0052794788624805,5.27,0.09,0.0171
2018-03-09,33.6,34.23,33.54,33.91,9468535.0,0.005601203941875,5.36,0.03,0.0056
2018-03-12,34.17,34.48,34.04,34.29,9346840.0,0.0055292140813837,5.39,0.06,0.0111
2018-03-13,34.29,34.35,33.73,33.91,9707002.0,0.0057422714143411,5.45,-0.06,-0.011
2018-03-14,33.92,33.98,33.35,33.41,7883112.0,0.0046633315511472,5.39,-0.08,-0.0148
2018-03-15,33.41,33.6,33.1,33.41,6526202.0,0.0038606382474028,5.31,0.0,0.0
2018-03-16,33.41,33.6,33.1,33.16,5836040.0,0.0034523662058534,5.31,-0.04,-0.0075
2018-03-19,33.16,33.41,32.78,33.22,8127956.0,0.004808171399967,5.27,0.01,0.0019
2018-03-20,32.78,32.97,32.53,32.72,8894858.0,0.0052618397346599,5.28,-0.08,-0.0152
2018-03-21,32.72,33.04,32.47,32.6,7080931.0,0.0041887935809863,5.2,-0.02,-0.0038
2018-03-22,32.59,32.72,32.09,32.22,8841180.0,0.0052300859918484,5.18,-0.06,-0.0116
2018-03-23,31.27,31.27,29.07,29.76,21227775.0,0.012557496699039,5.12,-0.39,-0.0762
2018-03-26,29.32,29.95,28.13,29.76,13774799.0,0.0081486162809068,4.73,0.0,0.0
2018-03-27,29.95,30.46,29.83,30.08,10127517.0,0.0059910311512611,4.73,0.05,0.0106
2018-03-28,29.7,29.7,29.13,29.51,6917962.0,0.0040923876844877,4.78,-0.09,-0.0188
2018-03-29,29.51,29.89,29.26,29.76,6752394.0,0.003994444324269,4.69,0.04,0.0085
2018-03-30,30.01,30.01,29.64,29.89,6094621.0,0.003605332310588,4.73,0.02,0.0042
2018-04-02,29.89,30.27,29.64,29.76,8670559.0,0.0051291534803493,4.75,-0.02,-0.0042
2018-04-03,29.26,29.64,29.07,29.38,7638339.0,0.0045185337030678,4.73,-0.06,-0.0127
2018-04-04,29.45,29.64,28.88,29.01,7222059.0,0.0042722792215748,4.67,-0.06,-0.0128
2018-04-09,28.69,29.26,28.5,28.94,6836290.0,0.0040440738187904,4.61,-0.01,-0.0022
2018-04-10,29.07,30.45,28.76,30.14,14237178.0,0.0084221410740707,4.6,0.19,0.0413
2018-04-11,30.2,30.39,29.7,29.83,11400410.0,0.0067440233817577,4.79,-0.05,-0.0104
2018-04-12,29.64,29.89,29.26,29.26,7193808.0,0.0042555670678401,4.74,-0.09,-0.019
2018-04-13,29.45,29.57,29.13,29.2,5422911.0,0.0032079757290475,4.65,-0.01,-0.0022
2018-04-16,29.26,29.63,28.94,29.01,7302563.0,0.0043199021455157,4.64,-0.03,-0.0065
2018-04-17,29.01,29.19,28.5,28.56,7137813.0,0.0042224426811504,4.61,-0.07,-0.0152
2018-04-18,28.82,28.88,28.06,28.82,7568130.0,0.0044770008864753,4.54,0.04,0.0088
2018-04-19,29.0,29.26,28.82,29.19,6838010.0,0.0040450913015139,4.58,0.06,0.0131
2018-04-20,29.19,30.01,28.5,28.5,12409481.0,0.0073409491430113,4.64,-0.11,-0.0237
2018-04-23,28.56,28.82,28.0,28.44,8692476.0,0.0051421186947985,4.53,-0.01,-0.0022
2018-04-24,28.38,29.01,28.31,28.82,7994898.0,0.0047294596463432,4.52,0.06,0.0133
2018-04-25,28.57,28.75,28.38,28.5,7212600.0,0.0042666836581549,4.58,-0.05,-0.0109
2018-04-26,28.69,28.88,28.19,28.25,7894188.0,0.0046698836666392,4.53,-0.04,-0.0088
2018-04-27,28.44,28.44,28.13,28.38,6313878.0,0.0037350359207752,4.49,0.02,0.0045
2018-05-02,28.25,28.38,27.62,27.69,9505924.0,0.0056233217683584,4.51,-0.11,-0.0244
2018-05-03,27.75,27.75,26.87,27.5,13439688.0,0.0079503781105704,4.4,-0.03,-0.0068
2018-05-04,27.37,27.62,27.25,27.37,5945080.0,0.00351686987805,4.37,-0.02,-0.0046
2018-05-07,27.44,27.69,27.31,27.62,7044152.0,0.0041670366059339,4.35,0.04,0.0092
2018-05-08,27.56,27.75,27.5,27.69,6715402.0,0.0039725613469956,4.39,0.01,0.0023
2018-05-09,27.69,28.19,27.62,27.88,8453315.0,0.0050006406798846,4.4,0.03,0.0068
2018-05-10,27.94,28.25,27.69,28.19,9523799.0,0.0056338958984072,4.43,0.05,0.0113
2018-05-11,28.06,28.13,27.56,27.62,7428800.0,0.0043945788702688,4.48,-0.09,-0.0201
2018-05-14,27.69,27.88,27.43,27.56,5623620.0,0.0033267070894924,4.39,-0.01,-0.0023
2018-05-15,27.5,27.69,27.31,27.62,4203996.0,0.0024869147092793,4.38,0.01,0.0023
2018-05-16,27.5,27.63,27.06,27.18,6476900.0,0.0038314731699392,4.39,-0.07,-0.0159
2018-05-17,27.18,27.31,26.87,26.93,6033583.0,0.0035692246882152,4.32,-0.04,-0.0093
2018-05-18,26.81,27.5,26.74,27.37,7888849.0,0.0046667253292781,4.28,0.07,0.0164
2018-05-21,28.38,29.51,28.38,28.95,27969573.0,0.0165456728564831,4.35,0.25,0.0575
2018-05-22,28.57,28.82,28.19,28.51,13129162.0,0.0077666834360242,4.6,-0.07,-0.0152
2018-05-23,28.63,28.63,27.63,27.69,9846500.0,0.005824792812581,4.53,-0.13,-0.0287
2018-05-24,27.57,27.88,27.44,27.57,6888990.0,0.0040752490161928,4.4,-0.02,-0.0045
2018-05-25,27.82,28.26,27.5,28.07,9937000.0,0.0058783289675131,4.38,0.08,0.0183
2018-05-28,27.94,28.13,27.63,27.82,6992735.0,0.0041366203796561,4.46,-0.04,-0.009
2018-05-29,27.75,28.13,27.38,27.44,6079597.0,0.0035964447173096,4.42,-0.06,-0.0136
2018-05-30,27.06,27.06,25.8,26.12,12366795.0,0.0073156978246751,4.36,-0.21,-0.0482
2018-05-31,26.43,26.43,26.05,26.12,7651439.0,0.0045262831354392,4.15,0.0,0.0
2018-06-01,26.18,26.37,25.8,25.99,6597660.0,0.0039029099220894,4.15,-0.02,-0.0048
2018-06-04,25.99,26.18,25.74,25.99,6609883.0,0.0039101405565837,4.13,0.0,0.0
2018-06-05,25.99,26.18,25.87,26.18,5279195.0,0.0031229591318959,4.13,0.03,0.0073
2018-06-06,26.18,26.37,25.93,26.37,5599779.0,0.0033126037141362,4.16,0.03,0.0072
2018-06-07,26.56,26.68,25.93,26.06,6119829.0,0.0036202443480856,4.19,-0.05,-0.0119
2018-06-08,26.06,26.12,25.36,25.55,7184684.0,0.0042501696769274,4.14,-0.08,-0.0193
2018-06-11,25.55,25.55,25.17,25.3,5009155.0,0.0029632143442953,4.06,-0.04,-0.0099
2018-06-12,25.3,25.61,25.24,25.61,3727164.0,0.0022048401034388,4.02,0.05,0.0124
2018-06-13,25.42,25.55,24.92,24.98,5568529.0,0.0032941174727922,4.07,-0.1,-0.0246
2018-06-14,24.92,25.3,24.86,24.98,3908887.0,0.0023123401109827,3.97,0.0,0.0
2018-06-15,25.05,25.17,24.23,24.61,8129741.0,0.0048092273340725,3.97,-0.06,-0.0151
2018-06-19,24.23,24.23,22.15,22.34,15037006.0,0.0088952871042033,3.91,-0.36,-0.0921
2018-06-20,22.34,22.65,21.9,22.21,9006873.0,0.0053281032970325,3.55,-0.02,-0.0056
2018-06-21,22.21,22.53,21.84,21.84,7248600.0,0.0042879798081831,3.53,-0.06,-0.017
2018-06-22,21.52,22.15,21.33,21.96,8052740.0,0.0047636766438413,3.47,0.02,0.0058
2018-06-25,22.21,22.28,21.71,21.9,6125182.0,0.0036234109672828,3.49,-0.01,-0.0029
2018-06-26,21.59,21.96,21.33,21.96,6369813.0,0.0037681248138816,3.48,0.01,0.0029
2018-06-27,21.9,22.28,21.65,21.77,4864079.0,0.0028773932259205,3.49,-0.03,-0.0086
2018-06-28,21.84,22.09,21.59,21.77,4524722.0,0.0026766432930003,3.46,0.0,0.0
2018-06-29,21.84,22.4,21.77,22.34,4721200.0,0.0027928717642571,3.46,0.09,0.026
2018-07-02,22.34,22.65,21.65,21.77,6813311.0,0.0040304803679154,3.55,-0.09,-0.0254
2018-07-03,21.84,22.21,21.65,22.21,5669450.0,0.0033538182715978,3.46,0.07,0.0202
2018-07-04,22.15,22.15,21.84,22.02,4648919.0,0.0027501132359185,3.53,-0.03,-0.0085
2018-07-05,22.09,22.28,21.52,21.65,5472352.0,0.0032372230333127,3.5,-0.06,-0.0171
2018-07-06,21.58,21.96,21.14,21.77,6779028.0,0.0040101999259316,3.44,0.02,0.0058
2018-07-09,21.77,22.15,21.77,22.09,4555728.0,0.0026949851937718,3.46,0.05,0.0145
2018-07-10,21.9,22.03,21.77,21.96,6135815.0,0.0036297010218176,3.51,-0.02,-0.0057
2018-07-11,21.65,21.65,20.83,21.02,8775038.0,0.0051909590486493,3.49,-0.15,-0.043
2018-07-12,21.02,21.59,20.96,21.46,5813696.0,0.0034391483954025,3.34,0.07,0.021
2018-07-13,21.52,21.71,21.4,21.71,5306988.0,0.0031394003512775,3.41,0.04,0.0117
2018-07-16,21.65,21.71,21.4,21.71,4221996.0,0.0024975627842935,3.45,0.0,0.0
2018-07-17,21.58,21.71,21.46,21.65,3355096.0,0.0019847396604193,3.45,-0.01,-0.0029
2018-07-18,21.65,21.96,21.58,21.77,5696568.0,0.0033698601881662,3.44,0.02,0.0058
2018-07-19,21.84,21.84,21.27,21.58,5482523.0,0.0032432397872554,3.46,-0.03,-0.0087
2018-07-20,21.52,21.58,21.02,21.52,10138237.0,0.0059973726714917,3.43,-0.01,-0.0029
2018-07-23,21.27,22.15,21.14,22.09,10115810.0,0.0059841057615838,3.42,0.09,0.0263
2018-07-24,22.02,24.29,21.77,24.29,42782990.0,0.0253086937137793,3.51,0.35,0.0997
2018-07-25,23.85,24.04,23.35,23.6,26174022.0,0.0154834972042795,3.86,-0.11,-0.0285
2018-07-26,23.47,24.23,23.41,23.66,22415055.0,0.0132598437269699,3.75,0.01,0.0027
2018-07-27,23.47,23.6,22.78,22.91,13761829.0,0.0081409437512994,3.76,-0.12,-0.0319
2018-07-30,23.1,23.35,22.78,23.16,10835240.0,0.0064096915731062,3.64,0.04,0.011
2018-07-31,23.28,23.66,23.16,23.28,10736762.0,0.006351435954704,3.68,0.02,0.0054
2018-08-01,23.09,25.61,23.09,24.41,52755130.0,0.0312078100899588,3.7,0.18,0.0486
2018-08-02,24.04,24.35,22.78,23.28,34663421.0,0.0205054837252091,3.88,-0.18,-0.0464
2018-08-03,23.28,24.98,22.84,23.91,29474832.0,0.0174361234535758,3.7,0.1,0.027
2018-08-06,23.47,24.41,23.16,24.1,23579403.0,0.0139486251073328,3.8,0.03,0.0079
2018-08-07,24.29,25.36,24.04,25.23,34717622.0,0.0205375468537558,3.83,0.18,0.047
2018-08-08,24.86,25.11,24.48,24.67,19281405.0,0.0114061026009713,4.01,-0.09,-0.0224
2018-08-09,24.54,24.92,24.23,24.73,13067858.0,0.007730418458765,3.9,0.01,0.0026
2018-08-10,24.67,25.68,24.35,25.11,23033580.0,0.0136257382046423,3.91,0.06,0.0153
2018-08-13,24.35,24.79,24.1,24.67,17081675.0,0.0101048309314828,3.97,-0.07,-0.0176
2018-08-14,24.48,24.73,23.97,24.54,16139905.0,0.0095477177311472,3.9,-0.02,-0.0051
2018-08-15,24.48,24.48,23.28,23.47,13816225.0,0.008173122233992,3.88,-0.17,-0.0438
2018-08-16,23.4,23.4,22.64,22.96,11356755.0,0.0067181988420498,3.71,-0.08,-0.0216
2018-08-17,23.15,23.4,22.26,22.52,10063425.0,0.0059531169054942,3.63,-0.07,-0.0193
2018-08-20,22.58,23.09,22.26,23.09,7405555.0,0.0043808280645075,3.56,0.09,0.0253
2018-08-21,22.96,23.47,22.83,23.21,8237447.0,0.0048729418655986,3.65,0.02,0.0055
2018-08-22,23.09,23.21,22.64,22.71,5740900.0,0.0033960852138065,3.67,-0.08,-0.0218
2018-08-23,22.64,23.02,22.58,22.77,4988030.0,0.0029507176451468,3.59,0.01,0.0028
2018-08-24,22.77,22.96,22.58,22.77,4093147.0,0.0024213409055438,3.6,0.0,0.0
2018-08-27,22.96,23.34,22.9,23.28,6942980.0,0.0041071873256379,3.6,0.08,0.0222
2018-08-28,23.34,23.47,23.09,23.28,6369630.0,0.0037680165584523,3.68,0.0,0.0
2018-08-29,23.28,23.28,22.83,22.83,5253700.0,0.0031078773167579,3.68,-0.07,-0.019
2018-08-30,22.77,22.9,22.07,22.14,7065700.0,0.0041797835348452,3.61,-0.11,-0.0305
2018-08-31,22.14,22.2,21.82,21.89,5322451.0,0.0031485476392743,3.5,-0.04,-0.0114
2018-09-03,21.88,22.07,21.19,21.76,7237271.0,0.0042812780280811,3.46,-0.02,-0.0058
2018-09-04,21.76,22.14,21.57,22.01,4261340.0,0.0025208371100354,3.44,0.04,0.0116
2018-09-05,22.07,22.14,21.57,21.57,5383658.0,0.0031847552352403,3.48,-0.07,-0.0201
2018-09-06,21.57,22.01,21.5,21.63,4603059.0,0.0027229843070214,3.41,0.01,0.0029
2018-09-07,21.63,21.95,21.57,21.76,4305310.0,0.002546847991056,3.42,0.02,0.0058
2018-09-10,21.82,21.82,21.31,21.31,4362700.0,0.0025807976035593,3.44,-0.07,-0.0203
2018-09-11,21.51,21.63,21.25,21.38,3444537.0,0.0020376493536047,3.37,0.01,0.003
2018-09-12,21.44,21.63,21.32,21.44,2827301.0,0.0016725173964153,3.38,0.01,0.003
2018-09-13,21.32,22.08,21.32,22.08,7299511.0,0.004318096705241,3.39,0.1,0.0295
2018-09-14,22.27,22.9,22.08,22.52,12824654.0,0.007586548767891,3.49,0.07,0.0201
2018-09-17,22.08,22.46,22.01,22.2,6429131.0,0.0038032149535309,3.56,-0.05,-0.014
2018-09-18,22.2,23.09,21.95,22.77,13577648.0,0.0080319896899564,3.51,0.09,0.0256
2018-09-19,22.46,22.96,22.2,22.77,10978175.0,0.0064942461621141,3.6,0.0,0.0
2018-09-20,22.65,22.9,22.46,22.58,7629687.0,0.0045134155283444,3.6,-0.03,-0.0083
2018-09-21,22.65,23.03,22.58,23.03,10126328.0,0.0059903277867504,3.57,0.07,0.0196
2018-09-25,22.9,22.9,22.46,22.71,6634029.0,0.0039244243576554,3.64,-0.05,-0.0137
2018-09-26,22.71,22.9,22.52,22.65,6840999.0,0.004046859473526,3.59,-0.01,-0.0028
2018-09-27,22.65,22.77,22.33,22.33,5415603.0,0.0032036526105918,3.58,-0.05,-0.014
2018-09-28,22.52,23.21,22.46,22.77,8914893.0,0.0052736916337103,3.53,0.07,0.0198
2018-10-08,22.46,23.21,22.2,22.52,18874043.0,0.0111651236490881,3.6,-0.04,-0.0111
2018-10-09,22.65,23.72,22.33,23.09,18371977.0,0.0108681216251972,3.56,0.09,0.0253
2018-10-10,23.03,23.03,22.58,22.9,9305358.0,0.005504675000954,3.65,-0.03,-0.0082
2018-10-11,22.2,22.2,20.68,20.81,18542046.0,0.0109687275957292,3.62,-0.33,-0.0912
2018-10-12,20.81,21.06,19.74,20.49,9976139.0,0.0059014820235118,3.29,-0.05,-0.0152
2018-10-15,20.56,20.88,20.05,20.18,5466282.0,0.003233632265794,3.24,-0.05,-0.0154
2018-10-16,20.12,20.5,19.93,19.99,3877482.0,0.0022937621778817,3.19,-0.03,-0.0094
2018-10-17,20.31,20.56,19.99,20.43,4875500.0,0.0028841494295169,3.16,0.07,0.0222
2018-10-18,20.24,20.37,19.74,19.86,4795313.0,0.0028367140300082,3.23,-0.09,-0.0279
2018-10-19,19.55,20.62,19.23,20.43,6122370.0,0.0036217475013417,3.14,0.09,0.0287
2018-10-22,20.69,21.57,20.56,21.25,9428574.0,0.0055775646237839,3.23,0.13,0.0402
2018-10-23,21.26,21.51,20.62,20.81,7039350.0,0.004164195936144,3.36,-0.07,-0.0208
2018-10-24,20.56,21.19,20.56,20.94,5395578.0,0.0031918066271386,3.29,0.02,0.0061
2018-10-25,20.37,20.94,20.12,20.81,5696246.0,0.0033696697059354,3.31,-0.02,-0.006
2018-10-26,20.94,21.38,20.75,21.07,6487220.0,0.0038375780662806,3.29,0.04,0.0122
2018-10-29,20.94,21.32,20.56,20.69,4525001.0,0.002676808338163,3.33,-0.06,-0.018
2018-10-30,20.69,21.07,20.5,21.01,4907652.0,0.002903169257731,3.27,0.05,0.0153
2018-10-31,20.94,21.45,20.88,21.32,6971582.0,0.0041241071168353,3.32,0.05,0.0151
2018-11-01,21.32,21.64,21.26,21.26,6965801.0,0.0041206873100766,3.37,-0.01,-0.003
2018-11-02,22.14,22.4,21.7,21.89,15390858.0,0.0091046116953085,3.36,0.1,0.0298
2018-11-05,21.95,22.02,21.45,21.76,8428751.0,0.0049861096068486,3.46,-0.02,-0.0058
2018-11-06,21.7,21.76,21.39,21.76,5947463.0,0.0035182795648699,3.44,0.0,0.0
2018-11-07,21.64,21.89,21.45,21.45,6368902.0,0.0037675859029739,3.44,-0.05,-0.0145
2018-11-08,21.64,21.7,21.32,21.39,4841670.0,0.0028641369640876,3.39,-0.01,-0.0029
2018-11-09,21.39,21.39,21.07,21.13,4460300.0,0.0026385338325247,3.38,-0.04,-0.0118
2018-11-12,21.2,21.77,21.13,21.77,6124280.0,0.0036228773804127,3.34,0.1,0.0299
2018-11-13,21.51,22.59,21.39,22.46,13548847.0,0.0080149521783741,3.44,0.11,0.032
2018-11-14,22.97,23.47,22.53,22.59,19544231.0,0.0115615798767302,3.55,0.02,0.0056
2018-11-15,22.46,22.78,22.34,22.65,11558967.0,0.0068378193167584,3.57,0.01,0.0028
2018-11-16,22.59,22.97,22.46,22.65,9270223.0,0.0054838905500861,3.58,0.0,0.0
2018-11-19,22.91,23.03,22.53,22.84,8560850.0,0.005064254054698,3.58,0.03,0.0084
2018-11-20,22.78,22.78,22.08,22.08,8036200.0,0.0047538922460228,3.61,-0.12,-0.0332
2018-11-21,22.02,22.34,21.96,22.21,6669468.0,0.003945388642679,3.49,0.02,0.0057
2018-11-22,22.15,22.4,22.15,22.21,5890788.0,0.0034847529175685,3.51,0.0,0.0
2018-11-23,22.21,22.34,21.2,21.26,10189400.0,0.0060276386415999,3.51,-0.15,-0.0427
2018-11-26,21.45,21.83,21.39,21.51,5611059.0,0.0033192765078117,3.36,0.04,0.0119
2018-11-27,21.7,21.77,21.32,21.58,4460790.0,0.002638823696789,3.4,0.01,0.0029
2018-11-28,21.64,22.46,21.58,22.27,11586550.0,0.0068541363085981,3.41,0.11,0.0323
2018-11-29,22.21,22.4,21.64,21.7,8026150.0,0.0047479470708066,3.52,-0.09,-0.0256
2018-11-30,21.64,22.02,21.39,22.02,8395455.0,0.0049664130343114,3.43,0.05,0.0146
2018-12-03,22.97,23.35,22.59,22.72,19318760.0,0.0114282003144242,3.48,0.11,0.0316
2018-12-04,22.65,22.91,22.53,22.78,7825929.0,0.0046295043915066,3.59,0.01,0.0028
2018-12-05,22.34,22.78,22.21,22.53,6950678.0,0.0041117411523856,3.6,-0.04,-0.0111
2018-12-06,22.46,22.46,21.89,21.96,7539033.0,0.004459788273215,3.56,-0.09,-0.0253
2018-12-07,22.21,22.27,22.02,22.15,4109400.0,0.0024309555257218,3.47,0.03,0.0086
2018-12-10,21.96,22.02,21.58,21.64,5769236.0,0.0034128476501177,3.5,-0.08,-0.0229
2018-12-11,21.77,21.83,21.45,21.64,5863098.0,0.0034683726288385,3.42,0.0,0.0
2018-12-12,21.7,21.77,21.58,21.7,3716825.0,0.0021987239674627,3.42,0.01,0.0029
2018-12-13,21.7,22.14,21.57,21.89,6927326.0,0.004097927049734,3.43,0.03,0.0087
2018-12-14,21.83,21.89,21.39,21.45,5466039.0,0.0032334885167813,3.46,-0.07,-0.0202
2018-12-17,21.32,21.57,21.2,21.57,3737849.0,0.0022111609190792,3.39,0.02,0.0059
2018-12-18,21.38,21.64,21.19,21.45,4078096.0,0.0024124373401529,3.41,-0.02,-0.0059
2018-12-19,21.51,21.64,21.13,21.19,4103590.0,0.0024275185637312,3.39,-0.04,-0.0118
2018-12-20,21.13,21.32,21.01,21.26,3442200.0,0.0020362668785321,3.35,0.01,0.003
2018-12-21,21.19,21.26,21.0,21.19,2493000.0,0.0014747583894545,3.36,-0.01,-0.003
2018-12-24,21.26,21.39,21.07,21.39,2879432.0,0.0017033559963353,3.35,0.03,0.009
2018-12-25,21.2,21.26,20.44,20.94,5281442.0,0.0031242883665935,3.38,-0.07,-0.0207
2018-12-26,20.94,20.94,20.69,20.75,2641085.0,0.0015623595110359,3.31,-0.03,-0.0091
2018-12-27,20.94,21.13,20.56,20.56,3320201.0,0.001964097183885,3.28,-0.03,-0.0091
2018-12-28,20.56,20.82,20.5,20.56,2737700.0,0.0016195130536742,3.25,0.0,0.0
2019-01-02,20.63,20.69,20.5,20.56,2550170.0,0.0015085778588188,3.25,0.0,0.0
2019-01-03,20.56,20.94,20.56,20.75,3751717.0,0.0022193646693178,3.25,0.03,0.0092
2019-01-04,20.69,21.26,20.56,21.26,4867650.0,0.0028795056856913,3.28,0.08,0.0244
2019-01-07,21.45,21.7,21.26,21.7,7533636.0,0.0044565956253899,3.36,0.07,0.0208
2019-01-08,21.7,22.02,21.57,21.83,9740601.0,0.0057621472294744,3.43,0.02,0.0058
2019-01-09,21.76,22.14,21.51,21.64,9160678.0,0.0054190881402294,3.45,-0.03,-0.0087
2019-01-10,21.51,22.33,21.51,21.83,8466770.0,0.0050086001159576,3.42,0.03,0.0088
2019-01-11,21.83,22.33,21.64,22.02,8075318.0,0.0047770328792674,3.45,0.03,0.0087
2019-01-14,21.95,22.14,21.83,22.02,6230200.0,0.0036855353862735,3.48,0.0,0.0
2019-01-15,22.02,22.14,21.76,22.02,5214570.0,0.0030847295847967,3.48,0.0,0.0
2019-01-16,22.08,22.14,21.7,21.76,4453270.0,0.002634375167672,3.48,-0.04,-0.0115
2019-01-17,21.83,22.08,21.64,21.83,5157206.0,0.0030507953528461,3.44,0.01,0.0029
2019-01-18,21.89,22.27,21.83,22.08,7679114.0,0.0045426545507734,3.45,0.04,0.0116
2019-01-21,22.4,22.78,22.27,22.4,13040317.0,0.0077141263124337,3.49,0.05,0.0143
2019-01-22,22.21,22.27,21.57,21.57,9405600.0,0.0055639741307076,3.54,-0.13,-0.0367
2019-01-23,21.57,21.89,21.51,21.76,5031269.0,0.0029762960960099,3.41,0.03,0.0088
2019-01-24,21.64,21.89,21.57,21.83,3681400.0,0.0021777679642752,3.44,0.01,0.0029
2019-01-25,21.7,21.83,21.51,21.51,4150200.0,0.0024550911624205,3.45,-0.05,-0.0145
2019-01-28,21.57,21.7,21.26,21.38,4480400.0,0.0026504241829572,3.4,-0.02,-0.0059
2019-01-29,21.26,21.32,20.56,20.81,7020700.0,0.00415316334731,3.38,-0.09,-0.0266
2019-01-30,20.69,20.94,20.62,20.69,3102900.0,0.0018355506645161,3.29,-0.02,-0.0061
2019-01-31,20.56,20.94,20.5,20.62,6218775.0,0.0036787768164382,3.27,-0.01,-0.0031
2019-02-01,20.62,21.0,20.62,20.94,6111071.0,0.0036150634680315,3.26,0.05,0.0153
2019-02-11,20.94,21.19,20.81,21.19,7174527.0,0.0033421957110693,3.31,0.04,0.0121
2019-02-12,21.19,21.51,21.19,21.44,5899200.0,0.002748094883292,3.35,0.04,0.0119
2019-02-13,21.44,21.89,21.38,21.76,10326160.0,0.0048103586011755,3.39,0.05,0.0147
2019-02-14,21.7,22.08,21.63,21.82,6691959.0,0.0031173952887001,3.44,0.01,0.0029
2019-02-15,21.76,22.01,21.7,21.89,8035296.0,0.0037431780280948,3.45,0.01,0.0029
2019-02-18,21.82,22.52,21.82,22.39,14615293.0,0.0068084167194049,3.46,0.08,0.0231
2019-02-19,23.28,23.97,22.58,23.09,37299141.0,0.0173755049046121,3.54,0.11,0.0311
2019-02-20,22.84,23.09,22.46,23.03,19788247.0,0.0092181957434938,3.65,-0.01,-0.0027
2019-02-21,22.9,23.15,22.58,22.65,13263957.0,0.0061789077101819,3.64,-0.06,-0.0165
2019-02-22,22.77,22.96,22.39,22.96,14933884.0,0.0069568297748977,3.58,0.05,0.014
2019-02-25,23.03,24.29,23.03,24.23,31515285.0,0.0146811420962147,3.63,0.2,0.0551
2019-02-26,24.23,25.49,23.91,24.55,41057943.0,0.0191265125909947,3.83,0.05,0.0131
2019-02-27,24.48,25.31,24.23,24.61,25259361.0,0.0117668702060154,3.88,0.01,0.0026
2019-02-28,24.48,24.93,24.42,24.61,14764232.0,0.0068777987549051,3.89,0.0,0.0
2019-03-01,24.61,24.99,24.17,24.99,17126969.0,0.0079784607870899,3.89,0.06,0.0154
2019-03-04,25.18,25.62,24.8,24.99,27871476.0,0.0129837029741993,3.95,0.0,0.0
2019-03-05,24.67,25.18,24.61,25.12,18904123.0,0.0088063336875208,3.95,0.02,0.0051
2019-03-06,25.18,25.94,25.12,25.87,31199704.0,0.0145341312250179,3.97,0.12,0.0302
2019-03-07,25.75,26.76,25.56,26.44,28625864.0,0.0133351285578067,4.09,0.09,0.022
2019-03-08,26.0,26.19,24.55,24.61,31064965.0,0.0144713641453326,4.18,-0.29,-0.0694
2019-03-11,24.74,26.0,24.67,26.0,24950088.0,0.0116227978658946,3.89,0.22,0.0566
2019-03-12,26.19,26.82,25.3,25.87,34105814.0,0.0158879191998762,4.11,-0.02,-0.0049
2019-03-13,25.94,26.19,25.3,25.49,24021627.0,0.0111902817749948,4.09,-0.06,-0.0147
2019-03-14,25.3,25.68,24.54,24.8,19241660.0,0.0089635725847648,4.03,-0.11,-0.0273
2019-03-15,24.8,25.87,24.67,25.18,19347740.0,0.0090129890997532,3.92,0.06,0.0153
2019-03-18,25.62,26.06,25.18,26.06,19914277.0,0.0092769058055601,3.98,0.14,0.0352
2019-03-19,26.13,26.51,26.0,26.25,20613763.0,0.009602755733946,4.12,0.03,0.0073
2019-03-20,26.32,26.76,25.81,26.57,32675147.0,0.0152214544822204,4.15,0.05,0.012
2019-03-21,26.7,26.89,26.0,26.38,35836689.0,0.0166942334002963,4.2,-0.03,-0.0071
2019-03-22,26.25,27.52,26.06,27.52,36769769.0,0.0171289012152037,4.17,0.18,0.0432
2019-03-25,27.01,27.39,26.7,26.76,27564600.0,0.0128407472572537,4.35,-0.12,-0.0276
2019-03-26,26.7,27.01,25.94,26.06,25134431.0,0.0117086725701038,4.23,-0.11,-0.026
2019-03-27,26.19,26.7,26.07,26.44,17670558.0,0.0082316873516265,4.12,0.06,0.0146
2019-03-28,26.19,29.04,25.94,26.89,46279606.0,0.0215589823110542,4.18,0.07,0.0167
2019-03-29,26.38,26.76,25.62,26.63,36626914.0,0.0170623533621808,4.25,-0.04,-0.0094
2019-04-01,26.51,29.29,26.51,29.29,80682141.0,0.0375851266027845,4.21,0.42,0.0998
2019-04-02,29.29,29.8,28.15,28.41,82849520.0,0.0385947826815841,4.63,-0.14,-0.0302
2019-04-03,28.09,31.13,27.77,30.24,83165568.0,0.0387420111009756,4.49,0.29,0.0646
2019-04-04,29.99,30.81,29.1,29.55,58561473.0,0.0272803912919285,4.78,-0.11,-0.023
2019-04-08,29.42,29.42,28.09,28.47,38179237.0,0.0177854905491751,4.67,-0.17,-0.0364
2019-04-09,28.54,29.04,28.35,28.66,23004227.0,0.0107163341661222,4.5,0.03,0.0067
2019-04-10,28.47,28.91,28.28,28.85,17773863.0,0.0082798111551792,4.53,0.03,0.0066
2019-04-11,28.85,29.42,28.28,28.35,22767653.0,0.0106061280705635,4.56,-0.08,-0.0175
2019-04-12,28.16,28.47,27.78,28.03,16270281.0,0.0075793795710983,4.48,-0.05,-0.0112
2019-04-15,28.34,28.79,27.59,27.71,17315273.0,0.0080661806912979,4.43,-0.05,-0.0113
2019-04-16,27.71,28.28,27.01,28.28,19872994.0,0.0092576744519754,4.38,0.09,0.0205
2019-04-17,28.09,28.34,27.9,28.15,17568832.0,0.0081842991125266,4.47,-0.02,-0.0045
2019-04-18,28.22,28.28,27.65,27.84,13155202.0,0.0061282450679538,4.45,-0.05,-0.0112
2019-04-19,27.77,28.15,27.58,27.96,11975093.0,0.0055785007798084,4.4,0.02,0.0045
2019-04-22,27.9,28.09,27.46,27.52,12120171.0,0.0056460841995057,4.42,-0.07,-0.0158
2019-04-23,27.52,27.58,26.7,26.82,15246515.0,0.0071024664123161,4.35,-0.11,-0.0253
2019-04-24,26.7,27.46,26.64,27.14,12882557.0,0.0060012355870996,4.24,0.05,0.0118
2019-04-25,27.08,27.2,25.62,25.69,17429283.0,0.0081192913330195,4.29,-0.23,-0.0536
2019-04-26,25.69,26.0,25.5,25.5,11382574.0,0.0053024805682283,4.06,-0.03,-0.0074
2019-04-29,25.56,25.87,24.55,24.67,13164192.0,0.0061324329871633,4.03,-0.13,-0.0323
2019-04-30,24.74,25.75,24.67,25.24,14553877.0,0.0067798065696639,3.9,0.09,0.0231
2019-05-06,24.04,24.67,22.84,23.28,19121112.0,0.0089074162683167,3.99,-0.31,-0.0777
2019-05-07,23.41,23.72,23.16,23.6,9979226.0,0.0046487421870448,3.68,0.05,0.0136
2019-05-08,22.9,23.98,22.9,23.66,8635406.0,0.004022734445984,3.73,0.01,0.0027
2019-05-09,23.47,23.85,23.34,23.34,5758230.0,0.0026824251423614,3.74,-0.05,-0.0134
2019-05-10,23.66,24.17,23.28,24.04,10426197.0,0.004856960033207,3.69,0.11,0.0298
2019-05-13,23.91,24.36,23.72,24.17,7835101.0,0.0036499187971549,3.8,0.02,0.0053
2019-05-14,23.79,23.98,23.47,23.66,8191721.0,0.0038160473564984,3.82,-0.08,-0.0209
2019-05-15,23.66,24.11,23.54,23.98,8690688.0,0.0040484871211498,3.74,0.05,0.0134
2019-05-16,24.04,24.42,23.92,24.3,8165320.0,0.0038037486629444,3.79,0.05,0.0132
2019-05-17,24.36,24.55,23.47,23.6,11649561.0,0.0054268543152797,3.84,-0.11,-0.0286
2019-05-20,23.47,23.73,22.97,23.54,7770525.0,0.0036198365868241,3.73,-0.01,-0.0027
2019-05-21,23.48,23.92,23.41,23.73,7216507.0,0.0033617517564993,3.72,0.03,0.0081
2019-05-22,23.79,23.79,23.16,23.35,6444200.0,0.0030019787508324,3.75,-0.06,-0.016
2019-05-23,23.22,23.41,22.84,22.91,6657401.0,0.0031012967222883,3.69,-0.07,-0.019
2019-05-24,22.9,23.28,22.71,23.03,4926927.0,0.0022951693244937,3.62,0.02,0.0055
2019-05-27,23.03,23.47,22.78,23.41,6379251.0,0.0029717227814509,3.64,0.06,0.0165
2019-05-28,23.47,23.6,23.16,23.28,5758291.0,0.0026824535587209,3.7,-0.02,-0.0054
2019-05-29,23.28,23.54,23.16,23.35,5211211.0,0.0024276007399062,3.68,0.01,0.0027
2019-05-30,23.28,23.35,22.91,23.16,5536751.0,0.0025792509311706,3.69,-0.03,-0.0081
2019-05-31,23.16,23.35,23.03,23.16,4293350.0,0.0020000225737696,3.66,0.0,0.0
2019-06-03,23.28,23.47,22.91,22.97,6093994.0,0.0028388381018125,3.66,-0.03,-0.0082
2019-06-04,22.91,22.97,22.65,22.84,6078196.0,0.0028314787305475,3.63,-0.02,-0.0055
2019-06-05,23.86,25.12,23.79,23.79,34543129.0,0.0160916388760843,3.61,0.15,0.0416
2019-06-06,23.54,23.54,22.65,22.72,20699998.0,0.0096429276152622,3.76,-0.17,-0.0452
2019-06-10,22.84,22.97,21.89,22.34,11677192.0,0.005439725994443,3.59,-0.06,-0.0167
2019-06-11,22.34,23.1,22.28,23.03,10632066.0,0.004952862451421,3.53,0.11,0.0312
2019-06-12,22.97,23.04,22.72,22.85,6576010.0,0.0030633813794204,3.64,-0.03,-0.0082
2019-06-13,22.85,22.97,22.53,22.91,5664502.0,0.002638762707248,3.61,0.01,0.0028
2019-06-14,22.85,23.04,22.53,22.66,6610170.0,0.0030792945407327,3.62,-0.04,-0.011
2019-06-17,22.59,22.72,22.4,22.59,4447533.0,0.0020718474845017,3.58,-0.01,-0.0028
2019-06-18,22.59,22.66,22.28,22.4,5598200.0,0.0026078764536963,3.57,-0.03,-0.0084
2019-06-19,22.91,23.04,22.66,22.72,10751868.0,0.0050086712497679,3.54,0.05,0.0141
2019-06-20,22.72,23.67,22.59,23.61,15141890.0,0.0070537276973777,3.59,0.14,0.039
2019-06-21,23.42,23.73,23.23,23.61,13769365.0,0.0064143479628899,3.73,0.0,0.0
2019-06-24,23.54,23.8,23.35,23.54,9071101.0,0.0042256994582189,3.73,-0.01,-0.0027
2019-06-25,23.42,23.61,23.16,23.54,10466972.0,0.0048759547390766,3.72,0.0,0.0
2019-06-26,23.42,23.67,23.29,23.61,6581771.0,0.003066065094945,3.72,0.01,0.0027
2019-06-27,23.61,23.86,23.54,23.61,8463023.0,0.003942431211602,3.73,0.0,0.0
2019-06-28,23.8,23.8,23.1,23.42,7176420.0,0.0033430775498973,3.73,-0.03,-0.008
2019-07-01,23.73,24.11,23.67,23.99,13173759.0,0.006136889697183,3.7,0.09,0.0243
2019-07-02,24.05,24.05,23.8,23.92,8263400.0,0.0038494384422625,3.79,-0.01,-0.0026
2019-07-03,23.99,24.62,23.8,24.24,15939246.0,0.0074251695782704,3.78,0.05,0.0132
2019-07-04,24.3,25.38,24.3,24.75,29678880.0,0.0138256675938836,3.83,0.08,0.0209
2019-07-05,25.57,26.07,24.75,25.13,23934997.0,0.0111499258861049,3.91,0.06,0.0153
2019-07-08,24.87,25.06,23.61,23.92,18855092.0,0.0087834929904394,3.97,-0.19,-0.0479
2019-07-09,23.73,24.05,23.54,23.86,11612737.0,0.0054097001509893,3.78,-0.01,-0.0026
2019-07-10,23.92,24.18,23.42,23.48,8644154.0,0.0040268096314395,3.77,-0.06,-0.0159
2019-07-11,23.61,23.86,23.54,23.67,7123275.0,0.0033183203789975,3.71,0.03,0.0081
2019-07-12,23.73,24.3,23.73,24.18,10420932.0,0.0048545073752939,3.74,0.08,0.0214
2019-07-15,24.05,25.0,23.61,25.0,16318243.0,0.0076017222831258,3.82,0.13,0.034
2019-07-16,24.87,25.12,24.62,25.06,15676895.0,0.00730295547454,3.95,0.01,0.0025
2019-07-17,25.25,25.44,24.74,24.87,14840700.0,0.0069134207578098,3.96,-0.03,-0.0076
2019-07-18,24.74,24.87,24.24,24.36,11503148.0,0.0053586489965675,3.93,-0.08,-0.0204
2019-07-19,24.62,25.76,24.62,25.25,29317105.0,0.0136571376192424,3.85,0.14,0.0364
2019-07-22,25.57,25.76,24.49,25.19,20089181.0,0.0093583834275202,3.99,-0.01,-0.0025
2019-07-23,25.19,25.31,24.87,25.0,11535610.0,0.0053737711582337,3.98,-0.03,-0.0075
2019-07-24,25.19,25.44,24.81,25.0,12913631.0,0.006015711160127,3.95,0.0,0.0
2019-07-25,24.81,24.87,24.37,24.62,12216225.0,0.0056908301830153,3.95,-0.06,-0.0152
2019-07-26,24.43,25.0,24.36,24.81,9643395.0,0.0044922980161825,3.89,0.03,0.0077
2019-07-29,24.62,24.68,24.36,24.43,6483020.0,0.0030200627356726,3.92,-0.06,-0.0153
2019-07-30,24.43,24.81,24.43,24.56,6163160.0,0.0028710585267341,3.86,0.02,0.0052
2019-07-31,24.56,24.56,23.99,23.99,8668200.0,0.0040380112671806,3.88,-0.09,-0.0232
2019-08-01,23.8,24.11,23.73,23.92,4546301.0,0.0021178577630874,3.79,-0.01,-0.0026
2019-08-02,23.48,23.48,22.78,23.1,11093701.0,0.0051679114040669,3.78,-0.13,-0.0344
2019-08-05,22.59,22.72,22.21,22.53,10360770.0,0.0048264813913692,3.65,-0.09,-0.0247
2019-08-06,21.96,22.28,21.64,22.02,9367700.0,0.004363867717354,3.56,-0.08,-0.0225
2019-08-07,22.15,22.21,21.9,21.9,4740820.0,0.0022084728750692,3.48,-0.02,-0.0057
2019-08-08,22.02,22.15,21.77,21.96,4113410.0,0.001916198971705,3.46,0.01,0.0029
2019-08-09,22.21,22.34,21.64,21.83,5997472.0,0.0027938741042662,3.47,-0.02,-0.0058
2019-08-12,21.77,22.47,21.77,22.34,6401002.0,0.0029818553098966,3.45,0.08,0.0232
2019-08-13,22.21,22.4,22.02,22.15,3197180.0,0.0014893805938031,3.53,-0.03,-0.0085
2019-08-14,22.47,22.59,22.28,22.28,4533480.0,0.0021118852033338,3.5,0.02,0.0057
2019-08-15,21.96,22.4,21.77,22.34,4544466.0,0.002117002943093,3.52,0.01,0.0028
2019-08-16,22.46,22.65,22.34,22.59,3985136.0,0.0018564435602832,3.53,0.04,0.0113
2019-08-19,22.72,23.29,22.72,23.22,8488982.0,0.0039545240030102,3.57,0.1,0.028
2019-08-20,23.22,23.79,22.97,23.29,7633153.0,0.0035558429452612,3.67,0.01,0.0027
2019-08-21,23.41,23.98,23.29,23.67,9795460.0,0.0045631362736458,3.68,0.06,0.0163
2019-08-22,23.67,23.79,23.41,23.6,4864684.0,0.0022661739234527,3.74,-0.01,-0.0027
2019-08-23,23.48,23.86,23.48,23.6,5877921.0,0.0027381822322509,3.73,0.0,0.0
2019-08-26,23.16,23.54,22.91,23.41,6740331.0,0.0031399289959307,3.73,-0.03,-0.008
2019-08-27,23.48,23.98,23.48,23.79,6094300.0,0.0028389806494518,3.7,0.06,0.0162
2019-08-28,23.67,24.05,23.54,23.98,7655664.0,0.0035663295135955,3.76,0.03,0.008
2019-08-29,23.98,24.17,23.67,24.17,8228382.0,0.0038331255885496,3.79,0.03,0.0079
2019-08-30,24.11,24.36,23.29,23.35,9734600.0,0.0045347851320339,3.82,-0.13,-0.034
2019-09-02,23.48,24.17,23.48,24.05,10596512.0,0.0049362999064182,3.69,0.11,0.0298
2019-09-03,24.05,24.24,23.73,24.24,12763583.0,0.0059458125058945,3.8,0.03,0.0079
2019-09-04,24.11,24.81,24.05,24.55,16718139.0,0.007788010619078,3.83,0.05,0.0131
2019-09-05,24.62,24.81,24.11,24.24,15668025.0,0.0072988234563655,3.88,-0.05,-0.0129
2019-09-06,24.24,24.55,24.05,24.24,9096320.0,0.0042374475265776,3.83,0.0,0.0
2019-09-09,24.55,24.55,24.11,24.36,9178802.0,0.0042758711030225,3.83,0.02,0.0052
2019-09-10,24.3,24.36,23.92,24.05,9447530.0,0.0044010558809241,3.85,-0.05,-0.013
2019-09-11,24.11,24.17,23.86,24.05,6630171.0,0.0030886118457504,3.8,0.0,0.0
2019-09-12,23.98,24.24,23.79,24.11,9758224.0,0.0045457901824683,3.8,0.01,0.0026
2019-09-16,23.98,24.11,23.67,23.79,8738893.0,0.0040709430327733,3.81,-0.05,-0.0131
2019-09-17,23.79,24.62,23.6,23.92,26213331.0,0.012211269459442,3.76,0.02,0.0053
2019-09-18,23.73,23.86,23.16,23.22,18093755.0,0.0084288302710604,3.78,-0.11,-0.0291
2019-09-19,23.22,23.41,22.97,23.35,8921124.0,0.0041558338787655,3.67,0.02,0.0054
2019-09-20,23.29,23.47,23.29,23.35,4549300.0,0.0021192548231218,3.69,0.0,0.0
2019-09-23,23.28,23.47,23.16,23.41,6697220.0,0.0031198460832453,3.69,0.01,0.0027
2019-09-24,23.41,23.54,23.28,23.35,6238235.0,0.0029060316117902,3.7,-0.01,-0.0027
2019-09-25,23.29,23.35,23.03,23.22,6441917.0,0.0030009152336404,3.69,-0.02,-0.0054
2019-09-26,23.22,23.6,22.91,22.91,10005187.0,0.0046608359101369,3.67,-0.05,-0.0136
2019-09-27,22.91,23.03,22.78,22.91,5347997.0,0.0024913213980812,3.62,0.0,0.0
2019-09-30,22.72,22.84,22.46,22.46,6219800.0,0.00289744381528,3.62,-0.07,-0.0193
2019-10-08,22.46,22.72,22.34,22.46,4585300.0,0.0021360251336382,3.55,0.0,0.0
2019-10-09,22.34,22.66,22.28,22.66,3635520.0,0.001693577758019,3.55,0.03,0.0085
2019-10-10,22.65,23.6,22.65,23.48,12663747.0,0.0058993047080968,3.58,0.13,0.0363
2019-10-11,23.6,23.92,23.29,23.86,16219578.0,0.0075557599862618,3.71,0.06,0.0162
2019-10-14,24.3,25.5,24.3,24.36,38808288.0,0.0180785288991937,3.77,0.08,0.0212
2019-10-15,24.17,25.0,24.17,24.3,21971391.0,0.0102351958207737,3.85,-0.01,-0.0026
2019-10-16,24.43,24.68,23.79,23.79,15224959.0,0.0070924247230524,3.84,-0.08,-0.0208
2019-10-17,24.05,24.49,23.73,23.86,10875301.0,0.0050661715202672,3.76,0.01,0.0027
2019-10-18,23.67,23.86,23.04,23.1,12681326.0,0.0059074937438903,3.77,-0.12,-0.0318
2019-10-21,23.1,23.1,22.72,22.91,7536256.0,0.0035107042569804,3.65,-0.03,-0.0082
2019-10-22,22.85,23.1,22.59,23.04,9530800.0,0.0044398465408326,3.62,0.02,0.0055
2019-10-23,22.91,23.04,22.59,22.72,7357400.0,0.0034273856275991,3.64,-0.05,-0.0137
2019-10-24,22.79,23.04,22.6,22.79,6725806.0,0.0031331626414793,3.59,0.01,0.0028
2019-10-25,22.79,22.91,22.53,22.85,6662747.0,0.0031037871134,3.6,0.01,0.0028
2019-10-28,22.72,23.04,22.72,22.97,7284603.0,0.0033934737305251,3.61,0.02,0.0055
2019-10-29,23.04,23.04,22.72,22.78,5904893.0,0.0027507469215634,3.63,-0.03,-0.0083
2019-10-30,22.66,22.78,22.4,22.53,5884562.0,0.0027412758886992,3.6,-0.04,-0.0111
2019-10-31,22.59,22.66,22.34,22.4,4579100.0,0.0021331369134937,3.56,-0.02,-0.0056
2019-11-01,22.34,22.72,22.28,22.66,4469583.0,0.002082119299693,3.54,0.04,0.0113
2019-11-04,22.72,22.97,22.66,22.85,5891149.0,0.0027443443896818,3.58,0.03,0.0084
2019-11-05,22.91,22.91,22.6,22.85,6444235.0,0.0030019950553009,3.61,0.0,0.0
2019-11-06,22.79,22.91,22.53,22.72,4493900.0,0.0020934471786049,3.61,-0.02,-0.0055
2019-11-07,22.66,22.66,22.41,22.53,4294616.0,0.0020006123296894,3.59,-0.03,-0.0084
2019-11-08,22.66,22.85,22.59,22.72,6014911.0,0.0028019979221855,3.56,0.03,0.0084
2019-11-11,22.66,22.72,22.21,22.21,5543200.0,0.0025822551459629,3.59,-0.08,-0.0223
2019-11-12,22.78,23.29,22.59,22.97,17056892.0,0.0079458159801438,3.51,0.12,0.0342
2019-11-13,22.85,22.91,22.34,22.4,9564423.0,0.0044555095450129,3.63,-0.09,-0.0248
2019-11-14,22.34,22.4,22.15,22.34,5715504.0,0.0026625215788302,3.54,-0.01,-0.0028
2019-11-15,22.28,22.4,22.09,22.15,4980446.0,0.0023201007202861,3.53,-0.03,-0.0085
2019-11-18,22.15,22.34,21.77,22.28,3415450.0,0.0015910599181481,3.5,0.02,0.0057
2019-11-19,22.28,22.4,22.09,22.4,3701440.0,0.0017242860599424,3.52,0.02,0.0057
2019-11-20,22.34,22.47,22.09,22.15,3756483.0,0.0017499273988801,3.54,-0.04,-0.0113
2019-11-21,22.03,22.21,21.96,22.15,2249691.0,0.0010480004621114,3.5,0.0,0.0
2019-11-22,22.15,22.4,22.09,22.15,3991773.0,0.0018595353533637,3.5,0.0,0.0
2019-11-25,22.28,22.66,22.09,22.59,7105125.0,0.0033098653474454,3.5,0.07,0.02
2019-11-26,22.72,22.72,22.34,22.47,4499822.0,0.0020962058946848,3.57,-0.02,-0.0056
2019-11-27,22.47,22.6,22.28,22.34,4047600.0,0.001885541912397,3.55,-0.02,-0.0056
2019-11-28,22.28,22.47,22.15,22.28,2795491.0,0.0013022570032188,3.53,-0.01,-0.0028
2019-11-29,22.34,22.34,22.22,22.28,3024746.0,0.0014090536014812,3.52,0.0,0.0
2019-12-02,22.34,22.47,22.28,22.41,3457053.0,0.0016104403411597,3.52,0.02,0.0057
2019-12-03,22.34,22.53,22.22,22.53,3297273.0,0.0015360081129842,3.54,0.02,0.0056
2019-12-04,22.41,22.47,22.34,22.47,2451750.0,0.0011421280224625,3.56,-0.01,-0.0028
2019-12-05,22.41,22.66,22.41,22.6,3827337.0,0.0017829341650281,3.55,0.02,0.0056
2019-12-06,22.59,23.16,22.59,23.04,9504448.0,0.0044275706735345,3.57,0.07,0.0196
2019-12-09,23.16,23.16,22.85,22.91,8499760.0,0.0039595448476421,3.64,-0.02,-0.0055
2019-12-10,22.85,22.98,22.79,22.98,4043940.0,0.0018838369308279,3.62,0.01,0.0028
2019-12-11,22.85,23.1,22.78,22.91,4139167.0,0.0019281976630375,3.63,-0.01,-0.0028
2019-12-12,22.78,22.97,22.78,22.85,3589131.0,0.0016719678153927,3.62,-0.01,-0.0028
2019-12-13,23.29,23.35,22.97,23.16,8410092.0,0.0039177737308813,3.61,0.05,0.0139
2019-12-16,23.17,23.29,22.91,23.29,7571911.0,0.003527313852021,3.66,0.02,0.0055
2019-12-17,23.17,23.67,23.17,23.48,9784178.0,0.0045578806446668,3.68,0.03,0.0082
2019-12-18,23.48,23.61,23.29,23.36,8566247.0,0.0039905172819561,3.71,-0.02,-0.0054
2019-12-19,23.42,24.37,23.29,23.67,14015529.0,0.0065290214828334,3.69,0.05,0.0136
2019-12-20,23.8,23.93,23.48,23.55,9371301.0,0.0043655452142476,3.74,-0.02,-0.0053
2019-12-23,23.42,23.61,22.98,23.04,7902655.0,0.0036813882848389,3.72,-0.08,-0.0215
2019-12-24,23.04,23.17,22.98,23.1,4558980.0,0.0021237641732829,3.64,0.01,0.0027
2019-12-25,23.1,23.17,22.85,22.98,4681250.0,0.0021807226695841,3.65,-0.02,-0.0055
2019-12-26,22.85,23.42,22.85,23.36,7873160.0,0.0036676482762644,3.63,0.06,0.0165
2019-12-27,23.42,23.55,23.23,23.29,8060910.0,0.0037551101040272,3.69,-0.01,-0.0027
2019-12-30,23.23,23.74,23.1,23.67,8334712.0,0.0038826585640277,3.68,0.06,0.0163
2019-12-31,23.67,23.86,23.55,23.67,7731753.0,0.0036017749623979,3.74,0.0,0.0
2020-01-02,23.8,25.0,23.67,24.37,26141835.0,0.0121779636227564,3.74,0.11,0.0294
2020-01-03,24.31,24.31,23.93,24.05,15578894.0,0.0072573024967366,3.85,-0.05,-0.013
2020-01-06,23.8,24.18,23.73,23.92,10789956.0,0.0050264142382943,3.8,-0.02,-0.0053
2020-01-07,23.99,24.11,23.92,24.11,8691953.0,0.0040490764112277,3.78,0.03,0.0079
2020-01-08,23.99,24.05,23.54,23.61,10778565.0,0.0050211078325418,3.81,-0.08,-0.021
2020-01-09,23.8,23.99,23.67,23.8,6162434.0,0.002870720325472,3.73,0.03,0.008
2020-01-10,23.92,23.99,23.61,23.8,6865731.0,0.0031983455775629,3.76,0.0,0.0
2020-01-13,23.8,23.99,23.48,23.99,7912040.0,0.0036857602116222,3.76,0.03,0.008
2020-01-14,23.99,24.3,23.86,24.24,11646467.0,0.0054254130002592,3.79,0.04,0.0106
2020-01-15,24.24,24.24,23.67,23.86,8973528.0,0.0041802458607739,3.83,-0.06,-0.0157
2020-01-16,23.99,24.18,23.73,23.8,6483498.0,0.0030202854081289,3.77,-0.01,-0.0027
2020-01-17,23.86,23.99,23.73,23.8,4562958.0,0.002125617292595,3.76,0.0,0.0
2020-01-20,23.8,23.86,23.54,23.86,6016698.0,0.0028028303817659,3.76,0.01,0.0027
2020-01-21,23.8,23.86,23.04,23.23,9954391.0,0.0046371730019982,3.77,-0.1,-0.0265
2020-01-22,23.1,23.23,22.79,23.16,6504524.0,0.0030300802011544,3.67,-0.01,-0.0027
2020-01-23,23.1,23.23,22.28,22.53,10214104.0,0.0047581582146414,3.66,-0.1,-0.0273
2020-02-03,20.25,20.25,20.25,20.25,4278700.0,0.0019931979890733,3.56,-0.36,-0.1011
2020-02-04,18.42,20.25,18.42,19.87,14844579.0,0.006915227758768,3.2,-0.06,-0.0188
2020-02-05,19.81,20.38,19.62,20.13,8506440.0,0.0039626566719268,3.14,0.04,0.0127
2020-02-06,20.13,20.32,20.0,20.25,8432461.0,0.0039281941496575,3.18,0.02,0.0063
2020-02-07,20.25,20.32,19.87,20.19,7625856.0,0.0035524436964879,3.2,-0.01,-0.0031
2020-02-10,20.0,20.51,19.94,20.44,8021172.0,0.0037365984762688,3.19,0.04,0.0125
2020-02-11,20.38,20.82,20.32,20.51,8462731.0,0.00394229518575,3.23,0.01,0.0031
2020-02-12,20.44,20.76,20.38,20.7,6311765.0,0.00294028497102,3.24,0.03,0.0093
2020-02-13,20.63,20.76,20.32,20.44,6377202.0,0.0029707682712774,3.27,-0.04,-0.0122
2020-02-14,20.38,20.51,20.25,20.38,4798939.0,0.0022355471438721,3.23,-0.01,-0.0031
2020-02-17,20.38,20.89,20.32,20.89,9261635.0,0.0043144581899949,3.22,0.08,0.0248
2020-02-18,20.95,21.14,20.82,20.95,8638711.0,0.0040242740536578,3.3,0.01,0.003
2020-02-19,20.95,21.14,20.82,21.01,7321218.0,0.0034105305338462,3.31,0.01,0.003
2020-02-20,21.07,21.71,20.95,21.58,11927154.0,0.005556168782146,3.32,0.09,0.0271
2020-02-21,21.64,21.77,21.39,21.64,10420647.0,0.0048543746103357,3.41,0.01,0.0029
2020-02-24,21.45,21.52,21.01,21.14,12253500.0,0.0057081944420292,3.42,-0.08,-0.0234
2020-02-25,20.76,20.82,20.31,20.69,13913858.0,0.0064816588650413,3.34,-0.07,-0.021
2020-02-26,20.44,21.26,20.38,21.01,12581372.0,0.0058609309767415,3.27,0.05,0.0153
2020-02-27,20.95,21.39,20.82,20.88,8959171.0,0.0041735577677716,3.32,-0.02,-0.006
2020-02-28,20.57,20.69,20.0,20.0,14543931.0,0.0067751733055418,3.3,-0.14,-0.0424
2020-03-02,20.19,20.82,20.19,20.82,9445598.0,0.0044001558742598,3.16,0.13,0.0411
2020-03-03,20.95,21.45,20.76,21.2,16758621.0,0.0078068688332537,3.29,0.06,0.0182
2020-03-04,20.82,21.39,20.76,21.39,12143213.0,0.0056568181299202,3.35,0.03,0.009
2020-03-05,21.52,22.09,21.52,21.83,17331626.0,0.00807379860485,3.38,0.07,0.0207
2020-03-06,21.64,21.77,21.33,21.64,11626216.0,0.0054159792347518,3.45,-0.03,-0.0087
2020-03-09,22.34,23.29,21.77,21.96,36820796.0,0.0171526717328349,3.42,0.05,0.0146
2020-03-10,21.52,21.9,20.76,21.64,26847152.0,0.012506529875604,3.47,-0.05,-0.0144
2020-03-11,22.02,22.91,21.96,22.59,37354754.0,0.0174014117734663,3.42,0.15,0.0439
2020-03-12,22.21,23.04,21.83,22.59,33737469.0,0.0157163286435658,3.57,0.0,0.0
2020-03-13,21.9,22.28,21.33,21.83,26094792.0,0.012156049019489,3.57,-0.12,-0.0336
2020-03-16,21.9,22.21,20.88,20.88,19922666.0,0.0092808137537524,3.45,-0.15,-0.0435
2020-03-17,20.88,21.2,20.0,20.88,16533877.0,0.0077021736480675,3.3,0.0,0.0
2020-03-18,21.01,21.14,20.19,20.25,14895495.0,0.0069389465679417,3.3,-0.1,-0.0303
2020-03-19,20.31,20.38,20.0,20.25,10609832.0,0.0049425049213093,3.2,0.0,0.0
2020-03-20,20.38,20.76,20.31,20.57,9418950.0,0.0043877421177419,3.2,0.05,0.0156
2020-03-23,20.0,20.25,19.81,19.81,9157996.0,0.0042661787952279,3.25,-0.12,-0.0369
2020-03-24,20.06,20.63,19.62,20.19,9982517.0,0.0046502752729312,3.13,0.06,0.0192
2020-03-25,20.5,20.63,20.25,20.44,8868566.0,0.0041313501570954,3.19,0.04,0.0125
2020-03-26,20.44,20.76,20.25,20.25,8810100.0,0.0041041142411328,3.23,-0.03,-0.0093
2020-03-27,20.5,20.57,20.19,20.25,8487901.0,0.0039540204278528,3.2,0.0,0.0
2020-03-30,20.12,20.12,19.68,19.81,8059011.0,0.0037542254701475,3.2,-0.07,-0.0219
2020-03-31,20.0,20.57,19.81,20.12,10743819.0,0.0050049216878416,3.13,0.05,0.016
2020-04-01,19.87,20.25,19.81,19.87,6311589.0,0.0029402029828353,3.18,-0.04,-0.0126
2020-04-02,19.74,20.06,19.74,20.06,5637980.0,0.0026264076468169,3.14,0.03,0.0096
2020-04-03,20.0,20.0,19.74,19.87,5920201.0,0.0027578780302685,3.17,-0.03,-0.0095
2020-04-07,20.12,20.38,20.0,20.25,7442268.0,0.0034669207029576,3.14,0.06,0.0191
2020-04-08,20.12,20.69,20.06,20.44,10479339.0,0.004881715806581,3.2,0.03,0.0094
2020-04-09,20.44,20.57,20.31,20.44,7050670.0,0.0032844979235795,3.23,0.0,0.0
2020-04-10,20.5,20.57,20.06,20.19,7713230.0,0.0035931461717952,3.23,-0.04,-0.0124
2020-04-13,20.06,20.25,20.0,20.06,5422101.0,0.0025258421505954,3.19,-0.02,-0.0063
2020-04-14,20.06,20.25,20.06,20.19,5125600.0,0.0023877195439723,3.17,0.02,0.0063
2020-04-15,20.25,20.31,20.06,20.12,4638201.0,0.0021606686391002,3.19,-0.01,-0.0031
2020-04-16,20.06,20.19,19.87,20.06,4806353.0,0.0022390008961546,3.18,-0.01,-0.0031
2020-04-17,20.06,20.44,20.0,20.06,4718269.0,0.0021979676730565,3.17,0.0,0.0
2020-04-20,20.06,20.31,19.93,20.19,5832452.0,0.0027170008642267,3.17,0.02,0.0063
2020-04-21,20.57,20.88,20.25,20.38,10910417.0,0.0050825300264921,3.19,0.03,0.0094
2020-04-22,20.38,20.57,20.12,20.38,7177060.0,0.003343375688751,3.22,0.0,0.0
2020-04-23,20.19,20.82,20.12,20.57,12362745.0,0.0057590853468172,3.22,0.03,0.0093
2020-04-24,20.38,20.44,20.0,20.06,8713014.0,0.0040588875087218,3.25,-0.08,-0.0246
2020-04-27,20.0,20.12,19.93,19.93,5418128.0,0.0025239913604931,3.17,-0.02,-0.0063
2020-04-28,20.0,20.0,19.11,19.43,7781714.0,0.003625048892501,3.15,-0.08,-0.0254
2020-04-29,19.49,19.62,19.24,19.36,3996249.0,0.0018616204619712,3.07,-0.01,-0.0033
2020-04-30,19.43,19.87,19.36,19.68,6954550.0,0.0032397211945007,3.06,0.05,0.0163
2020-05-06,19.43,19.74,19.36,19.68,6199194.0,0.0028878446758771,3.11,0.0,0.0
2020-05-07,19.68,19.74,19.49,19.55,5016300.0,0.0023368030178766,3.11,-0.02,-0.0064
2020-05-08,19.62,19.68,19.49,19.62,4033449.0,0.0018789497828382,3.09,0.01,0.0032
2020-05-11,19.55,19.74,19.49,19.55,4387560.0,0.0020439095447072,3.1,-0.01,-0.0032
2020-05-12,19.62,19.62,19.3,19.36,4960932.0,0.0023110102803023,3.09,-0.03,-0.0097
2020-05-13,19.36,19.43,19.24,19.36,3596350.0,0.0016753307284932,3.06,0.0,0.0
2020-05-14,19.3,19.3,19.11,19.11,3561101.0,0.0016589102652878,3.06,-0.04,-0.0131
2020-05-15,19.24,19.49,19.17,19.24,4477008.0,0.002085578176237,3.02,0.02,0.0066
2020-05-18,19.17,19.24,18.92,19.05,5676885.0,0.0026445312282237,3.04,-0.03,-0.0099
2020-05-19,19.05,19.3,19.05,19.17,4541140.0,0.0021154535527381,3.01,0.02,0.0066
2020-05-20,19.23,19.23,18.98,19.05,3157620.0,0.0014709518859134,3.03,-0.02,-0.0066
2020-05-21,19.04,19.11,18.79,18.85,4252130.0,0.0019808205682283,3.01,-0.03,-0.01
2020-05-22,18.79,18.85,18.47,18.54,4748558.0,0.0022120775601463,2.98,-0.05,-0.0168
2020-05-25,18.54,18.66,18.35,18.47,3864110.0,0.0018000645713787,2.93,-0.01,-0.0034
2020-05-26,18.48,18.67,18.48,18.67,3928085.0,0.0018298668106923,2.92,0.03,0.0103
2020-05-27,18.66,18.66,18.48,18.54,3102002.0,0.0014450426878494,2.95,-0.02,-0.0068
2020-05-28,18.6,18.92,18.54,18.73,6030108.0,0.0028090773224332,2.93,0.03,0.0102
2020-05-29,18.66,18.85,18.54,18.73,5527290.0,0.0025748436003985,2.96,0.0,0.0
2020-06-01,18.79,19.3,18.66,19.17,8753249.0,0.0040776306599337,2.96,0.07,0.0236
2020-06-02,19.8,19.8,19.23,19.49,7016820.0,0.0032687291732745,3.03,0.05,0.0165
2020-06-03,19.48,19.74,19.42,19.55,6429785.0,0.0029952636389964,3.08,0.01,0.0032
2020-06-04,19.68,19.68,19.42,19.49,3756000.0,0.001749702397214,3.09,-0.01,-0.0032
2020-06-05,19.55,19.55,19.17,19.42,3582300.0,0.0016687856489722,3.08,-0.01,-0.0032
2020-06-08,19.55,19.68,19.42,19.55,4987465.0,0.0023233704649949,3.07,0.02,0.0065
2020-06-09,19.68,19.68,19.49,19.55,5628008.0,0.0026217622708039,3.09,0.0,0.0
2020-06-10,19.55,19.55,19.23,19.3,3733570.0,0.0017392535620783,3.09,-0.04,-0.0129
2020-06-11,19.3,19.42,19.11,19.17,4545100.0,0.0021172982868949,3.05,-0.02,-0.0066
2020-06-12,18.98,19.23,18.79,19.11,3778260.0,0.0017600720392166,3.03,-0.01,-0.0033
2020-06-15,19.04,19.23,18.98,19.04,3446198.0,0.001605383626697,3.02,-0.01,-0.0033
2020-06-16,19.11,19.36,19.11,19.36,4125467.0,0.0019218156282021,3.01,0.05,0.0166
2020-06-17,19.36,19.42,19.11,19.23,4720000.0,0.0021987740454872,3.06,-0.02,-0.0065
2020-06-18,19.49,19.74,19.42,19.61,8207735.0,0.0038235073496265,3.04,0.06,0.0197
2020-06-19,19.87,20.25,19.74,19.74,10183403.0,0.0047438564006646,3.1,0.02,0.0065
2020-06-22,19.87,19.87,19.36,19.36,6549560.0,0.0030510598596104,3.12,-0.06,-0.0192
2020-06-23,19.3,19.42,19.11,19.17,5414488.0,0.0025222956957631,3.06,-0.03,-0.0098
2020-06-24,19.23,19.36,19.11,19.23,4217283.0,0.0019645873734903,3.03,0.01,0.0033
2020-06-29,19.17,19.3,18.92,18.98,3818550.0,0.0017788408117363,3.04,-0.04,-0.0132
2020-06-30,19.04,19.55,18.98,19.49,7094097.0,0.0033047280423239,3.0,0.08,0.0267
2020-07-01,19.36,19.55,19.17,19.49,7890622.0,0.0036757828085488,3.08,0.0,0.0
2020-07-02,19.49,20.12,19.42,19.99,14529272.0,0.0067683445282679,3.08,0.08,0.026
2020-07-03,19.93,21.2,19.93,21.01,25515808.0,0.0118863339788211,3.16,0.16,0.0506
2020-07-06,21.32,22.21,20.94,21.96,31625931.0,0.014732685645587,3.32,0.15,0.0452
2020-07-07,22.59,22.59,21.58,21.58,27653909.0,0.0128823511367513,3.47,-0.06,-0.0173
2020-07-08,21.51,22.08,21.39,22.02,19098500.0,0.0088968826499445,3.41,0.07,0.0205
2020-07-09,22.02,22.27,21.83,22.14,22005542.0,0.0102511047895084,3.48,0.02,0.0057
2020-07-10,21.76,22.08,21.57,21.64,17365764.0,0.0080897015176391,3.5,-0.08,-0.0229
2020-07-13,21.76,22.33,21.76,22.21,20401420.0,0.0095038374548907,3.42,0.09,0.0263
2020-07-14,22.21,22.65,21.76,22.14,19583687.0,0.0091229031124038,3.51,-0.01,-0.0028
2020-07-15,22.14,22.27,21.38,21.57,15683401.0,0.0073059862423239,3.5,-0.09,-0.0257
2020-07-16,21.64,21.89,20.69,20.81,14470782.0,0.0067410974320983,3.41,-0.12,-0.0352
2020-07-17,21.0,21.32,20.75,20.88,9369951.0,0.0043649163276032,3.29,0.01,0.003
2020-07-20,21.07,21.76,20.81,21.76,14747697.0,0.0068700960581165,3.3,0.14,0.0424
2020-07-21,21.76,21.89,21.51,21.64,9076355.0,0.0042281469918704,3.44,-0.02,-0.0058
2020-07-22,21.57,21.95,21.32,21.7,10464566.0,0.0048748339233238,3.42,0.01,0.0029
2020-07-23,21.51,21.64,21.0,21.38,10020044.0,0.0046677569241187,3.43,-0.05,-0.0146
2020-07-24,21.19,21.44,20.24,20.56,16998319.0,0.0079185302190917,3.38,-0.13,-0.0385
2020-07-27,20.5,20.81,20.37,20.5,10139880.0,0.0047235815610922,3.25,-0.01,-0.0031
2020-07-28,20.68,20.87,20.49,20.75,6988557.0,0.0032555630819932,3.24,0.04,0.0123
2020-07-29,20.68,21.25,20.43,21.13,9362470.0,0.0043614313639095,3.28,0.06,0.0183
2020-07-30,21.06,21.38,20.94,21.13,7944036.0,0.0037006652909356,3.34,0.0,0.0
2020-07-31,21.13,21.38,20.75,21.06,9819297.0,0.0045742405484175,3.34,-0.01,-0.003
2020-08-03,21.19,22.14,21.19,21.82,16840236.0,0.0078448885247203,3.33,0.12,0.036
2020-08-04,21.76,22.01,21.51,21.76,12045742.0,0.005611412048355,3.45,-0.01,-0.0029
2020-08-05,21.57,21.7,21.38,21.63,9606802.0,0.0044752514613845,3.44,-0.02,-0.0058
2020-08-06,21.63,21.7,21.32,21.51,8189059.0,0.0038148072852041,3.42,-0.02,-0.0058
2020-08-07,21.32,21.57,21.13,21.38,10418367.0,0.0048533124906696,3.4,-0.02,-0.0059
2020-08-10,21.38,22.01,21.25,21.82,18242981.0,0.0084983460032027,3.38,0.07,0.0207
2020-08-11,21.95,23.47,21.95,22.46,50818631.0,0.0236734506080495,3.45,0.1,0.029
2020-08-12,22.65,23.09,22.27,22.83,31056162.0,0.0144672633385693,3.55,0.06,0.0169
2020-08-13,22.65,22.77,22.14,22.27,21406076.0,0.0099718483738405,3.61,-0.09,-0.0249
2020-08-14,22.33,22.65,22.08,22.39,13589743.0,0.0063306724985682,3.52,0.02,0.0057
2020-08-17,22.71,23.03,22.52,22.65,20114457.0,0.0093701580488706,3.54,0.04,0.0113
2020-08-18,22.58,22.71,22.27,22.33,12244909.0,0.0057041923937612,3.58,-0.05,-0.014
2020-08-19,22.52,22.77,22.14,22.52,14466607.0,0.0067391525419203,3.53,0.03,0.0085
2020-08-20,22.39,22.71,22.2,22.27,9303990.0,0.0043341889261595,3.56,-0.04,-0.0112
2020-08-21,22.46,22.46,22.14,22.2,7348005.0,0.0034230090423963,3.52,-0.01,-0.0028
2020-08-24,22.14,22.46,22.08,22.14,9114435.0,0.0042458862536611,3.51,-0.01,-0.0028
2020-08-25,22.21,22.33,21.7,21.83,10961503.0,0.0051063280287988,3.5,-0.05,-0.0143
2020-08-26,21.76,22.02,21.38,21.51,9551041.0,0.0044492756479204,3.45,-0.05,-0.0145
2020-08-27,21.57,21.7,21.38,21.64,6767082.0,0.0031523907341703,3.4,0.02,0.0059
2020-08-28,21.7,21.95,21.45,21.95,10354237.0,0.0048234380458524,3.42,0.05,0.0146
2020-08-31,21.95,22.14,21.57,21.57,9563207.0,0.0044549430811911,3.47,-0.06,-0.0173
2020-09-01,21.63,21.82,21.51,21.82,6635828.0,0.0030912471137113,3.41,0.04,0.0117
2020-09-02,21.76,21.82,21.38,21.57,8882471.0,0.0041378276895324,3.45,-0.04,-0.0116
2020-09-03,21.7,21.76,21.38,21.51,5798311.0,0.0027010965539117,3.41,-0.01,-0.0029
2020-09-04,21.26,21.51,21.19,21.45,6539380.0,0.00304631758847,3.4,-0.01,-0.0029
2020-09-07,21.51,22.08,21.45,21.51,9163847.0,0.0042689044365288,3.39,0.01,0.0029
2020-09-08,21.57,22.39,21.51,22.33,15671545.0,0.0073004632200604,3.4,0.13,0.0382
2020-09-09,22.01,23.72,22.01,22.96,39596109.0,0.0184455289770093,3.53,0.1,0.0283
2020-09-10,22.83,23.09,21.95,22.08,23495527.0,0.0109452023204756,3.63,-0.14,-0.0386
2020-09-11,22.14,22.26,21.51,21.63,12636732.0,0.0058867199875801,3.49,-0.07,-0.0201
2020-09-14,21.7,21.76,21.32,21.38,13719980.0,0.0063913423577551,3.42,-0.04,-0.0117
2020-09-15,21.38,21.63,21.25,21.63,7224454.0,0.0033654538025458,3.38,0.04,0.0118
2020-09-16,21.63,21.69,21.38,21.38,7112401.0,0.0033132548135376,3.42,-0.04,-0.0117
2020-09-17,21.32,21.63,21.25,21.44,6791900.0,0.0031639519999035,3.38,0.01,0.003
2020-09-18,21.44,21.89,21.38,21.82,8489641.0,0.0039548309928611,3.39,0.06,0.0177
2020-09-21,21.76,21.88,21.51,21.51,7371690.0,0.0034340425091902,3.45,-0.05,-0.0145
2020-09-22,21.51,21.57,21.13,21.13,9358415.0,0.0043595423747666,3.4,-0.06,-0.0176
2020-09-23,21.19,21.25,21.06,21.13,5286815.0,0.0024628202553586,3.34,0.0,0.0
2020-09-24,21.06,21.06,20.56,20.62,6852774.0,0.0031923096633029,3.34,-0.08,-0.024
2020-09-25,20.81,20.87,20.62,20.87,5187763.0,0.0024166776776565,3.26,0.04,0.0123
2020-09-28,20.94,21.06,20.68,20.75,5458901.0,0.0025429851346789,3.3,-0.02,-0.0061
2020-09-29,20.81,21.19,20.68,21.13,5517865.0,0.0025704530399369,3.28,0.06,0.0183
2020-09-30,21.06,21.19,20.37,20.49,7717800.0,0.0035952750695469,3.34,-0.1,-0.0299
2020-10-09,20.87,21.51,20.75,21.19,8678250.0,0.0040426929788664,3.24,0.11,0.034
2020-10-12,21.38,21.63,21.19,21.57,8754225.0,0.0040780853216855,3.35,0.06,0.0179
2020-10-13,21.57,21.63,21.19,21.38,8222082.0,0.0038301907842093,3.41,-0.03,-0.0088
2020-10-14,21.32,21.44,21.19,21.38,4843441.0,0.0022562780427222,3.38,0.0,0.0
2020-10-15,21.32,21.38,21.13,21.13,4839380.0,0.0022543862585275,3.38,-0.04,-0.0118
2020-10-16,21.19,21.25,21.07,21.19,4375000.0,0.0020380585697048,3.34,0.01,0.003
2020-10-19,21.25,21.44,21.07,21.19,6113150.0,0.002847761770375,3.35,0.0,0.0
2020-10-20,21.13,21.32,21.0,21.26,4038278.0,0.0018811993336572,3.35,0.01,0.003
2020-10-21,21.19,21.25,20.81,20.94,6056200.0,0.002821232070822,3.36,-0.05,-0.0149
2020-10-22,20.88,21.45,20.88,21.13,8473388.0,0.0039472596635049,3.31,0.03,0.0091
2020-10-23,21.26,21.38,21.07,21.32,8645823.0,0.0040275871216688,3.34,0.03,0.009
2020-10-26,21.32,21.57,20.94,21.07,9857615.0,0.0045920906805944,3.37,-0.04,-0.0119
2020-10-27,20.94,20.94,20.69,20.75,5547933.0,0.0025844599759538,3.33,-0.05,-0.015
2020-10-28,20.75,20.94,20.56,20.88,3480036.0,0.0016211467868985,3.28,0.02,0.0061
2020-10-29,20.75,21.07,20.69,20.94,4537472.0,0.0021137448444332,3.3,0.01,0.003
2020-10-30,20.88,21.0,20.31,20.37,6969752.0,0.0032468029239582,3.31,-0.09,-0.0272
2020-11-02,20.56,21.89,20.43,21.44,18032419.0,0.0084002573886761,3.22,0.17,0.0528
2020-11-03,21.25,21.76,21.06,21.51,15374990.0,0.0071623154579716,3.39,0.01,0.0029
2020-11-04,21.57,21.57,21.0,21.25,8492281.0,0.0039560608156323,3.4,-0.04,-0.0118
2020-11-05,21.38,22.77,21.25,22.2,22075073.0,0.010283495246745,3.36,0.15,0.0446
2020-11-06,22.01,24.41,21.82,24.41,91245400.0,0.0425059358665471,3.51,0.35,0.0997
2020-11-09,24.48,26.88,23.91,26.88,129645582.0,0.060394351867307,3.86,0.39,0.101
2020-11-10,27.7,29.41,26.25,27.2,155762470.0,0.0725606941307175,4.25,0.05,0.0118
2020-11-11,25.93,26.12,24.48,24.48,99764634.0,0.0464745525204947,4.3,-0.43,-0.1
2020-11-12,24.03,24.86,23.53,24.41,52488623.0,0.0244514029524926,3.87,-0.01,-0.0026
2020-11-13,23.97,24.35,23.34,23.65,50506627.0,0.0235281060535393,3.86,-0.12,-0.0311
2020-11-16,24.22,24.79,23.53,23.91,48978930.0,0.0228164406906222,3.74,0.04,0.0107
2020-11-17,23.78,26.31,23.53,26.31,73473031.0,0.0342268206792543,3.78,0.38,0.1005
2020-11-18,27.26,27.64,25.49,25.93,100067796.0,0.0466157781004053,4.16,-0.06,-0.0144
2020-11-19,25.8,26.5,24.98,25.3,58127299.0,0.0270781348253129,4.1,-0.1,-0.0244
2020-11-20,25.24,27.83,24.67,27.83,81114902.0,0.0377867248347123,4.0,0.4,0.1
2020-11-23,30.36,30.61,29.09,30.61,145688968.0,0.0678680342271658,4.4,0.44,0.1
2020-11-24,31.05,32.25,29.35,29.41,188203125.0,0.0876729124003375,4.84,-0.19,-0.0393
2020-11-25,29.98,31.18,28.52,29.03,113290024.0,0.0527752466914889,4.65,-0.06,-0.0129
2020-11-26,28.52,29.66,28.02,29.66,88812734.0,0.0413726979720261,4.59,0.1,0.0218
2020-11-27,29.03,29.28,27.77,28.02,77572360.0,0.0361364601303376,4.69,-0.26,-0.0554
2020-11-30,27.89,28.78,27.07,27.58,64934430.0,0.0302491820640908,4.43,-0.07,-0.0158
2020-12-01,27.39,27.64,26.56,27.58,52349370.0,0.0243865330622053,4.36,0.0,0.0
2020-12-02,27.51,30.04,27.2,29.09,93263275.0,0.0434459467091398,4.36,0.24,0.055
2020-12-03,28.46,28.65,27.51,27.57,55935062.0,0.0260568988471017,4.6,-0.24,-0.0522
2020-12-04,27.95,29.41,27.51,28.59,59028580.0,0.0274979893317728,4.36,0.16,0.0367
2020-12-07,28.84,28.84,27.51,27.7,44699575.0,0.0208229375750658,4.52,-0.14,-0.031
2020-12-08,26.56,26.82,25.3,25.99,69301050.0,0.032283336878181,4.38,-0.27,-0.0616
2020-12-09,25.99,26.12,25.05,25.17,36366910.0,0.0169412325895277,4.11,-0.13,-0.0316
2020-12-10,25.17,25.8,24.54,24.73,35395335.0,0.0164886321884166,3.98,-0.07,-0.0176
2020-12-11,24.79,24.98,23.72,23.97,40897821.0,0.0190519210448693,3.91,-0.12,-0.0307
2020-12-14,24.03,24.48,23.91,24.41,26033224.0,0.0121273680617703,3.79,0.07,0.0185
2020-12-15,24.35,25.17,24.16,24.86,29847736.0,0.013904327803677,3.86,0.07,0.0181
2020-12-16,24.86,24.92,24.1,24.16,23343228.0,0.0108742550559939,3.93,-0.11,-0.028
2020-12-17,24.29,26.56,24.16,26.56,55427634.0,0.025820517593637,3.82,0.38,0.0995
2020-12-18,26.56,26.88,25.3,25.99,55403607.0,0.0258093248088931,4.2,-0.09,-0.0214
2020-12-21,25.68,26.63,25.43,26.18,40729783.0,0.0189736418937982,4.11,0.03,0.0073
2020-12-22,26.25,26.31,24.67,24.92,37421617.0,0.0174325593643568,4.14,-0.2,-0.0483
2020-12-23,24.79,25.62,24.79,25.11,25752279.0,0.0119964920926581,3.94,0.03,0.0076
2020-12-24,25.49,27.64,25.11,27.13,86225838.0,0.0401676132722009,3.97,0.32,0.0806
2020-12-25,26.69,29.54,25.99,28.97,100720409.0,0.0469197926186569,4.29,0.29,0.0676
2020-12-28,28.78,30.04,28.02,29.03,83138998.0,0.0387296336801306,4.58,0.01,0.0022
2020-12-29,28.65,30.49,27.58,28.4,87181715.0,0.0406129008862429,4.59,-0.1,-0.0218
2020-12-30,27.83,30.36,27.58,28.78,75180972.0,0.0350224512601914,4.49,0.06,0.0134
2020-12-31,29.03,30.17,28.27,28.78,91703418.0,0.042719299868828,4.55,0.0,0.0
2021-01-04,29.48,30.74,29.22,30.11,93897449.0,0.0437413715675133,4.55,0.21,0.0462
2021-01-05,29.73,30.11,28.59,29.29,73285353.0,0.0341393923921125,4.76,-0.13,-0.0273
2021-01-06,30.04,30.04,27.83,29.22,60555722.0,0.0282093961524028,4.63,-0.01,-0.0022
2021-01-07,28.71,30.55,28.15,28.97,89127347.0,0.0415192579082068,4.62,-0.04,-0.0087
2021-01-08,27.95,28.97,27.26,28.78,57808137.0,0.0269294557740617,4.58,-0.03,-0.0066
2021-01-11,29.09,29.15,27.07,27.64,46755807.0,0.0217808167176718,4.55,-0.18,-0.0396
2021-01-12,27.38,30.42,26.5,27.95,76033659.0,0.0354196686425059,4.37,0.05,0.0114
2021-01-13,27.82,30.04,27.51,29.6,84390409.0,0.0393125934316215,4.42,0.26,0.0588
2021-01-14,29.09,29.91,28.14,28.52,62676490.0,0.0291973388716613,4.68,-0.17,-0.0363
2021-01-15,28.52,28.52,26.69,26.94,58096093.0,0.0270635977611469,4.51,-0.25,-0.0554
2021-01-18,26.94,29.66,26.37,29.66,86083876.0,0.0401014814160472,4.26,0.43,0.1009
2021-01-19,29.6,31.49,28.97,30.17,117514504.0,0.0547431867295567,4.69,0.08,0.0171
2021-01-20,29.6,30.17,29.09,29.72,56220862.0,0.0261900364789238,4.77,-0.07,-0.0147
2021-01-21,30.04,31.94,29.66,31.49,89068452.0,0.0414918221460439,4.7,0.28,0.0596
2021-01-22,30.93,34.66,30.42,34.66,105388560.0,0.0490944132244228,4.98,0.5,0.1004
2021-01-25,36.11,36.49,33.01,34.78,129830699.0,0.0604805871331923,5.48,0.02,0.0036
2021-01-26,33.77,35.16,32.38,33.27,82654896.0,0.0385041186561966,5.5,-0.24,-0.0436
2021-01-27,32.69,35.92,31.87,35.73,91155081.0,0.0424638614866712,5.26,0.39,0.0741
2021-01-28,33.83,34.02,32.19,32.19,65338767.0,0.0304375392041819,5.65,-0.56,-0.0991
2021-01-29,30.92,31.37,28.96,28.96,73481152.0,0.0342306037818016,5.09,-0.51,-0.1002
2021-02-01,28.39,28.65,26.18,27.0,67731502.0,0.0315521755634466,4.58,-0.31,-0.0677
2021-02-02,26.81,27.63,25.67,25.86,64330796.0,0.0299679840191388,4.27,-0.18,-0.0422
2021-02-03,25.8,25.86,24.79,25.23,57616934.0,0.0268403853940152,4.09,-0.1,-0.0244
2021-02-04,24.98,24.98,22.95,23.65,61491442.0,0.0286452937900815,3.99,-0.25,-0.0627
2021-02-05,23.52,24.73,23.52,23.65,41088816.0,0.0191408945297884,3.74,0.0,0.0
2021-02-08,23.84,24.16,23.27,23.59,27618722.0,0.0128659595557474,3.74,-0.01,-0.0027
2021-02-09,23.33,24.35,23.33,24.03,34778408.0,0.0162012417063064,3.73,0.07,0.0188
2021-02-10,23.97,24.28,23.4,23.78,32795799.0,0.0152776592462323,3.8,-0.04,-0.0105
2021-02-18,24.54,25.87,24.35,25.11,48510334.0,0.0225981490121012,3.76,0.21,0.0559
2021-02-19,25.23,25.99,24.73,25.93,41525645.0,0.0193443878068045,3.97,0.13,0.0327
2021-02-22,25.93,27.07,25.55,26.18,47784362.0,0.0222599607935947,4.1,0.04,0.0098
2021-02-23,25.99,26.44,25.42,25.61,31413969.0,0.014633944852318,4.14,-0.09,-0.0217
2021-02-24,25.68,26.37,25.36,25.68,26942219.0,0.0125508160731003,4.05,0.01,0.0025
2021-02-25,25.8,26.5,25.61,25.8,27921241.0,0.0130068855992785,4.06,0.02,0.0049
2021-02-26,25.3,25.42,24.66,24.73,29081323.0,0.0135473004705151,4.08,-0.17,-0.0417
2021-03-01,24.79,25.55,24.73,25.23,21588300.0,0.010056735958939,3.91,0.08,0.0205
2021-03-02,25.49,25.55,24.03,24.22,37222486.0,0.0173397957892611,3.99,-0.16,-0.0401
2021-03-03,24.22,25.17,24.16,25.04,29494898.0,0.0137399610586215,3.83,0.13,0.0339
2021-03-04,25.04,25.42,24.66,24.85,26132002.0,0.0121733829987756,3.96,-0.03,-0.0076
2021-03-05,24.66,26.37,24.47,25.93,46856969.0,0.0218279422219069,3.93,0.17,0.0433
2021-03-08,25.93,26.18,25.42,25.49,31489705.0,0.0146692258589089,4.1,-0.07,-0.0171
2021-03-09,25.49,27.26,25.49,26.63,73042537.0,0.0340262785110471,4.03,0.18,0.0447
2021-03-10,26.12,26.37,25.68,26.18,36842481.0,0.0171627735157112,4.21,-0.07,-0.0166
2021-03-11,26.37,27.13,25.8,27.07,47672197.0,0.0222077096302871,4.14,0.14,0.0338
2021-03-12,26.69,27.01,26.25,26.37,32992243.0,0.0153691711039848,4.28,-0.11,-0.0257
2021-03-15,26.12,27.57,25.87,26.69,42581979.0,0.0198364725065006,4.17,0.05,0.012
2021-03-16,26.44,26.94,26.25,26.63,26004063.0,0.01211378364441,4.22,-0.01,-0.0024
2021-03-17,26.43,27.76,26.43,27.07,44676434.0,0.0208121575262975,4.21,0.07,0.0166
2021-03-18,27.0,27.26,26.56,26.75,27946467.0,0.0130186369285309,4.28,-0.05,-0.0117
2021-03-19,26.43,27.07,25.93,25.99,27361249.0,0.0127460178290919,4.23,-0.12,-0.0284
2021-03-22,25.99,26.69,25.93,26.37,22714336.0,0.0105812907748467,4.11,0.06,0.0146
2021-03-23,26.56,26.56,25.36,25.55,25868113.0,0.0120504524301125,4.17,-0.13,-0.0312
2021-03-24,25.36,25.42,24.47,24.54,27596106.0,0.0128554240740074,4.04,-0.16,-0.0396
2021-03-25,24.41,24.92,24.35,24.66,14349920.0,0.006684794841275,3.88,0.02,0.0052
2021-03-26,24.66,25.17,24.66,24.92,16547720.0,0.007708622298303,3.9,0.04,0.0103
2021-03-29,25.61,25.68,24.73,24.98,16839161.0,0.0078443877446146,3.94,0.01,0.0025
2021-03-30,24.79,25.42,24.6,25.3,17428128.0,0.0081187532855571,3.95,0.05,0.0127
2021-03-31,24.98,25.3,24.41,24.98,29073630.0,0.0135437167483261,4.0,-0.05,-0.0125
2021-04-01,24.85,25.11,24.66,24.85,16571325.0,0.0077196184977402,3.95,-0.02,-0.0051
2021-04-02,24.85,24.85,24.47,24.47,13831724.0,0.0064433974015981,3.93,-0.06,-0.0153
2021-04-06,24.47,24.85,24.41,24.6,11001951.0,0.0051251704043479,3.87,0.02,0.0052
2021-04-07,26.5,27.07,26.18,27.07,48770065.0,0.0227191426098996,3.89,0.39,0.1003
2021-04-08,27.13,27.57,25.93,25.93,76273196.0,0.0355312550277885,4.28,-0.18,-0.0421
2021-04-09,25.49,28.46,25.42,27.57,83433540.0,0.0388668437023564,4.1,0.26,0.0634
2021-04-12,26.62,27.07,26.37,27.07,49321245.0,0.0229759053807453,4.36,-0.08,-0.0183
2021-04-13,26.69,27.89,25.99,26.75,47955637.0,0.0223397478750864,4.28,-0.05,-0.0117
2021-04-14,26.37,27.32,26.25,26.94,37998937.0,0.0177014992440053,4.23,0.03,0.0071
2021-04-15,26.69,26.81,26.31,26.43,24314453.0,0.0113266924124194,4.26,-0.08,-0.0188
2021-04-16,26.18,26.88,26.18,26.43,28439203.0,0.0132481740319371,4.18,0.0,0.0
2021-04-19,26.37,26.62,26.18,26.5,27797123.0,0.0129490662270374,4.18,0.01,0.0024
2021-04-20,26.37,26.81,26.18,26.18,25531172.0,0.011893491174676,4.19,-0.05,-0.0119
2021-04-21,25.99,26.25,25.8,26.06,21532803.0,0.0100308831277521,4.14,-0.02,-0.0048
2021-04-22,26.5,27.13,26.44,26.56,43101476.0,0.020078476006566,4.12,0.08,0.0194
2021-04-23,26.37,26.43,25.68,25.8,31192000.0,0.0145305423785674,4.2,-0.12,-0.0286
2021-04-26,25.74,26.18,25.42,25.49,24531943.0,0.0114280083800365,4.08,-0.05,-0.0123
2021-04-27,25.42,26.24,25.17,26.12,33327355.0,0.0155252803344787,4.03,0.1,0.0248
2021-04-28,26.05,26.37,25.55,25.74,19176028.0,0.0089329984453256,4.13,-0.06,-0.0145
2021-04-29,25.67,26.43,25.48,26.12,33347734.0,0.0155347737277569,4.07,0.06,0.0147
2021-04-30,25.93,26.24,25.61,25.74,19447837.0,0.0090596184823022,4.13,-0.06,-0.0145
2021-05-06,26.5,27.57,26.24,26.43,44221831.0,0.0206003843743058,4.07,0.11,0.027
2021-05-07,26.5,28.96,26.24,27.7,89864322.0,0.0418625717857858,4.18,0.2,0.0478
2021-05-10,27.7,28.64,27.25,28.33,67924967.0,0.0316422996780038,4.38,0.1,0.0228
2021-05-11,27.95,28.14,27.25,27.7,38465521.0,0.0179188536485052,4.48,-0.1,-0.0223
2021-05-12,27.38,28.08,27.13,27.63,32806600.0,0.0152826908052292,4.38,-0.01,-0.0023
2021-05-13,27.32,27.76,27.06,27.13,27795116.0,0.0129481312822261,4.37,-0.08,-0.0183
2021-05-14,27.25,27.38,26.62,26.87,29208852.0,0.0136067088296776,4.29,-0.04,-0.0093
2021-05-17,26.94,27.82,26.87,27.76,40755449.0,0.0189855981935125,4.25,0.14,0.0329
2021-05-18,27.51,27.7,27.0,27.25,35073694.0,0.0163387983149495,4.39,-0.08,-0.0182
2021-05-19,27.06,27.13,26.37,26.43,32149999.0,0.014976818509246,4.31,-0.13,-0.0302
2021-05-20,26.37,26.43,25.61,25.86,29106943.0,0.0135592353414993,4.18,-0.09,-0.0215
2021-05-21,25.92,27.0,25.86,26.62,34472350.0,0.0160586670480831,4.09,0.12,0.0293
2021-05-24,26.56,26.62,26.18,26.24,20906105.0,0.0097389409038625,4.21,-0.06,-0.0143
2021-05-25,26.43,26.62,25.92,26.55,18936433.0,0.0088213850412093,4.15,0.05,0.012
2021-05-26,26.55,26.81,26.3,26.74,17338400.0,0.0080769542182788,4.2,0.03,0.0071
2021-05-27,26.68,27.06,26.55,26.68,14799800.0,0.0068943678216953,4.23,-0.01,-0.0024
2021-05-28,27.06,27.19,26.24,26.74,31913072.0,0.0148664479714758,4.22,0.01,0.0024
2021-05-31,26.49,26.49,25.86,25.98,25479665.0,0.0118694970529046,4.23,-0.12,-0.0284
2021-06-01,25.92,26.43,25.92,26.36,17902775.0,0.0083398637737707,4.11,0.06,0.0146
2021-06-02,26.36,26.8,26.17,26.24,19816034.0,0.0092311400940027,4.17,-0.02,-0.0048
2021-06-03,26.11,26.24,25.92,26.11,14531234.0,0.006769258510191,4.15,-0.02,-0.0048
2021-06-04,25.92,26.05,25.79,25.86,11146410.0,0.0051924654678727,4.13,-0.04,-0.0097
2021-06-07,25.98,26.43,25.98,26.11,12408052.0,0.0057801912484441,4.09,0.04,0.0098
2021-06-08,26.11,26.17,25.86,25.98,10743785.0,0.005004905849215,4.13,-0.02,-0.0048
2021-06-09,26.05,26.18,25.8,26.11,11481664.0,0.0053486408479248,4.11,0.02,0.0049
2021-06-10,26.24,27.69,26.17,27.38,62111392.0,0.0289340925124331,4.13,0.2,0.0484
2021-06-11,27.38,27.44,26.87,27.06,35560573.0,0.0165656069820031,4.33,-0.05,-0.0115
2021-06-15,27.0,27.38,26.62,26.62,21886700.0,0.0101957431994419,4.28,-0.07,-0.0164
2021-06-16,26.68,26.81,25.92,26.05,21853508.0,0.0101802809731457,4.21,-0.09,-0.0214
2021-06-17,26.11,27.5,26.11,27.0,40096936.0,0.0186788352077041,4.12,0.15,0.0364
2021-06-18,26.74,27.44,26.62,27.31,32692501.0,0.0152295387035733,4.27,0.05,0.0117
2021-06-21,27.06,27.63,26.55,27.19,28830275.0,0.0134303517784449,4.32,-0.02,-0.0046
2021-06-22,27.19,29.9,27.19,29.9,75328597.0,0.0350912211793578,4.3,0.43,0.1
2021-06-23,31.23,32.88,30.1,31.55,179596440.0,0.0836635574012518,4.73,0.26,0.055
2021-06-24,31.04,33.45,30.47,31.8,122933640.0,0.0572676476587444,4.99,0.04,0.008
2021-06-25,31.8,33.26,31.8,32.24,87138430.0,0.0405927369170567,5.03,0.07,0.0139
2021-06-28,32.18,32.88,31.74,32.56,64310703.0,0.0299586238566608,5.1,0.05,0.0098
2021-06-29,32.56,34.46,32.12,33.0,75095835.0,0.034982790873346,5.15,0.07,0.0136
2021-06-30,33.19,36.29,33.19,36.29,72910904.0,0.0339649583364857,5.22,0.52,0.0996
2021-07-01,37.94,38.19,35.79,36.23,133612442.0,0.0622422816999514,5.74,-0.01,-0.0017
2021-07-02,35.66,39.83,35.47,39.83,140977112.0,0.065673053998591,5.73,0.57,0.0995
2021-07-05,40.34,43.82,40.28,43.82,78776990.0,0.0366976273291544,6.3,0.63,0.1
2021-07-06,44.26,45.4,40.34,40.97,207591965.0,0.096705047604597,6.93,-0.45,-0.0649
2021-07-07,41.16,42.8,40.97,42.05,133143737.0,0.0620239392446569,6.48,0.17,0.0262
2021-07-08,42.3,42.3,39.08,39.77,113993139.0,0.0531027871603433,6.65,-0.36,-0.0541
2021-07-09,39.52,39.58,37.62,38.13,95741926.0,0.0446006063461358,6.29,-0.26,-0.0413
2021-07-12,38.89,39.84,37.18,37.43,84266777.0,0.0392550004585725,6.03,-0.11,-0.0182
2021-07-13,37.75,39.21,37.25,38.13,73585454.0,0.0342791920297873,5.92,0.11,0.0186
2021-07-14,37.81,38.13,36.36,37.31,62940632.0,0.0293203872983399,6.03,-0.13,-0.0216
2021-07-15,36.99,37.43,35.6,36.74,52664411.0,0.0245332923787443,5.9,-0.09,-0.0153
2021-07-16,36.74,38.19,36.55,36.8,68288800.0,0.0318117883553961,5.81,0.01,0.0017
2021-07-19,36.54,38.44,35.91,37.62,75225677.0,0.0350432767249591,5.82,0.13,0.0223
2021-07-20,37.3,37.3,33.88,34.51,92606349.0,0.04313992301452,5.93,-0.49,-0.0826
2021-07-21,34.19,36.03,33.69,35.02,54345204.0,0.0253162762821843,5.44,0.08,0.0147
2021-07-22,35.08,38.51,35.08,38.51,128426125.0,0.0598262776297672,5.52,0.55,0.0996
2021-07-23,37.68,37.87,35.4,35.84,91900714.0,0.0428112086239294,6.07,-0.42,-0.0692
2021-07-26,35.78,36.35,34.38,35.46,49723499.0,0.0231632921720363,5.65,-0.06,-0.0106
2021-07-27,35.91,36.16,32.73,32.92,62578460.0,0.0291516723844411,5.59,-0.4,-0.0716
2021-07-28,32.35,34.38,31.08,33.75,63154903.0,0.0294202037206917,5.19,0.13,0.025
2021-07-29,34.26,34.83,33.87,34.13,33989628.0,0.0158337948860522,5.32,0.06,0.0113
2021-07-30,33.81,34.57,33.3,33.81,33959100.0,0.0158195736627343,5.38,-0.05,-0.0093
2021-08-02,35.08,36.92,34.13,36.6,71366646.0,0.0332455781648891,5.33,0.44,0.0826
2021-08-03,36.6,38.57,35.46,37.56,81239415.0,0.037844728214527,5.77,0.15,0.026
2021-08-04,36.73,37.05,35.97,36.54,55329927.0,0.0257750015733695,5.92,-0.16,-0.027
2021-08-05,36.04,36.48,35.27,35.59,39186494.0,0.0182547131230597,5.76,-0.15,-0.026
2021-08-06,35.53,37.31,35.53,36.42,41939297.0,0.0195370842647418,5.61,0.13,0.0232
2021-08-09,36.16,36.99,35.53,35.78,35933131.0,0.0167391601304858,5.74,-0.1,-0.0174
2021-08-10,35.21,36.04,34.7,35.46,28690841.0,0.013365397570763,5.64,-0.05,-0.0089
2021-08-11,36.16,37.31,35.78,36.29,45766699.0,0.0213200487094973,5.59,0.13,0.0233
2021-08-12,37.31,39.34,37.12,38.26,80568353.0,0.0375321193779777,5.72,0.31,0.0542
2021-08-13,38.45,41.11,38.45,39.72,83263674.0,0.0387877129921847,6.03,0.23,0.0381
2021-08-16,41.24,41.68,38.26,38.39,68713765.0,0.0320097548834132,6.26,-0.21,-0.0335
2021-08-17,38.83,40.16,38.2,38.58,60594609.0,0.0282275113486543,6.05,0.03,0.005
2021-08-18,38.2,39.02,36.86,39.02,49437685.0,0.0230301480184267,6.08,0.07,0.0115
2021-08-19,39.72,39.91,38.26,38.7,48815678.0,0.0227403910591659,6.15,-0.05,-0.0081
2021-08-20,38.07,38.7,36.93,38.13,43692805.0,0.0203539418662151,6.1,-0.09,-0.0148
2021-08-23,38.2,39.28,37.69,39.28,47772715.0,0.0222545351323007,6.01,0.18,0.03
2021-08-24,39.34,40.8,38.2,38.26,55808250.0,0.0259978244966237,6.19,-0.16,-0.0258
2021-08-25,38.07,41.56,37.82,40.55,82369152.0,0.0383710071115242,6.03,0.36,0.0597
2021-08-26,41.18,44.61,40.87,44.61,122643660.0,0.0571325628075345,6.39,0.64,0.1002
2021-08-27,41.75,42.13,40.17,40.17,126814732.0,0.0590756231582673,7.03,-0.7,-0.0996
2021-08-30,38.32,39.09,37.56,37.82,103586863.0,0.0482551071647974,6.33,-0.37,-0.0585
2021-08-31,37.63,38.2,36.48,36.99,55838040.0,0.026011701928576,5.96,-0.13,-0.0218
2021-09-01,36.86,38.32,36.67,37.94,49391928.0,0.0230088324879184,5.83,0.15,0.0257
2021-09-02,37.63,38.01,36.99,37.5,38002215.0,0.0177030262739462,5.98,-0.07,-0.0117
2021-09-03,37.5,38.52,37.31,37.69,37711503.0,0.0175676004264225,5.91,0.03,0.0051
2021-09-06,37.76,38.58,36.87,37.82,33663144.0,0.0156817049399788,5.94,0.02,0.0034
2021-09-07,37.63,40.29,37.56,40.1,78361709.0,0.0365041720146662,5.96,0.36,0.0604
2021-09-08,39.91,41.81,39.47,41.75,72724741.0,0.0338782357999115,6.32,0.26,0.0411
2021-09-09,41.56,42.32,40.35,41.56,50712055.0,0.0236238030354495,6.58,-0.03,-0.0046
2021-09-10,42.07,44.79,41.49,43.02,79578409.0,0.0370709619259256,6.55,0.23,0.0351
2021-09-13,42.19,47.33,41.88,47.33,76209730.0,0.035501689902032,6.78,0.68,0.1003
2021-09-14,48.22,50.5,47.08,48.03,167527303.0,0.0780412469802709,7.46,0.11,0.0147
2021-09-15,47.33,50.69,47.14,48.92,96856111.0,0.0451196404689899,7.57,0.14,0.0185
2021-09-16,49.49,52.28,49.11,49.55,99558685.0,0.0463786128349239,7.71,0.1,0.013
2021-09-17,50.57,53.23,48.6,51.2,95597612.0,0.044533378829695,7.81,0.26,0.0333
2021-09-22,50.12,53.04,48.98,50.63,85987205.0,0.040056448008049,8.07,-0.09,-0.0112
2021-09-23,51.07,53.8,49.8,52.66,102646443.0,0.0478170200699124,7.98,0.32,0.0401
2021-09-24,49.42,49.42,47.39,47.39,113082497.0,0.0526785719073072,8.3,-0.83,-0.1
2021-09-27,44.98,48.09,44.54,46.0,98012304.0,0.0456582436808488,7.47,-0.22,-0.0295
2021-09-28,46.37,47.77,44.47,46.82,62288031.0,0.0290163783701918,7.25,0.13,0.0179
2021-09-29,46.82,47.07,42.89,43.2,65375927.0,0.0304548498913706,7.38,-0.57,-0.0772
2021-09-30,43.9,46.69,43.46,45.93,53227481.0,0.02479559401048,6.81,0.43,0.0631
2021-10-08,46.95,47.14,43.39,44.6,46708728.0,0.021758885344094,7.24,-0.21,-0.029
2021-10-11,44.6,45.04,42.69,43.52,37164286.0,0.0173126837872595,7.03,-0.17,-0.0242
2021-10-12,42.76,43.96,40.6,41.43,40211474.0,0.0187321918139799,6.86,-0.33,-0.0481
2021-10-13,41.68,41.87,39.52,40.41,28931940.0,0.0134777116011852,6.53,-0.16,-0.0245
2021-10-14,40.28,40.6,39.08,39.59,26670110.0,0.012424056283536,6.37,-0.13,-0.0204
2021-10-15,39.52,39.59,37.75,38.06,38272794.0,0.0178290733253136,6.24,-0.24,-0.0385
2021-10-18,37.94,38.95,37.75,38.63,37202084.0,0.0173302916816179,6.0,0.09,0.015
2021-10-19,39.14,39.14,37.87,38.25,38030139.0,0.0177160344448035,6.09,-0.06,-0.0099
2021-10-20,38.38,38.44,37.3,37.42,32009246.0,0.0149112498560204,6.03,-0.13,-0.0216
2021-10-21,37.43,38.0,36.67,36.73,28552191.0,0.0133008085831768,5.9,-0.11,-0.0186
2021-10-22,36.92,37.11,35.33,35.46,33799675.0,0.0157453068084543,5.79,-0.2,-0.0345
2021-10-25,35.4,35.91,34.64,35.72,26887860.0,0.0125254933700624,5.59,0.04,0.0072
2021-10-26,35.65,35.97,34.64,35.15,24025347.0,0.0111920147070815,5.63,-0.09,-0.016
2021-10-27,35.08,35.27,33.88,34.13,26728960.0,0.0124514710828107,5.54,-0.16,-0.0289
2021-10-28,34.13,34.38,32.86,33.12,28247817.0,0.0131590184028122,5.38,-0.16,-0.0297
2021-10-29,33.12,34.51,32.93,33.56,45599074.0,0.0212419619511552,5.22,0.07,0.0134
2021-11-01,33.43,34.45,33.3,33.94,34273422.0,0.015965998038905,5.29,0.06,0.0113
2021-11-02,34.19,34.83,32.42,33.05,40631507.0,0.0189278608094562,5.35,-0.14,-0.0262
2021-11-03,32.61,34.13,32.54,32.99,29005569.0,0.0135120110787689,5.21,-0.01,-0.0019
2021-11-04,32.92,34.32,32.8,33.43,47147800.0,0.0219634235046237,5.2,0.07,0.0135
2021-11-05,33.31,33.43,31.66,31.66,43875055.0,0.0204388415632046,5.27,-0.28,-0.0531
2021-11-08,31.72,32.16,31.53,31.78,25479296.0,0.0118693251572218,4.99,0.02,0.004
2021-11-09,31.78,31.85,31.21,31.47,21776438.0,0.0101443785333818,5.01,-0.05,-0.01
2021-11-10,31.34,31.85,30.58,31.78,35662173.0,0.0166129365250161,4.96,0.05,0.0101
2021-11-11,31.53,31.85,31.21,31.78,28645789.0,0.0133444104588356,5.01,0.0,0.0
2021-11-12,31.72,31.72,30.96,31.21,29769752.0,0.0138679995843627,5.01,-0.09,-0.018
2021-11-15,31.21,31.4,30.77,30.96,27087627.0,0.012618553220644,4.92,-0.04,-0.0081
2021-11-16,30.96,31.91,30.71,31.09,44326665.0,0.0206492204502136,4.88,0.02,0.0041
2021-11-17,30.96,31.21,30.2,30.83,35061707.0,0.0163332142673895,4.9,-0.04,-0.0082
2021-11-18,30.58,31.34,30.58,30.7,31654656.0,0.0147460669558532,4.86,-0.02,-0.0041
2021-11-19,30.64,31.34,30.45,31.28,31135773.0,0.0145043494827505,4.84,0.09,0.0186
2021-11-22,31.47,32.04,31.21,31.85,35621957.0,0.0165942022248014,4.93,0.09,0.0183
2021-11-23,31.91,32.67,31.53,32.42,39262045.0,0.0182899079488882,5.02,0.09,0.0179
2021-11-24,32.42,32.42,31.66,31.78,31919491.0,0.0148694382110093,5.11,-0.1,-0.0196
2021-11-25,31.78,32.1,31.4,31.85,25452396.0,0.0118567940085304,5.01,0.01,0.002
2021-11-26,31.66,31.72,31.15,31.28,22688006.0,0.0105690251560718,5.02,-0.09,-0.0179
2021-11-29,31.09,33.94,30.83,33.56,85498574.0,0.0398288231858837,4.93,0.36,0.073
2021-11-30,33.11,35.52,32.35,34.64,117330680.0,0.0546575537973242,5.29,0.17,0.0321
2021-12-01,33.94,35.21,33.43,34.0,70568279.0,0.032873665317776,5.46,-0.1,-0.0183
2021-12-02,33.88,34.76,33.37,33.43,61764904.0,0.028772683863816,5.36,-0.09,-0.0168
2021-12-03,33.94,34.89,33.88,34.38,69841154.0,0.0325349399834911,5.27,0.15,0.0285
2021-12-06,34.51,35.72,34.0,34.57,74245909.0,0.0345868596806797,5.42,0.03,0.0055
2021-12-07,35.08,35.46,33.56,34.0,50442910.0,0.0234984240014511,5.45,-0.09,-0.0165
2021-12-08,33.94,34.45,33.43,34.07,38171426.0,0.017781851857635,5.36,0.01,0.0019
2021-12-09,34.0,34.19,33.56,33.69,29411803.0,0.0137012519210559,5.37,-0.06,-0.0112
2021-12-10,33.56,34.13,33.18,33.43,33815601.0,0.0157527258074899,5.31,-0.04,-0.0075
2021-12-13,33.31,33.81,33.18,33.24,29581761.0,0.0137804254886879,5.27,-0.03,-0.0057
2021-12-14,33.12,33.37,32.61,32.99,30152862.0,0.0140464682971946,5.24,-0.04,-0.0076
2021-12-15,32.93,33.37,32.8,32.99,23217132.0,0.0108155142483583,5.2,0.0,0.0
2021-12-16,32.93,33.63,32.86,33.44,23677684.0,0.0110300586941628,5.2,0.07,0.0135
2021-12-17,33.31,33.69,33.05,33.12,27658373.0,0.0128844306552553,5.27,-0.05,-0.0095
2021-12-20,32.93,33.18,32.29,32.36,28629166.0,0.0133366667679546,5.22,-0.12,-0.023
2021-12-21,32.16,33.81,32.16,33.75,46881991.0,0.0218395985193997,5.1,0.22,0.0431
2021-12-22,33.75,33.94,32.93,33.05,28860600.0,0.0134444784358452,5.32,-0.11,-0.0207
2021-12-23,32.99,33.24,32.54,32.67,25439340.0,0.0118507119759164,5.21,-0.06,-0.0115
2021-12-24,32.67,32.73,31.72,31.78,26911469.0,0.0125364914328675,5.15,-0.14,-0.0272
2021-12-27,31.72,31.91,31.47,31.53,20056746.0,0.0093432738435869,5.01,-0.04,-0.008
2021-12-28,31.59,32.23,31.34,32.04,22878341.0,0.010657691185298,4.97,0.08,0.0161
2021-12-29,31.85,32.8,31.78,32.48,25560964.0,0.0119073695383122,5.05,0.07,0.0139
2021-12-30,32.48,32.61,31.78,32.04,24258921.0,0.0113008232767639,5.12,-0.07,-0.0137
2021-12-31,31.85,32.1,31.85,31.97,17413568.0,0.0081119706266371,5.05,-0.01,-0.002
2022-01-04,32.1,32.86,32.1,32.73,34564150.0,0.0161014313399,5.04,0.12,0.0238
2022-01-05,32.86,33.37,32.54,32.8,37729198.0,0.0175758434998833,5.16,0.01,0.0019
2022-01-06,32.8,33.69,32.61,32.92,28598008.0,0.0133221520642027,5.17,0.02,0.0039
2022-01-07,32.92,33.3,32.73,32.92,23858147.0,0.0111141259315719,5.19,0.0,0.0
2022-01-10,32.99,33.05,32.48,32.67,19787304.0,0.0092177564545267,5.19,-0.04,-0.0077
2022-01-11,32.61,33.37,32.54,33.11,25959379.0,0.0120929679623234,5.15,0.07,0.0136
2022-01-12,32.99,33.11,32.42,32.8,20517620.0,0.0095579682905021,5.22,-0.05,-0.0096
2022-01-13,32.67,33.43,32.61,32.92,24142263.0,0.0112464790855354,5.17,0.02,0.0039
2022-01-14,32.92,32.99,31.59,31.72,37761180.0,0.0175907420574093,5.19,-0.19,-0.0366
2022-01-17,31.72,31.85,31.02,31.28,23292802.0,0.0108507645093799,5.0,-0.07,-0.014
2022-01-18,31.27,31.4,30.83,31.34,19687367.0,0.0091712016066911,4.93,0.01,0.002
2022-01-19,31.21,31.47,31.02,31.21,14891028.0,0.0069368656519118,4.94,-0.02,-0.004
2022-01-20,31.09,31.28,30.45,30.64,17615774.0,0.0082061666657561,4.92,-0.09,-0.0183
2022-01-21,30.64,30.71,29.94,30.01,16857610.0,0.0078529820629123,4.83,-0.1,-0.0207
2022-01-24,29.05,29.69,28.8,29.31,20089360.0,0.0093584668132308,4.73,-0.11,-0.0233
2022-01-25,29.24,29.62,27.79,27.85,30565777.0,0.0142388214296083,4.62,-0.23,-0.0498
2022-01-26,27.79,28.36,27.79,28.23,15607799.0,0.0072707676585554,4.39,0.06,0.0137
2022-01-27,28.17,28.48,27.47,27.59,16491400.0,0.007682386079184,4.45,-0.1,-0.0225
2022-01-28,27.91,28.67,27.53,28.36,19843341.0,0.0092438608403714,4.35,0.12,0.0276
2022-02-07,28.67,29.5,28.61,29.5,22302092.0,0.0103892502223874,4.47,0.18,0.0403
2022-02-08,29.56,30.58,29.25,30.51,30795298.0,0.0143457419418316,4.65,0.16,0.0344
2022-02-09,30.58,30.83,30.26,30.64,22748342.0,0.0105971321964973,4.81,0.02,0.0042
2022-02-10,30.96,31.15,30.58,30.96,20628000.0,0.0096093879259133,4.83,0.05,0.0104
2022-02-11,30.77,31.02,30.52,30.58,17017322.0,0.0079273826138345,4.88,-0.06,-0.0123
2022-02-14,30.64,30.64,29.69,29.82,18144004.0,0.0084522383636476,4.82,-0.12,-0.0249
2022-02-15,30.01,30.2,29.06,29.5,17514423.0,0.0081589531173908,4.7,-0.05,-0.0106
2022-02-16,29.5,30.27,29.5,29.82,14960913.0,0.0069694210172018,4.65,0.05,0.0108
2022-02-17,29.95,30.39,29.63,29.69,17404090.0,0.0081075553765517,4.7,-0.02,-0.0043
2022-02-18,29.69,30.07,29.44,30.01,13901161.0,0.0064757440696905,4.68,0.05,0.0107
2022-02-21,29.95,30.58,29.82,30.52,16134136.0,0.0075159575176189,4.73,0.08,0.0169
2022-02-22,30.65,30.65,29.63,29.76,14787552.0,0.0068886621893841,4.81,-0.12,-0.0249
2022-02-23,29.82,30.2,29.82,30.08,11139718.0,0.0051893480534845,4.69,0.05,0.0107
2022-02-24,30.01,30.39,29.0,29.38,23135437.0,0.010777457289535,4.74,-0.11,-0.0232
2022-02-25,29.51,30.27,29.51,29.89,18863523.0,0.008787420503994,4.63,0.08,0.0173
2022-02-28,30.65,31.22,29.57,30.84,46114221.0,0.0214819390386998,4.71,0.15,0.0318
2022-03-01,30.65,30.9,30.33,30.77,25130942.0,0.0117070472475096,4.86,-0.01,-0.0021
2022-03-02,30.71,31.34,30.52,31.34,30617910.0,0.0142631071684458,4.85,0.09,0.0186
2022-03-03,31.6,32.61,31.47,32.42,59539360.0,0.0277359320874834,4.94,0.17,0.0344
2022-03-04,32.36,32.36,31.47,31.6,39336005.0,0.0183243616201603,5.11,-0.13,-0.0254
2022-03-07,31.28,31.54,30.65,30.96,24736713.0,0.0115233988379379,4.98,-0.1,-0.0201
2022-03-08,30.9,30.9,29.38,29.57,25429699.0,0.0118462207935917,4.88,-0.22,-0.0451
2022-03-09,29.57,29.82,27.28,28.74,24468406.0,0.0113984101795009,4.66,-0.13,-0.0279
2022-03-10,29.5,29.7,28.49,28.55,19671450.0,0.009163786800233,4.53,-0.03,-0.0066
2022-03-11,28.36,29.06,27.73,29.0,19448289.0,0.0090598290428676,4.5,0.07,0.0156
2022-03-14,28.75,29.06,27.98,27.98,16937306.0,0.00789010780366,4.57,-0.16,-0.035
2022-03-15,27.92,28.05,25.83,25.89,27603267.0,0.0128587599682743,4.41,-0.33,-0.0748
2022-03-16,26.4,26.91,25.45,26.84,26243018.0,0.0122250989096726,4.08,0.15,0.0368
2022-03-17,27.22,27.67,26.91,27.03,19887866.0,0.0092646024535865,4.23,0.03,0.0071
2022-03-18,27.03,27.6,26.84,27.48,14928271.0,0.006954215003983,4.26,0.07,0.0164
2022-03-21,27.6,27.86,27.1,27.54,16043079.0,0.0074735393463774,4.33,0.01,0.0023
2022-03-22,27.29,27.86,27.22,27.6,15160165.0,0.0070622409591746,4.34,0.01,0.0023
2022-03-23,27.54,27.67,27.16,27.22,12532253.0,0.0058380492855677,4.35,-0.06,-0.0138
2022-03-24,27.22,27.35,26.84,26.9,10257303.0,0.0047782821214191,4.29,-0.05,-0.0117
2022-03-25,27.1,27.54,26.78,26.97,14656387.0,0.0068275600288594,4.24,0.01,0.0024
2022-03-28,26.84,27.73,26.4,27.6,20296293.0,0.0094548648872891,4.25,0.1,0.0235
