date,open,high,low,close,volume,turnover,pre-close,changeamount,change
2020-07-31,150.0,185.2,135.88,136.76,19668717.0,0.7469635772827901,150.0,-13.24,-0.0883
2020-08-03,142.0,153.89,136.66,144.16,12688836.0,0.4818869644682288,136.76,7.4,0.0541
2020-08-04,146.51,153.65,137.0,138.39,9759541.0,0.3706404265208584,144.16,-5.77,-0.04
2020-08-05,139.0,146.6,126.51,143.62,9450991.0,0.3589225492556252,138.39,5.23,0.0378
2020-08-06,142.9,155.21,140.15,150.8,9495566.0,0.360615384708867,143.62,7.18,0.05
2020-08-07,155.04,173.38,155.04,165.6,9875038.0,0.3750266837579435,150.8,14.8,0.0981
2020-08-10,170.89,182.5,152.0,157.1,9569343.0,0.3634172315116449,165.6,-8.5,-0.0513
2020-08-11,177.0,180.0,167.05,172.0,7268802.0,0.276049034844535,157.1,14.9,0.0948
2020-08-12,165.99,169.57,153.14,167.99,6485947.0,0.2463183629713407,172.0,-4.0,-0.0233
2020-08-13,164.49,171.94,161.27,163.79,4522620.0,0.1717566231641185,168.0,-4.2,-0.025
2020-08-14,162.15,170.7,158.03,163.58,3538325.0,0.1343758161546138,163.8,-0.22,-0.0013
2020-08-17,163.57,168.87,157.99,165.49,3612604.0,0.1371967275316492,163.58,1.92,0.0117
2020-08-18,162.22,165.49,153.17,153.89,4135993.0,0.1570735969660135,165.5,-11.6,-0.0701
2020-08-19,152.44,156.65,140.99,140.99,4028942.0,0.1530080954942246,153.9,-12.9,-0.0838
2020-08-20,140.02,143.22,137.0,140.5,1785743.0,0.0678175896977775,141.0,-0.5,-0.0035
2020-08-21,141.7,142.8,135.0,135.01,1768891.0,0.0671775972567672,140.5,-5.49,-0.0391
2020-08-24,133.99,139.54,132.99,135.03,1688709.0,0.0641325062346284,135.01,0.03,0.0002
2020-08-25,134.59,134.59,123.0,124.08,3298730.0,0.1252766594430159,135.04,-10.95,-0.0811
2020-08-26,123.04,125.09,114.2,116.18,2912574.0,0.1106115205247421,124.09,-7.91,-0.0637
2020-08-27,117.02,123.14,108.08,122.99,3247200.0,0.1233196922886569,116.18,6.81,0.0586
2020-08-28,120.14,122.33,115.07,120.29,1558388.0,0.0591832743983541,122.99,-2.69,-0.0219
2020-08-31,120.53,129.97,119.99,126.01,2362500.0,0.0897212284528061,120.3,5.71,0.0475
2020-09-01,126.79,129.79,122.69,125.79,1335041.0,0.0507011718750741,126.01,-0.21,-0.0017
2020-09-02,124.19,129.27,123.61,128.12,1259145.0,0.0478188513016755,125.8,2.33,0.0185
2020-09-03,127.8,136.54,127.17,131.64,2595266.0,0.098561038595471,128.13,3.52,0.0275
2020-09-04,125.99,131.68,125.99,130.29,934468.0,0.0354885150941108,131.65,-1.35,-0.0103
2020-09-07,129.88,131.98,118.29,118.44,1581978.0,0.0600791574794977,130.3,-11.85,-0.0909
2020-09-08,119.74,121.12,109.99,113.49,1909733.0,0.0725263876304181,118.45,-4.95,-0.0418
2020-09-09,112.39,112.39,105.6,105.99,1606761.0,0.0610203474074324,113.5,-7.5,-0.0661
2020-09-10,106.7,111.84,104.5,106.55,1293358.0,0.0491181665986304,106.0,0.56,0.0053
2020-09-11,106.55,110.74,105.99,109.98,666559.0,0.0253140708217032,106.56,3.43,0.0322
2020-09-14,112.99,118.15,111.4,113.04,1026098.0,0.0389683695546952,109.99,3.06,0.0278
2020-09-15,113.99,114.42,110.01,110.19,685826.0,0.026045778296243,113.05,-2.85,-0.0252
2020-09-16,110.43,111.94,104.91,107.68,956006.0,0.0363064688796839,110.2,-2.51,-0.0228
2020-09-17,107.57,116.88,105.88,114.95,1476054.0,0.0560564563566892,107.69,7.27,0.0675
2020-09-18,114.46,117.27,112.19,114.18,1071006.0,0.0406738514287094,114.96,-0.77,-0.0067
2020-09-21,113.43,119.78,112.98,114.86,1452919.0,0.0551778529195439,114.19,0.69,0.006
2020-09-22,114.65,116.01,109.52,110.05,1031270.0,0.0391647878376826,114.53,-4.8,-0.0419
2020-09-23,109.93,111.83,108.93,110.0,936071.0,0.0355493926091202,109.73,-0.06,-0.0005
2020-09-24,108.96,110.43,103.82,104.31,1266623.0,0.0481028450990809,109.67,-5.67,-0.0517
2020-09-25,104.52,107.1,102.3,106.31,966867.0,0.0367189396785097,104.0,2.0,0.0192
2020-09-28,106.29,107.32,101.02,101.18,776432.0,0.0294867440635213,106.0,-5.12,-0.0483
2020-09-29,101.44,106.26,101.44,105.25,750634.0,0.0285070072374364,100.88,4.07,0.0403
2020-09-30,105.31,106.29,101.39,101.84,831570.0,0.031580733098201,104.95,-3.4,-0.0324
2020-10-09,103.16,105.64,102.86,105.42,1051154.0,0.0399199272690289,101.55,3.56,0.0351
2020-10-12,106.29,109.2,104.5,107.81,1395442.0,0.052995035121541,105.11,2.39,0.0227
2020-10-13,106.96,108.71,105.12,106.12,1375921.0,0.0522536814281538,107.5,-1.69,-0.0157
2020-10-14,107.11,113.63,106.6,106.99,2512933.0,0.0954342585310456,105.81,0.87,0.0082
2020-10-15,105.3,106.81,101.97,101.99,1538153.0,0.0584148049559234,106.68,-4.98,-0.0467
2020-10-16,103.08,104.8,101.29,103.4,722775.0,0.0274489993206251,101.7,1.4,0.0138
2020-10-19,104.58,104.58,98.39,98.49,1391306.0,0.0528379612587343,103.1,-4.9,-0.0475
2020-10-20,98.49,99.19,94.28,96.93,1345249.0,0.0510888435364694,98.2,-1.55,-0.0158
2020-10-21,96.31,97.76,93.57,93.78,867797.0,0.0329565345556231,96.65,-3.14,-0.0325
2020-10-22,94.44,95.43,92.49,94.78,668150.0,0.025374492609838,93.51,0.99,0.0106
2020-10-23,95.77,97.08,93.72,94.47,875734.0,0.033257959905985,94.5,-0.3,-0.0032
2020-10-26,93.6,96.17,91.47,93.26,784825.0,0.029805487035121,94.2,-1.21,-0.0128
2020-10-27,92.77,95.85,92.62,95.28,716608.0,0.0272147936842787,92.99,2.01,0.0216
2020-10-28,96.08,96.08,92.97,93.88,788986.0,0.0299635103289166,95.0,-1.4,-0.0147
2020-10-29,92.89,93.73,90.91,91.35,941782.0,0.0357662806242288,93.6,-2.52,-0.0269
2020-10-30,91.36,93.88,90.38,90.4,927704.0,0.035231637045749,91.08,-0.95,-0.0104
2020-11-02,90.29,91.71,85.96,87.45,1296536.0,0.0492388582659417,90.13,-2.95,-0.0327
2020-11-03,87.76,95.99,87.51,95.29,2048608.0,0.0778004767738608,87.18,7.82,0.0897
2020-11-04,95.87,96.68,93.04,95.19,1010478.0,0.0383751650728188,95.0,-0.1,-0.0011
2020-11-05,97.2,97.2,92.58,93.55,1858309.0,0.0705734460634521,94.9,-1.63,-0.0172
2020-11-06,93.42,95.29,91.49,94.33,1216953.0,0.0462165156102974,93.27,0.77,0.0083
2020-11-09,94.63,103.69,94.63,102.93,2720887.0,0.1033317774058286,94.04,8.58,0.0912
2020-11-10,102.71,105.07,100.58,102.11,1351230.0,0.0513159854062582,102.62,-0.81,-0.0079
2020-11-11,102.31,105.51,99.98,101.01,1306448.0,0.0496152886644282,101.81,-1.1,-0.0108
2020-11-12,102.3,103.88,100.82,102.71,789421.0,0.0299800304281238,100.71,1.69,0.0168
2020-11-13,102.98,102.98,98.0,102.49,1158613.0,0.044000923454557,102.4,-0.21,-0.0021
2020-11-16,102.11,103.26,100.32,102.66,837084.0,0.0317901395971169,102.19,0.16,0.0016
2020-11-17,102.68,104.09,95.79,96.66,1201705.0,0.0456374386615362,102.35,-5.98,-0.0584
2020-11-18,96.51,98.27,93.68,96.75,946374.0,0.0359406721082734,96.37,0.09,0.0009
2020-11-19,95.86,100.11,94.93,99.33,872482.0,0.0331344579229465,96.46,2.58,0.0267
2020-11-20,99.61,103.27,98.76,102.02,1151237.0,0.0437208033355865,99.04,2.68,0.0271
2020-11-23,102.03,102.03,98.3,99.3,871048.0,0.0330799985614221,101.72,-2.72,-0.0267
2020-11-24,99.2,108.03,98.99,104.31,2212448.0,0.0840226677028376,99.0,5.0,0.0505
2020-11-25,105.32,105.62,100.2,100.72,1216468.0,0.0461980966491124,104.0,-3.59,-0.0345
2020-11-26,101.31,103.75,100.3,101.11,854698.0,0.0324590706946694,100.41,0.39,0.0039
2020-11-27,101.41,101.9,97.56,99.77,1142597.0,0.0433926799858162,100.8,-1.33,-0.0132
2020-11-30,99.77,100.8,96.75,96.79,862288.0,0.032747317942905,99.47,-2.97,-0.0299
2020-12-01,96.3,98.69,95.38,96.29,861907.0,0.0327328486146339,96.5,-0.5,-0.0052
2020-12-02,96.18,97.59,95.89,97.17,489527.0,0.0185908841484938,96.0,0.88,0.0092
2020-12-03,96.56,99.3,92.48,92.78,1355055.0,0.0514612483475628,96.88,-4.38,-0.0452
2020-12-04,93.57,94.28,91.79,92.31,857314.0,0.0325584191533498,92.5,-0.47,-0.0051
2020-12-07,92.27,96.97,92.18,92.27,1638269.0,0.0622169342713863,92.03,-0.04,-0.0004
2020-12-08,92.37,92.88,90.16,90.19,1020306.0,0.0387484053831825,91.99,-2.08,-0.0226
2020-12-09,91.16,93.77,89.79,91.05,1138059.0,0.0432203392727077,89.91,0.86,0.0096
2020-12-10,90.59,93.85,90.29,93.3,1385650.0,0.0526231619918014,90.77,2.24,0.0247
2020-12-11,93.99,96.24,92.61,93.29,1049634.0,0.0398622018649027,93.01,-0.01,-0.0001
2020-12-14,93.29,100.01,92.3,98.8,1839542.0,0.0698607272086907,93.0,5.5,0.0591
2020-12-15,98.3,106.69,97.4,102.7,2186518.0,0.0830379178811313,98.5,3.88,0.0394
2020-12-16,101.84,103.16,99.91,100.6,755188.0,0.0286799555863778,102.38,-2.09,-0.0204
2020-12-17,101.27,101.92,96.9,98.12,1069531.0,0.0406178350003632,100.29,-2.48,-0.0247
2020-12-18,98.21,105.13,97.53,104.33,1845121.0,0.0700726022281778,97.81,6.19,0.0633
2020-12-21,104.11,109.05,103.56,105.99,1546162.0,0.0587189646675333,104.0,1.65,0.0159
2020-12-22,105.35,105.99,99.92,101.32,1170362.0,0.0444471180421092,105.65,-4.65,-0.044
2020-12-23,101.32,110.35,100.32,110.35,2021067.0,0.0767545456192285,101.0,9.0,0.0891
2020-12-24,111.46,121.88,110.35,112.06,3243580.0,0.1231822146814615,110.0,1.71,0.0155
2020-12-25,112.06,115.34,107.94,115.32,2190520.0,0.0831899027938374,111.71,3.25,0.0291
2020-12-28,117.88,123.41,114.9,115.67,2492882.0,0.0946727769006934,114.96,0.34,0.003
2020-12-29,115.67,117.36,108.96,109.9,1768224.0,0.0671522664379829,115.3,-5.75,-0.0499
2020-12-30,110.1,115.2,108.35,111.34,1361928.0,0.0517222659150363,109.55,1.44,0.0131
2020-12-31,111.21,122.68,110.79,120.28,2391743.0,0.0897782520420647,110.99,8.91,0.0803
2021-01-04,122.18,128.98,122.18,127.94,2510545.0,0.0942376926672077,119.9,7.64,0.0637
2021-01-05,126.41,127.2,121.38,121.54,2034749.0,0.0763778585593599,127.54,-6.38,-0.05
2021-01-06,122.68,122.85,109.35,111.34,3640982.0,0.1366706204122353,121.16,-10.16,-0.0839
2021-01-07,111.34,112.32,101.32,102.73,3221379.0,0.1209200887323656,111.0,-8.59,-0.0774
2021-01-08,103.58,104.12,87.28,90.27,4170782.0,0.1565575890087299,102.41,-12.42,-0.1213
2021-01-11,90.27,98.8,88.8,98.3,3533159.0,0.1326232957331491,89.99,8.01,0.089
2021-01-12,96.68,108.13,95.09,102.49,2893644.0,0.1086179829321161,98.0,4.17,0.0426
2021-01-13,103.81,107.52,95.3,101.12,1978826.0,0.07427869105309,102.17,-1.36,-0.0133
2021-01-14,99.98,100.52,93.41,94.28,1643333.0,0.0616853751690889,100.81,-6.82,-0.0677
2021-01-15,97.11,97.11,93.49,95.08,1011627.0,0.037973186825908,93.99,0.8,0.0085
2021-01-18,94.52,99.22,94.46,96.79,1394371.0,0.0523401515456074,94.79,1.71,0.018
2021-01-19,98.26,103.84,96.89,98.9,1607868.0,0.0603541344343311,96.5,2.1,0.0218
2021-01-20,98.36,102.12,97.3,99.8,1110542.0,0.0416861341621146,98.6,0.9,0.0091
2021-01-21,100.2,105.82,99.45,103.82,1516878.0,0.0569386658186364,99.5,4.01,0.0403
2021-01-22,104.86,104.86,98.42,99.81,970981.0,0.0364474682045922,103.51,-4.0,-0.0386
2021-01-25,99.3,107.83,98.81,105.87,1332267.0,0.0500089694057118,99.51,6.04,0.0607
2021-01-26,105.61,109.19,99.92,100.7,1097514.0,0.041197105421316,105.55,-5.16,-0.0489
2021-01-27,100.61,101.67,95.21,96.61,988311.0,0.0370979800312763,100.39,-4.08,-0.0406
2021-01-28,97.34,99.61,95.81,96.3,668069.0,0.0250771370768055,96.31,-0.31,-0.0032
2021-01-29,97.36,98.31,92.79,93.55,678550.0,0.0254705597228226,96.0,-2.74,-0.0285
2021-02-01,93.69,94.17,89.28,93.32,1227362.0,0.0440986339563527,93.26,-0.23,-0.0025
2021-02-02,93.89,94.32,91.27,92.0,674580.0,0.0242373940974842,93.03,-1.32,-0.0142
2021-02-03,92.09,93.23,88.49,88.97,1276398.0,0.0458604781512061,91.71,-3.02,-0.0329
2021-02-04,89.07,89.68,81.07,82.38,1458693.0,0.0524102658072304,88.69,-6.57,-0.0741
2021-02-05,85.65,85.65,75.79,76.24,1434848.0,0.0515535243351226,82.12,-6.12,-0.0745
2021-02-08,77.14,80.1,75.84,79.14,777661.0,0.0279410538872241,76.0,2.89,0.038
2021-02-09,79.3,82.67,79.25,81.76,505352.0,0.0181570986123985,78.89,2.62,0.0332
2021-02-10,81.86,82.06,80.0,81.53,433872.0,0.0155888503244443,81.51,-0.23,-0.0028
2021-02-18,83.49,85.07,81.54,84.45,495252.0,0.0177942095845818,81.28,2.91,0.0358
2021-02-19,84.27,90.05,83.98,87.27,786859.0,0.0282715344097843,84.19,2.81,0.0334
2021-02-22,87.27,88.27,84.66,85.28,483296.0,0.017364635206703,87.0,-1.99,-0.0229
2021-02-23,84.29,85.14,81.25,82.48,623454.0,0.0224004570245974,85.01,-2.79,-0.0328
2021-02-24,82.48,84.11,81.09,82.01,393985.0,0.014155726101422,82.22,-0.47,-0.0057
2021-02-25,82.72,83.01,78.58,79.01,653759.0,0.023489303756081,81.75,-2.99,-0.0366
2021-02-26,78.24,84.04,78.24,82.06,877298.0,0.0315209721114392,78.76,3.04,0.0386
2021-03-01,83.97,83.97,80.94,83.59,530403.0,0.0190571711902041,81.8,1.53,0.0187
2021-03-02,84.14,84.9,80.12,80.25,731778.0,0.0262924957423416,83.33,-3.33,-0.04
2021-03-03,80.55,81.85,79.33,81.08,452016.0,0.0162407571086726,80.0,0.83,0.0104
2021-03-04,80.36,81.93,78.43,79.23,518549.0,0.0186312616322101,80.83,-1.84,-0.0228
2021-03-05,78.73,79.73,77.58,79.45,447489.0,0.016078103779076,78.99,0.21,0.0027
2021-03-08,80.16,80.16,76.24,76.31,518871.0,0.0186428309655722,79.2,-3.13,-0.0395
2021-03-09,76.31,76.44,71.82,71.82,593598.0,0.0213277426865285,76.07,-4.47,-0.0588
2021-03-10,72.24,73.36,71.42,71.74,292286.0,0.0105017210281616,71.6,-0.08,-0.0011
2021-03-11,71.74,73.56,70.88,72.68,504121.0,0.018112869266533,71.52,0.93,0.013
2021-03-12,72.69,73.02,70.31,70.73,432515.0,0.0155400938481327,72.45,-1.94,-0.0268
2021-03-15,71.02,71.23,67.21,68.11,563579.0,0.0202491718225652,70.51,-2.61,-0.037
2021-03-16,68.03,69.12,66.67,67.91,321542.0,0.0115528776022017,67.9,-0.2,-0.0029
2021-03-17,68.0,69.01,67.32,69.01,290293.0,0.0104301133219795,67.7,1.1,0.0162
2021-03-18,69.19,70.61,68.52,69.99,321603.0,0.0115550693082113,68.8,0.97,0.0141
2021-03-19,69.22,72.7,68.62,71.48,625302.0,0.0224668549378058,69.77,1.49,0.0214
2021-03-22,71.48,72.0,70.73,71.29,329483.0,0.0118381946091218,71.26,-0.19,-0.0027
2021-03-23,71.22,71.92,69.31,69.99,276154.0,0.0099221046126429,71.07,-1.29,-0.0182
2021-03-24,69.89,70.76,67.5,68.01,366826.0,0.0131799139126623,69.78,-1.98,-0.0284
2021-03-25,67.24,68.69,67.2,67.5,306977.0,0.0110295628804047,67.8,-0.51,-0.0075
2021-03-26,67.91,68.21,67.24,68.18,347680.0,0.012492005662506,67.29,0.68,0.0101
2021-03-29,68.54,72.6,68.36,69.06,1087551.0,0.0390752797119882,67.97,0.88,0.0129
2021-03-30,68.7,69.41,66.95,67.0,746193.0,0.0268104210231314,68.85,-2.05,-0.0298
2021-03-31,66.71,66.71,62.47,63.28,1082162.0,0.0388816550614037,66.8,-3.71,-0.0555
2021-04-01,63.03,64.2,62.79,64.07,537259.0,0.0193035045738389,63.09,0.78,0.0124
2021-04-02,64.54,66.05,63.66,65.69,510931.0,0.0183575498882589,63.87,1.62,0.0254
2021-04-06,67.0,68.21,65.85,66.87,457953.0,0.0164540711837368,65.49,1.17,0.0179
2021-04-07,66.71,67.4,64.89,66.15,765445.0,0.0275021378115995,66.66,-0.71,-0.0107
2021-04-08,67.09,67.54,64.96,65.07,704898.0,0.0253267079138551,65.95,-1.08,-0.0164
2021-04-09,64.87,67.86,64.87,66.05,777162.0,0.0279231250134736,64.87,0.98,0.0151
2021-04-12,67.4,68.67,65.5,66.42,633365.0,0.022756555356745,65.85,0.37,0.0056
2021-04-13,65.19,66.1,64.71,65.88,354759.0,0.0127463513484381,66.22,-0.54,-0.0082
2021-04-14,66.38,68.81,65.32,67.2,807182.0,0.0290017318070436,65.68,1.32,0.0201
2021-04-15,67.95,67.95,66.01,67.7,384380.0,0.013810622228929,67.0,0.5,0.0075
2021-04-16,68.43,68.5,67.01,68.39,712502.0,0.0255999166433124,67.5,0.69,0.0102
2021-04-19,68.5,71.61,67.72,70.21,968445.0,0.034795847974648,68.19,1.81,0.0265
2021-04-20,70.23,70.7,69.27,69.29,601975.0,0.0216287250019761,70.0,-0.91,-0.013
2021-04-21,69.18,70.69,67.82,68.42,570469.0,0.0204967268128283,69.09,-0.87,-0.0126
2021-04-22,68.34,68.9,67.68,68.4,463031.0,0.0166365217266331,68.22,-0.02,-0.0003
2021-04-23,68.4,69.7,67.5,67.88,369043.0,0.0132595698507484,68.2,-0.52,-0.0076
2021-04-26,67.46,70.63,67.46,68.91,713063.0,0.0256200731526792,67.68,1.02,0.0151
2021-04-27,68.61,68.92,66.89,67.21,554137.0,0.0199099244759666,68.7,-1.69,-0.0246
2021-04-28,67.22,72.22,66.32,69.73,1135357.0,0.0407929304905828,67.01,2.51,0.0375
2021-04-29,69.21,70.13,68.8,69.92,518159.0,0.0186172490855915,69.52,0.19,0.0027
2021-04-30,68.22,70.78,67.22,67.96,1145189.0,0.0411461903838,69.71,-1.95,-0.028
2021-05-06,68.22,68.87,66.33,66.7,451568.0,0.0162246606448645,67.76,-1.26,-0.0186
2021-05-07,66.75,67.18,64.64,64.91,558642.0,0.0200717873542156,66.5,-1.78,-0.0268
2021-05-10,64.19,65.05,60.18,61.78,733178.0,0.0263427971917419,64.72,-3.12,-0.0482
2021-05-11,61.78,62.79,61.48,62.12,371767.0,0.0133574420994387,61.6,0.33,0.0054
2021-05-12,62.12,62.19,60.36,60.97,448421.0,0.0161115901725339,61.93,-1.14,-0.0184
2021-05-13,60.78,62.62,60.54,61.12,449547.0,0.0161520469096945,60.79,0.15,0.0025
2021-05-14,60.23,63.04,60.21,62.94,525838.0,0.0188931525355523,60.94,1.81,0.0297
2021-05-17,63.07,64.88,62.19,64.19,497712.0,0.0178825964170996,62.75,1.25,0.0199
2021-05-18,64.62,65.05,63.4,64.06,309119.0,0.0111065240979872,64.0,-0.13,-0.002
2021-05-19,63.98,64.93,63.28,63.67,329711.0,0.0118463865594527,63.87,-0.39,-0.0061
2021-05-20,64.16,64.38,63.2,63.55,309025.0,0.011103146714956,63.48,-0.13,-0.002
2021-05-21,63.21,63.6,62.07,62.09,378599.0,0.0136029131725124,63.35,-1.45,-0.0229
2021-05-24,61.49,64.19,61.49,63.92,371001.0,0.0133299200206954,61.9,1.82,0.0294
2021-05-25,63.8,65.7,63.34,65.5,562713.0,0.0202180567831504,63.72,1.58,0.0248
2021-05-26,65.65,71.82,65.56,68.49,1597309.0,0.057390684171571,65.3,2.98,0.0456
2021-05-27,68.71,69.72,67.46,69.19,765207.0,0.0274935865652014,68.28,0.7,0.0103
2021-05-28,69.2,72.42,68.11,68.2,987667.0,0.0354864868749146,68.98,-0.99,-0.0144
2021-05-31,68.77,71.8,68.21,71.68,1114216.0,0.040033342675031,67.99,3.47,0.051
2021-06-01,71.68,83.0,71.68,80.09,2716024.0,0.0975856741472108,71.46,8.39,0.1174
2021-06-02,78.74,81.93,76.85,77.54,1906092.0,0.0684851359217022,79.85,-2.55,-0.0319
2021-06-03,77.31,79.42,74.83,74.98,1305783.0,0.0469162696445124,77.3,-2.55,-0.033
2021-06-04,74.24,76.78,74.24,75.03,701328.0,0.0251984392178843,74.75,0.05,0.0007
2021-06-07,75.43,78.73,74.22,77.03,1048916.0,0.0376871393565726,74.8,2.0,0.0267
2021-06-08,76.44,77.32,74.32,75.88,739601.0,0.0265735730556693,76.8,-1.15,-0.015
2021-06-09,76.18,77.33,74.3,74.91,677008.0,0.024324631182587,75.65,-0.97,-0.0128
2021-06-10,74.91,76.17,73.14,75.53,676673.0,0.0243125947643377,74.68,0.62,0.0083
2021-06-11,76.02,76.02,70.81,71.12,1063918.0,0.0382261553165039,75.3,-4.4,-0.0584
2021-06-15,71.38,73.41,70.88,72.92,535205.0,0.0192297051616473,70.9,1.8,0.0254
2021-06-16,72.7,73.1,69.89,70.15,566563.0,0.0203563857690013,72.7,-2.76,-0.038
2021-06-17,70.18,73.09,70.18,72.62,477026.0,0.0171393565726029,69.94,2.46,0.0352
2021-06-18,73.88,74.72,71.81,73.89,634960.0,0.0228138630794547,72.4,1.27,0.0175
2021-06-21,73.52,77.13,72.77,76.81,967840.0,0.0347741105625857,73.67,2.91,0.0395
2021-06-22,77.26,78.24,75.03,75.43,569638.0,0.0204668693096485,76.58,-1.38,-0.018
2021-06-23,75.43,78.23,74.52,75.9,583527.0,0.0209658956173065,75.2,0.47,0.0062
2021-06-24,76.09,77.19,73.54,73.94,574471.0,0.0206405170988998,75.67,-1.95,-0.0258
2021-06-25,73.69,75.97,72.37,75.04,814304.0,0.0292576224660644,73.72,1.1,0.0149
2021-06-28,76.1,76.21,73.77,75.36,606413.0,0.0217881805965751,74.82,0.32,0.0043
2021-06-29,75.35,75.7,72.21,72.24,709658.0,0.0254977328418163,75.14,-3.11,-0.0414
2021-06-30,72.35,73.92,72.35,73.22,398852.0,0.0144107466741818,72.03,0.97,0.0135
2021-07-01,74.22,74.66,69.51,69.74,812410.0,0.0293528293842629,73.0,-3.47,-0.0475
2021-07-02,69.49,70.11,67.2,67.5,607683.0,0.0219559279412083,69.53,-2.23,-0.0321
2021-07-05,67.21,68.83,66.4,67.57,553401.0,0.0199946888074746,67.3,0.07,0.001
2021-07-06,67.56,67.58,65.93,66.74,371515.0,0.0134230455172812,67.37,-0.82,-0.0122
2021-07-07,66.21,67.89,66.19,67.49,323381.0,0.0116839370750142,66.55,0.74,0.0111
2021-07-08,67.97,70.71,67.59,70.41,924823.0,0.033414374182546,67.29,2.92,0.0434
2021-07-09,70.06,71.08,68.7,69.08,585516.0,0.0211550217867285,70.21,-1.33,-0.0189
2021-07-12,69.48,79.24,69.48,75.83,2318807.0,0.0837797986805119,68.88,6.72,0.0976
2021-07-13,75.53,77.5,73.22,75.23,1006388.0,0.0363613634228648,75.6,-0.6,-0.0079
2021-07-14,75.03,76.86,73.63,75.31,1042185.0,0.0376547291291812,75.0,0.08,0.0011
2021-07-15,74.94,76.23,71.84,72.62,802760.0,0.0290041694667851,75.08,-2.68,-0.0357
2021-07-16,72.22,82.25,71.44,78.34,2694797.0,0.0973645284600432,72.4,5.7,0.0787
2021-07-19,79.24,80.91,76.78,78.09,1108149.0,0.0400380454811506,78.1,-0.24,-0.0031
2021-07-20,80.58,80.58,76.27,77.79,780931.0,0.0282154754420574,77.86,-0.3,-0.0039
2021-07-21,78.18,78.92,76.64,77.23,1112297.0,0.040187915049824,77.56,-0.56,-0.0072
2021-07-22,77.23,80.12,73.52,78.64,1612471.0,0.0582594824658385,77.0,1.41,0.0183
2021-07-23,78.23,78.23,73.45,75.02,1734395.0,0.0626646650335653,78.41,-3.61,-0.046
2021-07-26,74.72,87.14,73.73,84.55,3202853.0,0.1157208769609862,74.8,9.5,0.127
2021-07-27,82.24,85.91,80.13,82.08,1846958.0,0.0667316294160578,84.3,-2.46,-0.0292
2021-07-28,81.25,81.84,75.71,75.88,1624769.0,0.0587038161098947,81.84,-6.19,-0.0756
2021-07-29,77.23,80.85,76.83,77.59,1308950.0,0.047293098340162,75.65,1.7,0.0225
2021-07-30,77.94,82.3,77.23,81.22,1372828.0,0.049601046341058,77.35,3.62,0.0468
2021-08-02,82.13,84.85,79.54,82.93,1629416.0,0.0246385156672444,80.97,1.71,0.0211
2021-08-03,83.63,83.7,79.25,79.67,1090768.0,0.0164935808027716,82.68,-3.25,-0.0393
2021-08-04,80.13,80.54,78.45,80.46,953240.0,0.0144140100960369,79.43,0.79,0.0099
2021-08-05,80.45,83.76,78.0,82.81,2404925.0,0.036365042623276,80.22,2.34,0.0292
2021-08-06,82.81,86.85,80.25,83.58,2374627.0,0.0359069044021672,82.56,0.77,0.0093
2021-08-09,83.05,87.14,81.31,81.93,2512020.0,0.0379844337642637,83.33,-1.64,-0.0197
2021-08-10,81.25,84.75,79.84,83.71,2591614.0,0.0391879803208328,81.69,1.77,0.0217
2021-08-11,83.55,85.26,82.5,84.15,1668479.0,0.0252291900791255,83.46,0.43,0.0052
2021-08-12,84.26,85.12,81.25,81.31,1828008.0,0.0276414394776093,83.89,-2.83,-0.0337
2021-08-13,81.25,82.41,77.9,78.23,1496631.0,0.0226306642021336,81.06,-3.07,-0.0379
2021-08-16,78.1,78.85,75.82,77.94,1061837.0,0.016056113086259,77.99,-0.29,-0.0037
2021-08-17,78.87,79.52,74.41,75.03,1621331.0,0.0245162618050204,77.7,-2.9,-0.0373
2021-08-18,75.23,77.74,73.23,73.66,1526623.0,0.0230841753753957,74.8,-1.37,-0.0183
2021-08-19,73.52,75.9,72.86,73.88,1357838.0,0.0205319653400849,73.43,0.22,0.003
2021-08-20,73.88,74.46,71.86,73.04,1166988.0,0.0176461088644559,73.65,-0.84,-0.0114
2021-08-23,68.25,73.07,66.21,72.98,3144672.0,0.0475508098240996,72.81,-0.06,-0.0008
2021-08-24,72.23,72.23,68.9,70.02,1945987.0,0.029425408359654,72.75,-2.95,-0.0405
2021-08-25,70.16,71.53,69.44,71.05,1014315.0,0.0153375295314524,69.8,1.02,0.0146
2021-08-26,70.47,72.19,69.22,69.45,1035305.0,0.0156549208200217,70.82,-1.59,-0.0225
2021-08-27,69.82,70.2,67.31,67.8,950893.0,0.0143785209414741,69.23,-1.64,-0.0237
2021-08-30,67.86,71.57,67.51,68.55,1393135.0,0.0210656937970945,67.59,0.75,0.0111
2021-08-31,67.7,68.14,64.1,66.26,1859168.0,0.0281126120622601,68.34,-2.29,-0.0335
2021-09-01,66.67,66.67,63.21,65.61,1127883.0,0.0170547993675763,66.05,-0.65,-0.0098
2021-09-02,65.34,65.99,64.01,64.32,844345.0,0.0127674010265392,65.4,-1.29,-0.0197
2021-09-03,64.23,65.61,63.56,64.59,763997.0,0.0115524531821387,64.11,0.27,0.0042
2021-09-06,65.08,68.18,63.71,67.63,1507643.0,0.0227971774403292,64.38,3.04,0.0472
2021-09-07,67.34,68.4,66.89,67.99,736208.0,0.0111322537291586,67.42,0.36,0.0053
2021-09-08,68.09,68.66,66.94,67.66,803404.0,0.0121483292425794,67.78,-0.33,-0.0049
2021-09-09,67.58,68.64,66.26,67.08,880146.0,0.0133087505035316,67.45,-0.58,-0.0086
2021-09-10,66.86,67.06,65.0,65.0,1036282.0,0.0156696941067741,66.87,-2.07,-0.031
2021-09-13,66.0,66.0,63.74,64.06,771750.0,0.0116696868486598,64.8,-0.94,-0.0145
2021-09-14,64.09,65.13,63.9,64.2,635412.0,0.0096081102168845,63.86,0.14,0.0022
2021-09-15,64.0,64.08,62.79,63.25,603784.0,0.0091298609708211,64.0,-0.94,-0.0147
2021-09-16,63.39,66.53,63.07,63.96,1080279.0,0.0163349758849153,63.06,0.7,0.0111
2021-09-17,65.0,66.39,64.09,65.27,686770.0,0.0103846982015602,63.76,1.31,0.0205
2021-09-22,65.23,65.89,64.27,65.34,500348.0,0.0075657978300657,65.07,0.07,0.0011
2021-09-23,65.34,68.21,65.33,66.95,576890.0,0.008723194876739,65.14,1.6,0.0246
2021-09-24,67.15,67.29,65.2,65.44,433902.0,0.0065610631201907,66.74,-1.5,-0.0225
2021-09-27,65.99,66.5,63.69,65.54,537831.0,0.0081325809491436,65.24,0.1,0.0015
2021-09-28,66.2,66.2,63.8,64.38,458175.0,0.006928096886148,65.34,-1.15,-0.0176
2021-09-29,64.2,64.86,62.19,62.31,410162.0,0.0062020888852867,64.19,-2.07,-0.0322
2021-09-30,62.78,63.21,62.35,62.76,271486.0,0.0041051591885912,62.12,0.45,0.0072
2021-10-08,63.09,64.08,62.86,62.92,309806.0,0.0046845986444261,62.57,0.16,0.0026
2021-10-11,62.94,64.68,62.47,64.5,569744.0,0.0086151397005544,62.73,1.57,0.025
2021-10-12,63.96,63.96,62.79,63.58,548247.0,0.0082900820287881,64.3,-0.91,-0.0142
2021-10-13,63.2,64.19,62.97,63.85,277945.0,0.0042028261887279,63.39,0.27,0.0043
2021-10-14,64.01,65.85,63.72,65.4,431598.0,0.0065262241716979,63.66,1.54,0.0242
2021-10-15,65.03,65.65,64.19,65.4,470229.0,0.0071103662807366,65.2,0.0,0.0
2021-10-18,65.42,66.25,64.19,65.78,430383.0,0.0065078520699537,65.2,0.38,0.0058
2021-10-19,65.89,66.5,64.39,66.45,574371.0,0.0086851048978964,65.58,0.67,0.0102
2021-10-20,66.23,68.16,65.39,67.46,600041.0,0.0090732628005917,66.25,1.01,0.0152
2021-10-21,67.37,67.89,66.0,66.04,510230.0,0.0077152242575856,67.26,-1.42,-0.0211
2021-10-22,66.54,67.5,65.39,66.13,508676.0,0.0076917261126386,65.84,0.1,0.0015
2021-10-25,67.2,68.1,65.62,68.03,540833.0,0.0081779744054697,65.94,1.89,0.0287
2021-10-26,68.08,68.4,66.5,66.59,804443.0,0.0121640400357583,67.83,-1.44,-0.0212
2021-10-27,67.5,68.08,64.64,66.1,730997.0,0.0110534578261221,66.39,-0.49,-0.0074
2021-10-28,66.92,66.92,64.7,65.11,511737.0,0.007738011712177,65.9,-0.98,-0.0149
2021-10-29,64.71,65.94,63.77,65.69,563690.0,0.0085235967343324,64.92,0.58,0.0089
2021-11-01,66.34,68.82,64.99,67.73,680275.0,0.0102864868428533,65.5,2.04,0.0311
2021-11-02,66.71,69.88,66.71,69.31,1468722.0,0.0222086502205861,67.54,1.57,0.0232
2021-11-03,69.16,69.19,67.87,68.59,857450.0,0.0129655626671634,69.11,-0.71,-0.0103
2021-11-04,68.56,68.87,67.74,68.44,644059.0,0.0097388621212322,68.4,-0.15,-0.0022
2021-11-05,68.35,68.68,67.2,68.53,912757.0,0.0138018637627757,68.25,0.09,0.0013
2021-11-08,68.19,68.48,66.59,67.21,642974.0,0.0097224557587693,68.34,-1.32,-0.0193
2021-11-09,67.16,69.19,66.77,68.47,1128732.0,0.0170676371571901,67.02,1.26,0.0188
2021-11-10,68.21,69.2,68.07,69.16,1033863.0,0.0156331162350709,68.28,0.69,0.0101
2021-11-11,69.15,69.48,68.42,68.87,891600.0,0.0134819472552836,68.97,-0.3,-0.0043
2021-11-12,68.87,75.24,68.27,74.01,2307330.0,0.0348893016605355,68.67,5.13,0.0747
2021-11-15,74.01,74.77,72.4,72.88,962134.0,0.0145484969050191,73.8,-1.12,-0.0152
2021-11-16,72.7,73.24,70.03,70.6,1615992.0,0.0244355304048455,72.68,-2.28,-0.0314
2021-11-17,70.49,71.68,69.39,70.74,940301.0,0.0142183585532642,70.4,0.15,0.0021
2021-11-18,71.1,77.21,70.48,75.09,3423140.0,0.0517615443331668,70.55,4.33,0.0614
2021-11-19,75.04,75.06,73.09,74.33,1491341.0,0.022550673734457,74.88,-0.76,-0.0101
2021-11-22,74.71,76.46,72.19,74.83,2000805.0,0.0302543152513545,74.12,0.5,0.0067
2021-11-23,75.2,77.92,74.22,75.17,1732728.0,0.0262007037951469,74.62,0.34,0.0046
2021-11-24,75.17,76.1,73.11,73.59,1140229.0,0.017241484115012,74.96,-1.58,-0.0211
2021-11-25,73.21,74.7,71.72,72.31,1345108.0,0.0203394741012337,73.38,-1.27,-0.0173
2021-11-26,71.81,77.2,71.81,75.83,2683448.0,0.0405766087912699,72.11,3.51,0.0487
2021-11-29,74.72,78.63,74.43,76.62,2138308.0,0.0323335079313043,75.62,0.78,0.0103
2021-11-30,77.24,79.22,75.91,78.22,2362172.0,0.0357185714579495,76.4,1.6,0.0209
2021-12-01,77.77,80.72,77.55,80.35,2463202.0,0.0372462533009298,78.0,2.13,0.0273
2021-12-02,80.22,80.41,78.21,79.19,1145204.0,0.0173167114451994,80.13,-1.16,-0.0145
2021-12-03,79.0,80.49,77.71,79.35,1329071.0,0.0200969774792811,78.97,0.16,0.002
2021-12-06,80.42,80.42,75.79,77.21,1266387.0,0.0191491282399919,79.13,-2.13,-0.0269
2021-12-07,77.11,77.21,72.84,73.8,1346919.0,0.020366858361529,77.0,-3.4,-0.0442
2021-12-08,74.0,76.7,73.91,75.36,1362183.0,0.0205976663952938,73.6,1.55,0.0211
2021-12-09,74.96,76.37,73.81,73.85,1078567.0,0.016309088610688,75.15,-1.5,-0.02
2021-12-10,73.21,73.84,72.13,72.42,1446663.0,0.0218750945066962,73.65,-1.43,-0.0194
2021-12-13,72.25,72.93,71.18,71.89,1101614.0,0.0166575839431157,72.22,-0.52,-0.0072
2021-12-14,71.89,75.0,71.56,74.39,1536267.0,0.0232300029879237,71.7,2.49,0.0347
2021-12-15,74.84,75.07,72.49,72.98,766069.0,0.011583784042068,74.19,-1.41,-0.019
2021-12-16,72.87,73.5,72.4,73.4,623896.0,0.0094339759587061,72.78,0.42,0.0058
2021-12-17,73.35,73.35,70.79,70.79,1037231.0,0.0156840440035274,73.2,-2.6,-0.0355
2021-12-20,71.5,71.5,70.09,71.2,718805.0,0.0108691017236811,70.6,0.4,0.0057
2021-12-21,71.36,74.48,70.53,73.75,1492758.0,0.0225721002926229,71.0,2.55,0.0359
2021-12-22,73.75,79.01,72.97,75.81,2525134.0,0.0381827314945304,73.55,2.05,0.0279
2021-12-23,75.98,76.82,75.09,76.66,1040771.0,0.0157375725962637,75.6,0.85,0.0112
2021-12-24,76.02,76.2,73.24,73.24,820924.0,0.01241325041341,76.45,-3.41,-0.0446
2021-12-27,71.71,74.45,71.71,73.4,593861.0,0.0089798145793741,73.04,0.16,0.0022
2021-12-28,73.86,74.5,72.65,73.41,564386.0,0.0085341210000229,73.2,0.01,0.0001
2021-12-29,73.41,75.02,72.7,74.15,850098.0,0.0128543925502715,73.21,0.74,0.0101
2021-12-30,74.55,76.18,72.85,76.14,1009952.0,0.0152715562969584,73.95,1.98,0.0268
2021-12-31,75.82,76.9,75.02,75.57,922142.0,0.0139437750178126,75.93,-0.57,-0.0075
2022-01-04,75.57,75.76,72.94,73.26,851982.0,0.0128828806487786,75.36,-2.3,-0.0305
2022-01-05,73.65,73.8,71.93,72.63,1296935.0,0.0196110467289493,73.06,-0.63,-0.0086
2022-01-06,72.14,73.5,72.14,73.18,764165.0,0.011554993522133,72.43,0.54,0.0075
2022-01-07,73.01,73.01,67.28,67.38,1636228.0,0.0247415204055834,72.97,-5.78,-0.0792
2022-01-10,67.37,68.9,65.42,66.47,1817738.0,0.0274861460743884,67.19,-0.91,-0.0135
2022-01-11,66.41,66.96,65.79,66.18,557352.0,0.0084277593838344,66.28,-0.29,-0.0044
2022-01-12,65.99,67.09,65.85,66.18,1035940.0,0.0156645227003572,65.99,0.0,0.0
2022-01-13,65.99,66.2,64.29,65.19,878501.0,0.0132838763410878,65.99,-0.99,-0.015
2022-01-14,64.94,65.69,63.68,64.76,862803.0,0.0130465057623378,65.0,-0.42,-0.0065
2022-01-17,64.2,65.79,64.2,65.79,579052.0,0.0087558866330938,64.58,1.03,0.0159
2022-01-18,65.78,65.78,64.49,65.12,670012.0,0.0101312992871322,65.61,-0.67,-0.0102
2022-01-19,64.49,65.08,63.2,63.45,734373.0,0.0111045065631498,64.94,-1.66,-0.0256
2022-01-20,63.43,63.58,61.5,63.17,1040205.0,0.0157290140698545,63.28,-0.28,-0.0044
2022-01-21,62.75,62.93,61.05,61.09,648677.0,0.0098086912289318,63.0,-2.08,-0.033
2022-01-24,60.56,62.08,60.56,61.77,838524.0,0.0126793812699522,60.92,0.68,0.0112
2022-01-25,60.98,62.45,58.24,59.17,1387022.0,0.0209732586876603,61.6,-2.6,-0.0422
2022-01-26,60.17,60.17,58.36,58.46,632968.0,0.0095711543183965,59.0,-0.7,-0.0119
2022-01-27,59.14,59.14,55.66,55.9,1091658.0,0.0165070385563126,58.3,-2.56,-0.0439
2022-01-28,56.26,57.98,54.69,57.66,1085414.0,0.0164126225865257,55.74,1.76,0.0316
2022-02-07,58.39,58.4,55.66,56.3,546693.0,0.0082665838838411,57.5,-1.36,-0.0237
2022-02-08,56.2,56.75,54.76,55.86,614742.0,0.0092955576711614,56.14,-0.44,-0.0078
2022-02-09,56.04,57.79,55.54,57.7,652393.0,0.0098648811302335,55.7,1.83,0.0329
2022-02-10,57.66,58.31,56.71,57.04,378076.0,0.0057169141885246,57.53,-0.65,-0.0113
2022-02-11,56.96,56.96,54.94,54.98,542749.0,0.0082069463782614,56.88,-2.06,-0.0362
2022-02-14,54.76,56.02,54.27,55.37,332440.0,0.0050268489743679,54.82,0.39,0.0071
2022-02-15,55.46,57.04,55.46,56.84,628139.0,0.0094981346646327,55.21,1.47,0.0266
2022-02-16,56.84,58.37,56.45,57.35,546849.0,0.0082689427709786,56.68,0.51,0.009
2022-02-17,56.82,57.23,56.17,56.46,563290.0,0.0085175483057746,57.19,-0.89,-0.0156
2022-02-18,56.45,56.45,55.41,56.03,464840.0,0.0070288788269919,56.3,-0.43,-0.0076
2022-02-21,55.84,56.88,55.67,56.88,486437.0,0.0073554486058977,55.87,0.85,0.0152
2022-02-22,56.17,57.03,55.12,56.6,415198.0,0.0062782386008291,56.72,-0.28,-0.0049
2022-02-23,55.66,59.95,55.66,59.94,1163743.0,0.0175970409877809,56.44,3.33,0.059
2022-02-24,59.18,61.18,57.44,58.7,1301433.0,0.0196790613080815,59.77,-1.24,-0.0207
2022-02-25,58.57,59.12,57.94,58.19,485346.0,0.0073389515170063,58.53,-0.51,-0.0087
2022-02-28,59.13,61.38,58.4,60.2,1182776.0,0.0178848403396313,58.02,2.01,0.0346
2022-03-01,59.57,60.68,59.42,59.88,360467.0,0.0054506472423399,60.03,-0.32,-0.0053
2022-03-02,58.97,60.27,58.97,60.27,311672.0,0.0047128145636482,59.71,0.38,0.0064
2022-03-03,60.78,61.51,59.78,60.63,627600.0,0.0094899844071511,60.09,0.36,0.006
2022-03-04,60.36,61.05,59.87,60.27,496389.0,0.0075059335084151,60.45,-0.36,-0.006
2022-03-07,60.26,60.65,58.68,59.06,725458.0,0.0109697022116683,60.09,-1.2,-0.02
2022-03-08,59.77,59.77,56.21,56.22,709848.0,0.0107336622872011,58.89,-2.83,-0.0481
2022-03-09,57.36,57.36,52.6,54.36,824596.0,0.0124687749875704,56.06,-1.85,-0.033
2022-03-10,56.33,60.34,55.77,57.46,939933.0,0.0142127939989911,54.21,3.09,0.057
2022-03-11,58.08,60.34,56.61,60.17,1135687.0,0.0171728042087385,57.3,2.7,0.0471
2022-03-14,59.57,61.03,58.17,59.1,816043.0,0.0123394444639338,60.0,-1.06,-0.0177
2022-03-15,59.07,59.07,54.65,54.96,1154982.0,0.0174645652812942,58.94,-4.14,-0.0702
2022-03-16,56.04,60.05,54.97,59.27,1125259.0,0.0170151216762373,54.8,4.31,0.0786
2022-03-17,60.95,60.95,58.16,59.06,1183401.0,0.0178942910092528,59.11,-0.21,-0.0036
2022-03-18,58.95,59.35,57.48,58.72,642670.0,0.0097178589530654,58.9,-0.34,-0.0058
2022-03-21,58.96,60.46,58.36,60.0,819339.0,0.0123892835152499,58.56,1.28,0.0219
2022-03-22,60.0,62.01,58.96,60.77,989273.0,0.0149588676615928,59.84,0.76,0.0127
2022-03-23,60.65,61.67,59.52,61.56,790070.0,0.011946704876606,60.6,0.79,0.013
2022-03-24,60.97,61.04,59.04,59.75,596393.0,0.0090181011321448,61.39,-1.8,-0.0293
2022-03-25,59.31,60.29,58.42,58.51,419503.0,0.0063433348131821,59.59,-1.24,-0.0208
2022-03-28,58.26,59.14,57.43,58.16,345776.0,0.0052285035824842,58.35,-0.35,-0.006
