date,open,high,low,close,volume,turnover,pre-close,changeamount,change
2016-09-28,16.2,19.44,16.2,19.44,4100.0,0.0002299495232753,16.2,3.24,0.2
2016-09-29,21.38,21.38,21.38,21.38,700.0,3.925967470555244e-05,19.44,1.94,0.0998
2016-09-30,23.52,23.52,23.52,23.52,2500.0,0.0001402131239484,21.38,2.14,0.1001
2016-10-10,25.87,25.87,25.87,25.87,1500.0,8.412787436904095e-05,23.52,2.35,0.0999
2016-10-11,28.46,28.46,28.46,28.46,2700.0,0.0001514301738642,25.87,2.59,0.1001
2016-10-12,31.31,31.31,31.31,31.31,4100.0,0.0002299495232753,28.46,2.85,0.1001
2016-10-13,34.44,34.44,34.44,34.44,2100.0,0.0001177790241166,31.31,3.13,0.1
2016-10-14,37.88,37.88,37.88,37.88,14500.0,0.0008132361189007,34.44,3.44,0.0999
2016-10-17,41.67,41.67,41.67,41.67,11600.0,0.0006505888951205,37.88,3.79,0.1001
2016-10-18,45.84,45.84,45.84,45.84,9800.0,0.0005496354458777,41.67,4.17,0.1001
2016-10-19,50.42,50.42,50.42,50.42,13100.0,0.0007347167694896,45.84,4.58,0.0999
2016-10-20,55.46,55.46,55.46,55.46,21900.0,0.0012282669657879,50.42,5.04,0.1
2016-10-21,61.02,61.02,61.02,61.02,68860.0,0.0038620302860347,55.46,5.55,0.1001
2016-10-24,67.12,67.12,67.12,67.12,473971.0,0.0265827818283791,61.01,6.1,0.1
2016-10-25,73.83,73.83,73.2,73.83,3245987.0,0.18205199102636,67.11,6.71,0.1
2016-10-26,81.21,81.21,81.13,81.21,2690068.0,0.1508731351654514,73.82,7.38,0.1
2016-10-27,85.19,89.33,85.02,89.33,7469751.0,0.4189428491306786,81.2,8.12,0.1
2016-10-28,95.02,98.27,92.1,98.27,11203123.0,0.6283299495232754,89.32,8.93,0.1
2016-10-31,93.57,95.21,90.01,93.32,6628628.0,0.371768255748738,98.25,-4.95,-0.0504
2016-11-01,97.01,101.11,95.22,95.31,6566783.0,0.3682996634885025,93.3,2.0,0.0214
2016-11-02,96.01,104.84,93.31,104.84,6350389.0,0.3561631519910264,95.3,9.53,0.1
2016-11-03,106.0,108.99,97.17,97.39,8820816.0,0.4947176668536175,104.83,-7.45,-0.0711
2016-11-04,94.26,98.29,92.69,95.4,5358753.0,0.3005469994391475,97.38,-1.99,-0.0204
2016-11-07,95.41,99.8,93.89,96.01,4676744.0,0.2622963544587773,95.39,0.61,0.0064
2016-11-08,94.01,95.76,92.56,93.61,3472668.0,0.1947654514862591,96.0,-2.4,-0.025
2016-11-09,93.01,94.24,91.08,92.62,3212487.0,0.1801731351654515,93.6,-0.99,-0.0106
2016-11-10,93.31,101.51,92.63,99.51,7015516.0,0.3934669657879978,92.61,6.89,0.0744
2016-11-11,102.01,109.46,101.51,109.46,6502160.0,0.3646752664049355,99.5,9.95,0.1
2016-11-14,111.07,112.32,101.82,104.3,5940841.0,0.3331935501962983,109.45,-5.17,-0.0472
2016-11-15,103.11,107.81,100.23,102.23,3131321.0,0.1756209197980931,104.28,-2.06,-0.0198
2016-11-16,101.21,104.53,99.71,102.81,3618124.0,0.2029233875490746,102.22,0.58,0.0057
2016-11-17,101.0,106.97,100.37,101.66,3694570.0,0.2072108805384184,102.8,-1.15,-0.0112
2016-11-18,100.17,104.16,100.1,100.66,2398327.0,0.1345107683679192,101.65,-1.01,-0.0099
2016-11-21,99.03,100.01,95.31,99.13,2722717.0,0.152704262478968,100.64,-1.53,-0.0152
2016-11-22,99.92,109.04,99.92,109.04,4159114.0,0.2332649467190129,99.11,9.91,0.1
2016-11-23,110.02,110.9,102.18,103.17,4325291.0,0.2425850252383623,109.02,-5.87,-0.0538
2016-11-24,101.12,103.52,96.6,98.23,3595651.0,0.2016629837352776,103.15,-4.94,-0.0479
2016-11-25,97.9,101.28,94.03,100.23,2983626.0,0.1673374088614694,98.21,2.0,0.0204
2016-11-28,99.19,99.63,96.18,96.92,1653831.0,0.0927555243970835,100.21,-3.32,-0.0331
2016-11-29,96.82,98.61,95.02,97.02,1304056.0,0.0731383062254627,96.89,0.11,0.0011
2016-11-30,97.12,101.04,96.03,99.29,2284341.0,0.1281178351093662,97.0,2.27,0.0234
2016-12-01,101.02,103.51,96.42,97.82,2290002.0,0.128435333707235,99.27,-1.47,-0.0148
2016-12-02,95.92,96.5,92.68,93.47,2308202.0,0.1294560852495793,97.8,-4.35,-0.0445
2016-12-05,91.02,93.64,88.33,89.24,1966308.0,0.1102808749298934,93.45,-4.23,-0.0453
2016-12-06,88.96,90.6,88.96,89.26,1160334.0,0.0650776219854178,89.22,0.03,0.0003
2016-12-07,89.41,90.4,86.03,90.4,1833994.0,0.1028600112170499,89.25,1.13,0.0127
2016-12-08,90.0,91.21,87.63,87.7,1303678.0,0.0731171060011217,90.38,-2.69,-0.0298
2016-12-09,87.51,87.99,85.31,85.41,1210000.0,0.0678631519910263,87.69,-2.29,-0.0261
2016-12-12,84.95,85.31,76.87,76.87,2060615.0,0.1155701065619742,85.4,-8.54,-0.1
2016-12-13,75.81,77.8,74.36,75.91,1091068.0,0.0611928210880538,76.86,-0.96,-0.0125
2016-12-14,75.21,76.89,73.98,74.05,942300.0,0.0528491306786315,75.9,-1.86,-0.0245
2016-12-15,74.06,77.72,73.67,75.9,1280274.0,0.0718044868199663,74.04,1.84,0.0249
2016-12-16,75.02,77.71,75.02,77.47,1234498.0,0.0692371284352215,75.88,1.58,0.0208
2016-12-19,78.0,78.0,75.61,75.99,759644.0,0.0426048233314638,77.46,-1.48,-0.0191
2016-12-20,75.99,76.5,74.83,75.9,592274.0,0.0332178351093662,75.98,-0.09,-0.0012
2016-12-21,75.97,83.49,74.89,83.49,2147458.0,0.1204407178911946,75.89,7.59,0.1
2016-12-22,84.61,88.27,84.09,85.17,3510664.0,0.1968964666292765,83.48,1.68,0.0201
2016-12-23,84.69,85.01,78.5,79.77,2111374.0,0.1184169377453729,85.16,-5.4,-0.0634
2016-12-26,76.51,87.76,76.22,87.76,2630267.0,0.1475191811553561,79.76,7.98,0.1001
2016-12-27,87.32,88.32,84.72,85.31,2348722.0,0.131728659562535,87.74,-2.45,-0.0279
2016-12-28,85.31,87.01,84.02,84.61,1649275.0,0.0925,85.29,-0.7,-0.0082
2016-12-29,84.0,85.57,83.02,83.08,1440268.0,0.0807777902411665,84.59,-1.53,-0.0181
2016-12-30,83.08,88.51,83.08,85.82,2039018.0,0.1143588334268087,83.06,2.74,0.033
2017-01-03,87.99,92.22,85.9,89.3,2627605.0,0.1473698822209758,85.8,3.48,0.0406
2017-01-04,88.92,91.52,86.52,89.92,1721004.0,0.0965229388670779,89.28,0.62,0.0069
2017-01-05,88.92,94.85,88.73,89.37,2145086.0,0.1203076836791923,89.9,-0.55,-0.0061
2017-01-06,88.48,88.9,80.98,81.79,2970940.0,0.1666259113853056,89.35,-7.58,-0.0848
2017-01-09,77.7,80.77,77.03,78.42,1526124.0,0.0855930454290521,81.77,-3.37,-0.0412
2017-01-10,78.81,79.87,77.03,77.03,963838.0,0.0540570947840717,78.4,-1.39,-0.0177
2017-01-11,76.34,77.24,74.2,74.22,1350059.0,0.075718395961862,77.01,-2.81,-0.0365
2017-01-12,74.97,77.01,74.24,75.05,940084.0,0.0527248457655636,74.2,0.82,0.0111
2017-01-13,76.02,76.02,67.62,68.5,1325925.0,0.0743648345485137,75.02,-6.54,-0.0872
2017-01-16,67.97,69.69,63.72,69.11,1514433.0,0.0849373527762198,68.48,0.6,0.0088
2017-01-17,68.03,73.53,65.65,71.65,1366075.0,0.076616657319125,69.08,2.54,0.0368
2017-01-18,70.81,71.96,67.88,67.98,933016.0,0.0523284352215367,71.62,-3.67,-0.0512
2017-01-19,67.02,69.53,65.03,66.98,1090131.0,0.0611402692091979,67.95,-1.0,-0.0147
2017-01-20,66.93,69.81,66.65,69.24,1046404.0,0.0586878295008412,66.95,2.26,0.0338
2017-01-23,69.14,70.54,68.54,69.24,837338.0,0.0469623107122826,69.21,-0.01,-0.0001
2017-01-24,68.75,69.23,66.84,66.84,659163.0,0.03696932136848,69.2,-2.4,-0.0347
2017-01-25,66.34,68.33,66.24,67.68,488856.0,0.0274176107683679,66.8,0.84,0.0126
2017-01-26,67.84,69.04,67.04,67.66,451981.0,0.0253494671901289,67.64,-0.02,-0.0003
2017-02-03,68.02,68.72,67.14,67.89,309237.0,0.0173436343241727,67.62,0.23,0.0034
2017-02-06,69.03,70.07,68.03,69.86,623432.0,0.0349653393157599,67.85,1.97,0.029
2017-02-07,70.03,70.9,67.14,68.14,1109777.0,0.0622421200224341,69.82,-1.72,-0.0246
2017-02-08,67.57,68.64,65.51,68.07,2051082.0,0.1150354458777341,68.1,-0.07,-0.001
2017-02-09,68.14,71.59,67.4,70.38,2743017.0,0.153842793045429,68.03,2.31,0.034
2017-02-10,70.54,70.64,67.76,67.84,1750186.0,0.0981596186203028,70.34,-2.54,-0.0361
2017-02-13,67.74,69.64,66.65,69.09,1160101.0,0.0650645541222658,67.8,1.25,0.0184
2017-02-14,68.84,71.27,68.76,69.37,1240150.0,0.069554122265844,69.05,0.28,0.0041
2017-02-15,69.35,70.6,68.66,69.26,1282261.0,0.0719159282108805,69.33,-0.12,-0.0017
2017-02-16,68.55,69.05,67.91,67.91,853488.0,0.0478680874929893,69.21,-1.35,-0.0195
2017-02-17,67.95,68.54,66.06,66.15,1204069.0,0.0675305103757711,67.86,-1.75,-0.0258
2017-02-20,66.16,66.2,60.05,61.09,2181054.0,0.1223249579360628,66.11,-5.06,-0.0765
2017-02-21,61.04,62.25,60.54,61.64,1024131.0,0.0574386427369601,61.05,0.55,0.009
2017-02-22,61.72,62.54,61.14,61.45,1278131.0,0.0716842961301177,61.6,-0.2,-0.0032
2017-02-23,61.55,62.23,60.74,61.94,1114084.0,0.0624836791923724,61.4,0.49,0.008
2017-02-24,61.75,64.22,61.68,63.51,1523591.0,0.0854509814918676,61.89,1.57,0.0254
2017-02-27,63.49,64.05,62.55,63.55,1176664.0,0.0659934941110488,63.46,0.04,0.0006
2017-02-28,63.56,65.23,62.68,64.74,1428660.0,0.0801267526640493,63.5,1.19,0.0187
2017-03-01,64.94,65.92,63.55,64.02,1320971.0,0.0740869882220975,64.69,-0.71,-0.011
2017-03-02,64.06,64.23,62.2,62.21,1260870.0,0.0707162086371284,63.98,-1.82,-0.0284
2017-03-03,62.2,63.07,61.16,62.74,1001750.0,0.0561833987661245,62.16,0.53,0.0085
2017-03-06,62.73,66.34,62.54,65.98,2046734.0,0.114791587212563,62.69,3.25,0.0518
2017-03-07,65.94,72.58,65.69,68.45,2666062.0,0.1495267526640493,65.94,2.46,0.0373
2017-03-08,69.05,69.9,66.53,67.21,1889969.0,0.1059993830622546,68.4,-1.23,-0.018
2017-03-09,66.84,67.04,65.34,66.7,1171710.0,0.0657156477846326,67.17,-0.51,-0.0076
2017-03-10,67.04,68.79,66.03,67.26,1171869.0,0.0657245653393157,66.66,0.56,0.0084
2017-03-13,67.74,68.94,66.08,68.93,1466493.0,0.0822486259113853,67.22,1.67,0.0248
2017-03-14,69.03,69.44,66.91,67.14,1737866.0,0.0974686483454851,68.89,-1.79,-0.026
2017-03-15,67.83,67.83,65.92,66.27,1720871.0,0.0965154795288839,67.1,-0.87,-0.013
2017-03-16,66.47,69.51,66.47,69.02,2311823.0,0.1296591699383062,66.23,2.75,0.0415
2017-03-17,68.6,69.53,66.48,66.48,1973991.0,0.1107117779024116,68.98,-2.53,-0.0367
2017-03-20,66.05,69.86,66.03,69.73,2131206.0,0.1195292204150308,66.45,3.25,0.0489
2017-03-21,70.54,72.05,69.04,70.17,2346254.0,0.1315902411665732,69.7,0.43,0.0062
2017-03-22,69.52,72.96,69.0,72.46,2929383.0,0.1642951766685361,70.13,2.29,0.0327
2017-03-23,72.24,75.24,71.44,72.83,3562488.0,0.1998030286034773,72.42,0.37,0.0051
2017-03-24,73.02,76.54,72.95,75.26,3064623.0,0.1718801458216489,72.79,2.43,0.0334
2017-03-27,74.9,74.94,70.75,73.42,2658704.0,0.1491140773976444,75.22,-1.84,-0.0245
2017-03-28,72.85,75.68,71.34,75.0,2165542.0,0.1214549635445877,73.38,1.58,0.0215
2017-03-29,74.55,76.39,71.94,72.34,1848242.0,0.1036591138530566,74.96,-2.66,-0.0355
2017-03-30,72.03,73.99,69.62,72.2,1802802.0,0.1011106001121705,72.3,-0.14,-0.0019
2017-03-31,69.04,71.55,66.53,69.64,2195768.0,0.1231501962983735,72.16,-2.56,-0.0355
2017-04-05,69.97,71.01,68.14,70.62,1075086.0,0.0602964666292765,69.6,0.98,0.0141
2017-04-06,70.02,71.84,68.88,69.32,1363078.0,0.0764485698261357,70.58,-1.3,-0.0184
2017-04-07,69.32,69.73,65.23,68.12,1751876.0,0.0982544026920919,69.28,-1.2,-0.0173
2017-04-10,67.89,67.89,62.83,62.87,1366198.0,0.0766235558048233,68.08,-5.24,-0.077
2017-04-11,62.78,65.19,62.13,64.58,1113450.0,0.062448121144139,62.84,1.71,0.0272
2017-04-12,64.58,65.21,63.08,63.13,818161.0,0.0458867638810992,64.55,-1.45,-0.0225
2017-04-13,62.53,63.73,62.19,62.24,665334.0,0.0373154234436343,63.1,-0.89,-0.0141
2017-04-14,62.6,63.58,61.15,61.63,691557.0,0.0387861469433538,62.21,-0.61,-0.0098
2017-04-17,60.03,61.01,56.09,57.21,1071702.0,0.0601066741446999,61.6,-4.42,-0.0718
2017-04-18,57.4,58.02,54.35,55.35,1199305.0,0.0672633202467751,57.18,-1.85,-0.0324
2017-04-19,55.02,57.02,54.56,56.69,661246.0,0.0370861469433538,55.33,1.34,0.0242
2017-04-20,56.41,57.12,55.03,56.42,562825.0,0.0315661805945036,56.67,-0.27,-0.0048
2017-04-21,56.52,57.5,55.53,55.73,546010.0,0.0306231071228266,56.4,-0.69,-0.0122
2017-04-24,56.52,56.52,53.52,55.28,410000.0,0.0229949523275378,55.71,-0.45,-0.0081
2017-04-25,56.46,58.02,55.5,57.07,720790.0,0.0404256870443073,55.26,1.79,0.0324
2017-04-26,56.78,57.96,56.57,57.02,648358.0,0.0363633202467751,57.05,-0.05,-0.0009
2017-04-27,57.6,62.72,57.6,62.72,2058599.0,0.1154570386988222,57.0,5.7,0.1
2017-04-28,63.03,68.37,62.59,64.83,2471457.0,0.1386122826696579,62.7,2.11,0.0337
2017-05-02,67.03,67.03,63.54,66.6,1488712.0,0.0834947840717891,64.81,1.77,0.0273
2017-05-03,66.51,66.51,64.7,65.61,1007263.0,0.0564925967470555,66.58,-0.99,-0.0149
2017-05-04,65.48,68.03,65.07,65.07,1001212.0,0.0561532249018508,65.59,-0.54,-0.0082
2017-05-05,64.29,67.67,63.72,65.76,846624.0,0.0474831183398766,65.05,0.69,0.0106
2017-05-08,65.03,71.0,65.0,67.84,1572841.0,0.0882131800336511,65.74,2.07,0.0315
2017-05-09,68.02,73.95,66.04,72.41,2116333.0,0.118695064498037,67.81,4.58,0.0675
2017-05-10,72.22,75.52,70.09,70.22,1848821.0,0.1036915872125631,72.39,-2.19,-0.0303
2017-05-11,71.23,71.24,68.42,70.92,1399200.0,0.0784744812114413,70.0,0.69,0.0099
2017-05-12,71.02,71.73,68.21,69.23,957587.0,0.0537065058889512,70.69,-1.68,-0.0238
2017-05-15,70.22,73.03,69.72,72.36,1249470.0,0.0700768367919237,69.01,3.12,0.0452
2017-05-16,71.64,76.24,70.92,75.18,1368481.0,0.076751598429613,72.13,2.81,0.039
2017-05-17,74.85,80.05,74.03,75.49,1344790.0,0.0754228827818283,74.94,0.31,0.0041
2017-05-18,74.91,78.64,71.2,72.91,1184379.0,0.0664261918115535,75.25,-2.57,-0.0342
2017-05-19,74.11,74.18,68.54,68.88,999904.0,0.056079865395401,72.68,-4.01,-0.0552
2017-05-22,70.11,71.2,66.36,66.97,1037689.0,0.0581990465507571,68.67,-1.9,-0.0277
2017-05-23,67.01,68.04,63.32,64.79,1188361.0,0.0666495232753785,66.77,-2.18,-0.0326
2017-05-24,64.2,67.71,62.64,64.69,1508394.0,0.08459865395401,64.59,-0.1,-0.0015
2017-05-25,64.77,66.1,61.8,63.9,1239674.0,0.0695274256870443,64.49,-0.79,-0.0122
2017-05-26,63.77,64.56,62.15,62.3,852623.0,0.0478195737521031,63.7,-1.6,-0.0251
2017-05-31,63.6,66.07,63.6,64.68,1152660.0,0.0646472237801458,62.1,2.37,0.0382
2017-06-01,63.2,65.21,59.89,60.9,1212777.0,0.0680189007291082,64.47,-3.77,-0.0585
2017-06-02,60.63,62.9,58.34,62.1,949915.0,0.0532762198541783,60.7,1.2,0.0198
2017-06-05,62.21,67.72,62.21,66.32,1299192.0,0.0728655075715087,61.9,4.2,0.0679
2017-06-06,66.23,66.62,64.73,66.32,534682.0,0.0299877734155917,66.1,0.0,0.0
2017-06-07,66.27,68.88,65.47,67.62,838661.0,0.0470365114974761,66.1,1.3,0.0197
2017-06-08,67.62,67.92,65.21,66.41,883365.0,0.0495437464946719,67.4,-1.21,-0.018
2017-06-09,66.45,69.13,65.12,68.41,1091300.0,0.0612058328659562,66.19,1.99,0.0301
2017-06-12,67.99,67.99,65.44,66.17,972662.0,0.05455199102636,68.18,-2.23,-0.0327
2017-06-13,66.17,67.73,64.82,66.96,656908.0,0.0368428491306786,65.95,0.79,0.012
2017-06-14,66.87,67.41,65.27,65.64,518794.0,0.0290966909702748,66.74,-1.32,-0.0198
2017-06-15,65.11,68.09,65.1,67.33,780553.0,0.0437775098149186,65.42,1.69,0.0258
2017-06-16,67.42,67.73,66.22,66.77,453698.0,0.0254457655636567,67.11,-0.56,-0.0083
2017-06-19,67.23,67.56,66.56,66.81,337219.0,0.0189130117779024,66.55,0.03,0.0005
2017-06-20,67.43,73.04,67.42,69.13,1065195.0,0.059741727425687,66.58,2.32,0.0348
2017-06-21,70.23,70.23,67.84,68.6,599880.0,0.0336444195176668,68.9,-0.53,-0.0077
2017-06-22,68.81,68.89,64.86,65.22,850164.0,0.0476816601233875,68.37,-3.37,-0.0493
2017-06-23,65.61,66.16,63.21,65.4,512836.0,0.0287625350532809,65.0,0.18,0.0028
2017-06-26,65.61,68.22,65.22,67.98,785422.0,0.0440505888951205,65.18,2.57,0.0394
2017-06-27,68.02,69.62,67.52,68.87,728277.0,0.040845597307908,67.75,0.89,0.0131
2017-06-28,69.73,70.23,68.2,69.13,625089.0,0.0350582725743129,68.64,0.26,0.0038
2017-06-29,69.52,71.73,68.94,70.93,760832.0,0.0426714526079641,68.9,1.8,0.0261
2017-06-30,70.23,73.04,68.52,72.53,1531222.0,0.0858789680314077,70.7,1.6,0.0226
2017-07-03,72.84,72.93,71.33,71.79,473700.0,0.0265675827257431,72.3,-0.74,-0.0102
2017-07-04,71.93,72.79,70.23,70.52,656466.0,0.0368180594503645,71.56,-1.27,-0.0177
2017-07-05,68.87,69.22,65.97,66.68,2132100.0,0.1195793606281548,70.29,-3.83,-0.0545
2017-07-06,66.35,67.72,66.35,67.54,1472688.0,0.0825960740325294,66.46,0.86,0.0129
2017-07-07,69.8,70.56,68.43,69.38,1327902.0,0.0744757150869321,67.32,1.84,0.0273
2017-07-10,69.1,70.8,68.36,69.02,1242596.0,0.0696913067863152,69.16,-0.36,-0.0052
2017-07-11,67.72,69.53,66.22,67.23,1024765.0,0.0574742007851935,68.8,-1.79,-0.026
2017-07-12,67.23,67.23,64.01,65.52,905622.0,0.0507920358945597,67.01,-1.7,-0.0254
2017-07-13,65.52,66.67,64.09,64.2,537321.0,0.0301357823892316,65.31,-1.31,-0.0201
2017-07-14,64.18,64.28,61.81,62.14,750611.0,0.0420982052720134,64.0,-2.06,-0.0322
2017-07-17,62.05,62.05,55.93,55.93,1188806.0,0.0666744812114413,61.94,-6.19,-0.0999
2017-07-18,55.88,55.88,50.37,53.21,1738955.0,0.097529725182277,55.75,-2.71,-0.0486
2017-07-19,52.83,54.37,51.42,53.87,855125.0,0.0479598990465507,53.04,0.66,0.0124
2017-07-20,53.87,54.68,52.95,52.97,695451.0,0.0390045429052159,53.7,-0.9,-0.0168
2017-07-21,52.17,53.02,51.66,51.66,596669.0,0.0334643297812675,52.8,-1.3,-0.0246
2017-07-24,51.46,51.46,48.45,50.43,1131217.0,0.0634445877734155,51.5,-1.23,-0.0239
2017-07-25,50.33,51.12,48.55,49.45,1022473.0,0.0573456533931576,50.27,-0.98,-0.0195
2017-07-26,49.42,50.64,49.16,50.35,1084481.0,0.0608233875490745,49.29,0.9,0.0183
2017-07-27,49.69,54.68,49.69,53.32,1689077.0,0.0947323051037577,50.19,2.96,0.059
2017-07-28,53.02,53.54,51.86,52.48,870550.0,0.0488250140213123,53.15,-0.84,-0.0158
2017-07-31,53.48,54.65,52.17,53.47,1573987.0,0.0882774537296691,52.31,0.99,0.0189
2017-08-01,53.46,53.95,52.52,53.81,976887.0,0.0547889512058328,53.3,0.34,0.0064
2017-08-02,53.79,53.81,52.08,52.37,743072.0,0.0416753785754346,53.64,-1.44,-0.0268
2017-08-03,52.36,53.11,51.27,52.15,841774.0,0.0472111048794167,52.2,-0.22,-0.0042
2017-08-04,51.95,52.33,50.72,50.77,712607.0,0.0399667414469994,51.98,-1.38,-0.0265
2017-08-07,50.7,51.47,50.42,50.8,474500.0,0.0266124509254066,50.6,0.03,0.0006
2017-08-08,50.75,51.37,49.97,50.83,515912.0,0.0289350532809871,50.63,0.03,0.0006
2017-08-09,50.83,51.25,50.39,50.83,442100.0,0.0247952888390353,50.66,0.0,0.0
2017-08-10,51.06,51.06,49.18,49.26,612803.0,0.0343692091979809,50.66,-1.56,-0.0308
2017-08-11,49.16,49.51,47.47,47.86,1010955.0,0.0566996634885025,49.1,-1.4,-0.0285
2017-08-14,47.84,51.12,47.84,50.9,1141712.0,0.0640332024677509,47.7,3.03,0.0635
2017-08-15,51.65,51.65,50.21,50.83,664200.0,0.0372518227706113,50.73,-0.07,-0.0014
2017-08-16,50.43,51.87,49.76,51.23,1038129.0,0.058223724060572,50.66,0.4,0.0079
2017-08-17,50.97,53.05,50.47,52.65,1277708.0,0.0716605720695457,51.06,1.42,0.0278
2017-08-18,51.64,52.63,51.47,51.82,669600.0,0.0375546831183398,52.48,-0.83,-0.0158
2017-08-21,52.02,52.56,51.83,52.47,537855.0,0.030165731912507,51.65,0.65,0.0126
2017-08-22,52.49,52.93,51.53,51.83,565437.0,0.0317126752664049,52.3,-0.64,-0.0122
2017-08-23,52.02,52.74,50.79,51.93,754883.0,0.0423378014582164,51.66,0.1,0.0019
2017-08-24,51.93,52.05,50.87,50.89,529000.0,0.0296690970274817,51.76,-1.04,-0.0201
2017-08-25,51.05,52.56,50.93,52.31,803476.0,0.0450631519910263,50.72,1.42,0.028
2017-08-28,52.98,55.68,52.8,54.63,1525973.0,0.0855845765563656,52.14,2.31,0.0443
2017-08-29,55.18,58.68,54.52,56.49,1829284.0,0.1025958496915311,54.45,1.85,0.034
2017-08-30,56.21,57.08,55.56,56.09,1014405.0,0.0568931575995513,56.3,-0.4,-0.0071
2017-08-31,56.18,58.64,56.18,57.69,1165461.0,0.0653651710600112,55.9,1.6,0.0286
2017-09-01,57.68,62.88,57.42,60.2,1898856.0,0.1064978126752664,57.5,2.5,0.0435
2017-09-04,60.13,64.75,60.08,63.21,2415085.0,0.1354506449803701,60.0,3.0,0.05
2017-09-05,62.99,63.71,61.77,63.41,1116287.0,0.0626072349971957,63.0,0.2,0.0032
2017-09-06,63.41,64.52,62.22,63.97,1054362.0,0.0591341559169938,63.2,0.55,0.0087
2017-09-07,63.97,65.13,62.96,64.0,922320.0,0.0517285473920358,63.75,0.03,0.0005
2017-09-08,63.23,64.18,60.84,61.21,1288418.0,0.0722612450925406,63.78,-2.78,-0.0436
2017-09-11,61.38,64.2,61.21,61.75,1143800.0,0.0641503084688726,61.0,0.54,0.0089
2017-09-12,61.25,63.4,61.01,61.51,968626.0,0.0543256309590577,61.54,-0.24,-0.0039
2017-09-13,61.95,61.95,58.82,60.21,1290371.0,0.0723707795849691,61.3,-1.3,-0.0212
2017-09-14,60.31,62.19,59.3,59.76,1352379.0,0.0758485137408861,60.0,-0.45,-0.0075
2017-09-15,60.12,61.66,59.42,60.11,772862.0,0.0433461581604038,59.55,0.35,0.0059
2017-09-18,60.6,60.6,59.24,59.67,564777.0,0.0316756590016825,59.9,-0.43,-0.0072
2017-09-19,59.71,60.77,59.71,60.43,719412.0,0.0403484015703869,59.47,0.75,0.0126
2017-09-20,60.07,61.43,57.4,60.61,1022945.0,0.057372125630959,60.22,0.18,0.003
2017-09-21,59.94,62.65,59.94,60.69,1092172.0,0.0612547392035894,60.4,0.08,0.0013
2017-09-22,60.27,62.71,59.3,62.71,1477382.0,0.0828593381940549,60.48,2.02,0.0334
2017-09-25,62.75,65.22,62.42,63.7,1754320.0,0.0983914750420639,62.5,0.98,0.0157
2017-09-26,62.73,63.21,60.3,61.16,1039614.0,0.0583070106561974,63.48,-2.53,-0.0399
2017-09-27,60.4,62.01,60.4,61.81,506827.0,0.0284255187885586,60.95,0.65,0.0107
2017-09-28,61.51,66.53,61.51,65.16,1240261.0,0.0535369791020077,61.6,3.34,0.0542
2017-09-29,65.22,67.73,64.92,66.24,1190904.0,0.0514064399029699,64.94,1.07,0.0165
2017-10-09,66.71,67.18,64.22,65.91,862524.0,0.0372316225076658,66.01,-0.33,-0.005
2017-10-10,65.91,72.5,64.73,70.59,2040609.0,0.0880847187715883,65.68,4.67,0.0711
2017-10-11,70.67,74.75,69.74,71.45,1875417.0,0.0809540578447198,70.35,0.85,0.0121
2017-10-12,72.18,77.5,69.59,75.55,1973947.0,0.0852071937176698,71.2,4.09,0.0574
2017-10-13,75.57,77.66,73.81,75.64,1397327.0,0.0603168739464283,75.29,0.1,0.0013
2017-10-16,75.64,76.75,72.37,74.15,902527.0,0.0389583879022219,75.39,-1.49,-0.0198
2017-10-17,74.12,77.87,73.26,77.16,1045913.0,0.0451477732699151,73.9,3.0,0.0406
2017-10-18,77.14,78.88,73.97,74.5,896354.0,0.0386919248174384,76.9,-2.65,-0.0345
2017-10-19,74.64,76.23,72.37,75.45,734088.0,0.0316875673064255,74.25,0.95,0.0128
2017-10-20,74.72,76.0,73.25,73.28,612438.0,0.0264364358850882,75.2,-2.16,-0.0287
2017-10-23,73.74,76.52,73.28,76.19,697473.0,0.0301070479723337,73.04,2.9,0.0397
2017-10-24,76.03,76.83,72.74,73.44,643441.0,0.02777470820285,75.94,-2.74,-0.0361
2017-10-25,73.5,80.79,73.5,80.79,2193587.0,0.0946881514273494,73.2,7.32,0.1
2017-10-26,81.69,83.27,79.26,81.17,1713984.0,0.0739856575262591,80.52,0.38,0.0047
2017-10-27,82.27,84.18,78.16,78.27,1499955.0,0.064746903667012,80.9,-2.89,-0.0357
2017-10-30,80.26,80.32,75.25,76.66,1529690.0,0.0660304416268432,78.01,-1.6,-0.0205
2017-10-31,77.51,78.24,74.8,75.2,1529920.0,0.0660403697832502,76.41,-1.46,-0.0191
2017-11-01,75.49,78.18,75.27,75.89,1474800.0,0.0636610655173717,74.95,0.69,0.0092
2017-11-02,76.75,79.04,75.18,75.25,1232261.0,0.0531916519226349,75.64,-0.64,-0.0085
2017-11-03,74.29,76.75,72.57,74.23,1250285.0,0.0539696740577618,75.0,-1.01,-0.0135
2017-11-06,74.58,79.54,74.55,78.74,1747318.0,0.0754245495509106,73.99,4.5,0.0608
2017-11-07,77.76,80.53,76.55,80.25,1331826.0,0.0574894644994163,78.49,1.5,0.0191
2017-11-08,80.19,80.99,78.36,79.45,1201886.0,0.0518804877884539,79.99,-0.79,-0.0099
2017-11-09,79.45,80.06,77.25,79.86,1080120.0,0.0466243491230157,79.2,0.4,0.0051
2017-11-10,79.42,82.77,78.61,80.56,1026868.0,0.0443256787535208,79.6,0.7,0.0088
2017-11-13,80.57,82.15,79.81,81.46,922062.0,0.0398016337083528,80.3,0.89,0.0111
2017-11-14,80.87,81.85,78.04,79.58,735326.0,0.0317410066874334,81.19,-1.87,-0.023
2017-11-15,79.58,80.52,77.38,78.57,549914.0,0.0237375313147002,79.32,-1.01,-0.0127
2017-11-16,78.26,79.16,75.95,77.26,608018.0,0.0262456426184847,78.31,-1.31,-0.0167
2017-11-17,76.69,77.25,69.53,70.07,1287210.0,0.0555635748200543,77.0,-7.17,-0.0931
2017-11-20,70.59,70.59,66.32,69.84,867843.0,0.0374612219160513,69.83,-0.23,-0.0033
2017-11-21,70.08,71.74,67.33,69.81,740500.0,0.0319643470406928,69.6,-0.02,-0.0003
2017-11-22,69.73,71.74,66.93,69.67,889363.0,0.038390152028564,69.58,-0.14,-0.002
2017-11-23,69.67,70.52,64.73,65.62,758663.0,0.0327483692355613,69.44,-4.04,-0.0582
2017-11-24,64.91,67.7,64.51,66.8,527206.0,0.0227573201160506,65.4,1.18,0.018
2017-11-27,66.34,71.32,64.63,69.82,972459.0,0.0419770654407091,66.58,3.01,0.0452
2017-11-28,68.37,70.59,68.03,70.04,559802.0,0.024164355708405,69.59,0.22,0.0032
2017-11-29,69.68,70.93,67.35,69.48,636924.0,0.0274933960493534,69.81,-0.56,-0.008
2017-11-30,68.73,70.09,67.23,67.63,484026.0,0.020893416665386,69.25,-1.85,-0.0267
2017-12-01,67.49,68.73,66.46,67.56,440276.0,0.0190049086531911,67.4,-0.07,-0.001
2017-12-04,65.52,68.11,65.52,67.33,320333.0,0.0138274614187525,67.33,-0.23,-0.0034
2017-12-05,67.19,67.23,62.38,63.83,583745.0,0.0251978767903703,67.1,-3.49,-0.052
2017-12-06,62.86,65.62,60.54,65.32,712201.0,0.030742795309559,63.61,1.49,0.0234
2017-12-07,64.91,67.03,63.01,65.12,398600.0,0.0172059267122487,65.1,-0.2,-0.0031
2017-12-08,64.42,68.23,64.27,67.04,469497.0,0.0202662593417476,64.9,1.91,0.0294
2017-12-11,66.93,68.71,66.53,68.24,425896.0,0.0183841830482686,66.81,1.2,0.018
2017-12-12,67.77,69.23,67.74,68.22,202028.0,0.0087207199242904,68.01,-0.02,-0.0003
2017-12-13,67.07,68.56,67.07,68.13,245059.0,0.0105781916562392,67.99,-0.09,-0.0013
2017-12-14,68.13,68.52,66.79,68.11,194200.0,0.0083828172792742,67.9,-0.02,-0.0003
2017-12-15,67.74,68.07,66.43,67.73,269464.0,0.0116316553828133,67.88,-0.38,-0.0056
2017-12-18,67.23,68.71,66.61,68.33,265311.0,0.0114523874108214,67.5,0.6,0.0089
2017-12-19,68.33,68.73,67.53,68.44,190602.0,0.0082275063803512,68.1,0.11,0.0016
2017-12-20,68.43,70.17,67.23,70.11,515003.0,0.0222305666698148,68.21,1.66,0.0243
2017-12-21,70.1,70.84,68.24,69.41,358922.0,0.0154931902343545,69.87,-0.69,-0.0099
2017-12-22,69.23,70.14,68.26,69.68,290834.0,0.0125541106107128,69.18,0.26,0.0038
2017-12-25,69.03,69.97,67.73,69.13,238183.0,0.0102813829455683,69.44,-0.55,-0.0079
2017-12-26,68.68,69.65,68.14,69.63,196682.0,0.0084899550366746,68.89,0.5,0.0073
2017-12-27,70.24,71.79,66.28,68.2,513300.0,0.0221570551465059,69.39,-1.42,-0.0205
2017-12-28,68.03,68.03,66.03,66.05,432300.0,0.0186606174553565,67.97,-2.14,-0.0315
2017-12-29,66.6,67.11,63.61,65.52,463600.0,0.0200117100446525,65.83,-0.53,-0.0081
2018-01-02,65.47,66.01,64.22,65.51,386800.0,0.0166965691226738,65.3,-0.01,-0.0002
2018-01-03,65.47,67.07,64.82,66.31,365001.0,0.0157555957247804,65.29,0.8,0.0123
2018-01-04,65.66,67.44,65.56,67.02,296919.0,0.0128167750965232,66.09,0.71,0.0107
2018-01-05,67.59,67.69,65.34,65.37,257916.0,0.0111331755993887,66.8,-1.65,-0.0247
2018-01-08,64.91,65.47,60.0,60.9,939688.0,0.0405624758163059,65.15,-4.45,-0.0683
2018-01-09,61.1,63.01,60.7,61.35,498829.0,0.0215324014449179,60.7,0.45,0.0074
2018-01-10,61.74,62.19,61.0,62.19,314500.0,0.0135756747390923,61.15,0.83,0.0136
2018-01-11,61.89,63.1,61.21,62.2,358526.0,0.0154760965389756,61.98,0.01,0.0002
2018-01-12,63.2,63.2,60.2,61.05,466500.0,0.0201368911471751,61.99,-1.14,-0.0184
2018-01-15,61.25,61.25,59.26,60.3,316860.0,0.0136775462570073,60.85,-0.75,-0.0123
2018-01-16,60.4,60.67,54.27,54.29,1125028.0,0.0485628432444248,60.1,-5.99,-0.0997
2018-01-17,54.29,54.95,51.52,54.57,1219830.0,0.052655056651787,54.11,0.28,0.0052
2018-01-18,54.13,55.14,53.69,54.56,580037.0,0.025037817642731,54.39,-0.01,-0.0002
2018-01-19,54.73,55.59,54.2,54.32,537127.0,0.0231855689843703,54.38,-0.24,-0.0044
2018-01-22,53.98,55.09,50.97,54.55,889972.0,0.0384164400600938,54.14,0.22,0.0041
2018-01-23,54.56,54.69,52.77,52.96,759944.0,0.0328036647501583,54.36,-1.58,-0.0291
2018-01-24,53.2,53.66,50.97,53.29,1333844.0,0.057576573280413,52.78,0.33,0.0063
2018-01-25,53.28,57.2,52.77,54.76,1204118.0,0.0519768340714989,53.11,1.46,0.0275
2018-01-26,53.98,55.12,53.29,53.9,616743.0,0.0266222650734882,54.57,-0.85,-0.0156
2018-01-29,51.67,53.68,51.15,51.99,925230.0,0.0399383832713845,53.72,-1.9,-0.0354
2018-01-30,50.17,52.27,50.17,51.96,373382.0,0.0161173691110708,51.82,-0.03,-0.0006
2018-01-31,51.96,52.58,50.17,51.83,568772.0,0.0245515538082767,51.79,-0.13,-0.0025
2018-02-01,51.66,51.96,50.19,50.25,526830.0,0.0227410897386201,51.66,-1.58,-0.0306
2018-02-02,50.25,50.95,48.18,48.51,491543.0,0.0212178947163042,50.08,-1.73,-0.0345
2018-02-05,49.11,49.11,45.96,45.96,587194.0,0.0253467559705774,48.35,-2.55,-0.0527
2018-02-06,45.15,45.15,41.82,41.82,511682.0,0.0220872127244777,45.8,-4.12,-0.09
2018-02-07,43.13,43.13,40.66,42.15,652596.0,0.0281698919937447,41.68,0.33,0.0079
2018-02-08,42.15,44.66,41.55,44.29,511785.0,0.0220916588119122,42.01,2.13,0.0507
2018-02-09,43.14,46.09,42.34,44.52,493151.0,0.0212873054793581,44.14,0.23,0.0052
2018-02-12,45.01,48.66,44.21,47.21,630712.0,0.0272252494945705,44.37,2.68,0.0604
2018-02-13,47.31,49.66,47.31,49.56,745498.0,0.0321800901960059,47.05,2.35,0.0499
2018-02-14,49.57,49.64,48.16,48.61,306420.0,0.0132268942879258,49.4,-0.95,-0.0192
2018-02-22,49.04,49.24,47.62,48.99,448897.0,0.0193770418548627,48.45,0.38,0.0078
2018-02-23,48.86,48.86,47.87,48.15,300259.0,0.0129609491939113,48.83,-0.84,-0.0172
2018-02-26,48.22,51.55,48.22,51.25,555121.0,0.0239622961425745,47.99,3.09,0.0644
2018-02-27,51.25,54.38,50.84,53.36,924457.0,0.0399050160326776,51.08,2.1,0.0411
2018-02-28,52.17,53.43,51.99,53.17,341871.0,0.0147571685174189,53.18,-0.18,-0.0034
2018-03-01,53.7,54.66,52.67,54.06,350735.0,0.0151397910321639,53.0,0.88,0.0166
2018-03-02,53.51,54.18,53.06,53.58,285100.0,0.0123065973548974,53.88,-0.48,-0.0089
2018-03-05,54.17,54.56,52.87,54.51,362290.0,0.0156385729768705,53.4,0.93,0.0174
2018-03-06,54.93,55.17,53.67,53.97,483500.0,0.0208707114033423,54.33,-0.53,-0.0098
2018-03-07,54.52,54.52,52.67,53.82,442813.0,0.0191144205349497,53.8,-0.15,-0.0028
2018-03-08,52.97,54.37,52.82,54.33,429500.0,0.018539752942576,53.65,0.51,0.0095
2018-03-09,59.77,59.77,59.77,59.77,2670590.0,0.1152784139951436,54.16,5.42,0.1001
2018-03-12,59.77,65.75,59.77,64.71,5246774.0,0.226481708278304,59.58,4.92,0.0826
2018-03-13,63.21,64.81,62.27,63.76,2562697.0,0.1106211158246352,64.5,-0.95,-0.0147
2018-03-14,63.88,67.92,62.5,63.23,2814151.0,0.1214753533948856,63.55,-0.53,-0.0083
2018-03-15,62.46,63.49,59.53,62.79,1969724.0,0.0850249041328584,63.02,-0.44,-0.007
2018-03-16,63.39,64.09,60.22,61.31,1415533.0,0.0611027522748859,62.58,-1.47,-0.0235
2018-03-19,61.18,62.68,60.7,61.5,1271317.0,0.0548775392123328,61.11,0.19,0.0031
2018-03-20,60.26,60.69,58.29,59.83,1358109.0,0.0586239937813481,61.3,-1.67,-0.0272
2018-03-21,59.85,61.55,58.55,58.79,1324653.0,0.0571798355172111,59.63,-1.03,-0.0173
2018-03-22,58.48,60.52,58.25,59.41,1045646.0,0.0451362479753035,58.6,0.61,0.0104
2018-03-23,56.18,57.18,53.46,53.46,1554909.0,0.0671190423939185,59.21,-5.92,-0.1
2018-03-26,51.72,55.08,51.25,54.85,1356714.0,0.058563777354445,53.29,1.38,0.0259
2018-03-27,55.78,59.67,55.78,59.08,1861252.0,0.0803426129077429,54.67,4.22,0.0772
2018-03-28,58.04,60.99,57.49,60.0,1356028.0,0.0585341655488138,58.89,0.91,0.0155
2018-03-29,61.7,62.1,59.4,60.45,1295755.0,0.0559324274135218,59.8,0.45,0.0075
2018-03-30,61.69,65.47,60.36,64.16,2131335.0,0.0920009879810601,60.25,3.7,0.0614
2018-04-02,64.96,67.22,64.22,65.28,2228068.0,0.0961765547363435,63.95,1.11,0.0174
2018-04-03,63.58,64.46,62.43,64.46,1493554.0,0.0644705987576164,65.06,-0.81,-0.0125
2018-04-04,64.46,64.46,61.53,61.9,1386464.0,0.0598479628027375,64.25,-2.55,-0.0397
2018-04-09,65.0,68.09,62.22,68.09,3726722.0,0.1608672995708101,61.7,6.17,0.1
2018-04-10,68.23,71.57,64.99,67.7,3867756.0,0.1669551587477676,67.87,-0.39,-0.0057
2018-04-11,68.18,71.23,66.22,70.16,3969036.0,0.171327000838627,67.48,2.45,0.0363
2018-04-12,66.37,68.4,63.15,63.15,7787482.0,0.1680768245922679,34.86,-3.48,-0.1
2018-04-13,63.99,63.99,58.84,61.78,6001366.0,0.129527174572731,31.38,-0.68,-0.0217
2018-04-16,60.67,63.1,60.43,61.94,3267926.0,0.0705314792486854,30.7,0.08,0.0026
2018-04-17,62.36,63.48,59.36,59.38,4023668.0,0.0868426200732818,30.78,-1.27,-0.0413
2018-04-18,59.56,61.07,56.34,60.36,3710628.0,0.0800862938088534,29.51,0.49,0.0166
2018-04-19,59.4,63.08,59.38,61.29,4152068.0,0.0896138706877484,30.0,0.46,0.0153
2018-04-20,60.1,61.35,55.94,56.3,3828166.0,0.0826231104344233,30.46,-2.48,-0.0814
2018-04-23,56.6,58.35,55.33,56.64,2484174.0,0.0536158000306995,27.98,0.17,0.0061
2018-04-24,56.97,61.11,56.34,60.49,4638180.0,0.1001056010514521,28.15,1.91,0.0679
2018-04-25,60.57,62.16,60.23,60.87,4696633.0,0.1013671891524445,30.06,0.19,0.0063
2018-04-26,60.48,65.39,60.36,63.2,8470063.0,0.1828089353062335,30.25,1.16,0.0383
2018-04-27,62.68,63.64,59.54,60.16,4381340.0,0.0945622365045706,31.41,-1.51,-0.0481
2018-05-02,59.58,60.24,57.55,58.33,2607738.0,0.0562826755052007,29.9,-0.91,-0.0304
2018-05-03,57.75,60.48,56.78,60.34,2340498.0,0.0505148482917268,28.99,1.0,0.0345
2018-05-04,59.24,60.12,58.01,58.49,2155852.0,0.0465296431440727,29.99,-0.92,-0.0307
2018-05-07,58.57,61.09,58.57,60.92,3239464.0,0.0699171853624787,29.07,1.21,0.0416
2018-05-08,60.93,61.07,58.95,60.64,3503858.0,0.0756235875039216,30.28,-0.14,-0.0046
2018-05-09,60.14,60.73,59.16,59.36,2172400.0,0.046886797779339,30.14,-0.64,-0.0212
2018-05-10,59.74,63.34,59.68,60.95,4574290.0,0.0987266664583192,29.5,0.79,0.0268
2018-05-11,61.64,62.38,57.41,57.85,4600840.0,0.0992996937465909,30.29,-1.54,-0.0508
2018-05-14,56.55,58.28,55.44,55.78,3003018.0,0.0648139834716052,28.75,-1.03,-0.0358
2018-05-15,55.76,56.89,54.97,56.42,1991076.0,0.0429732911873021,27.72,0.32,0.0115
2018-05-16,55.74,56.24,54.33,54.49,2858456.0,0.0616939092400747,28.04,-0.96,-0.0342
2018-05-17,54.83,54.83,52.74,52.96,2609895.0,0.0563292299255699,27.08,-0.76,-0.0281
2018-05-18,52.84,54.09,52.52,53.49,1632998.0,0.0352449120788368,26.32,0.26,0.0099
2018-05-21,54.11,55.38,54.09,55.02,1853870.0,0.0400119811264883,26.58,0.76,0.0286
2018-05-22,55.36,55.54,54.11,55.32,1808469.0,0.0390320936720693,27.34,0.15,0.0055
2018-05-23,55.04,56.79,55.04,55.62,2096769.0,0.0452544577853926,27.49,0.15,0.0055
2018-05-24,55.44,55.95,54.38,54.52,1380366.0,0.0297923685801303,27.64,-0.55,-0.0199
2018-05-25,54.21,55.24,52.85,55.22,1601749.0,0.034570466514573,27.09,0.35,0.0129
2018-05-28,55.04,55.87,54.15,54.5,1246897.0,0.0269117139986487,27.44,-0.36,-0.0131
2018-05-29,54.32,54.94,52.69,52.69,1473388.0,0.0318000576351062,27.08,-0.9,-0.0332
2018-05-30,51.88,51.88,47.41,47.41,2473704.0,0.0533898265576975,26.18,-2.62,-0.1001
2018-05-31,47.39,48.62,47.39,48.26,1481242.0,0.0319695701142808,23.56,0.42,0.0178
2018-06-01,48.86,48.86,44.38,46.43,1623564.0,0.0350412985406991,23.98,-0.91,-0.0379
2018-06-04,46.79,48.1,46.49,47.71,1285368.0,0.0277420316185018,23.07,0.64,0.0277
2018-06-05,48.28,50.27,45.88,49.99,1776087.0,0.0383331946269162,23.71,1.13,0.0477
2018-06-06,49.67,51.42,49.67,50.15,1654570.0,0.0357104994484261,24.84,0.08,0.0032
2018-06-07,50.29,51.88,49.51,49.91,1458428.0,0.0314771767223926,24.92,-0.12,-0.0048
2018-06-08,49.45,49.71,48.3,49.41,1355128.0,0.0292476581205671,24.8,-0.25,-0.0101
2018-06-11,48.56,49.91,48.14,48.54,919088.0,0.0196450162693894,24.55,-0.43,-0.0175
2018-06-12,48.8,50.21,47.29,50.03,1612063.0,0.0344569876467549,24.12,0.74,0.0307
2018-06-13,50.09,50.45,48.52,48.6,1126898.0,0.0240868442890587,24.86,-0.71,-0.0286
2018-06-14,48.3,49.43,47.7,48.96,847351.0,0.018111676119026,24.15,0.18,0.0075
2018-06-15,48.95,49.69,46.99,47.09,1334276.0,0.0285194385389166,24.33,-0.93,-0.0382
2018-06-19,46.89,47.88,42.38,42.99,1898528.0,0.0405800243805722,23.4,-2.04,-0.0872
2018-06-20,42.99,47.29,42.99,45.68,2088394.0,0.0446383089615958,21.36,1.34,0.0627
2018-06-21,46.01,46.93,42.46,42.6,2159082.0,0.0461492272959127,22.7,-1.53,-0.0674
2018-06-22,40.75,44.26,40.75,43.87,1483460.0,0.0317081670471036,21.17,0.63,0.0298
2018-06-25,44.28,45.65,44.28,44.82,1084844.0,0.0231879624472841,21.8,0.47,0.0216
2018-06-26,44.48,45.61,43.63,45.31,1183000.0,0.0252859946454394,22.27,0.24,0.0108
2018-06-27,45.31,46.15,44.72,44.84,1023500.0,0.0218767671340721,22.51,-0.23,-0.0102
2018-06-28,44.88,45.47,44.08,44.12,817597.0,0.0174757002232691,22.28,-0.36,-0.0162
2018-06-29,45.69,46.67,44.92,46.63,1960181.0,0.0418978244041354,21.92,1.25,0.057
2018-07-02,46.31,47.1,44.68,44.88,1618600.0,0.0345967125385531,23.17,-0.87,-0.0375
2018-07-03,44.68,46.49,44.6,46.49,1467200.0,0.0313606182111486,22.3,0.8,0.0359
2018-07-04,46.45,46.45,44.82,44.98,1307201.0,0.0279407248406704,23.1,-0.75,-0.0325
2018-07-05,45.04,45.99,43.51,43.8,1302509.0,0.0278404358407749,22.35,-0.59,-0.0264
2018-07-06,44.04,45.4,42.65,44.58,1325900.0,0.0283404060020187,21.76,0.39,0.0179
2018-07-09,44.9,49.05,44.9,48.73,3994533.0,0.0853810144116917,22.15,2.06,0.093
2018-07-10,49.03,49.03,47.68,48.36,2589797.0,0.0553555309169697,24.21,-0.18,-0.0074
2018-07-11,48.3,48.3,46.51,47.66,2396964.0,0.0517631345581836,24.03,-0.35,-0.0146
2018-07-12,47.7,49.59,47.34,49.07,2895042.0,0.062519273797017,23.68,0.7,0.0296
2018-07-13,48.55,48.89,47.66,48.24,1978333.0,0.042722676385584,24.38,-0.41,-0.0168
2018-07-16,47.56,48.67,47.56,48.26,1213226.0,0.0261999682462844,23.97,0.01,0.0004
2018-07-17,48.87,48.87,47.6,48.49,1090208.0,0.0235433587656753,23.98,0.11,0.0046
2018-07-18,48.51,49.49,47.9,48.35,1755600.0,0.0379126924853052,24.09,-0.07,-0.0029
2018-07-19,48.32,48.65,46.91,47.9,1172810.0,0.0253271729743055,24.02,-0.22,-0.0092
2018-07-20,47.9,48.58,47.13,48.24,960432.0,0.0207408083100061,23.8,0.17,0.0071
2018-07-23,47.9,49.89,47.9,49.65,2074874.0,0.0448075073523327,23.97,0.7,0.0292
2018-07-24,49.23,50.32,48.87,49.53,1393397.0,0.0300908133805803,24.67,-0.06,-0.0024
2018-07-25,49.73,49.95,49.09,49.51,1322344.0,0.0285564031851153,24.61,-0.01,-0.0004
2018-07-26,49.55,49.83,47.8,48.0,982201.0,0.0212109161948959,24.6,-0.75,-0.0305
2018-07-27,47.7,48.1,46.91,47.7,671247.0,0.0144957741471199,23.85,-0.15,-0.0063
2018-07-30,48.18,48.18,46.73,46.85,521899.0,0.0112705606603943,23.7,-0.42,-0.0177
2018-07-31,46.93,47.38,46.73,47.07,344396.0,0.0074373317618872,23.28,0.11,0.0047
2018-08-01,47.14,47.48,45.51,45.59,717660.0,0.0154980763778788,23.39,-0.74,-0.0316
2018-08-02,45.68,45.68,41.16,42.75,1353883.0,0.0292374970608809,22.65,-1.41,-0.0623
2018-08-03,43.17,43.17,41.94,41.94,638533.0,0.0137893058046932,21.24,-0.4,-0.0188
2018-08-06,41.28,42.83,41.26,41.94,532636.0,0.0115024292974499,20.84,0.0,0.0
2018-08-07,41.94,43.35,41.7,43.27,664300.0,0.0143457516621031,20.84,0.66,0.0317
2018-08-08,43.27,43.43,42.06,42.41,583500.0,0.0126008521674502,21.5,-0.43,-0.02
2018-08-09,41.87,43.94,41.87,43.15,1431479.0,0.0309132052438894,21.07,0.37,0.0176
2018-08-10,43.42,43.88,42.97,43.58,903779.0,0.0195173703017069,21.44,0.21,0.0098
2018-08-13,43.03,43.33,41.66,43.25,1242500.0,0.0268321487884437,21.65,-0.16,-0.0074
2018-08-14,43.25,43.33,42.29,42.77,802878.0,0.0173383838671775,21.49,-0.24,-0.0112
2018-08-15,42.77,42.91,41.76,42.0,864900.0,0.0186777669916498,21.25,-0.38,-0.0179
2018-08-16,41.66,42.53,41.26,41.8,607300.0,0.0131148200879049,20.87,-0.1,-0.0048
2018-08-17,42.57,42.75,40.76,40.76,604878.0,0.0130625162936468,20.77,-0.52,-0.025
2018-08-20,40.76,41.22,38.68,40.27,1181500.0,0.0255148360511438,20.25,-0.24,-0.0119
2018-08-21,40.05,40.76,39.45,40.25,1018728.0,0.0219997273810492,20.01,-0.01,-0.0005
2018-08-22,40.25,40.25,39.04,39.45,517300.0,0.0111712439181182,20.0,-0.4,-0.02
2018-08-23,39.97,40.47,39.49,39.83,858878.0,0.0185477201506003,19.6,0.19,0.0097
2018-08-24,39.71,40.48,39.57,40.05,715828.0,0.0154585138051783,19.79,0.11,0.0056
2018-08-27,40.05,41.68,40.01,41.24,1258600.0,0.0271798329699277,19.9,0.59,0.0296
2018-08-28,41.08,41.44,40.79,41.04,616674.0,0.0133172543436335,20.49,-0.1,-0.0049
2018-08-29,41.42,41.56,40.73,41.02,531700.0,0.0114822161052841,20.39,-0.01,-0.0005
2018-08-30,41.01,41.28,39.89,40.07,621371.0,0.0134186874244056,20.38,-0.47,-0.0231
2018-08-31,39.65,40.47,39.46,40.01,329610.0,0.007118023792482,19.91,-0.03,-0.0015
2018-09-03,39.85,40.05,37.93,38.8,931266.0,0.0201109600592505,19.88,-0.6,-0.0302
2018-09-04,38.76,39.48,38.44,39.34,710457.0,0.0153425254984236,19.28,0.27,0.014
2018-09-05,39.34,39.47,38.16,38.4,972100.0,0.0209927821627735,19.55,-0.47,-0.024
2018-09-06,37.96,38.7,37.88,38.16,559210.0,0.0120763025545155,19.08,-0.12,-0.0063
2018-09-07,38.14,38.94,37.39,38.08,689660.0,0.0148934082361674,18.96,-0.04,-0.0021
2018-09-10,38.08,38.48,36.63,36.69,673455.0,0.014543456549152,18.92,-0.69,-0.0365
2018-09-11,36.73,37.11,36.22,36.87,616500.0,0.0133134967630386,18.23,0.09,0.0049
2018-09-12,36.87,37.39,36.4,37.09,563437.0,0.0121675858486232,18.32,0.11,0.006
2018-09-13,37.09,37.79,36.48,37.09,772808.0,0.016689013473561,18.43,0.0,0.0
2018-09-14,37.03,37.43,36.57,36.89,580718.0,0.012540774068513,18.43,-0.1,-0.0054
2018-09-17,36.93,36.93,34.97,35.62,709782.0,0.0153279486771502,18.33,-0.63,-0.0344
2018-09-18,36.22,36.22,32.42,36.02,589400.0,0.0127282643830251,17.7,0.2,0.0113
2018-09-19,36.22,37.13,35.3,36.82,738385.0,0.0159456387791992,17.9,0.4,0.0223
2018-09-20,37.09,37.09,36.34,36.38,528300.0,0.0114087921166477,18.3,-0.22,-0.012
2018-09-21,36.63,37.23,36.34,37.09,546000.0,0.0117910287633724,18.08,0.35,0.0194
2018-09-25,37.23,37.23,36.32,36.71,671900.0,0.0145098758719962,18.43,-0.19,-0.0103
2018-09-26,37.01,37.01,36.32,36.54,638382.0,0.0137860449157861,18.24,-0.08,-0.0044
2018-09-27,36.93,36.93,35.42,35.8,671200.0,0.0144947591684534,18.16,-0.37,-0.0204
2018-09-28,36.18,36.18,35.42,35.94,618200.0,0.0133502087573568,17.79,0.07,0.0039
2018-10-08,35.6,35.6,33.26,33.89,692200.0,0.014948260274737,17.86,-1.02,-0.0571
2018-10-09,34.27,34.89,33.42,34.41,952700.0,0.0205738335217306,16.84,0.26,0.0154
2018-10-10,34.71,34.71,33.95,34.41,630610.0,0.0136182063158796,17.1,0.0,0.0
2018-10-11,34.19,37.73,33.6,34.19,2184500.0,0.0471749126988775,17.1,-0.11,-0.0064
2018-10-12,33.61,33.71,31.19,32.5,2051408.0,0.0443007522589969,16.99,-0.84,-0.0494
2018-10-15,32.56,33.32,32.12,32.12,1033641.0,0.0223217779523829,16.15,-0.19,-0.0118
2018-10-16,32.16,33.14,31.05,31.31,1693220.0,0.0365655782467353,15.96,-0.4,-0.0251
2018-10-17,31.83,32.78,31.61,32.32,1497200.0,0.03233246934894,15.56,0.5,0.0321
2018-10-18,34.04,35.55,32.98,33.68,4038561.0,0.0872138991092201,16.06,0.68,0.0423
2018-10-19,32.34,34.17,30.32,34.01,3178245.0,0.0686351249304847,16.74,0.16,0.0096
2018-10-22,34.13,36.16,34.03,35.43,2792209.0,0.0602985652607095,16.9,0.71,0.042
2018-10-23,35.61,35.82,34.51,34.99,1669618.0,0.0360558861938541,17.61,-0.22,-0.0125
2018-10-24,34.89,35.51,34.29,34.81,1515100.0,0.0327190250538197,17.39,-0.09,-0.0052
2018-10-25,33.16,34.55,32.76,34.51,1258400.0,0.0271755139117727,17.3,-0.15,-0.0087
2018-10-26,34.71,34.79,33.64,34.21,1076200.0,0.0232408519324934,17.15,-0.15,-0.0087
2018-10-29,34.21,34.29,33.36,33.84,579446.0,0.0125133048586467,17.0,-0.18,-0.0106
2018-10-30,34.04,34.57,33.04,34.12,816975.0,0.0176428126812384,16.82,0.14,0.0083
2018-10-31,34.21,36.0,34.21,35.33,1669300.0,0.0360490188913876,16.96,0.6,0.0354
2018-11-01,35.43,36.88,35.43,35.7,2739094.0,0.0591515313911738,17.56,0.18,0.0103
2018-11-02,36.12,36.6,35.84,36.6,2170300.0,0.0468682595698667,17.74,0.45,0.0254
2018-11-05,36.64,37.05,35.74,36.32,1937000.0,0.0418300782319641,18.19,-0.14,-0.0077
2018-11-06,36.22,36.22,34.73,35.82,1761200.0,0.0380336261136475,18.05,-0.25,-0.0139
2018-11-07,36.2,36.2,34.81,35.88,1027369.0,0.0221863322886395,17.8,0.03,0.0017
2018-11-08,35.9,36.58,35.01,35.35,872128.0,0.0188338577533745,17.83,-0.26,-0.0146
2018-11-09,34.91,35.41,34.81,35.17,673050.0,0.0145347104563879,17.57,-0.09,-0.0051
2018-11-12,35.17,35.96,34.81,35.96,1272177.0,0.0274730322327854,17.48,0.39,0.0223
2018-11-13,35.79,36.44,35.27,36.24,1728278.0,0.0373226659507395,17.87,0.14,0.0078
2018-11-14,35.98,36.78,35.81,36.32,1698210.0,0.0366733387477046,18.01,0.04,0.0022
2018-11-15,35.92,38.13,35.92,37.73,2977110.0,0.0642915561203732,18.05,0.7,0.0388
2018-11-16,38.03,38.43,37.45,38.37,2625470.0,0.0566977880721089,18.75,0.32,0.0171
2018-11-19,38.79,38.93,37.57,37.89,1253193.0,0.0270630672327051,19.07,-0.24,-0.0126
2018-11-20,37.52,37.75,36.62,36.74,1188293.0,0.0256615328613812,18.83,-0.57,-0.0303
2018-11-21,36.26,36.96,35.83,36.82,1106119.0,0.0238869614372028,18.26,0.04,0.0022
2018-11-22,36.92,37.1,36.46,36.66,843593.0,0.0182176361310982,18.3,-0.08,-0.0044
2018-11-23,36.92,36.92,34.21,34.55,1266428.0,0.0273488809061176,18.22,-1.05,-0.0576
2018-11-26,34.51,34.81,33.2,33.66,1010100.0,0.021813403212239,17.17,-0.44,-0.0256
2018-11-27,34.0,34.04,33.04,33.62,1177529.0,0.0254290811514747,16.73,-0.02,-0.0012
2018-11-28,33.24,34.21,32.98,34.19,1559902.0,0.0336865372711395,16.71,0.28,0.0168
2018-11-29,34.33,34.33,32.82,32.86,1188766.0,0.0256717474339179,16.99,-0.66,-0.0388
2018-11-30,32.86,33.28,31.97,33.22,1208428.0,0.026096354041144,16.33,0.18,0.011
2018-12-03,34.17,36.54,33.62,36.54,2567969.0,0.0554560372572322,16.51,1.65,0.0999
2018-12-04,36.18,37.63,35.88,36.96,4165105.0,0.0899466535851033,18.16,0.21,0.0116
2018-12-05,36.97,36.97,35.72,36.22,1976650.0,0.042686331511209,18.37,-0.37,-0.0201
2018-12-06,35.82,35.82,34.21,34.45,3023600.0,0.0652955211885218,18.0,-0.88,-0.0489
2018-12-07,34.55,34.81,34.37,34.59,984900.0,0.0212692018846987,17.12,0.07,0.0041
2018-12-10,34.25,34.25,33.7,33.77,972000.0,0.020990622633696,17.19,-0.41,-0.0239
2018-12-11,33.85,34.41,33.71,34.41,927096.0,0.0200209076967171,16.78,0.32,0.0191
2018-12-12,34.47,34.89,34.27,34.73,1007056.0,0.0217476671471187,17.1,0.16,0.0094
2018-12-13,34.75,35.18,34.51,34.91,1515985.0,0.032738136886156,17.26,0.09,0.0052
2018-12-14,34.87,34.98,33.75,33.83,1132192.0,0.02445001545359,17.35,-0.54,-0.0311
2018-12-17,34.13,34.13,33.2,33.85,1159810.0,0.0250464341942252,16.81,0.01,0.0006
2018-12-18,33.71,33.71,32.3,32.92,1504400.0,0.0324879554425229,16.82,-0.46,-0.0273
2018-12-19,32.95,33.13,32.34,32.5,935910.0,0.0202112485896115,16.36,-0.21,-0.0128
2018-12-20,32.36,32.93,32.36,32.91,1073393.0,0.0231802339512869,16.15,0.2,0.0124
2018-12-21,33.09,33.09,32.5,32.89,898500.0,0.0194033687617035,16.35,-0.01,-0.0006
2018-12-24,32.83,34.5,32.83,33.91,2054000.0,0.0443567272526868,16.34,0.51,0.0312
2018-12-25,33.45,33.63,32.06,33.61,1697920.0,0.0366670761133797,16.85,-0.15,-0.0089
2018-12-26,33.67,36.97,33.31,34.42,2640493.0,0.0570222141254278,16.7,0.4,0.024
2018-12-27,35.1,37.86,34.64,37.86,4906137.0,0.105949455098985,17.1,1.71,0.1
2018-12-28,41.64,41.64,40.17,41.64,11339916.0,0.244888783388695,18.81,1.88,0.0999
2019-01-02,41.64,45.81,40.39,42.51,18179833.0,0.3777518372871168,20.69,0.43,0.0208
2019-01-03,40.15,40.47,38.26,38.26,9711392.0,0.2017893217509428,21.12,-2.11,-0.0999
2019-01-04,35.82,37.9,35.64,37.43,9163175.0,0.190398129159568,19.01,-0.41,-0.0216
2019-01-07,37.53,39.47,37.53,38.42,8561825.0,0.1779029061642518,18.6,0.49,0.0263
2019-01-08,38.04,38.8,37.27,38.1,5734086.0,0.1191463926903143,19.09,-0.16,-0.0084
2019-01-09,38.05,39.34,36.61,37.05,6909123.0,0.1435620397224043,18.93,-0.52,-0.0275
2019-01-10,37.99,40.75,37.99,40.75,6708827.0,0.1394001652980759,18.41,1.84,0.0999
2019-01-11,41.86,42.52,39.3,39.78,9770539.0,0.2030183147741472,20.25,-0.48,-0.0237
2019-01-14,39.36,39.64,38.03,39.58,5523500.0,0.1147707062686103,19.77,-0.1,-0.0051
2019-01-15,38.92,42.04,38.54,41.9,9667284.0,0.2008728183903751,19.67,1.15,0.0585
2019-01-16,41.27,42.14,40.35,41.44,5581366.0,0.1159730818798966,20.82,-0.23,-0.011
2019-01-17,41.5,41.5,39.89,40.29,3933722.0,0.0817373136968173,20.59,-0.57,-0.0277
2019-01-18,39.93,43.23,39.91,41.68,7630437.0,0.1585499490591358,20.02,0.69,0.0345
2019-01-21,40.85,42.54,40.25,42.42,5176748.0,0.1075656783080684,20.71,0.37,0.0179
2019-01-22,41.58,42.02,40.97,41.3,3592240.0,0.0746417890624337,21.08,-0.56,-0.0266
2019-01-23,40.69,41.15,39.64,40.31,3475412.0,0.0722142644725995,20.52,-0.49,-0.0239
2019-01-24,40.01,41.03,39.0,40.33,3790916.0,0.0787700021227438,20.03,0.01,0.0005
2019-01-25,40.33,41.94,39.69,40.73,4294142.0,0.0892263438322989,20.04,0.2,0.01
2019-01-28,41.25,41.86,39.24,39.24,3103226.0,0.0644807530969701,20.24,-0.74,-0.0366
2019-01-29,38.74,39.56,37.05,39.08,2463839.0,0.0511951737416758,19.5,-0.08,-0.0041
2019-01-30,38.36,39.38,37.77,37.81,1464047.0,0.0304208759301964,19.42,-0.63,-0.0324
2019-01-31,37.94,38.82,37.27,38.54,1879457.0,0.0390525223665218,18.79,0.36,0.0192
2019-02-01,38.54,39.77,38.3,39.35,2122400.0,0.0441005425879421,19.15,0.4,0.0209
2019-02-11,39.57,41.56,39.24,41.34,3465410.0,0.0720064367177161,19.55,0.99,0.0506
2019-02-12,42.54,45.46,41.86,45.46,4460099.0,0.0926747012325378,20.54,2.05,0.0998
2019-02-13,50.01,50.01,50.01,50.01,917660.0,0.0190677082129904,22.59,2.26,0.1
2019-02-14,55.02,55.02,55.02,55.02,1215200.0,0.0252501787376872,24.85,2.49,0.1002
2019-02-15,60.52,60.52,60.52,60.52,2231777.0,0.0463732456819119,27.34,2.73,0.0999
2019-02-18,66.57,66.57,66.57,66.57,1101400.0,0.0228855718084995,30.07,3.01,0.1001
2019-02-19,73.24,73.24,71.81,73.24,29872912.0,0.6207178797030952,33.08,3.31,0.1001
2019-02-20,70.44,73.24,69.75,71.54,19915866.0,0.4138242068925508,36.39,-0.84,-0.0231
2019-02-21,74.48,78.15,71.5,72.93,21713081.0,0.4511678540124097,35.55,0.69,0.0194
2019-02-22,74.02,77.68,67.44,71.14,22528551.0,0.4681121950716772,36.24,-0.89,-0.0246
2019-02-25,70.64,78.27,70.54,75.31,26982065.0,0.5606500690930665,35.35,2.07,0.0586
2019-02-26,72.47,73.26,67.78,67.78,21518285.0,0.4471202619967855,37.42,-3.74,-0.0999
2019-02-27,63.62,65.09,61.0,61.72,15145978.0,0.3147125178218222,33.68,-3.01,-0.0894
2019-02-28,62.41,64.38,61.99,62.97,9785036.0,0.2033195424248716,30.67,0.62,0.0202
2019-03-01,63.21,65.67,59.91,64.74,12972786.0,0.2695565875788071,31.29,0.88,0.0281
2019-03-04,64.2,67.82,62.61,65.3,14807478.0,0.307678955031576,32.17,0.28,0.0087
2019-03-05,63.86,71.85,63.56,71.85,19329152.0,0.4016330997761063,32.45,3.25,0.1002
2019-03-06,72.05,78.95,67.68,74.93,22708016.0,0.4718412300676935,35.7,1.53,0.0429
2019-03-07,72.66,79.84,71.83,75.66,19964478.0,0.4148342971565373,37.23,0.36,0.0097
2019-03-08,70.24,71.61,68.09,68.09,14326851.0,0.2976921893500764,37.59,-3.76,-0.1
2019-03-11,65.75,68.81,64.16,68.39,9248559.0,0.1921722908295307,33.83,0.15,0.0044
2019-03-12,68.63,71.02,67.64,68.61,9991968.0,0.2076193037699564,33.98,0.11,0.0032
2019-03-13,68.22,68.22,61.74,63.07,9191800.0,0.1909929171503237,34.09,-2.75,-0.0807
2019-03-14,63.57,65.59,62.79,65.2,7143072.0,0.1484231770376637,31.34,1.06,0.0338
2019-03-15,65.0,65.95,62.49,63.61,5578690.0,0.1159174782934071,32.4,-0.79,-0.0244
2019-03-18,62.79,66.82,62.39,66.77,6062426.0,0.1259688447037542,31.61,1.57,0.0497
2019-03-19,66.71,67.82,65.14,65.39,5626000.0,0.1169005147944604,33.18,-0.69,-0.0208
2019-03-20,65.45,67.04,63.23,66.88,6342899.0,0.1317966865249321,32.49,0.74,0.0228
2019-03-21,66.88,67.18,65.43,65.93,6130552.0,0.1273844089538231,33.23,-0.47,-0.0141
2019-03-22,65.69,65.69,61.41,63.12,6329787.0,0.1315242372625814,32.76,-1.4,-0.0427
2019-03-25,61.41,64.27,61.39,62.35,3744651.0,0.0778086792793442,31.36,-0.38,-0.0121
2019-03-26,64.01,64.07,60.38,60.76,3536440.0,0.0734823420795807,30.98,-0.79,-0.0255
2019-03-27,61.59,61.79,57.77,58.57,4028358.0,0.0837037191568401,30.19,-1.09,-0.0361
2019-03-28,59.37,60.68,58.59,58.73,3796845.0,0.0788931985593268,29.1,0.08,0.0027
2019-03-29,59.38,60.82,57.79,60.78,5233976.0,0.108754797159945,29.18,1.02,0.035
2019-04-01,61.75,63.3,60.79,62.64,5152300.0,0.1070576826120686,30.2,0.92,0.0305
2019-04-02,63.61,63.73,62.08,62.24,4989507.0,0.1036750687647642,31.12,-0.2,-0.0064
2019-04-03,61.41,62.56,61.01,62.38,3176100.0,0.0659949742336803,30.92,0.07,0.0023
2019-04-04,62.6,62.76,60.49,60.63,4215058.0,0.0875830874668518,30.99,-0.87,-0.0281
2019-04-08,61.25,61.75,59.28,60.02,3301500.0,0.0686006131521349,30.12,-0.3,-0.01
2019-04-09,60.36,62.16,59.78,61.95,4029151.0,0.0837201966023133,29.82,0.96,0.0322
2019-04-10,61.15,61.59,59.38,60.5,3566700.0,0.0741111031136512,30.78,-0.72,-0.0234
2019-04-11,60.78,64.27,59.78,63.6,9126885.0,0.1896440730483183,30.06,1.54,0.0512
2019-04-12,62.59,64.37,61.52,62.35,5628659.0,0.1169557651444139,31.5,-0.62,-0.0197
2019-04-15,62.51,64.51,60.92,61.04,4238800.0,0.088076413457298,30.88,-0.65,-0.021
2019-04-16,60.51,61.38,58.35,61.38,4384296.0,0.0910996195185377,30.23,0.17,0.0056
2019-04-17,61.59,67.34,60.98,64.43,9015112.0,0.1873215843813931,30.4,1.51,0.0497
2019-04-18,63.67,67.0,63.63,65.43,7935544.0,0.1648896513995896,31.91,0.49,0.0154
2019-04-19,64.03,64.78,63.35,63.99,4483900.0,0.0931692531615501,32.4,-0.71,-0.0219
2019-04-22,63.99,66.64,63.99,64.41,5671271.0,0.1178411836898141,31.69,0.21,0.0066
2019-04-23,64.9,64.94,61.37,61.67,4087254.0,0.0849274967464837,31.9,-1.36,-0.0426
2019-04-24,61.79,67.83,60.97,66.94,9374665.0,0.1947925994535389,30.54,2.61,0.0855
2019-04-25,65.26,65.95,61.21,61.43,7441565.0,0.1546254495869958,33.15,-2.73,-0.0824
2019-04-26,60.17,60.17,55.29,55.53,6688986.0,0.1389878967033307,30.42,-2.92,-0.096
2019-04-29,55.29,56.12,49.98,49.98,4855300.0,0.1008864325420447,27.5,-2.75,-0.1
2019-04-30,49.53,51.67,49.53,50.91,2695500.0,0.0560087695749143,24.75,0.46,0.0186
2019-05-06,49.83,49.83,45.82,45.86,3625700.0,0.0753370416797502,25.21,-2.5,-0.0992
2019-05-07,46.46,48.22,46.46,47.77,3631900.0,0.0754658691222895,22.71,0.95,0.0418
2019-05-08,46.44,50.06,45.62,48.81,4216435.0,0.0876116996262674,23.66,0.51,0.0216
2019-05-09,48.56,50.56,48.26,49.07,3273546.0,0.0680197676152411,24.17,0.13,0.0054
2019-05-10,50.06,51.59,48.26,51.19,4111211.0,0.0854252901401792,24.3,1.05,0.0432
2019-05-13,50.48,51.59,50.48,50.83,2810004.0,0.058388004652416,25.35,-0.18,-0.0071
2019-05-14,50.99,52.26,50.91,51.65,3113396.0,0.064692071659974,25.17,0.41,0.0163
2019-05-15,51.94,53.01,51.11,52.16,2856900.0,0.0593624388048869,25.58,0.25,0.0098
2019-05-16,52.16,52.4,51.25,51.51,2243100.0,0.0466085219935041,25.83,-0.32,-0.0124
2019-05-17,51.29,53.65,47.66,49.47,5130851.0,0.1066120019967422,25.51,-1.01,-0.0396
2019-05-20,49.07,52.04,48.58,51.98,3639200.0,0.0756175530465695,24.5,1.24,0.0506
2019-05-21,52.32,53.92,50.14,52.34,5035997.0,0.1046410667976107,25.74,0.18,0.007
2019-05-22,52.0,52.34,50.28,51.09,3293646.0,0.0684374178725053,25.92,-0.62,-0.0239
2019-05-23,50.99,51.39,48.28,48.69,2695812.0,0.0560152525042808,25.3,-1.19,-0.047
2019-05-24,47.88,50.04,47.88,48.71,2379800.0,0.0494489593152962,24.11,0.01,0.0004
2019-05-27,48.79,50.67,48.77,50.51,2840300.0,0.059017513716798,24.12,0.89,0.0369
2019-05-28,50.69,52.1,50.0,50.95,3443060.0,0.071542034565982,25.01,0.22,0.0088
2019-05-29,51.7,52.42,51.11,51.41,2670376.0,0.0554867275319537,25.23,0.23,0.0091
2019-05-30,51.8,52.44,50.26,50.93,3067185.0,0.0637318708620417,25.46,-0.24,-0.0094
2019-05-31,50.99,51.8,49.88,50.06,2314800.0,0.0480983490306109,25.22,-0.43,-0.017
2019-06-03,50.37,51.06,48.29,50.49,2744990.0,0.057037103467054,24.79,0.21,0.0085
2019-06-04,50.07,50.57,48.13,48.39,2673068.0,0.0555426635763595,25.0,-1.04,-0.0416
2019-06-05,49.12,50.23,48.55,49.3,2310588.0,0.0480108294841632,23.96,0.45,0.0188
2019-06-06,49.68,49.68,46.63,46.89,2716520.0,0.0564455361623618,24.41,-1.19,-0.0488
2019-06-10,47.01,47.82,46.1,46.97,1976476.0,0.0406974455242685,23.22,0.04,0.0017
2019-06-11,47.76,49.48,47.05,49.48,3449427.0,0.0710268515390225,23.26,1.24,0.0533
2019-06-12,48.91,50.22,48.51,48.73,2634607.0,0.0542489637417082,24.5,-0.37,-0.0151
2019-06-13,48.22,49.23,48.22,48.87,1855171.0,0.0381996648128804,24.13,0.07,0.0029
2019-06-14,48.71,49.19,46.49,46.65,2390261.0,0.0492176564938221,24.2,-1.1,-0.0455
2019-06-17,46.24,46.95,45.76,46.22,1595502.0,0.0328528430038419,23.1,-0.21,-0.0091
2019-06-18,46.27,46.95,45.8,45.98,1185129.0,0.0244028882297234,22.89,-0.12,-0.0052
2019-06-19,47.62,48.47,46.91,47.42,2985951.0,0.061483457507521,22.77,0.71,0.0312
2019-06-20,46.95,48.97,46.95,48.59,2947494.0,0.0606915927631341,23.48,0.58,0.0247
2019-06-21,49.19,50.18,48.59,49.68,3287057.0,0.0676835049819302,24.06,0.54,0.0224
2019-06-24,49.68,50.08,48.56,48.83,1888974.0,0.0388956994477846,24.6,-0.42,-0.0171
2019-06-25,49.35,49.35,47.65,48.56,1942584.0,0.0399995782981,24.18,-0.13,-0.0054
2019-06-26,48.26,49.05,47.25,47.96,1514600.0,0.0311869969536979,24.05,-0.3,-0.0125
2019-06-27,48.46,50.18,48.1,49.87,3588514.0,0.0738907798668311,23.75,0.95,0.04
2019-06-28,49.98,50.06,47.88,48.12,2797610.0,0.0576053443467812,24.7,-0.87,-0.0352
2019-07-01,52.5,52.93,52.5,52.93,1609874.0,0.0331487756066536,23.83,2.38,0.0999
2019-07-02,58.22,58.22,58.22,58.22,1003400.0,0.0206609221862805,26.21,2.62,0.1
2019-07-03,58.22,64.03,56.52,60.26,20534171.0,0.422817330267868,28.83,1.01,0.035
2019-07-04,56.54,57.65,54.24,54.24,13120274.0,0.2701584215434322,29.84,-2.98,-0.0999
2019-07-05,52.5,53.51,51.91,52.48,9017462.0,0.1856777762604562,26.86,-0.87,-0.0324
2019-07-08,51.69,52.18,49.68,50.42,5945583.0,0.1224249827736421,25.99,-1.02,-0.0392
2019-07-09,50.81,53.8,50.08,53.67,9110526.0,0.1875940489955011,24.97,1.61,0.0645
2019-07-10,53.72,55.92,52.66,54.1,9520205.0,0.1960297136759408,26.58,0.21,0.0079
2019-07-11,53.33,53.83,51.49,51.79,6452231.0,0.1328573277047111,26.79,-1.14,-0.0426
2019-07-12,51.73,54.91,51.29,54.44,8432677.0,0.1736365191539144,25.65,1.31,0.0511
2019-07-15,53.84,56.32,51.82,56.26,8279037.0,0.1704729312680263,26.96,0.9,0.0334
2019-07-16,55.66,58.62,54.87,55.94,9947762.0,0.204833502700457,27.86,-0.16,-0.0057
2019-07-17,55.29,59.84,55.29,57.29,10122651.0,0.2084346268984204,27.7,0.67,0.0242
2019-07-18,56.1,56.93,54.32,55.45,6464518.0,0.1331103282537472,28.37,-0.91,-0.0321
2019-07-19,54.63,57.84,54.63,57.37,7568318.0,0.1558385781134408,27.46,0.95,0.0346
2019-07-22,56.55,57.25,51.7,54.41,5704424.0,0.1174592987657477,28.41,-1.47,-0.0517
2019-07-23,57.15,58.32,55.53,56.26,6146507.0,0.1265621913936901,26.94,0.92,0.0341
2019-07-24,54.3,57.73,54.3,57.27,7322060.0,0.1507679010397422,27.86,0.5,0.0179
2019-07-25,56.88,57.65,55.65,56.96,5821491.0,0.1198698151874951,28.36,-0.15,-0.0053
2019-07-26,56.94,57.45,55.79,55.85,4056750.0,0.0835321866446019,28.21,-0.55,-0.0195
2019-07-29,55.12,55.12,53.51,54.16,5290900.0,0.1089444620245084,27.66,-0.84,-0.0304
2019-07-30,53.97,54.52,53.43,53.77,3207000.0,0.0660350582533403,26.82,-0.19,-0.0071
2019-07-31,53.51,53.91,52.2,52.7,3264654.0,0.0672222067561586,26.63,-0.53,-0.0199
2019-08-01,52.32,53.45,52.11,53.16,2211721.0,0.0455413548721971,26.1,0.23,0.0088
2019-08-02,52.1,52.42,50.48,51.49,3272900.0,0.0673919994254311,26.33,-0.83,-0.0315
2019-08-05,51.55,52.34,50.7,51.45,2435751.0,0.0501543371299133,25.5,-0.02,-0.0008
2019-08-06,48.93,50.34,48.91,49.63,2768734.0,0.0570107611406311,25.48,-0.9,-0.0353
2019-08-07,49.92,50.88,47.86,47.88,2548000.0,0.0524656465324325,24.58,-0.87,-0.0354
2019-08-08,48.38,49.91,48.28,49.65,2769649.0,0.057029601826101,23.71,0.88,0.0371
2019-08-09,49.57,50.64,48.06,48.12,2578233.0,0.0530881716076347,24.59,-0.76,-0.0309
2019-08-12,48.46,49.83,48.16,49.81,2095300.0,0.0431441401803006,23.83,0.84,0.0352
2019-08-13,49.35,51.04,49.35,50.66,2897662.0,0.0596655063824417,24.67,0.42,0.017
2019-08-14,51.49,52.8,51.08,52.76,4423653.0,0.0910870544270545,25.09,1.04,0.0415
2019-08-15,51.49,52.09,50.38,51.77,3429506.0,0.0706166599595199,26.13,-0.49,-0.0188
2019-08-16,51.52,52.69,51.4,51.46,3060226.0,0.0630128475766719,25.64,-0.15,-0.0059
2019-08-19,53.5,54.92,52.45,53.58,4608900.0,0.0949014593027192,25.49,1.05,0.0412
2019-08-20,54.51,56.8,54.11,55.18,8085959.0,0.166497278952018,26.54,0.79,0.0298
2019-08-21,54.51,55.14,54.11,54.11,5184650.0,0.1067566775095669,27.33,-0.53,-0.0194
2019-08-22,54.11,56.29,53.89,55.57,5612683.0,0.11557026780871,26.8,0.72,0.0269
2019-08-23,54.98,55.28,53.1,53.59,4568095.0,0.0940612470944162,27.52,-0.98,-0.0356
2019-08-26,51.95,53.14,51.69,52.6,2795800.0,0.0575680747941032,26.54,-0.49,-0.0185
2019-08-27,53.1,54.49,53.08,53.63,2748330.0,0.05659062415011,26.05,0.51,0.0196
2019-08-28,53.26,54.71,52.74,52.82,3260438.0,0.0671353954666057,26.56,-0.4,-0.0151
2019-08-29,54.17,54.17,52.25,52.31,2729208.0,0.0561968847101598,26.16,-0.25,-0.0096
2019-08-30,52.55,57.54,52.55,55.74,11751433.0,0.2419727354896247,25.91,1.7,0.0656
2019-09-02,54.55,56.08,53.88,55.42,8590867.0,0.1768937956943247,27.61,-0.16,-0.0058
2019-09-03,55.36,56.1,54.61,55.96,6040828.0,0.1243861642901183,27.45,0.27,0.0098
2019-09-04,56.02,56.49,54.99,55.76,4980736.0,0.1025579020594043,27.72,-0.1,-0.0036
2019-09-05,55.76,59.45,55.76,56.77,7744967.0,0.1594759423184281,27.62,0.5,0.0181
2019-09-06,56.12,58.08,56.12,57.54,5157545.0,0.1061985608104846,28.12,0.38,0.0135
2019-09-09,57.8,59.15,56.93,58.54,7073941.0,0.1456589042767985,28.5,0.5,0.0175
2019-09-10,58.82,60.2,57.73,59.45,7738811.0,0.1593491846574965,29.0,0.45,0.0155
2019-09-11,60.66,61.33,58.26,58.26,6884773.0,0.1417637624309401,29.45,-0.59,-0.02
2019-09-12,57.9,58.64,57.13,58.1,3924785.0,0.0808149067997619,28.86,-0.08,-0.0028
2019-09-16,58.68,58.84,56.7,57.29,3500447.0,0.072077399924456,28.78,-0.4,-0.0139
2019-09-17,56.73,56.73,54.0,54.97,4419482.0,0.0910011697285903,28.38,-1.15,-0.0405
2019-09-18,55.47,56.04,54.3,55.88,3113330.0,0.0641063074249679,27.23,0.45,0.0165
2019-09-19,55.39,58.14,55.39,57.83,4702337.0,0.0968254124483435,27.68,0.97,0.035
2019-09-20,57.31,59.14,57.31,58.96,6017708.0,0.1239101023796671,28.65,0.56,0.0195
2019-09-23,58.56,58.74,56.92,58.48,3706669.0,0.0763236992020115,29.21,-0.24,-0.0082
2019-09-24,58.62,58.62,55.81,56.07,5157100.0,0.1061893978541632,28.97,-1.19,-0.0411
2019-09-25,55.12,55.47,51.81,51.94,5698171.0,0.1173305437862472,27.78,-2.05,-0.0738
2019-09-26,51.49,53.41,50.18,50.46,3548200.0,0.0730606777968513,25.73,-0.73,-0.0284
2019-09-27,49.85,51.27,49.85,50.14,2650759.0,0.0545815481698055,25.0,-0.16,-0.0064
2019-09-30,50.1,50.64,49.25,49.37,1784157.0,0.0248882873694742,24.84,-0.38,-0.0153
2019-10-08,49.35,51.47,49.35,50.78,2469675.0,0.0344509934435177,24.46,0.7,0.0286
2019-10-09,49.94,51.25,49.94,51.17,1634400.0,0.0227992362088474,25.16,0.19,0.0076
2019-10-10,51.27,51.86,50.83,51.61,1886500.0,0.0263159319065043,25.35,0.22,0.0087
2019-10-11,51.62,51.86,50.32,50.57,1681200.0,0.023452077774299,25.57,-0.52,-0.0203
2019-10-14,50.47,51.7,49.72,50.91,2921803.0,0.0407580009500239,25.05,0.17,0.0068
2019-10-15,50.42,50.79,49.52,50.16,1948076.0,0.0271748928516805,25.22,-0.37,-0.0147
2019-10-16,50.18,50.52,49.35,49.41,1418200.0,0.0197833313701587,24.85,-0.37,-0.0149
2019-10-17,49.47,49.96,49.09,49.41,912457.0,0.0127284157326335,24.48,0.0,0.0
2019-10-18,49.48,50.32,49.25,49.6,1437571.0,0.0200535491899101,24.48,0.09,0.0037
2019-10-21,48.59,49.05,47.19,48.12,1959020.0,0.0273275573408323,24.57,-0.73,-0.0297
2019-10-22,48.53,52.93,48.28,52.93,4857223.0,0.0677563475869106,23.84,2.38,0.0998
2019-10-23,52.48,53.49,50.54,52.18,5878203.0,0.0819986164222686,26.22,-0.37,-0.0141
2019-10-24,51.43,51.62,50.14,50.5,2885976.0,0.040258228412301,25.85,-0.83,-0.0321
2019-10-25,50.46,50.87,49.88,50.57,1876603.0,0.0261778726549386,25.02,0.03,0.0012
2019-10-28,50.41,51.62,50.06,51.27,2334800.0,0.0325695403208621,25.05,0.35,0.014
2019-10-29,51.58,51.58,49.25,49.36,2356676.0,0.0328747019038924,25.4,-0.95,-0.0374
2019-10-30,49.46,49.62,48.65,48.85,1061503.0,0.0148075487233236,24.45,-0.25,-0.0102
2019-10-31,48.49,49.23,48.45,48.45,901200.0,0.0125713850167727,24.2,-0.2,-0.0083
2019-11-01,48.27,49.16,48.27,48.77,823000.0,0.0114805258198002,24.0,0.16,0.0067
2019-11-04,48.85,49.56,48.61,49.05,944600.0,0.0131767979214863,24.16,0.14,0.0058
2019-11-05,49.03,49.78,48.73,49.09,908500.0,0.0126732171412982,24.3,0.02,0.0008
2019-11-06,49.21,49.66,48.77,48.81,1039300.0,0.0144978256190988,24.32,-0.14,-0.0058
2019-11-07,48.49,50.12,48.49,49.52,1207510.0,0.0168442888610777,24.18,0.35,0.0145
2019-11-08,49.96,49.96,49.11,49.27,1155786.0,0.0161227594351927,24.53,-0.12,-0.0049
2019-11-11,49.25,49.25,47.19,47.19,1647400.0,0.0229805810881395,24.41,-1.03,-0.0422
2019-11-12,47.2,47.72,46.43,47.11,945500.0,0.0131893525669758,23.38,-0.04,-0.0017
2019-11-13,47.09,47.09,46.04,46.27,1003468.0,0.0139979833333454,23.34,-0.42,-0.018
2019-11-14,46.22,47.33,46.12,47.23,1244200.0,0.0173560999088644,22.92,0.48,0.0209
2019-11-15,47.23,48.4,46.67,47.46,1630500.0,0.0227448327450598,23.4,0.11,0.0047
2019-11-18,50.14,52.2,48.47,52.2,6784879.0,0.0946463894820416,23.51,2.35,0.1
2019-11-19,50.46,51.84,50.2,51.57,7733352.0,0.1078772142279509,25.86,-0.31,-0.012
2019-11-20,50.59,52.44,50.59,51.35,4382224.0,0.0611302986393052,25.55,-0.11,-0.0043
2019-11-21,50.83,50.95,49.82,50.22,2895533.0,0.0403915447977929,25.44,-0.56,-0.022
2019-11-22,50.65,50.81,48.87,48.97,2631300.0,0.036705598529332,24.88,-0.62,-0.0249
2019-11-25,48.55,49.43,46.95,47.72,2021900.0,0.0282047085723621,24.26,-0.62,-0.0256
2019-11-26,47.36,49.44,47.36,48.04,1928001.0,0.0268948545092352,23.64,0.16,0.0068
2019-11-27,47.52,48.41,46.45,47.9,1498400.0,0.02090208977933,23.8,-0.07,-0.0029
2019-11-28,47.8,48.81,47.8,48.69,1733900.0,0.024187222015737,23.73,0.39,0.0164
2019-11-29,48.81,50.06,48.33,49.94,2738700.0,0.0382037862244068,24.12,0.62,0.0257
2019-12-02,49.76,50.16,49.15,49.42,1507200.0,0.0210248463130047,24.74,-0.26,-0.0105
2019-12-03,49.52,50.43,49.16,50.29,1781601.0,0.0248526321762841,24.48,0.43,0.0176
2019-12-04,49.96,50.73,49.01,49.52,2175800.0,0.0303515529510587,24.91,-0.38,-0.0153
2019-12-05,49.66,50.87,49.5,50.06,3077700.0,0.042932702692101,24.53,0.27,0.011
2019-12-06,49.96,51.05,49.9,50.71,3012614.0,0.0420247786295159,24.8,0.32,0.0129
2019-12-09,50.97,51.41,50.38,50.44,2310800.0,0.0322347497744767,25.12,-0.13,-0.0052
2019-12-10,50.54,51.86,50.44,51.41,3387619.0,0.0472559506648187,24.99,0.48,0.0192
2019-12-11,51.07,52.18,50.48,50.48,2665600.0,0.0371840700185412,25.47,-0.46,-0.0181
2019-12-12,50.28,52.66,49.86,51.94,5039600.0,0.0703004348984996,25.01,0.72,0.0288
2019-12-13,53.41,53.41,51.27,51.91,4085001.0,0.0569841548656254,25.73,-0.01,-0.0004
2019-12-16,52.07,54.38,51.67,54.01,6069510.0,0.0846672737163251,25.72,1.04,0.0404
2019-12-17,54.01,54.98,53.49,54.17,5490056.0,0.0765841186636076,26.76,0.08,0.003
2019-12-18,54.5,55.44,53.69,53.71,4278451.0,0.0596827061655529,26.84,-0.23,-0.0086
2019-12-19,51.91,51.91,48.99,50.72,6471151.0,0.0902700074596913,26.61,-1.48,-0.0556
2019-12-20,50.48,51.19,50.08,50.86,2214883.0,0.0308967454062412,25.13,0.07,0.0028
2019-12-23,51.49,51.73,50.22,50.66,2729676.0,0.0380779049789659,25.2,-0.1,-0.004
2019-12-24,50.68,52.03,50.28,51.85,2766076.0,0.0385856706409838,25.1,0.59,0.0235
2019-12-25,51.25,52.48,51.14,51.49,2656300.0,0.0370543386818169,25.69,-0.18,-0.007
2019-12-26,52.92,55.12,52.48,53.28,4923325.0,0.0686784444492927,25.51,0.89,0.0349
2019-12-27,53.35,54.07,51.91,52.34,3092800.0,0.0431433417442018,26.4,-0.47,-0.0178
2019-12-30,52.07,52.78,50.05,52.46,2417642.0,0.033725153589348,25.93,0.06,0.0023
2019-12-31,51.97,53.99,51.97,53.39,2763755.0,0.0385544230251577,25.99,0.46,0.0177
2020-01-02,54.42,55.51,53.51,55.16,3926425.0,0.054773686678651,26.45,0.88,0.0333
2020-01-03,55.16,55.67,54.49,54.9,3081117.0,0.0429816276073693,27.33,-0.13,-0.0048
2020-01-06,54.68,56.01,54.25,55.16,2531794.0,0.0353185636529129,27.2,0.13,0.0048
2020-01-07,55.79,60.67,55.45,59.1,8400231.0,0.1171833463831071,27.33,1.95,0.0714
2020-01-08,58.7,65.02,58.7,65.02,11710283.0,0.1633586206180771,29.28,2.93,0.1001
2020-01-09,63.06,67.21,62.93,63.94,10567187.0,0.1474124145533696,32.21,-0.53,-0.0165
2020-01-10,64.97,65.6,62.33,64.65,4672118.0,0.0651761150302592,31.68,0.35,0.011
2020-01-13,64.73,69.79,64.14,67.01,7112755.0,0.0992230371882841,32.03,1.17,0.0365
2020-01-14,72.86,73.71,67.05,68.82,11898908.0,0.1659899421509628,33.2,0.9,0.0271
2020-01-15,67.57,70.17,66.16,67.85,9550664.0,0.1332319037060613,34.1,-0.48,-0.0141
2020-01-16,66.36,73.67,66.36,71.99,9522660.0,0.1328412474929033,33.62,2.05,0.061
2020-01-17,72.94,73.67,69.99,72.42,6283847.0,0.0876597583589604,35.67,0.21,0.0059
2020-01-20,70.9,73.47,69.51,72.72,4354245.0,0.0607417819905086,35.88,0.15,0.0042
2020-01-21,72.66,75.85,70.9,72.15,3968256.0,0.0553572297458061,36.03,-0.28,-0.0078
2020-01-22,74.67,74.67,69.18,71.83,3479195.0,0.0485348215804273,35.75,-0.16,-0.0045
2020-01-23,70.3,72.25,66.2,67.51,5173253.0,0.0721669556737723,35.59,-2.14,-0.0601
2020-02-03,60.77,62.46,60.77,60.77,3640590.0,0.0507862842115741,33.45,-3.34,-0.0999
2020-02-04,59.17,64.42,58.93,62.77,5625851.0,0.078480704451193,30.11,0.99,0.0329
2020-02-05,65.9,69.05,64.67,67.41,4623174.0,0.0644933455081622,31.1,2.3,0.074
2020-02-06,68.08,68.4,64.89,66.8,5428587.0,0.0757288687408515,33.4,-0.3,-0.009
2020-02-07,67.57,67.57,62.97,65.09,5783300.0,0.0806771203241224,33.1,-0.85,-0.0257
2020-02-10,65.51,66.6,63.9,65.65,3939851.0,0.054960979576732,32.25,0.28,0.0087
2020-02-11,65.69,66.56,63.57,65.19,3924912.0,0.0547525803063289,32.53,-0.23,-0.0071
2020-02-12,65.13,67.11,64.58,66.38,3496049.0,0.0487699351290833,32.3,0.59,0.0183
2020-02-13,66.02,66.5,64.58,64.99,2809077.0,0.0391866655938175,32.89,-0.69,-0.021
2020-02-14,64.84,66.98,64.2,64.5,3455542.0,0.0482048618814619,32.2,-0.24,-0.0075
2020-02-17,64.8,70.96,64.72,70.96,4405116.0,0.0614514331910357,31.96,3.2,0.1001
2020-02-18,75.58,78.06,71.03,78.06,9812474.0,0.1368841570686845,35.16,3.52,0.1001
2020-02-19,80.73,85.87,79.33,85.87,12689969.0,0.1770252547719094,38.68,3.87,0.1001
2020-02-20,86.78,90.82,77.29,81.78,17221365.0,0.2402382958260216,42.55,-2.03,-0.0477
2020-02-21,84.77,89.95,84.75,89.95,13116971.0,0.1829819389716986,40.52,4.05,0.1
2020-02-24,91.95,95.87,85.77,85.98,22386086.0,0.3122862299739168,44.57,-1.97,-0.0442
2020-02-25,81.7,84.74,78.67,79.72,19866006.0,0.2771310767938268,42.6,-3.1,-0.0728
2020-02-26,78.1,78.1,71.89,73.12,13340045.0,0.1860938245628288,39.5,-3.27,-0.0828
2020-02-27,72.9,74.65,72.09,73.91,6627138.0,0.0924486728737164,36.23,0.39,0.0108
2020-02-28,69.63,71.0,66.52,66.72,6644325.0,0.0926884317772854,36.62,-3.56,-0.0972
2020-03-02,67.63,71.12,67.01,69.81,5976263.0,0.0833689570210089,33.06,1.53,0.0463
2020-03-03,69.93,73.12,69.85,70.22,6390623.0,0.0891492851342839,34.59,0.2,0.0058
2020-03-04,70.23,73.36,68.6,72.56,7872672.0,0.1098238905497466,34.79,1.16,0.0333
2020-03-05,73.67,74.52,71.04,73.71,6089693.0,0.0849513071945024,35.95,0.57,0.0159
2020-03-06,72.66,74.96,71.65,74.72,6618279.0,0.0923250896930148,36.52,0.5,0.0137
2020-03-09,72.68,73.47,67.36,67.46,6098947.0,0.0850804006310317,37.02,-3.6,-0.0972
2020-03-10,64.97,69.65,64.95,68.93,5243957.0,0.0731532775169063,33.42,0.73,0.0218
2020-03-11,68.93,70.34,66.41,66.47,3595200.0,0.0501530930419112,34.15,-1.22,-0.0357
2020-03-12,64.59,65.5,62.63,63.88,3984700.0,0.0555866237884133,32.93,-1.28,-0.0389
2020-03-13,59.65,63.9,58.94,62.94,4237000.0,0.0591062125107303,31.65,-0.47,-0.0148
2020-03-16,64.17,64.27,58.31,58.76,3783300.0,0.0527770908170512,31.18,-2.07,-0.0664
2020-03-17,59.3,60.47,55.87,59.14,5113872.0,0.0713385898476926,29.11,0.19,0.0065
2020-03-18,59.88,61.26,56.51,58.55,4469938.0,0.0623557010473894,29.3,-0.29,-0.0099
2020-03-19,59.28,60.21,57.79,59.76,4271400.0,0.0595860930182519,29.01,0.6,0.0207
2020-03-20,60.95,60.95,58.55,59.56,3190201.0,0.044503351016744,29.61,-0.1,-0.0034
2020-03-23,57.52,58.53,54.9,55.4,3610600.0,0.0503679232691156,29.51,-2.06,-0.0698
2020-03-24,57.52,58.29,54.56,56.94,3686323.0,0.0514242602362976,27.45,0.76,0.0277
2020-03-25,58.61,58.96,57.6,58.65,3386606.0,0.0472432036644121,28.21,0.85,0.0301
2020-03-26,58.53,58.53,56.92,57.18,2607109.0,0.0363692090140754,29.06,-0.73,-0.0251
2020-03-27,58.05,59.89,57.77,58.09,4345788.0,0.0606238067157379,28.33,0.45,0.0159
2020-03-30,56.52,56.52,53.25,54.56,3743702.0,0.0522246981328407,28.78,-1.75,-0.0608
2020-03-31,55.34,55.87,53.69,53.87,2147955.0,0.0299640039399305,27.03,-0.34,-0.0126
2020-04-01,53.83,55.39,53.69,54.3,2610400.0,0.0364151185126293,26.69,0.21,0.0079
2020-04-02,54.3,56.68,53.91,56.62,3014163.0,0.0420476183195611,26.9,1.15,0.0428
2020-04-03,56.52,56.92,55.71,56.48,2348900.0,0.0327671896545797,28.05,-0.07,-0.0025
2020-04-07,58.11,58.32,56.96,57.53,3156000.0,0.0440262465621583,27.98,0.52,0.0186
2020-04-08,57.43,58.05,56.92,57.49,2064100.0,0.0287942254527728,28.5,-0.02,-0.0007
2020-04-09,59.14,60.56,58.38,58.6,4320231.0,0.0602672861886818,28.48,0.55,0.0193
2020-04-10,59.02,59.02,56.38,56.46,2959138.0,0.0412800187577478,29.03,-1.06,-0.0365
2020-04-13,55.97,56.26,54.78,55.55,1926200.0,0.0268705184182602,27.97,-0.45,-0.0161
2020-04-14,55.84,57.45,55.55,57.45,2351300.0,0.0328006696899882,27.52,0.94,0.0342
2020-04-15,57.59,58.94,57.41,57.93,3214488.0,0.0448421550250631,28.46,0.24,0.0084
2020-04-16,57.75,58.33,56.88,58.03,2267158.0,0.0316268875485962,28.7,0.05,0.0017
2020-04-17,58.58,59.58,57.73,57.91,3156771.0,0.0440370020235333,28.75,-0.06,-0.0021
2020-04-20,57.93,58.7,57.55,58.52,2205533.0,0.0307672178894096,28.69,0.3,0.0105
2020-04-21,58.72,58.72,55.91,56.72,2829600.0,0.0394729617466043,28.99,-0.89,-0.0307
2020-04-22,56.4,57.51,56.04,57.25,1908900.0,0.0266291831630241,28.1,0.26,0.0093
2020-04-23,57.43,57.71,56.1,56.28,1811900.0,0.0252760317319311,28.36,-0.48,-0.0169
2020-04-24,56.3,56.77,54.46,54.63,1896302.0,0.026453440877159,27.88,-0.82,-0.0294
2020-04-27,54.77,54.91,53.5,53.78,1278500.0,0.0178350938623952,27.06,-0.42,-0.0155
2020-04-28,54.08,54.08,49.58,51.8,2795067.0,0.0389912258871205,26.64,-0.98,-0.0368
2020-04-29,52.46,54.99,52.4,53.27,2882900.0,0.0402164975329677,25.66,0.73,0.0284
2020-04-30,53.8,57.15,53.39,56.7,3986667.0,0.0556140634674335,26.39,1.7,0.0644
2020-05-06,56.56,59.1,56.52,59.02,4858786.0,0.0677801363842722,28.09,1.15,0.0409
2020-05-07,58.66,59.71,58.54,58.96,4345267.0,0.0606165387580513,29.24,-0.03,-0.001
2020-05-08,59.03,59.85,59.03,59.75,3966145.0,0.0553277812646614,29.21,0.39,0.0134
2020-05-11,60.56,60.68,58.66,59.45,3261800.0,0.0455021581230824,29.6,-0.15,-0.0051
2020-05-12,59.63,59.63,57.59,58.88,2699100.0,0.0376524848212679,29.45,-0.28,-0.0095
2020-05-13,58.8,60.46,58.56,59.01,2886071.0,0.0402607330297512,29.17,0.06,0.0021
2020-05-14,59.07,59.61,58.32,58.32,2196900.0,0.0306467874120423,29.23,-0.34,-0.0116
2020-05-15,59.15,59.82,58.26,58.79,2371000.0,0.0330754849806329,28.89,0.23,0.008
2020-05-18,58.87,62.55,57.72,61.94,6050360.0,0.0844026112642016,29.12,1.56,0.0536
2020-05-19,61.57,61.9,60.18,61.35,5001485.0,0.069770789539587,30.68,-0.29,-0.0095
2020-05-20,60.99,61.35,58.08,58.69,3891167.0,0.0542818370584708,30.39,-1.32,-0.0434
2020-05-21,59.11,59.11,55.46,55.72,3296539.0,0.0459867676856055,29.07,-1.47,-0.0506
2020-05-22,56.18,56.73,54.2,54.2,2325700.0,0.0324435493122977,27.6,-0.75,-0.0272
2020-05-25,54.47,54.95,53.66,54.43,1380067.0,0.0192519550108676,26.75,0.11,0.0041
2020-05-26,54.61,55.81,54.61,55.7,1894567.0,0.0264292376015616,26.86,0.63,0.0235
2020-05-27,56.9,58.71,56.13,57.19,3960141.0,0.0552440253760812,27.49,0.73,0.0266
2020-05-28,56.84,58.67,56.54,57.63,3335602.0,0.0465316971119228,28.22,0.22,0.0078
2020-05-29,57.04,58.68,56.39,58.16,2892100.0,0.0403448376687003,28.44,0.26,0.0091
2020-06-01,58.38,60.55,58.38,60.24,3389472.0,0.0472831844066958,28.7,1.03,0.0359
2020-06-02,60.49,62.45,59.78,61.6,5591126.0,0.0779962901888765,29.73,0.67,0.0225
2020-06-03,61.4,62.33,60.36,60.65,4037891.0,0.0563286390231686,30.4,-0.47,-0.0155
2020-06-04,60.76,61.37,59.73,60.01,2587339.0,0.036093417222398,29.93,-0.31,-0.0104
2020-06-05,60.48,60.54,59.43,60.46,2268300.0,0.0313960739087082,29.62,0.22,0.0074
2020-06-08,60.93,64.53,60.78,64.03,6838908.0,0.0946589344543737,29.84,1.76,0.059
2020-06-09,63.22,63.3,60.46,61.07,5803221.0,0.0796882518764715,31.6,-1.46,-0.0462
2020-06-10,61.17,61.6,58.46,59.65,3754198.0,0.0515516255228166,30.14,-0.7,-0.0232
2020-06-11,59.63,61.8,59.21,60.1,3889300.0,0.0534068094293084,29.44,0.22,0.0075
2020-06-12,58.72,61.46,58.07,60.87,3139267.0,0.0431075603364916,29.66,0.38,0.0128
2020-06-15,60.57,60.77,58.88,58.94,3518500.0,0.0483150847137072,30.04,-0.95,-0.0316
2020-06-16,59.77,63.54,59.14,63.18,7108792.0,0.0976159976388019,29.09,2.09,0.0718
2020-06-17,62.85,63.28,61.56,62.27,3779400.0,0.0518976925300512,31.18,-0.45,-0.0144
2020-06-18,62.31,62.71,61.07,62.12,3171595.0,0.0435514796369391,30.73,-0.07,-0.0023
2020-06-19,62.53,63.1,61.29,62.59,3874717.0,0.0532065596409383,30.66,0.23,0.0075
2020-06-22,62.87,64.19,60.79,63.52,4423512.0,0.0607424632690353,30.89,0.46,0.0149
2020-06-23,62.92,64.46,62.37,62.73,3494314.0,0.0479829691420472,31.35,-0.39,-0.0124
2020-06-24,62.79,69.01,62.0,69.01,8240314.0,0.1131537498870393,30.96,3.1,0.1001
2020-06-29,69.79,71.63,66.56,67.52,10333464.0,0.141896316198961,34.06,-0.74,-0.0217
2020-06-30,67.88,71.91,67.31,70.05,8166822.0,0.1121445777381748,33.32,1.25,0.0375
2020-07-01,69.12,69.81,67.41,68.73,5761793.0,0.0791193738518816,34.57,-0.65,-0.0188
2020-07-02,68.67,68.67,66.95,68.09,4870252.0,0.066876975403468,33.92,-0.32,-0.0094
2020-07-03,68.09,68.59,66.49,67.52,4249626.0,0.0583547080265945,33.6,-0.28,-0.0083
2020-07-06,67.6,70.88,67.58,70.72,6550759.0,0.0899532403081086,33.32,1.58,0.0474
2020-07-07,72.12,74.27,69.3,71.29,7724066.0,0.1060647728078061,34.9,0.28,0.008
2020-07-08,71.43,73.54,69.91,72.87,5951084.0,0.081718666363049,35.18,0.78,0.0222
2020-07-09,72.72,74.93,71.85,73.76,6769149.0,0.0929521123702449,35.96,0.44,0.0122
2020-07-10,74.0,74.0,71.67,72.6,5215900.0,0.0716233196982309,36.4,-0.57,-0.0157
2020-07-13,73.11,77.28,72.74,76.03,5851190.0,0.0803469491334366,35.83,1.69,0.0472
2020-07-14,74.17,74.35,69.87,71.81,7829587.0,0.1075137584704678,37.52,-2.08,-0.0554
2020-07-15,71.33,72.12,68.7,69.0,3627046.0,0.0498056088533503,35.44,-1.39,-0.0392
2020-07-16,69.0,69.81,64.04,64.63,3464783.0,0.0475774574846135,34.05,-2.16,-0.0634
2020-07-17,65.45,65.84,63.59,64.66,2061154.0,0.0283032059451461,31.89,0.02,0.0006
2020-07-20,64.89,66.08,64.16,66.06,2123592.0,0.0291605875734975,31.91,0.69,0.0216
2020-07-21,65.96,67.42,65.45,66.63,2058285.0,0.0282638096177214,32.6,0.28,0.0086
2020-07-22,66.69,67.76,65.96,66.36,2195781.0,0.0301518672808722,32.88,-0.13,-0.004
2020-07-23,65.47,65.99,62.0,63.12,4227739.0,0.0580541616974404,32.75,-1.6,-0.0489
2020-07-24,62.61,63.59,59.09,59.51,3190581.0,0.0438121902233749,31.15,-1.78,-0.0571
2020-07-27,60.16,60.16,58.36,59.45,1639936.0,0.0225191549708848,29.37,-0.03,-0.001
2020-07-28,59.6,61.34,59.6,60.79,2247415.0,0.0308608913206924,29.34,0.66,0.0225
2020-07-29,60.79,62.11,60.35,62.11,2658172.0,0.0365012946891018,30.0,0.65,0.0217
2020-07-30,61.91,62.64,60.8,60.92,2053911.0,0.0282037470397655,30.65,-0.59,-0.0192
2020-07-31,61.18,62.32,61.06,62.26,2242781.0,0.0307972584934753,30.06,0.66,0.022
2020-08-03,62.56,65.26,62.56,65.03,2786877.0,0.0382686367320398,30.72,1.37,0.0446
2020-08-04,64.65,65.1,63.56,64.09,2201154.0,0.0302256478550278,32.09,-0.47,-0.0146
2020-08-05,65.77,66.07,63.84,64.98,2607605.0,0.0358069224029804,31.62,0.44,0.0139
2020-08-06,64.63,65.36,63.22,64.92,2092900.0,0.0287391333799397,32.06,-0.03,-0.0009
2020-08-07,64.27,64.45,62.12,62.63,2427711.0,0.0333366669391499,32.03,-1.13,-0.0353
2020-08-10,62.02,68.08,62.02,66.88,5481295.0,0.07526765163161,30.9,2.1,0.068
2020-08-11,66.83,69.22,66.04,66.64,4758387.0,0.0653408756588328,33.0,-0.12,-0.0036
2020-08-12,66.58,67.48,63.08,65.14,2763189.0,0.0379433595608879,32.88,-0.74,-0.0225
2020-08-13,65.67,66.06,64.19,65.85,1994649.0,0.0273899773793126,32.14,0.35,0.0109
2020-08-14,65.87,67.25,65.08,66.42,1747430.0,0.0239952333327479,32.49,0.28,0.0086
2020-08-17,66.42,68.69,65.51,68.35,3184502.0,0.0437287150493023,32.77,0.95,0.029
2020-08-18,68.55,68.55,67.01,67.92,2000956.0,0.0274765833873528,33.72,-0.21,-0.0062
2020-08-19,67.88,68.15,66.12,66.48,1733495.0,0.023803881704075,33.51,-0.71,-0.0212
2020-08-20,65.88,66.75,64.88,65.65,1014191.0,0.0139265948787493,32.8,-0.41,-0.0125
2020-08-21,65.89,68.37,65.89,67.56,2227593.0,0.030588701009709,32.39,0.94,0.029
2020-08-24,68.1,69.91,67.27,69.28,2725069.0,0.0374199060922829,33.33,0.85,0.0255
2020-08-25,69.03,69.16,67.9,68.65,1855150.0,0.0254744150651226,34.18,-0.31,-0.0091
2020-08-26,68.91,69.52,64.41,64.41,2504241.0,0.0343875560774588,33.87,-2.09,-0.0617
2020-08-27,64.41,65.57,62.95,65.1,1488620.0,0.0204413248277728,31.78,0.34,0.0107
2020-08-28,65.1,69.73,64.42,68.96,3650033.0,0.0501212600832249,32.12,1.9,0.0592
2020-08-31,68.83,70.01,68.06,68.61,3197722.0,0.0439102484925068,34.02,-0.17,-0.005
2020-09-01,68.69,73.33,67.09,70.86,4879486.0,0.0670037741791526,33.85,1.11,0.0328
2020-09-02,70.47,72.46,69.74,72.12,4999244.0,0.0686482584523213,34.96,0.62,0.0177
2020-09-03,70.69,78.44,69.03,75.27,7830732.0,0.1053506168610129,35.58,1.56,0.0438
2020-09-04,72.98,74.76,72.03,73.53,5240147.0,0.070498226588828,37.14,-0.86,-0.0232
2020-09-07,73.73,75.98,71.57,73.07,6079263.0,0.0817872591106849,36.28,-0.23,-0.0063
2020-09-08,72.41,72.92,70.55,71.14,4064859.0,0.054460700451872,36.05,-0.95,-0.0264
2020-09-09,70.63,70.63,66.66,67.08,4327153.0,0.0579748973684989,35.1,-2.0,-0.057
2020-09-10,66.9,67.89,61.2,61.61,4030025.0,0.0539939969230311,33.1,-2.7,-0.0816
2020-09-11,60.75,63.43,60.59,62.54,2293081.0,0.0307225410408772,30.4,0.46,0.0151
2020-09-14,63.2,64.56,62.68,64.42,2119801.0,0.0284009475552728,30.86,0.93,0.0301
2020-09-15,64.42,65.09,63.91,64.05,1467831.0,0.0196658984739622,31.79,-0.18,-0.0057
2020-09-16,64.05,64.42,62.59,62.94,1314873.0,0.0176165777423655,31.61,-0.55,-0.0174
2020-09-17,63.06,65.21,61.8,64.9,1703780.0,0.0228271268981016,31.06,0.97,0.0312
2020-09-18,64.82,65.09,64.05,64.88,1166579.0,0.0156297449610046,32.03,-0.01,-0.0003
2020-09-21,64.89,68.69,64.89,66.47,2364651.0,0.031681430963342,32.02,0.78,0.0244
2020-09-22,65.8,67.07,64.84,65.29,1278758.0,0.0171327114638994,32.8,-0.58,-0.0177
2020-09-23,65.31,67.32,65.29,67.07,1809450.0,0.0242428862680451,32.22,0.88,0.0273
2020-09-24,66.16,66.95,64.84,65.15,1279975.0,0.0171490167459399,33.1,-0.95,-0.0287
2020-09-25,65.71,66.04,63.49,63.67,1228941.0,0.0164652667347192,32.15,-0.73,-0.0227
2020-09-28,63.77,64.32,61.56,61.58,1366996.0,0.0183149181004574,31.42,-1.03,-0.0328
2020-09-29,62.06,63.06,61.54,62.57,805780.0,0.0107957848501287,30.39,0.49,0.0161
2020-09-30,63.02,63.93,61.66,62.83,907917.0,0.0121163037688779,30.88,0.13,0.0042
2020-10-09,64.54,65.35,64.03,64.62,1126469.0,0.0150329166545225,31.01,0.88,0.0284
2020-10-12,65.41,66.81,65.15,66.56,1310931.0,0.0174945928053323,31.89,0.96,0.0301
2020-10-13,66.46,67.17,65.53,66.54,1317533.0,0.0175826975962792,32.85,-0.01,-0.0003
2020-10-14,66.54,66.77,65.02,65.19,1179581.0,0.0157417051514585,32.84,-0.67,-0.0204
2020-10-15,65.0,65.77,63.89,63.97,1146066.0,0.0152944418875104,32.17,-0.6,-0.0187
2020-10-16,63.91,64.7,62.87,63.6,808523.0,0.010789874263974,31.57,-0.18,-0.0057
2020-10-19,63.64,64.53,62.57,62.65,804139.0,0.0107313690528999,31.39,-0.47,-0.015
2020-10-20,62.38,63.84,62.08,63.62,853619.0,0.011391687904165,30.92,0.48,0.0155
2020-10-21,63.66,63.97,62.27,62.69,839840.0,0.0112078048513844,31.4,-0.46,-0.0146
2020-10-22,62.29,63.68,61.8,63.48,781935.0,0.0104350529701697,30.94,0.39,0.0126
2020-10-23,64.43,66.34,63.21,63.62,2300272.0,0.0306975134324441,31.33,0.07,0.0022
2020-10-26,62.97,63.62,60.8,61.25,1870765.0,0.0249656708930276,31.4,-1.17,-0.0373
2020-10-27,61.27,62.1,60.82,61.61,898117.0,0.0119855211346338,30.23,0.18,0.006
2020-10-28,61.76,62.61,60.58,62.24,1273197.0,0.0169910262828255,30.41,0.31,0.0102
2020-10-29,61.15,61.82,60.81,60.95,1217533.0,0.016248180920319,30.72,-0.64,-0.0208
2020-10-30,61.03,61.29,56.69,56.82,2599503.0,0.0346908010270867,30.08,-2.04,-0.0678
2020-11-02,56.82,57.87,55.5,57.46,990366.0,0.0132165994230403,28.04,0.32,0.0114
2020-11-03,58.05,59.07,57.45,58.38,849695.0,0.0113393214698003,28.36,0.45,0.0159
2020-11-04,58.42,60.54,58.42,59.17,1318677.0,0.0175979644670522,28.81,0.39,0.0135
2020-11-05,59.67,60.14,58.42,59.21,1084829.0,0.0144772239106527,29.2,0.02,0.0007
2020-11-06,58.99,59.8,58.2,59.29,998104.0,0.0133198643234262,29.22,0.04,0.0014
2020-11-09,59.21,61.8,59.07,61.32,1913713.0,0.025538819115019,29.26,1.0,0.0342
2020-11-10,61.6,62.52,60.63,61.83,1592719.0,0.0212551006561871,30.26,0.25,0.0083
2020-11-11,61.22,62.21,60.27,60.37,985086.0,0.0131461369425496,30.51,-0.72,-0.0236
2020-11-12,60.39,61.16,59.19,59.86,788881.0,0.0105277484984819,29.79,-0.25,-0.0084
2020-11-13,60.04,60.65,58.42,59.19,888805.0,0.0118612509417684,29.54,-0.33,-0.0112
2020-11-16,59.19,60.08,58.56,58.89,741915.0,0.0099009793964504,29.21,-0.15,-0.0051
2020-11-17,58.77,58.77,57.05,57.41,1110030.0,0.0148135354581614,29.06,-0.73,-0.0251
2020-11-18,57.47,58.32,57.25,57.83,742200.0,0.0099047827689769,28.33,0.21,0.0074
2020-11-19,57.86,58.04,57.04,57.88,723500.0,0.0096552281505723,28.54,0.02,0.0007
2020-11-20,58.24,58.26,57.17,57.59,790300.0,0.0105466852901137,28.56,-0.14,-0.0049
2020-11-23,57.55,58.73,56.36,58.44,1729739.0,0.0230836554055879,28.42,0.42,0.0148
2020-11-24,58.16,62.3,57.78,61.12,3208029.0,0.0428116819746405,28.84,1.32,0.0458
2020-11-25,60.41,60.98,59.36,59.36,1410892.0,0.0188285890197889,30.16,-0.87,-0.0288
2020-11-26,59.34,60.35,58.95,59.66,757048.0,0.0101029318050234,29.29,0.15,0.0051
2020-11-27,59.22,60.58,58.87,60.37,1161462.0,0.0154999040749413,29.44,0.35,0.0119
2020-11-30,61.53,62.58,59.48,60.94,2047159.0,0.0273196782384209,29.79,0.28,0.0094
2020-12-01,61.91,66.88,61.65,64.55,4915889.0,0.0656033584766951,30.07,1.78,0.0592
2020-12-02,65.3,67.89,65.26,66.39,6036448.0,0.0805574051956684,31.85,0.91,0.0286
2020-12-03,66.58,67.99,64.04,64.91,3934851.0,0.0525112427691882,32.76,-0.73,-0.0223
2020-12-04,63.01,63.82,61.71,61.99,3878472.0,0.0517588556124486,32.03,-1.44,-0.045
2020-12-07,62.02,63.05,61.0,61.21,2119700.0,0.0282877499803292,30.59,-0.39,-0.0127
2020-12-08,60.98,61.71,60.47,61.22,1655026.0,0.0220865979614777,30.2,0.01,0.0003
2020-12-09,60.96,61.81,59.78,59.94,2087844.0,0.0278626263480353,30.21,-0.63,-0.0209
2020-12-10,59.99,59.99,58.0,59.08,1988597.0,0.026538158582645,29.58,-0.43,-0.0145
2020-12-11,58.89,59.46,57.55,58.47,1727118.0,0.0230486777235109,29.15,-0.3,-0.0103
2020-12-14,58.18,59.05,57.59,58.99,1264922.0,0.0168805950278897,28.85,0.26,0.009
2020-12-15,58.99,60.45,58.2,60.35,1774699.0,0.0236836541030996,29.11,0.67,0.023
2020-12-16,59.99,63.27,58.53,61.02,3459078.0,0.0461619727444719,29.78,0.33,0.0111
2020-12-17,61.02,65.16,60.8,62.83,5388549.0,0.0719110849972888,30.11,0.89,0.0296
2020-12-18,61.97,64.2,61.16,61.77,3505185.0,0.0467772783482569,31.0,-0.52,-0.0168
2020-12-21,61.51,62.18,59.89,61.31,2358044.0,0.0314684904064799,30.48,-0.23,-0.0075
2020-12-22,61.1,61.53,58.16,58.2,3082646.0,0.0411384249308213,30.25,-1.53,-0.0506
2020-12-23,57.78,59.22,57.78,58.69,1364263.0,0.0182063172389554,28.72,0.24,0.0084
2020-12-24,59.79,59.79,56.14,56.26,1858700.0,0.0248046614560729,28.96,-1.2,-0.0414
2020-12-25,56.3,57.25,56.06,56.24,1315421.0,0.0175545126040829,27.76,-0.01,-0.0004
2020-12-28,56.24,56.75,53.81,54.13,1598061.0,0.0213263905370169,27.75,-1.04,-0.0375
2020-12-29,54.09,55.63,53.81,54.8,1070912.0,0.0142914992248593,26.71,0.33,0.0124
2020-12-30,54.76,55.59,54.11,54.58,1589920.0,0.021217747534427,27.04,-0.11,-0.0041
2020-12-31,54.72,55.65,54.11,55.35,1055635.0,0.0140857803051399,26.93,0.38,0.0141
2021-01-04,55.21,56.22,54.74,55.75,1239415.0,0.0165380338818768,27.31,0.2,0.0073
2021-01-05,55.75,55.75,54.34,55.04,1345086.0,0.0179480463299526,27.51,-0.35,-0.0127
2021-01-06,54.72,54.72,52.35,52.9,2312195.0,0.0308525871088426,27.16,-1.06,-0.039
2021-01-07,52.59,52.69,47.59,48.64,4091186.0,0.054590409737707,26.1,-2.1,-0.0805
2021-01-08,48.62,49.73,47.14,49.02,1874663.0,0.0250144142285682,24.0,0.19,0.0079
2021-01-11,49.02,49.17,47.18,47.83,1995026.0,0.0266204681912234,24.19,-0.59,-0.0244
2021-01-12,47.63,48.44,46.37,47.71,1856271.0,0.024769002063026,23.6,-0.06,-0.0025
2021-01-13,47.63,47.63,46.21,46.98,1417718.0,0.0189172055517697,23.54,-0.36,-0.0153
2021-01-14,46.82,48.54,46.37,47.75,1581158.0,0.0210980539824035,23.18,0.38,0.0164
2021-01-15,48.21,48.94,47.26,48.25,1256134.0,0.0167611225071323,23.56,0.25,0.0106
2021-01-18,48.66,49.41,47.95,49.27,1600978.0,0.0213625205505334,23.81,0.5,0.021
2021-01-19,48.74,50.06,48.74,49.14,1341985.0,0.0179066683870781,24.31,-0.06,-0.0025
2021-01-20,49.77,49.77,48.66,48.8,883200.0,0.0117849078189901,24.25,-0.17,-0.007
2021-01-21,48.8,49.23,48.29,48.42,1265284.0,0.0168832147926212,24.08,-0.19,-0.0079
2021-01-22,48.4,48.78,47.26,47.42,1255400.0,0.0167513284374549,23.89,-0.49,-0.0205
2021-01-25,47.43,47.43,46.11,46.57,1273100.0,0.0169875069569251,23.4,-0.42,-0.0179
2021-01-26,46.63,49.25,46.63,47.61,1609473.0,0.02147587289646,22.98,0.51,0.0222
2021-01-27,47.28,48.15,46.37,47.3,1350900.0,0.0180256249690599,23.49,-0.15,-0.0064
2021-01-28,46.65,53.91,46.65,50.67,4529212.0,0.0604351742670559,23.34,1.66,0.0711
2021-01-29,49.55,49.84,47.32,48.34,2825046.0,0.0376957729782685,25.0,-1.15,-0.046
2021-02-01,47.93,48.05,46.41,47.28,1547348.0,0.0206469129799577,23.85,-0.52,-0.0218
2021-02-02,47.02,47.83,46.51,47.44,1204099.0,0.0160667976901473,23.33,0.08,0.0034
2021-02-03,46.98,49.63,46.85,48.42,2006060.0,0.0267676994784457,23.41,0.48,0.0205
2021-02-04,48.15,48.23,45.74,46.13,1604178.0,0.0214052194919066,23.89,-1.13,-0.0473
2021-02-05,45.76,46.73,42.92,42.92,1691185.0,0.0225661903644234,22.76,-1.58,-0.0694
2021-02-08,42.46,43.59,42.3,42.56,903633.0,0.0120575539030768,21.18,-0.18,-0.0085
2021-02-09,42.56,43.55,42.5,43.15,738469.0,0.0098537014177783,21.0,0.29,0.0138
2021-02-10,42.66,44.59,42.66,43.96,714800.0,0.0095378760292279,21.29,0.4,0.0188
2021-02-18,45.09,45.8,44.63,45.15,928733.0,0.0123924737244725,21.69,0.59,0.0272
2021-02-19,45.19,47.18,44.93,46.98,1062507.0,0.0141774762817388,22.28,0.9,0.0404
2021-02-22,47.56,48.6,46.83,47.26,1380300.0,0.0184179214929257,23.18,0.14,0.006
2021-02-23,47.26,47.28,45.6,45.92,954807.0,0.0127403900361486,23.32,-0.66,-0.0283
2021-02-24,45.8,46.71,45.6,45.98,791600.0,0.0105626506221836,22.66,0.03,0.0013
2021-02-25,46.16,46.61,44.81,44.99,654356.0,0.0087313464003658,22.69,-0.49,-0.0216
2021-02-26,44.99,45.59,44.2,44.93,576811.0,0.0076966309601217,22.2,-0.03,-0.0014
2021-03-01,45.19,46.32,45.07,46.32,722487.0,0.0096404468924577,22.17,0.69,0.0311
2021-03-02,46.59,47.19,45.19,45.84,756487.0,0.0100941231445475,22.86,-0.24,-0.0105
2021-03-03,45.51,46.28,45.23,46.1,578641.0,0.0077210494172194,22.62,0.13,0.0057
2021-03-04,45.83,47.15,45.59,46.22,1087368.0,0.0145092070259506,22.75,0.06,0.0026
2021-03-05,45.61,47.44,45.61,47.25,1253522.0,0.0167262694962365,22.81,0.51,0.0224
2021-03-08,47.66,48.22,46.4,46.56,1051481.0,0.0140303517418699,23.32,-0.34,-0.0146
2021-03-09,46.56,46.91,42.92,45.12,1089872.0,0.0145426189475751,22.98,-0.71,-0.0309
2021-03-10,45.25,46.6,44.19,44.29,741283.0,0.0098912497993483,22.27,-0.41,-0.0184
2021-03-11,44.92,45.49,43.81,45.18,571052.0,0.0076197862090692,21.86,0.44,0.0201
2021-03-12,45.13,45.59,44.38,44.54,468952.0,0.006257423110882,22.3,-0.32,-0.0143
2021-03-15,44.4,44.58,43.3,43.4,559200.0,0.0074616400049584,21.98,-0.56,-0.0255
2021-03-16,43.58,44.31,43.58,44.19,536176.0,0.0071544211217785,21.42,0.39,0.0182
2021-03-17,44.78,46.2,43.97,45.89,1044983.0,0.013943646204044,21.81,0.84,0.0385
2021-03-18,46.62,48.47,46.0,46.12,1967900.0,0.0262585146025709,22.65,0.11,0.0049
2021-03-19,44.52,46.28,44.52,46.26,959035.0,0.0127968060124379,22.76,0.07,0.0031
2021-03-22,45.61,47.44,45.35,46.91,1122356.0,0.0149760665761893,22.83,0.32,0.014
2021-03-23,48.35,48.39,46.99,47.17,1997184.0,0.0266492632898119,23.15,0.13,0.0056
2021-03-24,46.4,47.39,46.4,46.48,920010.0,0.0122760790789731,23.28,-0.34,-0.0146
2021-03-25,46.53,48.13,46.53,46.91,1201529.0,0.016032505102857,22.94,0.21,0.0092
2021-03-26,47.07,47.82,46.87,47.01,824471.0,0.0110012621540201,23.15,0.05,0.0022
2021-03-29,47.01,47.76,46.2,47.09,889308.0,0.0118664094233361,23.2,0.04,0.0017
2021-03-30,46.99,47.09,44.8,45.15,1058100.0,0.0141186718334164,23.24,-0.96,-0.0413
2021-03-31,45.31,45.45,44.7,45.23,480684.0,0.0060492515573314,22.28,0.04,0.0018
2021-04-01,44.82,45.74,44.82,45.45,476000.0,0.005990304943143,22.32,0.11,0.0049
2021-04-02,45.45,46.87,45.23,46.87,861882.0,0.0108465042121974,22.43,0.7,0.0312
2021-04-06,46.87,48.17,46.71,47.82,1312033.0,0.0165115079106444,23.13,0.47,0.0203
2021-04-07,48.39,50.37,48.39,48.79,2086300.0,0.0262554058884018,23.6,0.48,0.0203
2021-04-08,48.57,49.24,47.9,48.1,1277667.0,0.0160790229953586,24.08,-0.34,-0.0141
2021-04-09,48.37,48.49,47.25,47.54,837400.0,0.0105384062172015,23.74,-0.28,-0.0118
2021-04-12,48.24,48.24,46.26,46.4,859265.0,0.0108135701196844,23.46,-0.56,-0.0239
2021-04-13,46.4,48.18,46.4,47.07,832366.0,0.0104750549670255,22.9,0.33,0.0144
2021-04-14,47.7,50.66,47.13,49.26,2567599.0,0.0323123970203971,23.23,1.08,0.0465
2021-04-15,48.99,49.91,48.26,48.53,1277324.0,0.0160747064520907,24.31,-0.36,-0.0148
2021-04-16,48.51,49.14,48.16,48.73,1031572.0,0.0129819975857309,23.95,0.1,0.0042
2021-04-19,48.97,50.15,48.63,49.78,1585285.0,0.0199502953188875,24.05,0.52,0.0216
2021-04-20,49.44,49.54,48.24,48.37,1175098.0,0.0147882255421795,24.57,-0.7,-0.0285
2021-04-21,48.1,48.37,47.56,48.24,749001.0,0.0094259335981492,23.87,-0.06,-0.0025
2021-04-22,48.53,48.55,47.63,47.68,564730.0,0.0071069430893721,23.81,-0.28,-0.0118
2021-04-23,47.47,47.62,46.81,47.17,744672.0,0.0093714545433197,23.53,-0.25,-0.0106
2021-04-26,47.57,48.04,47.09,47.11,730276.0,0.0091902855728124,23.28,-0.03,-0.0013
2021-04-27,46.91,49.3,46.91,48.85,1597842.0,0.0201083210734485,23.25,0.86,0.037
2021-04-28,47.76,47.76,40.97,44.49,2700858.0,0.0339894181263179,24.11,-2.15,-0.0892
2021-04-29,45.43,45.57,42.81,42.95,1295762.0,0.0163067426759177,21.96,-0.76,-0.0346
2021-04-30,43.22,43.93,42.93,42.99,933800.0,0.0117515688149305,21.2,0.02,0.0009
2021-05-06,43.46,44.17,43.19,43.32,608600.0,0.0076590327487328,21.22,0.16,0.0075
2021-05-07,43.3,43.46,40.93,41.39,1827073.0,0.0229931185365191,21.38,-0.95,-0.0444
2021-05-10,41.39,41.67,40.66,40.92,627528.0,0.0078972354629425,20.43,-0.23,-0.0113
2021-05-11,41.39,42.73,39.99,42.71,1256086.0,0.0158074331403628,20.2,0.88,0.0436
2021-05-12,42.22,42.35,41.64,42.18,637600.0,0.0080239883019915,21.08,-0.26,-0.0123
2021-05-13,42.91,43.97,42.55,42.93,1352950.0,0.0170264350269439,20.82,0.37,0.0178
2021-05-14,42.79,43.46,42.14,43.42,1052295.0,0.0132427897902198,21.19,0.24,0.0113
2021-05-17,43.4,43.42,41.88,42.36,760150.0,0.0095662401313658,21.43,-0.52,-0.0243
2021-05-18,42.51,42.91,42.04,42.23,441400.0,0.0055548752140826,20.91,-0.07,-0.0033
2021-05-19,42.21,42.23,41.19,41.36,558820.0,0.0070325676645528,20.84,-0.43,-0.0206
2021-05-20,41.5,41.94,41.03,41.78,343800.0,0.0043266110072532,20.41,0.21,0.0103
2021-05-21,41.92,42.29,41.7,41.8,463000.0,0.0058267041778891,20.62,0.01,0.0005
2021-05-24,41.9,42.29,41.44,42.04,401317.0,0.0050504437161078,20.63,0.12,0.0058
2021-05-25,42.55,43.12,42.15,42.65,801259.0,0.0100835835051214,20.75,0.3,0.0145
2021-05-26,42.45,43.97,42.15,43.77,1033037.0,0.0130004341335076,21.05,0.55,0.0261
2021-05-27,43.58,44.52,43.08,44.07,1146592.0,0.0144294868180004,21.6,0.15,0.0069
2021-05-28,44.27,44.27,43.2,43.48,668137.0,0.0084082864995729,21.75,-0.29,-0.0133
2021-05-31,43.56,43.6,43.08,43.36,615200.0,0.0077420915987848,21.46,-0.06,-0.0028
2021-06-01,43.32,43.89,43.24,43.46,557594.0,0.007017138853922,21.4,0.05,0.0023
2021-06-02,43.56,43.93,42.69,42.89,677139.0,0.0085215737371741,21.45,-0.28,-0.0131
2021-06-03,42.75,43.27,42.59,42.71,614439.0,0.0077325146616803,21.17,-0.09,-0.0043
2021-06-04,42.81,42.91,42.16,42.16,661050.0,0.0083190989131611,21.08,-0.27,-0.0128
2021-06-07,42.36,43.46,42.36,43.1,594582.0,0.0074826207850921,20.71,0.46,0.0222
2021-06-08,43.08,43.56,42.95,43.46,614600.0,0.0077345407942346,21.17,0.18,0.0085
2021-06-09,43.38,43.93,42.89,43.1,650032.0,0.0081804409722712,21.35,-0.18,-0.0084
2021-06-10,43.12,44.01,42.73,43.81,1063620.0,0.0133853112261045,21.17,0.35,0.0165
2021-06-11,43.81,44.36,43.28,43.55,1018339.0,0.0128154645913766,21.52,-0.13,-0.006
2021-06-15,43.55,45.6,43.28,45.05,2359363.0,0.0296918147932115,21.39,0.74,0.0346
2021-06-16,44.99,45.09,43.99,44.46,1145906.0,0.0144208537314647,22.13,-0.29,-0.0131
2021-06-17,44.38,46.01,43.67,46.01,1984704.0,0.0249768533232682,21.84,0.76,0.0348
2021-06-18,46.01,48.86,45.4,47.76,4026358.0,0.0506704038450911,22.6,0.86,0.0381
2021-06-21,46.83,47.74,46.42,47.62,2365058.0,0.029763484513067,23.46,-0.07,-0.003
2021-06-22,47.21,47.66,45.75,46.97,2022336.0,0.0254504397846555,23.39,-0.32,-0.0137
2021-06-23,46.66,50.87,46.27,49.0,3719036.0,0.0468028565851403,23.07,1.0,0.0433
2021-06-24,48.66,49.84,47.64,47.94,2497685.0,0.0314325521048616,24.07,-0.52,-0.0216
2021-06-25,48.47,48.66,46.42,46.6,1957360.0,0.024632737990568,23.55,-0.66,-0.028
2021-06-28,46.82,48.8,45.83,47.76,2140465.0,0.0269370547691693,22.89,0.57,0.0249
2021-06-29,47.64,48.03,46.21,46.28,1380330.0,0.0173710034079172,23.46,-0.73,-0.0311
2021-06-30,46.28,47.95,45.95,47.38,1388305.0,0.0175389060565226,22.73,0.54,0.0238
2021-07-01,48.25,49.98,46.42,46.54,2088884.0,0.0263895471376773,23.27,-0.41,-0.0176
2021-07-02,45.91,47.95,45.81,46.99,1608100.0,0.0203156473753923,22.86,0.22,0.0096
2021-07-05,46.52,48.21,46.44,48.15,1804875.0,0.022801569589367,23.08,0.57,0.0247
2021-07-06,48.25,48.46,47.01,47.68,1565764.0,0.0197808029955125,23.65,-0.23,-0.0097
2021-07-07,47.44,50.65,46.85,49.98,4198478.0,0.0530407304031729,23.42,1.13,0.0482
2021-07-08,49.43,51.34,49.06,50.88,4038258.0,0.0510166193264455,24.55,0.44,0.0179
2021-07-09,50.45,50.9,49.43,50.29,2856104.0,0.0360820855241884,24.99,-0.29,-0.0116
2021-07-12,50.12,50.18,48.9,49.53,2315790.0,0.0292561240193145,24.7,-0.37,-0.015
2021-07-13,49.8,49.8,48.47,49.37,1843100.0,0.0232844783767089,24.33,-0.08,-0.0033
2021-07-14,49.43,51.26,48.59,48.9,2173798.0,0.027462293161702,24.25,-0.23,-0.0095
2021-07-15,47.78,48.21,45.4,45.42,3358564.0,0.0424298252047056,24.02,-1.71,-0.0712
2021-07-16,44.93,45.87,44.64,44.95,1477112.0,0.0186608336085818,22.31,-0.23,-0.0103
2021-07-19,44.54,45.3,44.05,45.03,1156900.0,0.0146154918528644,22.08,0.04,0.0018
2021-07-20,45.24,45.7,43.97,44.24,1197796.0,0.015132144247034,22.12,-0.39,-0.0176
2021-07-21,44.38,45.7,44.07,45.4,1485896.0,0.018771804721414,21.73,0.57,0.0262
2021-07-22,45.4,48.17,44.87,48.17,3359411.0,0.0424405256296337,22.3,1.36,0.061
2021-07-23,49.47,57.79,49.33,57.79,15718682.0,0.1985791932827103,23.66,4.73,0.1999
2021-07-26,59.24,69.21,57.91,67.79,21727876.0,0.2744952845172873,28.39,4.91,0.1729
2021-07-27,65.83,71.25,62.49,62.7,16402770.0,0.2072214982275131,33.3,-2.5,-0.0751
2021-07-28,61.4,68.2,60.97,63.49,12956320.0,0.1636796644725551,30.8,0.39,0.0127
2021-07-29,65.4,67.38,62.09,64.12,12446983.0,0.1572451128974583,31.19,0.31,0.0099
2021-07-30,61.07,63.83,59.44,63.1,11830498.0,0.1494569401792511,31.5,-0.5,-0.0159
2021-08-02,64.08,64.73,59.03,61.59,9187749.0,0.1160705874490637,31.0,-0.74,-0.0239
2021-08-03,61.64,63.81,59.34,59.44,8584271.0,0.108446734645446,30.26,-1.06,-0.035
2021-08-04,58.01,60.15,57.71,59.72,6408916.0,0.0809650595626528,29.2,0.14,0.0048
2021-08-05,58.75,59.44,55.84,56.37,8014352.0,0.1012468390966687,29.34,-1.65,-0.0562
2021-08-06,56.61,57.16,54.9,57.1,5421280.0,0.0684880653929336,27.69,0.36,0.013
2021-08-09,56.88,58.28,55.09,57.73,5312491.0,0.0671137131834864,28.05,0.31,0.0111
2021-08-10,57.17,57.98,55.7,56.68,5386682.0,0.0680509822527038,28.36,-0.52,-0.0183
2021-08-11,56.27,58.63,56.27,58.15,6844800.0,0.0864716653634477,27.84,0.72,0.0259
2021-08-12,58.12,58.14,56.6,56.9,4804028.0,0.0606902030172734,28.56,-0.61,-0.0214
2021-08-13,57.0,57.0,53.74,53.81,6034907.0,0.0762401324514271,27.95,-1.52,-0.0544
2021-08-16,53.46,54.82,52.68,54.62,3294572.0,0.0416209571499218,26.43,0.4,0.0151
2021-08-17,54.11,54.11,51.7,51.83,3598395.0,0.0454582825057806,26.83,-1.37,-0.0511
2021-08-18,50.87,52.36,50.2,51.26,3828557.0,0.0483659036029907,25.46,-0.28,-0.011
2021-08-19,51.42,52.11,50.73,50.91,2832479.0,0.0357825170871155,25.18,-0.17,-0.0068
2021-08-20,50.28,51.4,49.71,51.3,2423040.0,0.030610101682224,25.01,0.19,0.0076
2021-08-23,51.74,55.2,51.29,54.33,5576522.0,0.0704478281221769,25.2,1.49,0.0591
2021-08-24,56.18,62.08,54.55,56.48,9520248.0,0.1202686539718661,26.69,1.06,0.0397
2021-08-25,54.86,55.28,53.35,53.51,5457125.0,0.0689394938352677,27.75,-1.46,-0.0526
2021-08-26,52.92,54.0,51.4,51.46,4000450.0,0.0505374163342963,26.29,-1.01,-0.0384
2021-08-27,52.8,52.88,50.4,50.62,3029200.0,0.0382676802759315,25.28,-0.41,-0.0162
2021-08-30,50.07,51.66,50.07,50.62,2148300.0,0.0271393297031505,24.87,0.0,0.0
2021-08-31,50.65,52.68,50.65,52.21,2602001.0,0.0328709039831157,24.87,0.78,0.0314
2021-09-01,52.01,52.01,49.87,50.89,2097758.0,0.0265008360095991,25.65,-0.65,-0.0253
2021-09-02,50.69,53.36,50.38,53.13,3571448.0,0.0451178628635003,25.0,1.1,0.044
2021-09-03,52.76,55.92,51.91,54.56,4954821.0,0.0625939211186027,26.1,0.7,0.0268
2021-09-06,54.68,55.74,53.6,54.7,3029339.0,0.0382694362536016,26.8,0.07,0.0026
2021-09-07,54.94,54.96,53.37,53.58,2838500.0,0.0358585799759777,26.87,-0.55,-0.0205
2021-09-08,53.58,53.82,52.93,53.8,1828938.0,0.023104850993167,26.32,0.11,0.0042
2021-09-09,53.58,53.84,50.69,50.73,3076700.0,0.0388677445876662,26.43,-1.51,-0.0571
2021-09-10,50.54,51.87,50.54,51.3,1543600.0,0.0195001951914459,24.92,0.28,0.0112
2021-09-13,51.34,52.82,50.69,51.83,1971228.0,0.0249023910124666,25.2,0.26,0.0103
2021-09-14,51.29,51.58,50.48,50.85,1530309.0,0.0193322908805561,25.46,-0.48,-0.0189
2021-09-15,50.68,52.29,50.58,51.33,1338000.0,0.0169028641916005,24.98,0.24,0.0096
2021-09-16,51.34,51.8,48.61,48.65,2085800.0,0.0263497713982365,25.22,-1.32,-0.0523
2021-09-17,48.98,49.63,45.84,46.72,3016827.0,0.0381113729974243,23.9,-0.95,-0.0397
2021-09-22,46.35,46.96,45.94,46.45,1141800.0,0.0144242827608142,22.95,-0.13,-0.0057
2021-09-23,46.45,47.78,46.45,46.76,1494600.0,0.0188811814803932,22.82,0.15,0.0066
2021-09-24,46.88,47.02,44.95,45.31,1827400.0,0.0230854215423997,22.97,-0.71,-0.0309
2021-09-27,45.41,46.07,44.03,44.42,1409852.0,0.0178105656847955,22.26,-0.44,-0.0198
2021-09-28,44.46,50.24,44.46,47.59,2981638.0,0.0376668327223583,21.82,1.56,0.0715
2021-09-29,46.61,47.18,45.33,45.33,1540252.0,0.0194579001321682,23.38,-1.11,-0.0475
2021-09-30,46.33,46.65,45.39,46.33,987073.0,0.0125458337096593,22.27,0.49,0.022
2021-10-08,46.68,48.83,46.68,47.86,1467560.0,0.0186528896231055,22.76,0.75,0.033
2021-10-11,48.24,49.28,47.02,47.55,1658461.0,0.0210792566276501,23.51,-0.15,-0.0064
2021-10-12,47.47,47.47,45.09,45.93,1410184.0,0.0179236234244918,23.36,-0.8,-0.0342
2021-10-13,46.62,46.8,45.25,46.33,790700.0,0.0100499006099528,22.56,0.2,0.0089
2021-10-14,46.19,47.39,45.81,46.52,951139.0,0.0120891013231945,22.76,0.09,0.004
2021-10-15,46.52,47.64,46.42,46.78,907439.0,0.011533668596933,22.85,0.13,0.0057
2021-10-18,46.74,47.21,45.54,46.13,1138739.0,0.0144735219054977,22.98,-0.32,-0.0139
2021-10-19,43.77,46.11,43.77,44.89,1496158.0,0.0190163642301578,22.66,-0.61,-0.0269
2021-10-20,45.12,45.24,43.92,44.1,1449949.0,0.0184290417851277,22.05,-0.39,-0.0177
2021-10-21,44.47,44.63,43.37,44.59,1346649.0,0.0171160852491366,21.66,0.24,0.0111
2021-10-22,44.77,45.65,43.94,43.98,2267500.0,0.0205958037677958,21.9,-0.3,-0.0137
2021-10-25,43.98,44.55,42.37,43.23,1670711.0,0.0151751426278712,21.6,-0.37,-0.0171
2021-10-26,43.16,44.96,42.94,44.2,1383050.0,0.0125623049177729,21.23,0.48,0.0226
2021-10-27,44.2,44.57,42.66,42.92,1272900.0,0.0115618075484134,21.71,-0.63,-0.029
2021-10-28,42.76,43.17,41.46,42.01,1076137.0,0.0097746004318697,21.08,-0.45,-0.0213
2021-10-29,42.47,44.31,42.47,43.43,1544700.0,0.0140305790871507,20.63,0.7,0.0339
2021-11-01,43.06,46.83,43.06,46.06,3370211.0,0.030611777028475,21.33,1.29,0.0605
2021-11-02,46.06,47.4,45.61,46.36,3483600.0,0.03164169437949,22.62,0.15,0.0066
2021-11-03,46.36,47.28,46.06,46.83,2754739.0,0.0250214173651573,22.77,0.23,0.0101
2021-11-04,46.85,50.11,46.44,49.27,11554091.0,0.1049463245650525,23.0,1.2,0.0522
2021-11-05,49.78,52.33,48.46,50.8,8595578.0,0.0780740188572363,24.2,0.75,0.031
2021-11-08,50.9,50.9,47.85,48.46,4136866.0,0.0375753386327085,24.95,-1.15,-0.0461
2021-11-09,48.48,49.4,47.46,48.44,2951745.0,0.0268108316615535,23.8,-0.01,-0.0004
2021-11-10,48.26,48.83,47.22,48.17,3078801.0,0.0279648869839443,23.79,-0.13,-0.0055
2021-11-11,48.03,49.27,47.91,48.93,3203100.0,0.0290939003522059,23.66,0.37,0.0156
2021-11-12,48.56,49.84,48.46,49.13,2627400.0,0.0238647915411276,24.03,0.1,0.0042
2021-11-15,49.6,50.09,49.15,49.54,2536226.0,0.0230366540272466,24.13,0.2,0.0083
2021-11-16,49.48,50.48,46.93,47.69,3263875.0,0.0296459223914508,24.33,-0.91,-0.0374
2021-11-17,48.4,48.46,47.4,48.01,2757500.0,0.0250464956514651,23.42,0.16,0.0068
2021-11-18,48.27,49.5,46.66,46.77,4049200.0,0.0367790644394968,23.58,-0.61,-0.0259
2021-11-19,46.52,49.19,46.52,48.7,3976625.0,0.0361198624732574,22.97,0.95,0.0414
2021-11-22,48.81,49.6,48.15,48.56,2698200.0,0.0245078711030945,23.92,-0.07,-0.0029
2021-11-23,48.32,50.9,48.19,50.39,6960503.0,0.0632225596088884,23.85,0.9,0.0377
2021-11-24,50.47,50.61,48.99,49.07,4263921.0,0.0387293848720546,24.75,-0.65,-0.0263
2021-11-25,49.07,49.23,48.15,48.38,3510300.0,0.0318842116719267,24.1,-0.34,-0.0141
2021-11-26,48.15,48.56,47.36,47.44,3228383.0,0.0293235469703586,23.76,-0.46,-0.0194
2021-11-29,46.95,47.9,46.23,46.42,3053803.0,0.0277378290335199,23.3,-0.5,-0.0215
2021-11-30,46.38,54.03,46.26,52.93,14550267.0,0.1321607249839189,22.8,3.2,0.1404
2021-12-01,53.51,53.55,51.1,51.65,5820500.0,0.052867861446728,26.0,-0.63,-0.0242
2021-12-02,52.43,52.47,48.7,49.66,7035406.0,0.0639029069030975,25.37,-0.98,-0.0386
2021-12-03,49.64,53.45,49.03,52.02,10740914.0,0.0975602015571208,24.39,1.16,0.0476
2021-12-06,53.96,56.18,50.76,53.45,17189636.0,0.1561342314865886,25.55,0.7,0.0274
2021-12-07,53.79,54.32,49.89,50.03,10852615.0,0.0985747867287489,26.25,-1.68,-0.064
2021-12-08,49.64,54.73,49.44,52.94,11372052.0,0.1032928561980907,24.57,1.43,0.0582
2021-12-09,52.16,55.44,51.82,53.55,11558108.0,0.1049828111554539,26.0,0.3,0.0115
2021-12-10,52.57,53.53,51.72,52.25,6683500.0,0.0607065289887822,26.3,-0.64,-0.0243
2021-12-13,51.96,52.49,50.64,51.45,4893130.0,0.0444445183198743,25.66,-0.39,-0.0152
2021-12-14,51.19,52.7,51.09,51.58,3868300.0,0.0351359416604034,25.27,0.06,0.0024
2021-12-15,51.49,53.28,51.39,51.41,4829800.0,0.0438692891015217,25.33,-0.08,-0.0032
2021-12-16,51.31,52.43,50.09,50.64,4801600.0,0.0436131472420942,25.25,-0.38,-0.015
2021-12-17,50.64,50.9,49.23,49.87,3808700.0,0.0345945921986347,24.87,-0.38,-0.0153
2021-12-20,50.29,50.29,48.71,48.81,2491200.0,0.0226276808583608,24.49,-0.52,-0.0212
2021-12-21,49.48,49.58,48.58,49.5,2091600.0,0.0189980962120052,23.97,0.34,0.0142
2021-12-22,49.89,50.21,49.27,49.4,2452100.0,0.0222725338121333,24.31,-0.05,-0.0021
2021-12-23,49.24,49.85,48.67,48.85,2552000.0,0.0231799299737222,24.26,-0.27,-0.0111
2021-12-24,48.93,49.54,46.85,47.0,3868831.0,0.0351407647571182,23.99,-0.91,-0.0379
2021-12-27,46.9,47.4,46.14,46.81,1822500.0,0.0165538488938513,23.08,-0.09,-0.0039
2021-12-28,46.81,47.52,46.79,47.36,1535131.0,0.0139436634327939,22.99,0.27,0.0117
2021-12-29,47.08,47.46,45.81,46.61,2043831.0,0.0185642082516154,23.26,-0.37,-0.0159
2021-12-30,46.53,47.52,46.24,46.79,1804787.0,0.016392960923779,22.89,0.09,0.0039
2021-12-31,46.75,47.28,46.32,46.83,2111100.0,0.0191782314509205,22.98,0.02,0.0009
2022-01-04,46.85,47.65,46.85,47.59,1828300.0,0.0166091424194581,23.0,0.37,0.0161
2022-01-05,47.44,47.61,46.12,46.63,2470200.0,0.0224404657903765,23.37,-0.47,-0.0201
2022-01-06,46.32,47.18,46.12,46.85,1626603.0,0.0147768314209472,22.9,0.11,0.0048
2022-01-07,46.87,48.62,46.53,47.58,3428358.0,0.0311448264983255,23.01,0.36,0.0156
2022-01-10,47.22,47.38,45.81,46.85,2649378.0,0.0240682035360603,23.37,-0.36,-0.0154
2022-01-11,46.65,47.44,46.65,46.93,1581130.0,0.0143637331694349,23.01,0.04,0.0017
2022-01-12,46.95,48.03,46.95,47.5,1810000.0,0.0164428965592185,23.05,0.28,0.0121
2022-01-13,47.54,47.76,47.11,47.3,1227700.0,0.0111530077932334,23.33,-0.1,-0.0043
2022-01-14,47.32,47.5,45.91,45.93,1974224.0,0.0179347850921141,23.23,-0.67,-0.0288
2022-01-17,45.47,47.44,45.22,47.38,2317300.0,0.0210514498324182,22.56,0.71,0.0315
2022-01-18,47.38,47.54,46.02,46.16,1598100.0,0.0145178966802691,23.27,-0.6,-0.0258
2022-01-19,46.01,46.6,45.63,46.12,1019263.0,0.0092594674451042,22.67,-0.02,-0.0009
2022-01-20,46.01,46.22,43.78,44.1,2521698.0,0.0229082979931426,22.65,-0.99,-0.0437
2022-01-21,44.75,44.79,43.59,44.16,782400.0,0.0071076918607362,21.66,0.03,0.0014
2022-01-24,43.62,44.29,43.27,43.98,879903.0,0.0079934552547768,21.69,-0.09,-0.0041
2022-01-25,42.76,43.31,40.42,40.42,3771200.0,0.0342593654718921,21.6,-1.75,-0.081
2022-01-26,40.42,41.72,40.42,41.48,1648049.0,0.0149716570339908,19.85,0.52,0.0262
2022-01-27,41.95,42.52,39.73,39.73,1528200.0,0.0138828920009932,20.37,-0.86,-0.0422
2022-01-28,40.11,41.4,39.97,40.93,1382500.0,0.0125592842503423,19.51,0.59,0.0302
2022-02-07,41.42,42.15,41.05,41.6,930900.0,0.0084567361364511,20.1,0.33,0.0164
2022-02-08,41.93,41.93,40.97,41.68,783000.0,0.0071131425446785,20.43,0.04,0.002
2022-02-09,41.64,42.11,41.44,42.03,767600.0,0.0069732416568265,20.47,0.17,0.0083
2022-02-10,42.31,43.25,41.7,41.76,1528864.0,0.0138889240912226,20.64,-0.13,-0.0063
2022-02-11,41.64,41.76,40.99,41.32,1061900.0,0.0096468021305161,20.51,-0.22,-0.0107
2022-02-14,40.93,41.7,40.36,41.19,624100.0,0.0056696197472973,20.29,-0.06,-0.003
2022-02-15,41.19,41.8,40.88,41.37,529900.0,0.004813862368359,20.23,0.09,0.0044
2022-02-16,41.41,42.27,41.33,41.92,869303.0,0.0078971598384631,20.32,0.27,0.0133
2022-02-17,41.86,42.25,41.48,41.54,921514.0,0.0083714692706473,20.59,-0.19,-0.0092
2022-02-18,41.48,41.74,41.15,41.5,740200.0,0.006724327090129,20.4,-0.02,-0.001
2022-02-21,41.46,42.35,41.23,42.17,1128400.0,0.0102509196007857,20.38,0.33,0.0162
2022-02-22,42.11,42.13,41.27,41.95,991900.0,0.0090108890039164,20.71,-0.11,-0.0053
2022-02-23,42.29,43.43,41.48,43.17,1678858.0,0.0152515405699538,20.6,0.6,0.0291
2022-02-24,43.78,47.04,43.47,44.63,6256603.0,0.0568379425088929,21.2,0.72,0.034
2022-02-25,44.25,46.02,43.64,44.23,2935707.0,0.0266693516735766,21.92,-0.2,-0.0091
2022-02-28,44.25,44.53,42.46,43.19,1678358.0,0.0152469983333352,21.72,-0.51,-0.0235
2022-03-01,43.17,43.84,43.03,43.49,971800.0,0.00882829109185,21.21,0.15,0.0071
2022-03-02,43.41,43.66,42.82,43.66,1065803.0,0.0096822588295606,21.36,0.08,0.0037
2022-03-03,43.66,43.74,42.62,42.92,1281803.0,0.0116445050487823,21.44,-0.36,-0.0168
2022-03-04,42.84,43.69,42.45,42.57,1395000.0,0.0126728401658065,21.08,-0.17,-0.0081
2022-03-07,42.33,42.9,41.39,41.48,1145900.0,0.0104098978824356,20.91,-0.54,-0.0258
2022-03-08,41.88,41.88,40.21,40.64,1275387.0,0.0115862190684928,20.37,-0.41,-0.0201
2022-03-09,40.6,41.44,37.69,39.3,1987658.0,0.0180568259055818,19.96,-0.66,-0.0331
2022-03-10,40.07,40.7,38.89,39.09,1499379.0,0.0136210683978256,19.3,-0.1,-0.0052
2022-03-11,38.6,39.87,37.87,39.66,1195579.0,0.0108612054283833,19.2,0.28,0.0146
2022-03-14,39.58,39.58,38.48,38.48,975900.0,0.0088655374321222,19.48,-0.58,-0.0298
2022-03-15,38.52,38.69,36.2,36.24,1451579.0,0.0131868305770905,18.9,-1.1,-0.0582
2022-03-16,37.06,37.6,35.71,37.5,1626300.0,0.0147740788255563,17.8,0.62,0.0348
2022-03-17,37.87,38.68,37.81,37.83,1017700.0,0.0092452684134346,18.42,0.16,0.0087
2022-03-18,37.67,38.5,37.56,38.15,706300.0,0.00641636344739,18.58,0.16,0.0086
2022-03-21,38.26,38.99,37.87,38.6,882800.0,0.0080197729737448,18.74,0.22,0.0117
2022-03-22,38.6,39.86,38.03,38.72,1683300.0,0.0152918938000732,18.96,0.06,0.0032
2022-03-23,38.71,38.71,37.81,38.16,913152.0,0.0082955049054384,19.02,-0.28,-0.0147
2022-03-24,37.93,38.15,37.22,37.5,769700.0,0.0069923190506245,18.74,-0.32,-0.0171
2022-03-25,37.71,38.07,37.5,37.6,637321.0,0.0057897255679655,18.42,0.05,0.0027
2022-03-28,37.26,37.56,36.67,36.91,653239.0,0.0059343322129543,18.47,-0.34,-0.0184
