,dt,Open,Close,High,Low,Vol
0,2003-03-04,22.48,22.06,23.05,21.91,339112684.0
1,2003-03-05,21.9,21.59,22.15,21.41,75042450.0
2,2003-03-06,21.6,21.9,21.97,21.46,59013556.0
3,2003-03-07,21.7,21.47,21.9,21.46,27451313.0
4,2003-03-10,21.42,20.82,21.44,20.81,36164076.0
5,2003-03-11,20.78,20.9,21.2,20.72,25006151.0
6,2003-03-12,20.85,21.0,21.05,20.61,22561832.0
7,2003-03-13,20.81,20.63,21.11,20.6,15128674.0
8,2003-03-14,20.58,20.63,20.97,20.5,12922970.0
9,2003-03-17,20.6,20.75,20.82,20.52,12799441.0
10,2003-03-18,20.75,20.65,20.95,20.62,10752477.0
11,2003-03-19,20.58,20.69,20.79,20.55,11199651.0
12,2003-03-20,20.65,20.75,20.93,20.65,14466243.0
13,2003-03-21,20.75,20.85,20.88,20.53,8113924.0
14,2003-03-24,20.91,20.78,20.92,20.65,5632724.0
15,2003-03-25,20.78,20.6,20.78,20.53,10109985.0
16,2003-03-26,20.6,19.79,20.6,19.73,31603949.0
17,2003-03-27,19.65,20.19,20.47,19.39,36590705.0
18,2003-03-28,20.25,20.0,20.25,19.97,18418177.0
19,2003-03-31,20.0,20.03,20.1,19.84,9229234.0
20,2003-04-01,20.0,20.19,20.22,19.99,9990941.0
21,2003-04-02,20.15,20.28,20.53,20.05,17346044.0
22,2003-04-03,20.18,20.05,20.34,20.03,6704365.0
23,2003-04-04,20.03,20.01,20.17,19.95,5913664.0
24,2003-04-07,20.05,19.68,20.1,19.61,10390687.0
25,2003-04-08,19.67,19.46,19.89,19.42,10312204.0
26,2003-04-09,19.48,19.5,19.6,19.18,17446446.0
27,2003-04-10,19.5,19.84,20.1,19.3,22260116.0
28,2003-04-11,19.83,19.8,19.97,19.64,11171216.0
29,2003-04-14,19.94,19.98,20.3,19.82,18611301.0
30,2003-04-15,20.01,20.45,20.58,19.99,25969485.0
31,2003-04-16,20.5,19.97,20.68,19.9,20465288.0
32,2003-04-17,20.0,20.24,20.48,19.88,20635417.0
33,2003-04-18,20.23,20.38,20.93,20.23,19914835.0
34,2003-04-21,20.58,20.22,20.74,20.18,16358682.0
35,2003-04-22,20.25,19.85,20.32,19.8,7793554.0
36,2003-04-23,19.7,19.87,20.18,19.6,9617642.0
37,2003-04-24,19.72,19.84,20.28,19.65,15302109.0
38,2003-04-25,19.88,20.26,20.42,19.78,41258375.0
39,2003-04-28,20.4,20.68,21.25,20.26,79960984.0
40,2003-04-29,20.68,19.91,20.69,19.9,24621310.0
41,2003-04-30,19.88,19.97,20.1,19.81,16533846.0
42,2003-05-12,20.01,19.21,20.25,19.1,22670166.0
43,2003-05-13,19.2,18.01,19.2,17.81,29275250.0
44,2003-05-14,18.0,18.18,18.19,17.88,13890315.0
45,2003-05-15,18.19,18.43,18.55,18.1,7890673.0
46,2003-05-16,18.44,18.52,18.77,18.42,7780439.0
47,2003-05-19,18.52,18.46,18.6,18.33,6447251.0
48,2003-05-20,18.46,18.34,18.48,18.21,8073336.0
49,2003-05-22,18.8,18.46,18.8,18.39,5970257.0
50,2003-05-23,18.39,18.44,18.6,18.3,10497140.0
51,2003-05-26,18.45,18.43,18.6,18.38,7935321.0
52,2003-05-27,18.4,18.35,18.43,18.05,7531008.0
53,2003-05-28,18.15,18.16,18.3,18.15,5809111.0
54,2003-05-29,18.15,18.28,18.3,18.08,4115602.0
55,2003-05-30,18.29,18.73,18.84,18.2,12050829.0
56,2003-06-02,18.74,19.08,19.14,18.53,11605694.0
57,2003-06-03,19.07,18.81,19.16,18.75,6362216.0
58,2003-06-04,18.7,19.02,19.06,18.64,8345909.0
59,2003-06-05,19.8,18.9,19.8,18.9,10829911.0
60,2003-06-06,18.8,18.65,19.08,18.63,6835910.0
61,2003-06-09,18.6,18.71,18.74,18.39,4541653.0
62,2003-06-10,18.7,18.75,18.85,18.56,2611108.0
63,2003-06-11,18.76,18.89,18.89,18.56,4543558.0
64,2003-06-12,18.94,19.35,19.47,18.8,16871228.0
65,2003-06-13,19.3,19.44,19.6,19.25,11462542.0
66,2003-06-16,19.44,19.44,19.68,19.35,7571476.0
67,2003-06-17,19.36,19.31,19.45,19.3,3487176.0
68,2003-06-18,19.3,19.17,19.45,19.16,2643754.0
69,2003-06-19,19.17,18.88,19.18,18.8,5943094.0
70,2003-06-20,18.88,18.83,19.0,18.81,1953612.0
71,2003-06-23,18.78,18.72,18.82,18.63,2343090.0
72,2003-06-24,18.75,18.86,18.89,18.61,2477072.0
73,2003-06-25,19.03,19.29,19.71,19.03,17417191.0
74,2003-06-26,19.2,19.35,19.5,19.14,7247603.0
75,2003-06-27,19.35,19.18,19.5,19.16,4742072.0
76,2003-06-30,19.11,19.14,19.25,19.0,3714638.0
77,2003-07-01,19.37,19.29,19.59,19.1,5981696.0
78,2003-07-02,19.34,19.66,19.68,19.21,7992913.0
79,2003-07-03,19.66,19.61,19.81,19.51,7503321.0
80,2003-07-04,19.5,19.81,19.86,19.5,9250316.0
81,2003-07-07,19.8,19.83,19.89,19.66,6581477.0
82,2003-07-08,19.86,19.9,19.99,19.7,4661965.0
83,2003-07-09,19.9,20.03,20.29,19.9,13187199.0
84,2003-07-10,20.0,20.19,20.25,20.0,11525545.0
85,2003-07-11,20.18,19.86,20.18,19.83,8161029.0
86,2003-07-14,19.85,20.01,20.16,19.81,4876055.0
87,2003-07-15,20.0,19.79,20.14,19.77,6345290.0
88,2003-07-16,19.82,19.82,19.83,19.73,2821563.0
89,2003-07-17,19.8,19.97,20.15,19.75,5436995.0
90,2003-07-18,19.99,19.47,20.0,19.39,9221706.0
91,2003-07-21,19.47,19.36,19.55,19.22,8419982.0
92,2003-07-22,19.73,19.48,19.73,19.3,3822259.0
93,2003-07-23,19.5,19.4,19.67,19.3,8552463.0
94,2003-07-24,19.4,19.43,19.6,19.31,2190076.0
95,2003-07-25,19.3,19.17,19.6,19.14,4801864.0
96,2003-07-28,19.18,19.02,19.28,18.92,2240533.0
97,2003-07-29,18.98,19.23,19.29,18.98,1986952.0
98,2003-07-30,19.2,19.57,19.58,19.08,3895853.0
99,2003-07-31,19.21,19.48,19.65,19.21,7894236.0
100,2003-08-01,19.5,19.28,19.53,19.22,4254720.0
101,2003-08-04,19.28,18.94,19.28,18.66,8112667.0
102,2003-08-05,18.9,19.1,19.27,18.86,3254320.0
103,2003-08-06,19.1,18.91,19.23,18.82,1677149.0
104,2003-08-07,18.91,18.9,19.18,18.71,1235644.0
105,2003-08-11,18.78,18.71,18.8,18.61,1667246.0
106,2003-08-12,18.73,18.97,19.19,18.6,2088044.0
107,2003-08-13,18.82,18.74,19.08,18.72,846981.0
108,2003-08-14,18.76,18.69,18.88,18.67,2703909.0
109,2003-08-15,18.65,18.79,18.9,18.62,2215430.0
110,2003-08-18,18.68,18.81,18.88,18.68,2690482.0
111,2003-08-19,18.88,18.79,18.88,18.65,1893895.0
112,2003-08-20,18.7,18.85,18.88,18.7,1420124.0
113,2003-08-21,18.84,18.73,18.85,18.7,2056126.0
114,2003-08-22,18.7,18.63,18.78,18.63,1777345.0
115,2003-08-25,18.6,18.1,18.6,18.0,6647485.0
116,2003-08-26,18.2,18.06,18.2,17.92,4859797.0
117,2003-08-27,18.02,18.15,18.28,18.02,1581445.0
118,2003-08-28,18.1,18.0,18.15,18.0,1583575.0
119,2003-08-29,17.82,18.11,18.19,17.82,1739200.0
120,2003-09-01,18.3,18.6,18.62,17.93,4450755.0
121,2003-09-02,18.6,18.56,18.79,18.5,2870386.0
122,2003-09-03,18.56,18.45,18.71,18.38,1441345.0
123,2003-09-04,18.46,18.47,18.69,18.41,3443894.0
124,2003-09-05,18.48,18.18,18.5,18.12,4083252.0
125,2003-09-08,18.13,18.05,18.18,18.0,1082567.0
126,2003-09-09,18.04,18.08,18.25,18.04,887196.0
127,2003-09-10,18.1,18.13,18.2,18.02,1123554.0
128,2003-09-11,18.06,18.1,18.2,18.02,670374.0
129,2003-09-12,18.08,17.87,18.18,17.8,3112471.0
130,2003-09-15,17.84,17.81,18.05,17.77,3659846.0
131,2003-09-16,17.83,17.99,18.02,17.78,3780023.0
132,2003-09-17,17.9,17.78,17.98,17.75,2303387.0
133,2003-09-18,17.75,17.76,17.82,17.72,1120581.0
134,2003-09-19,17.88,17.74,17.88,17.71,1320568.0
135,2003-09-22,17.8,17.74,17.98,17.69,1036486.0
136,2003-09-23,18.3,18.0,18.33,17.95,2689943.0
137,2003-09-24,18.2,17.92,18.2,17.8,1185375.0
138,2003-09-25,17.9,17.89,18.0,17.8,855036.0
139,2003-09-26,17.88,17.81,17.88,17.77,769827.0
140,2003-09-29,17.81,17.54,17.81,17.44,1731930.0
141,2003-09-30,17.51,17.77,17.8,17.51,1395862.0
142,2003-10-08,17.6,17.65,17.79,17.5,1518425.0
143,2003-10-09,18.01,17.9,18.29,17.83,1979480.0
144,2003-10-10,17.81,18.28,18.3,17.81,9680290.0
145,2003-10-13,18.28,18.18,18.39,18.04,2010152.0
146,2003-10-14,18.18,18.14,18.27,18.0,2008508.0
147,2003-10-15,18.02,17.91,18.13,17.91,1601319.0
148,2003-10-16,17.86,17.86,18.1,17.81,1688619.0
149,2003-10-17,17.9,18.0,18.05,17.83,1699670.0
150,2003-10-20,17.8,18.18,18.25,17.75,1950735.0
151,2003-10-21,18.18,18.24,18.25,18.04,1360940.0
152,2003-10-22,18.29,18.41,18.57,18.16,6438172.0
153,2003-10-23,18.36,18.22,18.49,18.18,2444794.0
154,2003-10-24,18.2,18.2,18.28,18.11,2414552.0
155,2003-10-27,18.57,17.91,18.57,17.89,2940465.0
156,2003-10-28,17.85,17.87,18.16,17.8,3140345.0
157,2003-10-29,17.95,17.51,17.95,17.3,7466888.0
158,2003-10-30,17.44,17.48,17.56,17.38,2023847.0
159,2003-10-31,17.53,17.6,17.77,17.4,3201849.0
160,2003-11-03,17.61,17.78,17.78,17.53,1137478.0
161,2003-11-04,17.78,17.93,18.18,17.68,4637308.0
162,2003-11-05,17.98,17.75,17.98,17.6,2590134.0
163,2003-11-06,17.85,18.51,18.6,17.85,26162498.0
164,2003-11-07,18.41,18.33,18.5,18.25,11105267.0
165,2003-11-10,18.33,18.75,18.78,18.25,12630740.0
166,2003-11-11,18.75,18.44,18.75,18.38,18161685.0
167,2003-11-12,18.44,18.3,18.44,18.11,3586210.0
168,2003-11-13,18.11,18.0,18.25,17.9,5793116.0
169,2003-11-14,18.0,18.17,18.25,17.88,4216360.0
170,2003-11-17,18.12,18.0,18.21,17.93,1818285.0
171,2003-11-18,17.9,17.76,17.91,17.72,2042950.0
172,2003-11-19,17.77,18.04,18.08,17.61,1136558.0
173,2003-11-20,18.04,18.32,18.38,17.91,3840055.0
174,2003-11-21,18.32,18.09,18.33,18.03,2356454.0
175,2003-11-24,18.08,18.54,18.62,18.08,3791888.0
176,2003-11-25,18.61,18.43,18.65,18.31,5089124.0
177,2003-11-26,18.4,18.65,18.66,18.29,4802690.0
178,2003-11-27,18.65,18.95,19.15,18.5,14628938.0
179,2003-11-28,18.88,18.79,19.07,18.74,4797589.0
180,2003-12-01,18.8,18.93,19.28,18.75,3889784.0
181,2003-12-02,19.0,18.93,19.01,18.82,3280652.0
182,2003-12-03,18.92,18.73,18.92,18.72,3826883.0
183,2003-12-04,18.68,18.74,18.82,18.6,4864710.0
184,2003-12-05,18.72,18.88,18.97,18.7,1624429.0
185,2003-12-08,18.8,19.36,19.47,18.8,15560503.0
186,2003-12-09,19.27,19.35,19.44,19.11,5741451.0
187,2003-12-10,19.3,19.2,19.34,19.08,3856891.0
188,2003-12-11,19.25,19.15,19.34,19.0,5744262.0
189,2003-12-12,19.17,19.13,19.33,19.03,2859377.0
190,2003-12-15,19.07,19.18,19.18,19.0,4099011.0
191,2003-12-16,19.21,18.9,19.3,18.72,4289843.0
192,2003-12-17,18.77,19.0,19.19,18.77,4939476.0
193,2003-12-18,19.0,19.13,19.15,18.82,5579674.0
194,2003-12-19,19.19,19.42,19.5,18.96,11556587.0
195,2003-12-22,19.42,19.54,19.55,19.2,7636807.0
196,2003-12-23,19.5,19.61,19.65,19.45,6378538.0
197,2003-12-24,19.51,19.98,20.02,19.35,17830328.0
198,2003-12-25,19.92,20.16,20.48,19.88,13393663.0
199,2003-12-26,20.1,20.24,20.28,20.06,10418914.0
200,2003-12-29,20.35,19.99,20.85,19.89,10211306.0
201,2003-12-30,19.94,20.18,20.28,19.92,5145497.0
202,2003-12-31,20.25,20.98,21.1,20.2,23058782.0
203,2004-01-02,20.98,20.97,21.1,20.76,12731709.0
204,2004-01-05,20.93,21.32,21.35,20.78,11750108.0
205,2004-01-06,21.35,21.23,21.49,20.8,10993461.0
206,2004-01-07,21.22,21.19,21.31,21.1,5441995.0
207,2004-01-08,22.0,21.67,22.24,21.4,14979750.0
208,2004-01-09,21.68,21.37,21.82,21.24,9630324.0
209,2004-01-12,21.27,22.29,22.35,21.11,19195388.0
210,2004-01-13,22.3,22.15,22.45,21.85,16019015.0
211,2004-01-14,22.1,22.98,23.07,21.9,30061549.0
212,2004-01-15,22.98,22.84,23.0,22.73,8139853.0
213,2004-01-16,22.88,22.78,22.96,22.5,7867545.0
214,2004-01-29,22.98,23.21,23.5,22.83,7788746.0
215,2004-01-30,23.21,22.4,23.21,22.2,12054247.0
216,2004-02-02,22.3,21.95,22.82,21.9,18947027.0
217,2004-02-03,21.88,22.16,22.38,21.88,17751557.0
218,2004-02-04,22.36,22.87,22.99,22.16,11324317.0
219,2004-02-05,22.68,22.91,23.2,22.5,11930789.0
220,2004-02-06,22.89,22.66,22.9,22.57,9560846.0
221,2004-02-09,22.66,22.96,23.0,22.36,8874043.0
222,2004-02-10,23.0,22.65,23.06,22.6,7957240.0
223,2004-02-11,22.68,23.62,23.71,22.63,21423230.0
224,2004-02-12,23.6,23.44,23.7,23.21,9366270.0
225,2004-02-13,23.45,23.83,24.0,23.35,14462587.0
226,2004-02-16,23.98,25.09,25.18,23.8,40604272.0
227,2004-02-17,25.15,25.35,25.96,25.1,32170218.0
228,2004-02-18,25.25,25.6,25.68,24.99,13191060.0
229,2004-02-19,25.6,25.58,25.75,25.2,11715478.0
230,2004-02-20,25.47,25.61,25.82,25.2,7705268.0
231,2004-02-23,25.61,25.03,25.77,24.9,12256496.0
232,2004-02-24,25.0,25.39,25.4,24.96,17277074.0
233,2004-02-25,25.45,25.31,25.55,25.05,19918662.0
234,2004-02-26,25.28,25.31,25.35,24.99,16489039.0
235,2004-02-27,25.3,26.51,26.79,24.5,22698849.0
236,2004-03-01,26.36,26.76,27.33,26.26,21084255.0
237,2004-03-02,26.76,26.8,27.17,26.6,10504395.0
238,2004-03-03,26.62,26.7,26.98,26.13,10069797.0
239,2004-03-04,26.72,26.45,26.74,26.28,4996844.0
240,2004-03-05,26.48,26.0,27.25,25.2,48073437.0
241,2004-03-08,25.51,25.02,25.7,24.8,30972242.0
242,2004-03-09,25.5,24.91,25.5,24.9,11028784.0
243,2004-03-10,24.93,25.04,25.05,24.8,12356992.0
244,2004-03-11,25.04,25.25,25.45,25.0,10793143.0
245,2004-03-12,25.25,25.11,25.7,24.8,5967825.0
246,2004-03-15,25.0,25.97,26.15,24.9,10078894.0
247,2004-03-16,25.97,26.21,26.28,25.9,6384489.0
248,2004-03-17,25.8,26.23,26.25,25.69,11556280.0
249,2004-03-18,26.18,25.51,26.18,25.5,4260388.0
250,2004-03-19,25.4,26.0,26.1,25.4,4047136.0
251,2004-03-22,26.06,25.73,26.11,25.6,2568714.0
252,2004-03-23,25.7,25.09,25.7,25.0,13789224.0
253,2004-03-24,25.09,25.3,25.5,25.0,8677614.0
254,2004-03-25,25.4,25.25,25.75,25.06,5972900.0
255,2004-03-26,25.35,26.15,26.18,25.02,16919237.0
256,2004-03-29,26.27,26.62,26.7,26.06,9974706.0
257,2004-03-30,26.68,26.81,26.88,26.4,7927417.0
258,2004-03-31,26.87,27.0,27.1,26.5,10874057.0
259,2004-04-01,27.09,27.1,27.1,26.68,4332461.0
260,2004-04-02,26.99,28.05,28.6,26.55,15623556.0
261,2004-04-05,28.9,29.15,29.4,28.5,38383975.0
262,2004-04-06,29.15,28.69,29.3,28.51,14005359.0
263,2004-04-07,28.7,28.76,29.3,28.7,10725748.0
264,2004-04-08,28.73,29.78,29.88,28.54,25788157.0
265,2004-04-09,29.8,28.54,29.88,28.35,21393600.0
266,2004-04-13,29.78,28.78,29.78,28.62,16103569.0
267,2004-04-14,28.85,28.64,28.99,27.5,9977570.0
268,2004-04-15,28.08,27.89,28.48,27.51,7861079.0
269,2004-04-16,28.0,28.07,28.2,27.04,8758739.0
270,2004-04-19,27.99,28.02,28.7,27.5,4086992.0
271,2004-04-20,27.82,28.52,28.78,27.82,9105208.0
272,2004-04-21,28.8,27.98,28.95,27.65,12513942.0
273,2004-04-22,27.71,27.95,28.0,27.2,6020535.0
274,2004-04-23,28.08,27.9,28.29,27.75,4249362.0
275,2004-04-26,27.89,29.13,29.3,27.81,36302436.0
276,2004-04-27,29.0,28.73,29.4,28.61,14643006.0
277,2004-04-28,28.7,28.03,28.73,27.6,24651309.0
278,2004-04-29,28.0,26.93,28.29,26.4,18471036.0
279,2004-04-30,14.68,14.98,15.27,14.6,3644091.0
280,2004-05-10,14.9,14.64,15.1,14.6,3079534.0
281,2004-05-11,14.6,14.78,14.96,14.41,5024152.0
282,2004-05-12,14.87,15.25,15.28,14.6,5821868.0
283,2004-05-13,15.25,14.8,15.25,14.5,10681259.0
284,2004-05-14,14.76,14.75,14.8,14.45,5310518.0
285,2004-05-17,14.7,14.65,14.73,14.21,8617589.0
286,2004-05-18,14.7,14.61,14.7,14.15,8244778.0
287,2004-05-19,14.4,14.28,14.57,14.19,3753260.0
288,2004-05-20,14.16,14.12,14.34,14.1,3373217.0
289,2004-05-21,14.06,14.2,14.37,14.06,4095634.0
290,2004-05-24,14.36,13.8,14.36,13.53,9232084.0
291,2004-05-25,13.58,13.5,13.8,13.5,3984628.0
292,2004-05-26,13.64,13.45,13.64,13.35,6145056.0
293,2004-05-27,13.33,13.88,14.05,13.33,3890441.0
294,2004-05-28,14.15,14.07,14.38,13.96,5030807.0
295,2004-05-31,14.08,13.87,14.2,13.82,2831869.0
296,2004-06-01,14.05,14.4,14.55,13.87,7496075.0
297,2004-06-02,14.3,14.43,14.65,14.2,2972484.0
298,2004-06-03,14.43,14.24,14.45,13.9,2648088.0
299,2004-06-04,14.0,14.23,14.3,13.91,2971405.0
300,2004-06-07,13.8,13.94,14.05,13.05,15786650.0
301,2004-06-08,13.96,13.81,14.04,13.74,9014714.0
302,2004-06-09,13.75,14.13,14.23,13.75,4077107.0
303,2004-06-10,14.13,14.2,14.45,13.85,3786162.0
304,2004-06-11,14.35,14.22,14.54,14.2,3161937.0
305,2004-06-14,14.11,14.21,14.25,14.08,6315408.0
306,2004-06-15,14.18,14.3,14.33,14.01,3220005.0
307,2004-06-16,14.33,14.53,14.53,14.2,4225193.0
308,2004-06-17,14.55,14.55,15.1,14.35,6597508.0
309,2004-06-18,14.62,14.23,14.65,13.9,12435646.0
310,2004-06-21,14.1,14.4,14.42,14.1,1159023.0
311,2004-06-22,14.41,14.86,14.86,14.4,4841579.0
312,2004-06-23,14.78,14.9,15.01,14.6,4890631.0
313,2004-06-24,14.95,15.18,15.56,14.95,14032953.0
314,2004-06-25,15.25,14.59,15.45,14.51,7841260.0
315,2004-06-28,14.57,14.18,14.57,13.99,8454374.0
316,2004-06-29,14.05,14.28,14.3,13.86,5246321.0
317,2004-06-30,14.4,14.24,14.4,14.15,6040100.0
318,2004-07-01,14.32,14.49,14.5,14.11,2480722.0
319,2004-07-02,14.49,14.18,14.49,14.13,1310563.0
320,2004-07-05,14.15,14.4,14.44,14.05,1341299.0
321,2004-07-06,14.62,14.63,14.97,14.62,4295367.0
322,2004-07-07,14.65,14.78,14.81,14.44,2485726.0
323,2004-07-08,14.68,14.54,14.72,14.4,1082383.0
324,2004-07-09,14.65,14.49,14.65,14.39,824681.0
325,2004-07-12,14.55,14.06,14.55,14.0,5121466.0
326,2004-07-13,14.06,14.0,14.06,13.65,6407710.0
327,2004-07-14,14.08,14.0,14.15,13.8,2768228.0
328,2004-07-15,14.0,14.12,14.17,13.9,2617127.0
329,2004-07-16,14.13,14.49,14.6,13.98,3955483.0
330,2004-07-19,14.5,14.68,14.7,14.2,3495434.0
331,2004-07-20,14.66,14.67,14.68,14.41,5529837.0
332,2004-07-21,14.86,14.83,14.86,14.5,3831949.0
333,2004-07-22,14.67,14.67,14.91,14.66,9579039.0
334,2004-07-23,14.58,14.82,14.91,14.3,2252808.0
335,2004-07-26,14.81,14.75,14.87,14.6,4913740.0
336,2004-07-27,14.8,14.66,14.85,14.53,3914028.0
337,2004-07-28,14.79,15.02,15.09,14.67,4170294.0
338,2004-07-29,15.1,15.16,15.27,15.03,6564362.0
339,2004-07-30,15.2,15.07,15.25,14.91,15744367.0
340,2004-08-02,15.16,15.15,15.18,15.0,2837262.0
341,2004-08-03,15.2,15.36,15.38,15.2,3134419.0
342,2004-08-04,15.37,15.27,15.4,15.1,4728567.0
343,2004-08-05,15.27,15.2,15.3,15.04,3059630.0
344,2004-08-06,15.12,15.14,15.24,15.1,3759307.0
345,2004-08-09,15.14,15.04,15.14,14.86,2194933.0
346,2004-08-10,14.83,15.02,15.02,14.83,1392072.0
347,2004-08-11,15.0,15.01,15.07,15.0,2561890.0
348,2004-08-12,14.99,14.82,14.99,14.5,4868202.0
349,2004-08-17,14.5,14.81,14.84,14.35,5118120.0
350,2004-08-18,14.88,14.8,14.88,14.7,2921319.0
351,2004-08-19,14.61,14.78,14.84,14.6,4250021.0
352,2004-08-20,14.76,14.79,14.85,14.55,3717493.0
353,2004-08-23,14.7,14.7,14.78,14.5,2680788.0
354,2004-08-24,14.69,14.79,14.79,14.57,2428060.0
355,2004-08-25,14.94,14.71,14.94,14.62,1118410.0
356,2004-08-26,14.7,14.68,14.77,14.55,3574948.0
357,2004-08-27,14.67,14.5,14.75,14.4,5729803.0
358,2004-08-30,14.5,14.5,14.51,14.32,2195960.0
359,2004-08-31,14.51,14.49,14.7,14.48,3980199.0
360,2004-09-01,14.5,14.33,14.67,14.32,1403522.0
361,2004-09-02,14.27,14.37,14.37,13.95,3330500.0
362,2004-09-03,14.02,14.3,14.37,14.02,2071523.0
363,2004-09-06,14.3,14.27,14.3,14.05,4440087.0
364,2004-09-07,14.25,14.27,14.3,14.1,4068746.0
365,2004-09-08,14.16,14.24,14.28,14.0,8781221.0
366,2004-09-09,14.05,14.02,14.08,14.0,1265934.0
367,2004-09-10,14.0,14.08,14.15,14.0,915971.0
368,2004-09-13,13.92,14.01,14.13,13.92,2197913.0
369,2004-09-14,14.17,14.15,14.21,14.0,8086894.0
370,2004-09-15,14.12,14.5,14.7,14.07,4949587.0
371,2004-09-16,14.45,14.35,14.62,14.21,2434164.0
372,2004-09-17,14.36,14.88,14.9,14.32,5851046.0
373,2004-09-20,14.99,15.27,15.29,14.89,14386092.0
374,2004-09-21,15.3,15.54,15.68,15.01,12723896.0
375,2004-09-22,15.71,15.65,15.98,15.49,11395829.0
376,2004-09-23,15.78,16.8,16.84,15.68,15898918.0
377,2004-09-24,17.0,16.58,17.48,16.33,22587357.0
378,2004-09-27,16.55,16.79,17.3,16.55,10320914.0
379,2004-09-28,16.91,17.41,17.6,16.72,15097098.0
380,2004-09-29,17.39,17.31,17.6,17.28,7734836.0
381,2004-09-30,17.2,17.16,17.29,16.8,6245154.0
382,2004-10-08,17.05,17.8,18.0,16.61,7524064.0
383,2004-10-11,17.8,17.52,18.18,17.31,10029689.0
384,2004-10-12,17.5,17.05,17.5,16.98,9794799.0
385,2004-10-13,16.9,17.09,17.1,16.85,5569534.0
386,2004-10-14,17.09,16.21,17.09,16.01,9612051.0
387,2004-10-15,16.2,16.3,16.4,15.88,4259926.0
388,2004-10-18,16.21,16.45,16.9,16.21,2058565.0
389,2004-10-19,16.51,16.73,17.15,16.51,2733849.0
390,2004-10-20,16.51,17.3,17.38,16.51,3695724.0
391,2004-10-21,17.25,17.53,17.9,17.25,16709453.0
392,2004-10-22,17.11,17.89,18.03,17.0,17243734.0
393,2004-10-25,17.99,18.26,18.54,17.93,10889158.0
394,2004-10-26,18.26,18.4,18.5,18.01,5300146.0
395,2004-10-27,18.5,18.85,19.18,18.21,14844070.0
396,2004-10-28,18.88,19.06,19.2,18.61,8708035.0
397,2004-10-29,18.8,18.95,19.05,18.11,14254090.0
398,2004-11-01,18.8,18.24,18.8,18.1,8847068.0
399,2004-11-02,18.0,19.07,19.16,17.85,10252172.0
400,2004-11-03,18.99,18.93,19.15,18.8,6178803.0
401,2004-11-04,18.93,17.91,19.5,17.9,34696789.0
402,2004-11-05,17.81,18.42,18.8,17.71,8431968.0
403,2004-11-08,18.07,18.15,18.38,17.98,4264207.0
404,2004-11-09,18.16,18.31,18.44,18.16,3557801.0
405,2004-11-10,18.32,19.37,19.38,18.32,14296505.0
406,2004-11-11,19.46,19.12,20.1,19.09,4560245.0
407,2004-11-12,19.12,19.2,19.55,18.9,1605740.0
408,2004-11-15,19.3,19.27,19.3,19.11,6011151.0
409,2004-11-16,19.31,19.14,19.32,19.11,12227243.0
410,2004-11-17,19.15,18.66,19.18,18.42,13906135.0
411,2004-11-18,18.6,18.45,18.6,18.2,4722745.0
412,2004-11-19,18.47,18.9,18.95,18.47,5955640.0
413,2004-11-22,18.9,18.81,19.0,18.62,4097590.0
414,2004-11-23,18.75,18.3,18.75,18.21,4646437.0
415,2004-11-24,18.05,18.21,18.49,18.05,1509684.0
416,2004-11-25,18.1,18.5,18.5,18.1,1390499.0
417,2004-11-26,18.45,18.52,18.7,18.45,1094867.0
418,2004-11-29,18.58,18.34,18.58,18.01,1601058.0
419,2004-11-30,18.29,18.46,18.5,18.06,2095549.0
420,2004-12-01,18.43,18.24,18.57,18.23,294187.0
421,2004-12-02,18.24,18.17,18.34,18.1,422022.0
422,2004-12-03,18.15,18.04,18.39,18.01,929745.0
423,2004-12-06,18.05,17.99,18.15,17.86,1870746.0
424,2004-12-07,17.98,17.62,17.99,17.61,2247367.0
425,2004-12-08,17.7,17.65,17.79,17.5,1115523.0
426,2004-12-09,17.75,18.19,18.19,17.6,1208322.0
427,2004-12-10,18.18,17.98,18.18,17.82,492842.0
428,2004-12-13,18.02,17.92,18.25,17.8,413866.0
429,2004-12-14,17.87,17.77,18.0,17.76,812440.0
430,2004-12-15,17.6,17.73,18.0,17.58,1401618.0
431,2004-12-16,17.7,17.98,18.05,17.48,1359227.0
432,2004-12-17,17.63,17.95,18.0,17.53,1032539.0
433,2004-12-20,17.9,17.91,17.93,17.8,2657101.0
434,2004-12-21,17.99,17.9,17.99,17.63,1910082.0
435,2004-12-22,18.0,18.3,18.3,18.0,1174357.0
436,2004-12-23,18.28,18.1,18.29,18.1,1073761.0
437,2004-12-24,18.01,17.95,18.03,17.95,4699562.0
438,2004-12-27,17.51,18.04,18.2,17.5,2410101.0
439,2004-12-28,17.62,18.01,18.1,17.62,893544.0
440,2004-12-29,18.1,18.57,18.59,18.05,6684331.0
441,2004-12-30,18.57,18.79,18.9,18.25,8366347.0
442,2004-12-31,18.79,18.99,19.28,18.75,9441718.0
443,2005-01-04,18.79,18.66,18.79,18.59,2304663.0
444,2005-01-05,18.61,18.63,18.8,18.61,1605464.0
445,2005-01-06,18.68,18.5,18.68,18.5,831629.0
446,2005-01-07,18.46,18.6,18.6,17.92,1828127.0
447,2005-01-10,18.69,18.65,18.69,18.4,358534.0
448,2005-01-11,18.6,18.6,18.78,18.6,2294282.0
449,2005-01-12,18.6,18.44,18.6,18.42,250638.0
450,2005-01-13,18.42,18.5,18.6,18.31,11209744.0
451,2005-01-14,18.39,18.44,18.55,18.2,4302928.0
452,2005-01-17,18.31,18.57,18.85,18.31,709884.0
453,2005-01-18,18.6,18.46,18.6,18.0,910440.0
454,2005-01-19,18.45,18.38,18.49,18.01,2954489.0
455,2005-01-20,18.27,18.0,18.27,18.0,2662632.0
456,2005-01-21,17.8,18.65,18.65,17.5,4540760.0
457,2005-01-24,18.75,18.63,18.75,18.3,178752.0
458,2005-01-25,18.5,18.4,18.5,18.2,1739469.0
459,2005-01-26,18.25,18.3,18.39,18.25,494919.0
460,2005-01-27,18.05,18.11,18.38,18.0,1335101.0
461,2005-01-28,18.1,18.02,18.1,17.6,13647223.0
462,2005-01-31,17.71,17.98,18.5,17.5,1030652.0
463,2005-02-01,18.05,18.15,18.48,17.7,2746696.0
464,2005-02-02,18.15,18.67,18.7,17.71,8868061.0
465,2005-02-03,18.69,18.55,18.69,18.18,2708244.0
466,2005-02-04,18.55,18.61,18.64,18.2,8728695.0
467,2005-02-16,18.6,18.79,18.81,18.4,8612651.0
468,2005-02-17,18.89,18.9,18.95,18.6,3429113.0
469,2005-02-18,18.9,18.58,18.9,18.52,3433779.0
470,2005-02-21,18.6,18.7,18.75,18.5,1948921.0
471,2005-02-22,18.71,18.81,19.0,18.56,8668279.0
472,2005-02-23,18.81,18.17,18.81,18.16,12161797.0
473,2005-02-24,18.17,18.13,18.19,17.08,10480238.0
474,2005-02-25,17.99,18.1,18.19,17.7,5241215.0
475,2005-02-28,18.0,17.65,18.11,17.6,4823415.0
476,2005-03-01,17.88,17.75,17.99,17.62,2163568.0
477,2005-03-02,17.75,17.2,17.92,17.18,5101363.0
478,2005-03-03,17.2,17.05,17.44,16.75,8563450.0
479,2005-03-04,17.05,17.61,17.96,16.7,11045684.0
480,2005-03-07,17.69,17.08,17.69,17.0,5019223.0
481,2005-03-08,17.0,17.28,17.4,16.58,12665415.0
482,2005-03-09,17.25,16.8,17.3,16.73,14368422.0
483,2005-03-10,16.8,16.93,16.95,16.69,4935995.0
484,2005-03-11,16.93,17.36,17.45,16.72,8518170.0
485,2005-03-14,17.12,17.92,18.1,17.12,14128636.0
486,2005-03-15,17.92,17.68,18.36,17.6,14913824.0
487,2005-03-16,17.66,17.76,17.98,17.52,8163420.0
488,2005-03-17,17.88,17.77,17.88,17.55,2424558.0
489,2005-03-18,17.7,17.54,17.9,17.2,4928988.0
490,2005-03-21,17.3,17.5,17.54,17.01,8550001.0
491,2005-03-22,17.59,17.43,17.59,17.06,662471.0
492,2005-03-23,17.15,17.69,17.82,17.12,2917720.0
493,2005-03-24,17.6,17.72,17.82,17.39,1625181.0
494,2005-03-25,17.4,17.51,17.7,17.32,346352.0
495,2005-03-28,17.45,17.53,17.66,17.08,2009885.0
496,2005-03-29,17.23,17.4,17.64,17.23,501254.0
497,2005-03-30,17.2,17.2,17.39,17.03,3157873.0
498,2005-03-31,17.0,17.15,17.19,16.63,11848544.0
499,2005-04-01,17.09,17.75,17.87,16.91,14914406.0
500,2005-04-04,17.5,17.51,17.67,17.15,29407386.0
501,2005-04-05,17.5,17.82,17.83,17.13,8986836.0
502,2005-04-06,17.92,18.98,19.08,17.8,18877629.0
503,2005-04-07,19.01,19.2,19.6,18.88,28565231.0
504,2005-04-11,19.51,19.05,19.9,18.76,14035456.0
505,2005-04-12,18.67,18.83,18.98,18.41,5736702.0
506,2005-04-13,18.88,18.84,19.3,18.52,5731981.0
507,2005-04-14,18.84,18.64,19.0,18.47,1895018.0
508,2005-04-15,18.64,18.54,18.7,18.3,4367106.0
509,2005-04-18,18.5,18.75,18.76,18.32,1909761.0
510,2005-04-19,18.83,19.03,19.05,18.63,7443179.0
511,2005-04-20,19.0,18.91,19.14,18.65,4930292.0
512,2005-04-21,18.85,19.1,19.2,18.7,8019516.0
513,2005-04-22,14.66,14.79,14.87,14.6,10552755.0
514,2005-04-25,14.75,14.82,14.93,14.45,5897038.0
515,2005-04-26,14.82,15.64,15.78,14.82,6835159.0
516,2005-04-27,15.7,15.59,15.88,15.1,6131292.0
517,2005-04-28,15.56,15.77,15.79,15.32,3861549.0
518,2005-04-29,15.68,15.22,15.75,15.02,3129000.0
519,2005-05-09,15.16,14.91,15.17,14.61,4194768.0
520,2005-05-10,14.8,15.61,15.66,14.4,7810821.0
521,2005-05-11,15.35,15.43,15.6,15.11,2414766.0
522,2005-05-12,15.17,15.24,15.3,14.75,8876836.0
523,2005-05-13,14.83,15.13,15.25,14.61,5061452.0
524,2005-05-16,15.08,15.28,15.3,14.67,8642627.0
525,2005-05-17,15.28,15.35,15.38,15.2,4878617.0
526,2005-05-18,15.2,15.37,15.45,14.77,13154831.0
527,2005-05-19,15.35,15.51,15.56,15.35,14144831.0
528,2005-05-20,15.5,15.65,15.65,15.35,7616963.0
529,2005-05-23,15.58,15.22,15.58,15.07,2917140.0
530,2005-05-24,15.19,15.35,15.4,15.05,4602446.0
531,2005-05-25,15.21,14.72,15.21,14.11,28129883.0
532,2005-05-26,14.42,14.83,15.0,14.18,3485555.0
533,2005-05-27,14.5,14.19,14.5,14.12,1610798.0
534,2005-05-30,13.88,13.98,13.99,13.25,8491226.0
535,2005-05-31,13.7,13.69,13.81,13.62,2194219.0
536,2005-06-01,13.69,13.69,13.79,13.49,5314298.0
537,2005-06-02,13.69,12.32,13.69,12.32,11968955.0
538,2005-06-03,11.09,12.4,12.5,11.09,9361337.0
539,2005-06-06,12.4,13.4,13.4,11.94,3187482.0
540,2005-06-07,12.82,13.5,13.79,12.82,1424730.0
541,2005-06-08,13.5,14.84,14.85,13.5,5837183.0
542,2005-06-09,14.99,14.93,15.0,14.62,3226056.0
543,2005-06-10,14.88,14.96,14.96,14.35,2513434.0
544,2005-06-13,14.95,14.7,14.98,14.51,1062094.0
545,2005-06-14,14.8,14.39,14.8,14.0,2020690.0
546,2005-06-15,14.01,13.64,14.18,12.98,4418668.0
547,2005-06-16,13.6,13.52,13.67,13.08,6952463.0
548,2005-06-17,13.55,13.38,13.55,13.16,2365426.0
549,2005-07-06,13.98,13.92,14.05,13.8,20489676.0
550,2005-07-07,13.95,14.0,14.0,13.92,907866.0
551,2005-07-08,14.33,13.97,14.33,13.88,5712854.0
552,2005-07-11,13.98,14.0,14.03,13.98,3016661.0
553,2005-07-12,14.0,14.7,14.7,14.0,1851608.0
554,2005-07-13,14.21,14.7,14.79,14.21,1397457.0
555,2005-07-14,14.78,14.71,14.8,14.5,2149629.0
556,2005-07-15,14.73,15.0,15.15,14.54,5478549.0
557,2005-07-18,15.03,15.0,15.08,14.82,7254404.0
558,2005-07-19,14.76,14.87,15.0,14.76,595084.0
559,2005-07-20,14.82,15.05,15.1,14.5,2953879.0
560,2005-07-21,15.49,15.1,15.49,15.0,657811.0
561,2005-07-22,15.1,15.2,15.48,14.9,9296833.0
562,2005-07-25,14.99,15.13,15.29,14.99,2932144.0
563,2005-07-26,14.96,15.34,15.4,14.85,9938033.0
564,2005-07-27,15.25,15.97,15.99,15.22,7011732.0
565,2005-08-16,14.08,12.94,14.08,12.3,27958906.0
566,2005-08-17,12.79,12.78,12.79,12.45,11690775.0
567,2005-08-18,12.79,12.59,12.9,12.54,5902020.0
568,2005-08-19,12.58,12.41,12.58,12.27,3479116.0
569,2005-08-22,12.31,12.26,12.48,12.16,3183934.0
570,2005-08-23,12.2,12.62,12.65,12.18,2677354.0
571,2005-08-24,12.65,12.5,12.74,12.41,5454484.0
572,2005-08-25,12.33,12.37,12.49,12.32,1486895.0
573,2005-08-26,12.19,12.23,12.7,12.19,2674199.0
574,2005-08-29,12.28,12.03,12.3,12.0,4708785.0
575,2005-08-30,12.18,12.18,12.36,12.06,1154177.0
576,2005-08-31,12.2,12.3,12.31,12.14,869313.0
577,2005-09-01,12.18,12.31,12.4,12.05,6189794.0
578,2005-09-02,12.35,12.18,12.35,12.06,2545839.0
579,2005-09-05,12.18,12.4,12.47,12.18,5536987.0
580,2005-09-06,12.3,12.61,12.78,12.3,9530456.0
581,2005-09-07,12.62,13.42,13.75,12.62,16841200.0
582,2005-09-08,13.74,13.94,14.1,13.49,24991819.0
583,2005-09-09,13.95,13.89,13.96,13.84,7412749.0
584,2005-09-12,13.85,13.9,14.08,13.85,8236512.0
585,2005-09-13,13.6,13.99,14.02,13.6,3773572.0
586,2005-09-14,13.97,13.99,14.0,13.73,5280727.0
587,2005-09-15,13.97,13.8,13.97,13.63,4484949.0
588,2005-09-16,13.71,13.71,13.97,13.7,598937.0
589,2005-09-19,13.71,14.01,14.01,13.68,8082479.0
590,2005-09-20,14.0,14.39,14.97,13.8,4517886.0
591,2005-09-21,14.36,14.1,14.38,13.91,3415411.0
592,2005-09-22,13.6,13.97,14.09,13.6,2346403.0
593,2005-09-23,13.98,14.0,14.09,13.82,2427297.0
594,2005-09-26,14.0,14.0,14.23,14.0,3074606.0
595,2005-09-27,14.01,13.91,14.11,13.91,8605810.0
596,2005-09-28,13.88,13.91,14.0,13.76,3755740.0
597,2005-09-29,13.87,13.93,13.98,13.8,6366185.0
598,2005-09-30,14.0,14.15,14.3,14.0,5847559.0
599,2005-10-10,14.12,14.0,14.2,13.85,4127952.0
600,2005-10-11,14.0,13.97,14.02,13.75,9705758.0
601,2005-10-12,13.76,13.68,13.9,13.53,16984002.0
602,2005-10-13,13.41,14.02,14.09,13.29,4012181.0
603,2005-10-14,14.08,13.48,14.08,13.48,9785537.0
604,2005-10-17,13.48,13.24,13.51,13.12,8495642.0
605,2005-10-18,13.24,13.41,13.45,13.16,2618557.0
606,2005-10-19,13.47,13.18,13.47,13.03,7831398.0
607,2005-10-20,12.7,13.22,13.37,12.52,36889307.0
608,2005-10-21,13.05,13.0,13.35,13.0,6081996.0
609,2005-10-24,12.8,12.95,12.99,12.8,3111602.0
610,2005-10-25,12.75,12.89,12.9,12.6,6750226.0
611,2005-10-26,12.8,12.7,12.8,12.36,6112095.0
612,2005-10-27,12.43,12.55,12.65,12.28,6097858.0
613,2005-10-28,12.18,11.5,12.18,11.3,27762067.0
614,2005-10-31,11.08,11.09,11.45,10.95,8862600.0
615,2005-11-01,11.14,11.25,11.37,10.6,10606872.0
616,2005-11-02,11.12,11.25,11.34,11.11,4499366.0
617,2005-11-03,11.26,11.0,11.3,10.89,3695046.0
618,2005-11-04,10.8,10.89,11.2,10.8,2669675.0
619,2005-11-07,11.0,10.44,11.0,10.4,5201865.0
620,2005-11-08,10.44,10.38,10.86,10.35,12207785.0
621,2005-11-09,10.45,10.49,10.59,10.4,17553260.0
622,2005-11-10,10.56,10.5,10.6,10.2,8288613.0
623,2005-11-11,10.47,10.35,10.55,10.31,9843075.0
624,2005-11-14,10.26,10.37,10.43,10.1,5366903.0
625,2005-11-15,10.35,10.06,10.37,9.72,8288827.0
626,2005-11-16,9.9,9.77,9.98,9.72,4711002.0
627,2005-11-17,9.74,9.91,10.05,9.74,4439264.0
628,2005-11-18,9.98,9.99,10.34,9.85,29574945.0
629,2005-11-21,9.99,9.9,10.05,9.8,19747698.0
630,2005-11-22,9.9,9.87,10.1,9.8,17654412.0
631,2005-11-23,9.9,10.09,10.2,9.85,15197045.0
632,2005-11-24,9.9,9.85,10.08,9.8,24876416.0
633,2005-11-25,9.89,9.2,9.9,9.2,39953849.0
634,2005-11-28,9.18,9.5,9.65,9.15,48796109.0
635,2005-11-29,9.5,9.41,9.64,9.36,10697514.0
636,2005-11-30,9.38,9.53,9.55,9.21,10311126.0
637,2005-12-01,9.55,9.8,9.86,9.46,32565888.0
638,2005-12-02,10.5,9.94,10.78,9.72,59192192.0
639,2005-12-05,9.7,9.22,9.75,9.18,25466718.0
640,2005-12-06,9.21,8.96,9.22,8.84,20718781.0
641,2005-12-07,8.95,8.57,8.95,8.5,26210805.0
642,2005-12-08,8.59,8.69,8.84,8.59,14610425.0
643,2005-12-09,8.68,8.8,8.81,8.59,17600605.0
644,2005-12-12,8.79,8.8,8.84,8.61,15116202.0
645,2005-12-13,8.79,8.78,8.79,8.68,5513941.0
646,2005-12-14,8.75,9.09,9.15,8.71,34615083.0
647,2005-12-15,9.1,8.9,9.17,8.87,17875009.0
648,2005-12-16,8.88,9.3,9.37,8.85,30133519.0
649,2005-12-19,9.29,9.34,9.54,9.21,24677933.0
650,2005-12-20,9.31,9.37,9.44,9.31,14114648.0
651,2005-12-21,9.36,9.15,9.38,9.12,14584288.0
652,2005-12-22,9.1,9.39,9.4,9.08,12630563.0
653,2005-12-23,9.45,9.6,9.63,9.35,23426643.0
654,2005-12-26,9.6,9.49,9.62,9.43,20550262.0
655,2005-12-27,9.48,9.35,9.48,9.34,10562153.0
656,2005-12-28,9.35,9.35,9.43,9.3,12899395.0
657,2005-12-29,9.4,9.64,9.69,9.38,42523168.0
658,2005-12-30,9.7,9.76,9.86,9.63,38366646.0
659,2006-01-05,10.12,9.78,10.14,9.66,42230234.0
660,2006-01-06,9.82,9.65,9.82,9.57,41710375.0
661,2006-01-09,9.6,9.85,9.9,9.6,57067363.0
662,2006-01-10,9.83,9.54,9.85,9.49,50764091.0
663,2006-01-11,9.55,9.21,9.58,9.12,34959863.0
664,2006-01-12,9.2,9.31,9.36,9.13,34589453.0
665,2006-01-13,9.31,9.19,9.34,9.15,26254494.0
666,2006-01-16,9.17,9.19,9.26,9.13,17676068.0
667,2006-01-17,9.19,8.9,9.25,8.86,42178962.0
668,2006-01-18,8.94,9.12,9.2,8.86,41733003.0
669,2006-01-19,9.15,9.09,9.2,9.05,43367664.0
670,2006-01-20,9.11,9.42,9.48,9.07,52746452.0
671,2006-01-23,9.42,9.68,9.79,9.42,58630988.0
672,2006-01-24,9.68,9.5,9.7,9.44,35374489.0
673,2006-01-25,9.46,9.28,9.55,9.24,46818177.0
674,2006-02-06,9.21,9.33,9.41,9.11,40243361.0
675,2006-02-07,9.34,9.33,9.39,9.15,31745272.0
676,2006-02-08,9.35,10.26,10.26,9.35,124183099.0
677,2006-02-09,10.45,10.39,10.69,10.19,104664375.0
678,2006-02-10,10.37,10.31,10.46,10.06,50352639.0
679,2006-02-13,10.4,10.69,10.85,10.4,62105534.0
680,2006-02-14,10.8,10.59,10.93,10.56,44530053.0
681,2006-02-15,10.61,10.3,10.71,10.26,61053853.0
682,2006-02-16,10.32,9.79,10.35,9.72,54798105.0
683,2006-02-17,9.8,9.96,10.07,9.72,66337733.0
684,2006-02-20,9.92,9.35,9.92,9.3,57782793.0
685,2006-02-21,9.35,9.59,9.61,9.18,36607280.0
686,2006-02-22,9.56,9.32,9.59,9.28,47514767.0
687,2006-02-23,9.3,9.62,9.62,9.25,26371878.0
688,2006-02-24,9.65,9.8,9.96,9.59,44039508.0
689,2006-02-27,9.34,9.64,9.79,9.34,20352665.0
690,2006-02-28,9.64,9.55,9.67,9.31,17515628.0
691,2006-03-01,9.5,9.85,9.88,9.46,39129791.0
692,2006-03-02,9.85,9.5,9.91,9.46,37995317.0
693,2006-03-03,9.5,9.5,9.57,9.33,30427496.0
694,2006-03-06,9.5,9.36,9.54,9.33,16057882.0
695,2006-03-07,9.34,8.98,9.34,8.97,35391422.0
696,2006-03-08,8.92,8.92,8.97,8.82,17538147.0
697,2006-03-09,8.92,8.97,9.11,8.92,17548221.0
698,2006-03-10,8.9,8.99,9.08,8.9,12579498.0
699,2006-03-13,9.03,9.0,9.06,8.99,15294586.0
700,2006-03-14,9.07,9.03,9.11,8.91,8208589.0
701,2006-03-15,9.04,9.26,9.28,8.93,28472719.0
702,2006-03-16,9.26,9.21,9.28,9.14,15606559.0
703,2006-03-17,9.25,9.32,9.48,9.2,28221996.0
704,2006-03-20,9.32,9.42,9.51,9.25,15079900.0
705,2006-03-21,9.5,9.55,9.66,9.36,28952244.0
706,2006-03-22,9.57,9.56,9.65,9.46,13266676.0
707,2006-03-23,9.56,9.59,9.74,9.55,18745265.0
708,2006-03-24,9.58,9.32,9.58,9.18,28176035.0
709,2006-03-27,9.38,9.42,9.53,9.2,18560502.0
710,2006-03-28,9.45,9.72,9.83,9.41,30466564.0
711,2006-03-29,9.72,9.67,9.82,9.6,21422462.0
712,2006-03-30,9.67,9.77,9.92,9.61,32522691.0
713,2006-03-31,9.76,9.72,9.84,9.6,33327148.0
714,2006-04-03,9.8,10.5,10.6,9.8,100034924.0
715,2006-04-04,10.5,10.55,10.69,10.36,70454200.0
716,2006-04-05,10.55,11.02,11.36,10.42,128713229.0
717,2006-04-06,10.99,10.77,11.2,10.75,56859336.0
718,2006-04-07,10.8,10.47,10.98,10.35,59203464.0
719,2006-04-10,10.47,10.97,11.17,10.47,60363773.0
720,2006-04-11,11.0,11.04,11.11,10.79,51283589.0
721,2006-04-12,11.04,10.75,11.08,10.75,37690901.0
722,2006-04-13,10.73,10.7,11.09,10.67,41182200.0
723,2006-04-14,10.66,10.68,10.73,10.27,36094583.0
724,2006-04-17,10.61,10.7,11.05,10.52,46702154.0
725,2006-04-18,10.69,10.45,10.8,10.4,48207479.0
726,2006-04-20,10.56,10.72,10.83,10.37,40797770.0
727,2006-04-21,10.61,10.61,10.72,10.4,36742230.0
728,2006-04-24,10.75,11.12,11.35,10.7,87837548.0
729,2006-04-25,11.49,10.87,11.88,10.65,50448496.0
730,2006-04-26,10.94,10.8,11.15,10.59,67991024.0
731,2006-04-27,10.8,10.88,10.98,10.61,36045962.0
732,2006-04-28,10.8,10.7,10.8,10.6,38328773.0
733,2006-05-08,10.7,10.85,10.95,10.45,61662227.0
734,2006-05-09,10.9,11.28,11.46,10.76,95033316.0
735,2006-05-10,11.29,11.53,11.8,10.96,105128354.0
736,2006-05-11,11.49,10.94,11.7,10.9,87377743.0
737,2006-05-12,10.6,11.15,11.2,10.6,72411413.0
738,2006-05-15,11.2,11.36,11.48,10.86,115409332.0
739,2006-05-16,11.36,10.93,11.46,10.9,82332450.0
740,2006-05-17,10.91,11.42,11.45,10.8,85903370.0
741,2006-05-18,11.38,11.9,11.99,11.15,121179294.0
742,2006-05-19,11.91,12.21,12.55,11.9,127171740.0
743,2006-05-22,12.2,12.01,12.4,11.9,71239463.0
744,2006-05-23,11.94,11.14,11.99,11.12,72606706.0
745,2006-05-24,11.15,10.8,11.37,10.57,54157856.0
746,2006-05-25,10.8,11.15,11.2,10.7,28245033.0
747,2006-05-26,11.15,11.09,11.24,10.95,34180346.0
748,2006-05-29,11.1,11.23,11.34,10.84,51448852.0
749,2006-05-30,11.23,11.5,11.68,11.1,56940065.0
750,2006-05-31,11.4,11.06,11.45,11.0,49171013.0
751,2006-06-01,11.03,11.25,11.35,10.94,49269233.0
752,2006-06-02,11.28,11.85,11.88,11.25,108216745.0
753,2006-06-05,11.8,11.72,11.85,11.45,47837760.0
754,2006-06-06,11.75,11.66,12.1,11.59,42885322.0
755,2006-06-07,11.63,10.65,11.63,10.63,72168673.0
756,2006-06-08,10.6,10.64,10.75,10.4,37277018.0
757,2006-06-09,10.6,10.45,10.84,10.43,31477644.0
758,2006-06-12,10.45,10.33,10.65,10.21,28521547.0
759,2006-06-13,10.33,10.39,10.52,10.12,20703108.0
760,2006-06-14,10.38,10.46,10.48,10.2,12518585.0
761,2006-06-15,10.47,10.51,10.57,10.42,12649729.0
762,2006-06-16,10.55,10.64,10.7,10.51,17338830.0
763,2006-06-19,10.56,10.73,10.82,10.46,37481841.0
764,2006-06-20,10.74,10.72,10.93,10.61,27009238.0
765,2006-06-21,10.73,10.57,10.73,10.51,23312891.0
766,2006-06-22,10.56,10.53,10.64,10.45,12224784.0
767,2006-06-23,10.47,10.52,10.57,10.45,19318430.0
768,2006-06-26,10.55,11.1,11.22,10.52,40064960.0
769,2006-06-27,11.09,10.94,11.18,10.83,20720640.0
770,2006-06-28,10.9,10.95,11.13,10.83,19737290.0
771,2006-06-29,11.08,11.12,11.25,11.0,35442077.0
772,2006-06-30,11.12,11.23,11.3,11.04,33893006.0
773,2006-07-03,11.5,11.41,11.6,11.28,51823820.0
774,2006-07-04,11.42,11.12,11.46,11.1,43526086.0
775,2006-07-05,11.13,11.18,11.27,10.98,26777193.0
776,2006-07-06,11.18,11.48,11.6,11.18,40090610.0
777,2006-07-07,11.5,11.54,11.79,11.45,41640324.0
778,2006-07-10,11.56,11.45,11.69,11.32,23533023.0
779,2006-07-11,11.44,11.4,11.55,11.31,18469732.0
780,2006-07-12,11.4,11.45,11.56,11.33,29432109.0
781,2006-07-13,11.38,10.51,11.38,10.5,48734637.0
782,2006-07-14,10.41,10.56,10.65,10.39,23798913.0
783,2006-07-17,10.56,10.68,10.73,10.43,14962986.0
784,2006-07-18,10.62,10.59,10.7,10.5,12837618.0
785,2006-07-19,10.59,10.65,10.88,10.46,19761881.0
786,2006-07-20,10.68,10.69,10.8,10.55,10699397.0
787,2006-07-21,10.61,10.84,10.91,10.61,16094625.0
788,2006-07-24,10.73,11.42,11.48,10.68,55622582.0
789,2006-07-25,11.35,11.71,11.87,11.31,104037534.0
790,2006-07-26,11.7,11.91,12.23,11.63,78415553.0
791,2006-07-27,11.88,12.44,12.8,11.69,173024321.0
792,2006-07-28,12.41,12.44,12.76,12.0,128382284.0
793,2006-07-31,12.3,12.28,12.7,12.2,71789946.0
794,2006-08-01,12.18,11.89,12.35,11.79,52114157.0
795,2006-08-02,11.87,12.1,12.21,11.78,39524750.0
796,2006-08-03,12.03,12.38,12.63,11.96,49290370.0
797,2006-08-04,12.32,12.12,12.57,11.96,28559963.0
798,2006-08-07,11.86,11.99,12.2,11.65,23300832.0
799,2006-08-08,12.14,12.12,12.4,11.97,18828387.0
800,2006-08-09,12.15,13.33,13.33,11.91,71465967.0
801,2006-08-10,13.38,13.4,13.58,13.1,51555285.0
802,2006-08-11,13.42,13.21,13.42,12.96,31923121.0
803,2006-08-14,13.2,13.62,14.04,13.03,78602259.0
804,2006-08-15,13.55,13.79,13.89,13.45,35796485.0
805,2006-08-16,13.84,13.89,13.96,13.6,30555899.0
806,2006-08-17,13.89,13.31,13.89,13.21,35700967.0
807,2006-08-18,13.22,12.85,13.46,12.84,30967627.0
808,2006-08-21,12.5,13.31,13.45,12.3,29722026.0
809,2006-08-22,13.19,12.99,13.3,12.9,21237378.0
810,2006-08-23,13.0,13.04,13.3,12.79,15555064.0
811,2006-08-24,13.0,13.27,13.43,12.88,26003863.0
812,2006-08-25,13.25,13.1,13.42,13.02,14082473.0
813,2006-08-28,13.28,13.4,13.48,13.03,17543521.0
814,2006-08-29,13.4,13.65,13.86,13.35,27610410.0
815,2006-08-30,13.6,13.66,13.69,13.38,16529209.0
816,2006-08-31,13.66,13.58,13.85,13.51,26567025.0
817,2006-09-01,13.58,12.94,13.6,12.91,30959934.0
818,2006-09-04,12.93,12.94,13.1,12.91,17963678.0
819,2006-09-05,12.94,12.81,13.01,12.52,24882429.0
820,2006-09-06,12.78,12.62,12.94,12.55,20825824.0
821,2006-09-07,12.74,12.8,12.92,12.51,13366362.0
822,2006-09-08,12.75,12.81,12.89,12.71,9453976.0
823,2006-09-11,12.81,12.96,13.09,12.78,24173018.0
824,2006-09-12,12.9,12.82,13.08,12.75,18418053.0
825,2006-09-13,12.79,12.37,12.88,12.35,20888618.0
826,2006-09-14,12.4,12.3,12.45,12.29,10200217.0
827,2006-09-15,12.3,12.46,12.55,12.3,14798220.0
828,2006-09-18,12.55,12.54,12.6,12.46,15386350.0
829,2006-09-19,12.75,12.58,12.75,12.48,21170413.0
830,2006-09-20,12.58,12.45,12.58,12.39,10673256.0
831,2006-09-21,12.47,12.6,12.72,12.47,21740069.0
832,2006-09-22,12.6,12.4,12.74,12.38,13867490.0
833,2006-09-25,12.4,12.12,12.4,11.91,27597444.0
834,2006-09-26,12.12,12.27,12.29,12.12,11150983.0
835,2006-09-27,12.23,12.52,12.57,12.23,12332788.0
836,2006-09-28,12.54,12.7,12.77,12.4,18548811.0
837,2006-09-29,12.68,12.94,12.96,12.65,21997662.0
838,2006-10-09,12.92,13.06,13.15,12.58,33038874.0
839,2006-10-10,13.01,12.95,13.1,12.83,19361396.0
840,2006-10-11,12.95,12.55,12.95,12.5,24930117.0
841,2006-10-12,12.54,12.38,12.54,12.11,28453484.0
842,2006-10-13,12.36,12.32,12.39,12.16,15123623.0
843,2006-10-16,12.43,12.3,12.43,12.17,7570195.0
844,2006-10-17,12.3,12.55,12.59,12.16,14100994.0
845,2006-10-18,12.55,12.55,12.66,12.46,15085705.0
846,2006-10-19,12.55,12.5,12.65,12.45,20934295.0
847,2006-10-20,12.6,12.78,13.15,12.6,35453575.0
848,2006-10-23,12.7,12.16,12.7,12.08,29518935.0
849,2006-10-24,12.15,12.34,12.5,12.15,33506325.0
850,2006-10-25,12.4,12.19,12.45,11.91,48391127.0
851,2006-10-26,12.3,12.61,12.72,12.1,33483283.0
852,2006-10-27,12.59,12.4,12.68,12.39,17156178.0
853,2006-10-30,12.33,12.41,12.6,12.33,13475063.0
854,2006-10-31,12.57,12.83,12.86,12.33,27759993.0
855,2006-11-01,12.85,12.73,12.96,12.65,17498022.0
856,2006-11-02,12.75,12.88,13.08,12.7,17930362.0
857,2006-11-03,12.87,13.0,13.09,12.8,26814391.0
858,2006-11-06,12.87,12.71,12.97,12.61,17607524.0
859,2006-11-07,12.73,12.55,12.85,12.2,16969458.0
860,2006-11-08,12.55,12.43,12.65,12.4,8014207.0
861,2006-11-09,12.41,12.5,12.63,12.32,7799289.0
862,2006-11-10,12.53,12.24,12.54,12.13,16939413.0
863,2006-11-13,12.23,11.8,12.38,11.7,13930612.0
864,2006-11-14,11.79,11.92,12.1,11.71,9402163.0
865,2006-11-16,12.08,11.99,12.38,11.88,21380753.0
866,2006-11-17,12.0,12.26,12.32,11.88,15111492.0
867,2006-11-20,12.3,12.22,12.49,11.8,20060491.0
868,2006-11-21,12.17,12.02,12.17,11.61,23659185.0
869,2006-11-22,12.0,12.35,12.4,12.0,34411589.0
870,2006-11-23,12.35,12.33,12.4,12.12,18103983.0
871,2006-11-24,12.3,12.76,12.9,12.3,37576291.0
872,2006-11-27,12.78,12.94,12.96,12.6,20581991.0
873,2006-11-28,12.83,12.8,13.04,12.71,22444746.0
874,2006-11-29,12.6,13.39,13.46,12.3,61546131.0
875,2006-11-30,13.34,13.32,13.64,13.2,49708399.0
876,2006-12-01,13.39,13.29,13.46,13.19,24207445.0
877,2006-12-04,13.3,13.4,13.66,13.25,41554330.0
878,2006-12-05,13.41,13.87,13.97,13.41,54907344.0
879,2006-12-06,13.88,13.52,14.06,13.4,50449284.0
880,2006-12-07,13.51,12.88,13.51,12.87,56866614.0
881,2006-12-08,12.8,12.49,12.85,12.46,32488983.0
882,2006-12-11,12.41,12.7,12.72,12.41,9605375.0
883,2006-12-12,12.76,12.98,13.08,12.58,24894558.0
884,2006-12-13,13.06,12.8,13.06,12.73,17832831.0
885,2006-12-14,12.83,12.86,13.06,12.75,15404732.0
886,2006-12-15,12.8,12.88,13.12,12.75,35326414.0
887,2006-12-18,12.88,12.7,13.0,12.6,83368919.0
888,2006-12-19,12.76,13.33,13.38,12.68,72917153.0
889,2006-12-20,13.24,13.42,13.62,13.1,60450759.0
890,2006-12-21,13.5,13.5,14.1,13.43,96248832.0
891,2006-12-22,13.42,13.7,14.04,13.4,52177690.0
892,2006-12-25,13.76,14.57,14.99,13.6,109391222.0
893,2006-12-26,14.56,14.2,14.68,14.15,44463388.0
894,2006-12-27,14.08,14.31,14.56,14.08,24072961.0
895,2006-12-28,14.35,13.63,14.4,13.55,32212609.0
896,2006-12-29,13.68,13.54,13.98,13.38,64820211.0
897,2007-01-04,13.63,13.85,14.27,13.61,49104262.0
898,2007-01-05,13.78,14.18,14.29,13.78,30024694.0
899,2007-01-08,14.25,15.45,15.6,14.11,80978876.0
900,2007-01-09,15.46,15.53,15.58,15.2,35600806.0
901,2007-01-10,15.58,15.83,16.06,15.24,49184937.0
902,2007-01-11,15.98,15.29,16.3,15.28,57780845.0
903,2007-01-12,15.21,14.97,15.5,14.53,45593455.0
904,2007-01-15,14.9,15.8,16.08,14.9,58846404.0
905,2007-01-16,15.91,16.2,16.54,15.4,87008366.0
906,2007-01-17,16.32,15.88,16.86,15.85,84784942.0
907,2007-01-18,15.8,17.47,17.47,15.7,82564486.0
908,2007-01-19,17.68,17.94,18.72,17.47,77745049.0
909,2007-01-22,17.96,18.11,18.28,17.62,74136280.0
910,2007-01-23,18.1,17.37,18.11,16.45,96195742.0
911,2007-01-24,17.29,17.7,18.1,16.6,82222058.0
912,2007-01-25,17.68,16.6,17.68,16.55,46838715.0
913,2007-01-26,16.3,16.82,17.0,15.81,40133761.0
914,2007-01-29,16.8,16.7,17.0,16.5,43937156.0
915,2007-01-30,16.86,16.64,17.3,16.46,55464158.0
916,2007-01-31,16.68,15.41,16.68,15.4,42525506.0
917,2007-02-01,15.39,15.24,15.54,14.9,35908829.0
918,2007-02-02,15.22,14.7,15.4,14.6,44217252.0
919,2007-02-05,14.84,15.07,15.27,14.7,23800694.0
920,2007-02-06,15.15,15.37,15.38,14.5,59080078.0
921,2007-02-07,15.41,15.0,15.55,14.81,174237439.0
922,2007-02-08,15.01,15.46,16.0,15.0,153034917.0
923,2007-02-09,15.57,15.6,15.86,15.3,70097959.0
924,2007-02-12,15.6,15.93,16.22,15.55,83976694.0
925,2007-02-13,16.01,16.42,16.56,15.9,68502967.0
926,2007-02-14,16.39,16.71,16.78,16.2,62039963.0
927,2007-02-15,16.79,16.82,16.9,16.5,57260076.0
928,2007-02-16,17.0,16.58,17.0,16.56,64006958.0
929,2007-02-26,16.6,16.75,16.88,16.31,68514499.0
930,2007-02-27,16.76,15.08,17.36,15.08,121456407.0
931,2007-02-28,15.02,15.59,15.7,15.0,62950131.0
932,2007-03-01,15.46,15.12,15.5,14.9,52080128.0
933,2007-03-02,15.1,15.19,15.46,15.06,57244568.0
934,2007-03-05,15.24,15.42,15.6,15.15,77228753.0
935,2007-03-06,15.42,15.77,15.78,15.26,47558665.0
936,2007-03-07,15.82,15.88,16.02,15.72,34572153.0
937,2007-03-08,15.88,16.07,16.09,15.6,53300048.0
938,2007-03-09,16.12,16.02,16.25,15.81,43331031.0
939,2007-03-12,16.0,15.82,16.05,15.5,71403621.0
940,2007-03-13,15.93,16.46,16.61,15.8,74895286.0
941,2007-03-14,16.12,16.15,16.3,15.8,58379725.0
942,2007-03-15,16.18,16.5,16.79,16.17,67587526.0
943,2007-03-16,16.61,16.15,16.73,16.0,60339521.0
944,2007-03-19,15.7,16.55,16.65,15.5,62713277.0
945,2007-03-20,16.5,16.6,16.9,16.45,50289714.0
946,2007-03-21,16.6,17.03,17.27,16.6,76738394.0
947,2007-03-22,16.5,16.59,17.4,16.5,134137605.0
948,2007-03-23,16.59,17.06,17.07,16.58,89329490.0
949,2007-03-26,17.27,17.7,17.78,17.25,94274389.0
950,2007-03-27,17.7,17.6,17.88,17.37,78267306.0
951,2007-03-28,17.68,18.25,18.4,17.08,141913791.0
952,2007-03-29,18.2,18.51,18.59,18.0,150741394.0
953,2007-03-30,18.21,17.99,18.36,17.77,98459961.0
954,2007-04-02,18.0,19.46,19.79,17.99,202180560.0
955,2007-04-03,19.4,19.7,19.98,19.21,95128458.0
956,2007-04-04,19.7,19.32,19.76,19.0,101446059.0
957,2007-04-05,19.25,20.98,21.25,19.25,173991740.0
958,2007-04-06,20.9,21.51,21.91,20.7,130823192.0
959,2007-04-09,21.5,21.19,21.6,20.7,144140996.0
960,2007-04-10,21.11,19.79,21.11,19.07,251145857.0
961,2007-04-11,19.77,19.64,19.77,19.1,111652912.0
962,2007-04-12,19.72,19.55,19.89,19.0,219934920.0
963,2007-04-16,19.29,19.85,19.9,19.0,274430186.0
964,2007-04-17,19.86,19.41,20.0,19.06,197437048.0
965,2007-04-18,19.39,20.0,20.2,19.25,233818402.0
966,2007-04-19,20.1,19.26,20.4,18.71,191974936.0
967,2007-04-20,19.23,19.88,20.17,19.23,150618241.0
968,2007-04-23,20.01,20.49,20.58,19.76,228657345.0
969,2007-04-24,20.52,20.33,20.73,20.18,174631942.0
970,2007-04-25,20.25,19.5,20.25,19.16,153017812.0
971,2007-04-26,19.4,19.25,19.6,19.11,161416985.0
972,2007-04-27,19.4,19.05,19.5,18.95,118233449.0
973,2007-04-30,18.98,19.35,19.49,18.8,108045877.0
974,2007-05-08,19.78,19.49,19.8,19.35,110076628.0
975,2007-05-09,19.42,18.94,19.49,18.7,124194801.0
976,2007-05-10,18.91,20.22,20.59,18.81,217555311.0
977,2007-05-11,20.0,21.13,21.35,19.71,225678644.0
978,2007-05-14,20.78,22.31,23.24,20.6,245444835.0
979,2007-05-15,22.3,21.52,23.17,21.51,244192894.0
980,2007-05-16,21.51,22.41,22.99,21.33,138670371.0
981,2007-05-17,22.8,23.58,23.84,22.7,166663720.0
982,2007-05-18,23.66,22.89,23.8,22.73,142433550.0
983,2007-05-21,22.03,22.77,22.84,21.88,168160397.0
984,2007-05-22,22.77,22.29,22.99,22.0,142429480.0
985,2007-05-23,22.22,23.31,23.5,22.0,126398924.0
986,2007-05-24,23.48,22.68,23.58,22.5,137887818.0
987,2007-05-25,22.6,22.42,23.2,22.2,97767158.0
988,2007-05-28,22.7,22.9,23.21,22.5,122142877.0
989,2007-05-29,23.0,25.19,25.19,23.0,194596696.0
990,2007-05-30,23.8,24.76,26.79,23.8,455060082.0
991,2007-05-31,24.85,26.15,26.29,22.59,235628268.0
992,2007-06-01,26.15,24.15,26.39,23.6,171684374.0
993,2007-06-04,24.0,21.74,24.99,21.74,124201035.0
994,2007-06-05,20.55,22.5,22.5,19.9,104756693.0
995,2007-06-06,22.5,23.51,24.0,21.9,96252138.0
996,2007-06-07,23.49,25.2,25.21,23.4,106149651.0
997,2007-06-08,25.24,25.23,25.7,24.48,85914493.0
998,2007-06-11,26.01,25.61,26.01,25.25,67160739.0
999,2007-06-12,25.91,25.56,26.0,24.68,99266540.0
1000,2007-06-13,26.0,27.29,27.56,25.66,118659343.0
1001,2007-06-14,27.3,25.93,27.3,25.8,108996191.0
1002,2007-06-15,25.5,25.59,25.75,25.16,77115636.0
1003,2007-06-18,25.98,26.32,26.47,25.65,88611769.0
1004,2007-06-19,26.43,27.13,27.49,26.0,87546564.0
1005,2007-06-20,27.13,28.1,29.84,27.13,235439236.0
1006,2007-06-21,28.25,28.52,29.4,27.5,153572867.0
1007,2007-06-22,28.45,26.86,29.01,26.58,110125553.0
1008,2007-06-25,27.0,25.8,27.5,25.51,126295014.0
1009,2007-06-26,26.9,25.6,26.9,24.4,106730609.0
1010,2007-06-27,25.8,25.59,26.0,24.81,149048563.0
1011,2007-06-28,25.62,23.95,26.5,23.8,108554728.0
1012,2007-06-29,23.0,21.82,23.6,21.75,101399261.0
1013,2007-07-02,20.7,21.55,22.0,20.7,68921129.0
1014,2007-07-03,21.7,22.0,22.2,20.98,57396562.0
1015,2007-07-04,21.8,21.74,21.95,21.3,27322481.0
1016,2007-07-05,21.5,21.01,21.5,20.4,41133147.0
1017,2007-07-06,20.8,23.11,23.11,20.8,43769071.0
1018,2007-07-09,23.3,23.46,23.7,23.0,58390404.0
1019,2007-07-10,23.46,22.27,23.46,22.01,53636104.0
1020,2007-07-11,21.71,22.4,22.58,21.71,17052658.0
1021,2007-07-12,22.41,22.64,23.0,22.38,13832603.0
1022,2007-07-13,23.1,22.81,23.98,22.1,50724034.0
1023,2007-07-16,22.81,22.1,22.95,21.91,29597594.0
1024,2007-07-17,22.18,22.5,22.54,21.5,22196500.0
1025,2007-07-18,22.11,22.54,22.69,22.11,20135986.0
1026,2007-07-19,22.4,22.38,22.55,22.15,14011165.0
1027,2007-07-20,22.25,23.0,23.2,22.25,36601608.0
1028,2007-07-23,23.0,23.74,23.96,23.0,63702308.0
1029,2007-07-24,23.9,23.66,24.16,23.3,55124964.0
1030,2007-07-25,23.66,24.28,24.31,23.27,107585376.0
1031,2007-07-26,24.55,24.83,25.23,24.32,76047237.0
1032,2007-07-27,24.71,25.17,25.48,24.3,59629841.0
1033,2007-07-30,25.2,25.74,26.32,25.2,81894703.0
1034,2007-07-31,25.9,25.8,26.0,25.0,59840192.0
1035,2007-08-01,26.0,24.01,26.25,23.8,68571308.0
1036,2007-08-02,24.07,24.27,24.74,23.52,67888870.0
1037,2007-08-03,24.32,25.08,25.55,24.11,86372390.0
1038,2007-08-06,25.3,25.45,25.55,24.82,89469806.0
1039,2007-08-07,25.45,24.82,25.45,24.6,56881074.0
1040,2007-08-08,24.82,24.44,25.2,24.08,49457715.0
1041,2007-08-09,24.44,24.41,24.6,24.18,45226669.0
1042,2007-08-10,24.41,24.95,24.99,24.12,56835792.0
1043,2007-08-13,25.54,24.85,25.55,24.29,57381521.0
1044,2007-08-14,24.8,25.41,25.5,24.53,69566726.0
1045,2007-08-15,25.6,25.7,25.98,24.9,93680092.0
1046,2007-08-16,25.7,26.47,26.79,25.5,133801948.0
1047,2007-08-17,26.18,25.63,26.8,25.52,68058281.0
1048,2007-08-20,26.0,26.33,26.49,25.75,63932897.0
1049,2007-08-21,26.35,26.19,26.68,25.98,64866792.0
1050,2007-08-22,26.02,26.58,26.93,25.9,96316924.0
1051,2007-08-23,26.7,26.13,26.83,26.0,57976411.0
1052,2007-08-24,26.16,26.05,26.79,26.0,66099275.0
1053,2007-08-27,26.15,24.96,26.4,24.88,176165063.0
1054,2007-08-28,24.8,24.92,25.28,24.53,158735237.0
1055,2007-08-29,24.83,23.97,24.83,23.69,95653485.0
1056,2007-08-30,24.05,24.9,25.19,24.0,57469362.0
1057,2007-08-31,24.95,24.74,25.19,24.6,57553361.0
1058,2007-09-03,24.88,25.73,25.97,24.88,102748443.0
1059,2007-09-04,25.87,25.28,25.99,25.18,61428652.0
1060,2007-09-05,25.5,25.05,25.58,24.7,55279898.0
1061,2007-09-06,25.15,25.15,25.39,24.81,56909536.0
1062,2007-09-07,25.1,24.58,25.4,24.39,56582307.0
1063,2007-09-10,23.99,24.5,24.5,23.8,39664887.0
1064,2007-09-11,24.49,22.96,24.49,22.9,70483964.0
1065,2007-09-12,22.7,23.19,23.46,22.47,44993170.0
1066,2007-09-13,23.22,23.51,23.53,22.88,36033872.0
1067,2007-09-14,23.71,24.1,24.41,23.4,54452121.0
1068,2007-09-17,24.1,24.12,24.3,23.86,37443257.0
1069,2007-09-18,24.21,23.79,24.38,23.7,66302324.0
1070,2007-09-19,23.7,23.31,24.17,23.2,38952059.0
1071,2007-09-20,23.5,23.64,23.89,22.9,44254667.0
1072,2007-09-21,23.55,23.0,23.77,22.85,40397675.0
1073,2007-09-24,23.0,22.56,23.2,22.49,45811814.0
1074,2007-09-25,22.6,23.6,24.44,22.6,56584299.0
1075,2007-09-26,23.84,23.15,24.1,23.1,28792904.0
1076,2007-09-27,23.34,22.97,23.48,22.7,30196356.0
1077,2007-09-28,23.1,23.52,23.66,23.02,24891023.0
1078,2007-10-08,23.72,23.53,23.98,23.51,32767944.0
1079,2007-10-09,23.53,23.98,24.08,23.3,31481515.0
1080,2007-10-10,24.14,23.82,24.92,23.78,63165584.0
1081,2007-10-11,23.71,23.0,23.89,22.9,41111976.0
1082,2007-10-12,23.01,23.01,23.2,21.35,42285808.0
1083,2007-10-15,22.9,22.34,23.1,22.01,36716968.0
1084,2007-10-16,22.35,22.45,22.55,21.98,26574378.0
1085,2007-10-17,22.42,22.62,22.8,22.01,26379284.0
1086,2007-10-18,22.7,22.86,23.13,22.6,40907447.0
1087,2007-10-19,23.0,22.31,23.36,22.11,20163355.0
1088,2007-10-22,22.55,21.9,22.78,21.7,16214892.0
1089,2007-10-23,22.2,22.0,22.29,20.5,27664451.0
1090,2007-10-24,21.97,21.26,21.97,21.18,13162108.0
1091,2007-10-25,21.2,19.89,21.2,19.78,39987480.0
1092,2007-10-26,19.89,20.31,20.35,19.82,22635084.0
1093,2007-10-29,20.27,20.07,20.31,19.42,19916148.0
1094,2007-10-30,20.05,21.0,21.02,19.8,34438976.0
1095,2007-10-31,21.15,21.52,21.6,20.8,26387473.0
1096,2007-11-01,21.56,20.75,21.56,20.7,20731072.0
1097,2007-11-02,20.64,19.99,20.64,19.84,13260021.0
1098,2007-11-05,19.81,20.67,21.03,19.81,13224146.0
1099,2007-11-06,20.67,21.06,21.1,20.45,11077467.0
1100,2007-11-07,21.1,20.98,21.1,20.61,16414777.0
1101,2007-11-08,21.02,20.54,21.02,20.2,9805833.0
1102,2007-11-09,20.54,19.88,20.54,19.53,11741491.0
1103,2007-11-12,19.42,19.42,19.98,19.3,10917194.0
1104,2007-11-13,19.68,20.24,20.27,19.43,12674260.0
1105,2007-11-14,20.34,21.2,21.58,20.34,36828122.0
1106,2007-11-15,21.0,20.89,21.5,20.8,15307113.0
1107,2007-11-16,20.52,21.49,21.51,20.5,18874858.0
1108,2007-11-19,21.49,21.86,21.93,21.3,25318342.0
1109,2007-11-20,21.6,21.7,22.08,21.6,21088887.0
1110,2007-11-21,21.7,21.67,21.79,21.45,16361963.0
1111,2007-11-22,21.33,21.04,21.49,21.0,15410552.0
1112,2007-11-23,20.82,21.42,21.45,20.6,7910059.0
1113,2007-11-26,21.5,21.51,21.98,21.42,29138988.0
1114,2007-11-27,21.0,21.6,21.81,21.0,9827754.0
1115,2007-11-28,21.58,21.1,21.7,21.05,8692706.0
1116,2007-11-29,21.2,21.25,21.39,20.9,10550248.0
1117,2007-11-30,21.28,20.48,21.28,20.46,8372371.0
1118,2007-12-03,20.48,20.66,20.8,20.01,10019209.0
1119,2007-12-04,20.41,20.59,20.79,20.4,8167391.0
1120,2007-12-05,20.5,20.79,20.88,20.35,14809076.0
1121,2007-12-06,20.83,20.89,20.9,20.6,7519266.0
1122,2007-12-07,20.9,21.3,21.33,20.89,16795511.0
1123,2007-12-10,21.0,21.63,21.77,20.9,28288116.0
1124,2007-12-11,21.69,22.26,22.45,21.43,46565638.0
1125,2007-12-12,22.22,22.31,22.85,22.04,38767761.0
1126,2007-12-13,22.31,21.92,22.6,21.88,27384375.0
1127,2007-12-14,21.8,22.84,22.88,21.51,37131683.0
1128,2007-12-17,22.98,23.47,23.7,22.84,70838417.0
1129,2007-12-18,23.35,23.65,23.85,22.87,34846941.0
1130,2007-12-19,23.65,24.01,24.1,23.31,66892677.0
1131,2007-12-20,24.1,24.0,24.19,23.7,37887957.0
1132,2007-12-21,23.94,23.95,24.1,23.75,38041180.0
1133,2007-12-24,23.97,23.98,24.31,23.87,48991100.0
1134,2007-12-25,23.98,23.88,24.15,23.5,24705256.0
1135,2007-12-26,24.0,25.52,25.6,23.75,127410052.0
1136,2007-12-27,25.77,25.68,26.18,25.0,154100937.0
1137,2008-01-02,26.0,27.85,27.9,25.51,149346403.0
1138,2008-01-03,27.52,29.24,30.2,27.51,295136749.0
1139,2008-01-04,29.05,28.78,29.75,28.01,159882813.0
1140,2008-01-07,28.81,29.5,30.0,28.81,120831528.0
1141,2008-01-08,29.6,28.31,29.66,28.1,81121557.0
1142,2008-01-09,28.24,29.04,29.16,27.88,54656982.0
1143,2008-01-10,29.04,28.99,29.38,28.7,51789298.0
1144,2008-01-11,29.49,29.44,29.99,28.93,53514093.0
1145,2008-01-14,29.44,28.82,29.5,28.45,77754372.0
1146,2008-01-15,28.9,28.02,28.92,27.85,83489007.0
1147,2008-01-16,28.05,28.0,28.48,27.62,77183227.0
1148,2008-01-17,27.85,28.71,28.95,27.6,86163674.0
1149,2008-01-18,28.7,28.01,28.73,27.72,37729876.0
1150,2008-01-21,28.05,28.23,28.58,27.4,81081524.0
1151,2008-01-22,27.6,25.62,28.15,25.41,92283482.0
1152,2008-01-23,25.62,27.75,27.88,25.62,121090170.0
1153,2008-01-24,27.75,28.42,28.93,27.21,58623413.0
1154,2008-01-25,28.63,28.1,29.43,28.03,73894327.0
1155,2008-01-28,28.15,27.52,28.15,26.97,67106812.0
1156,2008-01-29,27.68,28.11,28.51,27.68,38950054.0
1157,2008-01-30,28.57,27.83,28.98,27.3,40329541.0
1158,2008-01-31,27.83,25.96,27.96,25.51,27105364.0
1159,2008-02-01,25.3,24.57,26.34,24.0,62788458.0
1160,2008-02-04,24.91,26.32,26.7,24.91,65308267.0
1161,2008-02-05,26.24,25.29,26.24,24.94,38790892.0
1162,2008-02-13,24.93,25.17,25.79,24.81,12207196.0
1163,2008-02-14,25.2,26.09,26.35,25.2,22021486.0
1164,2008-02-15,25.9,26.57,26.7,25.6,29181766.0
1165,2008-02-18,26.75,28.19,28.4,26.75,61071313.0
1166,2008-02-19,28.7,28.64,29.0,28.2,62975083.0
1167,2008-02-20,28.8,29.39,29.82,28.21,117077270.0
1168,2008-02-21,29.3,29.23,29.44,28.6,40156958.0
1169,2008-02-22,29.29,28.6,29.69,27.49,66963392.0
1170,2008-02-25,28.81,28.5,29.2,27.88,40398193.0
1171,2008-02-26,29.1,27.92,29.2,27.08,37098511.0
1172,2008-02-27,27.89,27.99,28.16,27.45,29895208.0
1173,2008-02-28,27.82,28.04,28.55,27.81,20011091.0
1174,2008-02-29,27.81,27.51,28.38,27.0,34743568.0
1175,2008-03-03,27.51,28.53,28.81,27.0,47823034.0
1176,2008-03-04,28.6,28.52,29.1,28.46,54864909.0
1177,2008-03-05,28.38,26.16,28.38,25.89,133731119.0
1178,2008-03-06,26.2,26.88,27.25,25.0,76179124.0
1179,2008-03-07,26.7,26.86,27.18,26.38,24920095.0
1180,2008-03-10,26.56,25.33,26.59,25.0,39225799.0
1181,2008-03-11,25.0,25.36,25.39,24.7,23946314.0
1182,2008-03-12,25.66,25.01,26.1,24.9,19939044.0
1183,2008-03-13,25.0,23.96,25.01,23.82,30802979.0
1184,2008-03-14,23.94,24.0,24.4,22.86,42526499.0
1185,2008-03-17,23.3,22.6,23.99,22.31,25684642.0
1186,2008-03-18,22.08,21.03,22.45,20.34,45752683.0
1187,2008-03-19,21.7,22.7,22.79,20.11,131028050.0
1188,2008-03-20,22.02,23.34,23.83,21.85,43124670.0
1189,2008-03-21,23.48,23.66,23.79,23.0,24546776.0
1190,2008-03-25,22.66,22.74,23.45,22.22,42169526.0
1191,2008-03-26,22.75,22.61,23.44,22.6,14321720.0
1192,2008-03-27,22.69,22.07,22.69,21.68,25442770.0
1193,2008-03-28,21.78,22.55,23.15,21.0,11544884.0
1194,2008-03-31,22.37,22.32,23.0,21.96,21073075.0
1195,2008-04-01,22.31,20.78,22.5,20.41,19511845.0
1196,2008-04-02,20.89,19.76,20.96,19.01,24139178.0
1197,2008-04-03,19.51,19.6,19.8,18.75,26643335.0
1198,2008-04-07,19.6,20.78,21.08,19.4,26242636.0
1199,2008-04-08,20.78,21.11,21.29,20.19,29448181.0
1200,2008-04-09,20.8,20.55,21.6,20.47,30455755.0
1201,2008-04-10,20.32,20.55,20.7,19.61,17007251.0
1202,2008-04-11,20.7,20.41,20.85,20.1,22103031.0
1203,2008-04-15,19.03,19.37,19.45,18.37,46826548.0
1204,2008-04-16,19.37,19.21,19.4,18.5,42928537.0
1205,2008-04-17,19.0,19.0,19.34,18.8,19185466.0
1206,2008-04-18,19.0,17.63,19.0,17.2,38310040.0
1207,2008-04-21,19.0,16.55,19.0,16.41,12385865.0
1208,2008-04-22,16.55,15.98,16.55,15.48,44575513.0
1209,2008-04-23,15.5,17.24,17.58,15.5,56352998.0
1210,2008-04-24,18.9,18.96,18.96,18.5,104617367.0
1211,2008-04-25,19.0,18.94,19.55,18.78,48539884.0
1212,2008-04-28,18.72,18.52,18.75,18.2,17065556.0
1213,2008-04-29,18.5,18.56,18.8,18.36,11533217.0
1214,2008-04-30,18.9,20.15,20.28,18.63,38309528.0
1215,2008-05-05,20.35,20.62,20.72,20.26,25851572.0
1216,2008-05-06,20.62,20.81,21.45,20.4,25257320.0
1217,2008-05-07,20.86,19.67,21.09,19.65,45364517.0
1218,2008-05-08,19.1,20.46,20.48,19.1,22266643.0
1219,2008-05-09,20.5,21.36,21.68,20.46,42816876.0
1220,2008-05-12,21.0,23.5,23.5,20.9,85094568.0
1221,2008-05-13,18.0,19.56,19.8,18.0,92412407.0
1222,2008-05-14,19.28,19.15,19.49,17.6,65632674.0
1223,2008-05-15,19.0,18.41,19.16,18.38,46043174.0
1224,2008-05-16,18.42,17.96,18.75,17.66,25985972.0
1225,2008-05-19,18.14,18.57,18.64,18.03,29822682.0
1226,2008-05-20,18.6,17.35,18.6,16.9,39443256.0
1227,2008-05-21,17.0,17.78,18.1,16.65,34882710.0
1228,2008-05-22,17.7,18.18,18.5,17.6,24624628.0
1229,2008-05-23,18.3,17.6,18.48,17.58,17283917.0
1230,2008-05-26,17.3,17.81,18.39,17.0,21717492.0
1231,2008-05-27,18.14,17.82,18.25,17.52,10444502.0
1232,2008-05-28,17.65,18.33,18.45,17.65,17985662.0
1233,2008-05-29,18.4,17.87,18.5,17.5,14984436.0
1234,2008-05-30,17.91,18.2,18.3,17.7,19843292.0
1235,2008-06-02,18.2,18.34,18.38,17.8,23946495.0
1236,2008-06-03,18.29,18.06,18.85,17.9,21691379.0
1237,2008-06-04,18.01,17.44,18.19,16.81,19991363.0
1238,2008-06-05,17.25,17.44,17.56,17.0,8985006.0
1239,2008-06-06,17.44,17.45,17.68,17.21,7735336.0
1240,2008-06-10,17.01,15.71,17.02,15.71,12254102.0
1241,2008-06-11,15.01,16.34,16.8,15.01,16739778.0
1242,2008-06-12,16.23,16.5,16.8,15.93,12182575.0
1243,2008-06-13,16.5,16.51,16.71,16.15,9927479.0
1244,2008-06-16,16.5,16.54,16.75,14.86,16858491.0
1245,2008-06-17,16.32,16.79,16.83,16.19,20029016.0
1246,2008-06-18,16.72,17.56,17.7,16.3,22493920.0
1247,2008-06-19,17.56,16.46,17.56,16.1,17480321.0
1248,2008-06-20,16.4,17.12,18.07,16.0,15959209.0
1249,2008-06-23,16.82,17.01,17.28,16.51,11295649.0
1250,2008-06-24,17.01,17.04,17.28,16.9,12071908.0
1251,2008-06-25,17.01,17.98,17.99,16.99,27063691.0
1252,2008-06-26,18.04,17.95,18.25,17.63,23445640.0
1253,2008-06-27,17.6,17.42,17.8,17.31,16714315.0
1254,2008-06-30,17.6,17.31,17.96,17.3,15413225.0
1255,2008-07-01,17.33,15.97,17.51,15.8,20406231.0
1256,2008-07-02,16.02,16.02,16.27,15.81,11127819.0
1257,2008-07-03,16.02,16.34,16.7,15.52,28486555.0
1258,2008-07-04,16.24,16.46,16.57,16.0,21282032.0
1259,2008-07-07,16.5,16.75,17.2,16.45,19491353.0
1260,2008-07-08,16.87,17.08,17.19,16.58,28153603.0
1261,2008-07-09,17.01,17.46,17.52,16.5,19044269.0
1262,2008-07-10,17.33,17.42,17.9,17.13,27734863.0
1263,2008-07-11,17.26,17.83,17.84,16.9,33616555.0
1264,2008-07-14,17.8,17.84,17.95,17.35,26928930.0
1265,2008-07-15,17.84,16.78,17.95,16.53,18450985.0
1266,2008-07-16,16.7,16.14,16.99,15.83,9847389.0
1267,2008-07-17,16.3,16.01,17.06,15.96,21119913.0
1268,2008-07-18,16.17,16.47,16.58,15.8,9507306.0
1269,2008-07-21,16.59,16.93,17.05,16.4,9096239.0
1270,2008-07-22,17.0,16.9,17.15,16.66,14209871.0
1271,2008-07-23,17.0,16.76,17.08,16.71,10242456.0
1272,2008-07-24,16.9,17.52,17.75,16.9,17968556.0
1273,2008-07-25,17.52,17.58,18.08,17.1,23720552.0
1274,2008-07-28,17.85,17.64,18.06,17.6,10844498.0
1275,2008-07-29,17.47,17.42,17.8,17.15,6956998.0
1276,2008-07-30,17.78,17.94,18.06,17.43,28261165.0
1277,2008-07-31,18.0,17.32,18.02,17.32,9207825.0
1278,2008-08-01,17.14,17.62,17.82,16.7,7630060.0
1279,2008-08-04,17.76,17.91,18.08,17.4,15022930.0
1280,2008-08-05,17.85,18.51,18.8,17.84,49861053.0
1281,2008-08-06,18.6,18.64,18.9,18.2,43660478.0
1282,2008-08-07,18.63,18.27,18.89,18.2,31703749.0
1283,2008-08-08,18.29,17.26,18.3,17.15,22974677.0
1284,2008-08-11,17.1,17.05,17.55,16.11,29797793.0
1285,2008-08-12,17.0,16.5,17.0,16.3,14047144.0
1286,2008-08-13,16.36,16.49,16.75,15.91,11766752.0
1287,2008-08-14,16.41,16.76,17.0,16.21,6620691.0
1288,2008-08-15,16.61,16.4,16.96,16.22,10901219.0
1289,2008-08-18,16.29,14.76,16.29,14.76,28502097.0
1290,2008-08-19,14.83,14.01,15.25,14.0,9383220.0
1291,2008-08-20,14.0,14.93,15.0,13.51,17631754.0
1292,2008-08-21,14.56,13.79,14.79,13.7,9667214.0
1293,2008-08-22,13.75,13.68,14.06,13.5,4295409.0
1294,2008-08-25,13.93,13.46,13.95,13.33,3406283.0
1295,2008-08-26,13.35,13.67,14.81,12.2,22462206.0
1296,2008-08-27,13.44,12.93,13.5,12.68,16069406.0
1297,2008-08-28,12.61,12.91,13.0,12.5,6557319.0
1298,2008-08-29,12.9,13.03,13.19,12.76,7378070.0
1299,2008-09-01,13.01,12.49,13.16,12.33,2518421.0
1300,2008-09-02,12.65,12.21,12.65,11.98,3558161.0
1301,2008-09-03,12.22,11.87,12.3,11.75,4234859.0
1302,2008-09-04,11.77,11.93,11.98,11.6,2208966.0
1303,2008-09-05,11.88,11.73,11.88,11.4,2647054.0
1304,2008-09-08,11.71,11.6,11.71,11.3,2426309.0
1305,2008-09-09,11.5,11.68,11.74,11.5,5240611.0
1306,2008-09-10,11.6,11.77,11.93,11.48,1876567.0
1307,2008-09-11,11.77,12.03,12.37,11.77,5640481.0
1308,2008-09-12,12.09,12.05,12.25,11.9,2962395.0
1309,2008-09-16,12.03,12.01,12.34,11.52,6609686.0
1310,2008-09-17,12.05,12.08,12.15,11.86,4412733.0
1311,2008-09-18,12.08,11.77,12.08,11.6,7871415.0
1312,2008-09-19,12.8,12.95,12.95,12.58,9462530.0
1313,2008-09-22,13.28,12.8,14.22,12.15,26221649.0
1314,2008-09-23,12.35,11.93,12.5,11.9,10728232.0
1315,2008-09-24,11.58,11.5,11.8,11.0,16910337.0
1316,2008-09-25,11.5,11.86,12.1,11.3,19707385.0
1317,2008-09-26,11.86,11.83,12.0,11.68,5268370.0
1318,2008-10-06,11.72,11.81,11.95,11.35,9550584.0
1319,2008-10-07,11.4,12.04,12.22,11.4,6523691.0
1320,2008-10-08,11.98,12.54,12.62,11.86,19561803.0
1321,2008-10-09,12.69,12.68,12.95,12.46,15899847.0
1322,2008-10-10,12.45,12.97,13.19,12.12,15285114.0
1323,2008-10-13,12.95,12.59,13.3,12.2,12975374.0
1324,2008-10-14,12.75,12.41,12.95,12.25,11261859.0
1325,2008-10-15,12.31,12.53,12.78,12.31,6557055.0
1326,2008-10-16,12.24,11.28,12.24,11.28,7033289.0
1327,2008-10-17,11.29,11.11,11.51,10.21,6692488.0
1328,2008-10-20,10.4,10.87,11.0,10.4,6387686.0
1329,2008-10-21,10.8,10.85,11.19,10.8,4908605.0
1330,2008-10-22,11.17,11.2,11.39,10.85,12469745.0
1331,2008-10-23,10.51,10.9,11.12,10.51,3898466.0
1332,2008-10-24,10.89,10.82,11.0,10.81,2911112.0
1333,2008-10-27,10.78,10.18,10.78,9.9,10240896.0
1334,2008-10-28,9.71,10.4,10.49,9.7,4868191.0
1335,2008-10-29,10.53,10.0,10.63,10.0,4474820.0
1336,2008-10-30,10.02,10.01,10.15,9.91,7735248.0
1337,2008-10-31,10.01,10.04,10.11,9.95,1583131.0
1338,2008-11-03,10.01,10.02,10.13,10.0,878287.0
1339,2008-11-04,10.02,9.44,10.09,9.29,5606308.0
1340,2008-11-05,9.44,9.49,9.69,9.31,9207562.0
1341,2008-11-06,9.5,9.45,9.5,9.36,1424274.0
1342,2008-11-07,9.4,9.36,9.42,9.16,2265603.0
1343,2008-11-10,9.5,9.94,10.01,9.5,17373578.0
1344,2008-11-11,9.93,9.95,10.15,9.75,14954735.0
1345,2008-11-12,9.9,10.0,10.05,9.83,4451505.0
1346,2008-11-13,9.85,10.38,10.51,9.82,11381637.0
1347,2008-11-14,10.42,10.93,10.97,10.28,21856574.0
1348,2008-11-17,10.88,11.19,11.24,10.71,13123715.0
1349,2008-11-18,11.08,10.21,11.08,10.21,12454304.0
1350,2008-11-19,10.21,10.79,10.85,10.15,6972626.0
1351,2008-11-20,10.65,10.8,11.19,10.39,12043278.0
1352,2008-11-21,10.78,10.67,10.88,10.39,8950930.0
1353,2008-11-24,10.8,10.7,11.4,10.53,19348377.0
1354,2008-11-25,10.75,9.98,11.0,9.8,12872858.0
1355,2008-11-26,10.0,9.96,10.1,9.9,9623853.0
1356,2008-11-27,10.6,10.59,10.79,10.14,20080341.0
1357,2008-11-28,10.3,10.3,10.56,10.22,6430115.0
1358,2008-12-01,10.3,10.7,10.73,10.3,13570505.0
1359,2008-12-02,10.55,10.81,10.9,10.38,17957110.0
1360,2008-12-03,10.81,11.29,11.55,10.81,27525771.0
1361,2008-12-04,11.45,11.66,11.9,11.16,41148914.0
1362,2008-12-05,11.65,11.72,11.75,11.38,14235471.0
1363,2008-12-08,11.63,12.19,12.2,11.63,21384756.0
1364,2008-12-09,12.19,11.92,12.55,11.9,40330884.0
1365,2008-12-10,11.97,12.15,12.53,11.84,24825290.0
1366,2008-12-11,12.23,11.6,12.23,11.6,16765731.0
1367,2008-12-12,11.75,11.21,11.75,11.0,9212264.0
1368,2008-12-15,11.35,11.7,11.71,11.35,11576257.0
1369,2008-12-16,11.5,12.07,12.1,11.4,10817645.0
1370,2008-12-17,12.1,12.19,12.55,12.02,22424195.0
1371,2008-12-18,12.03,12.2,12.47,11.86,6737145.0
1372,2008-12-19,12.34,12.28,12.46,12.1,10051954.0
1373,2008-12-22,12.28,12.59,12.75,12.23,14079181.0
1374,2008-12-23,12.48,11.74,12.48,11.7,19045846.0
1375,2008-12-24,11.4,11.6,11.75,11.31,11538778.0
1376,2008-12-25,11.49,11.38,11.65,11.3,8612145.0
1377,2008-12-26,11.45,11.54,11.77,11.3,19651927.0
1378,2008-12-29,11.46,11.79,11.85,11.32,21779729.0
1379,2008-12-30,11.7,12.21,12.27,11.7,35642416.0
1380,2008-12-31,12.33,12.16,12.33,12.0,18711031.0
1381,2009-01-05,12.31,12.25,12.31,11.96,13716195.0
1382,2009-01-06,12.25,12.54,12.56,12.15,15177533.0
1383,2009-01-07,12.5,12.57,12.65,12.34,21188524.0
1384,2009-01-08,12.3,12.23,12.55,12.1,18968368.0
1385,2009-01-09,12.3,12.6,12.65,12.21,23853603.0
1386,2009-01-12,12.41,12.51,12.8,12.4,22086573.0
1387,2009-01-13,12.32,11.98,12.41,11.91,13664733.0
1388,2009-01-14,11.99,12.14,12.25,11.9,23369747.0
1389,2009-01-15,12.11,11.92,12.22,11.85,26265182.0
1390,2009-01-16,11.99,12.21,12.32,11.99,21467641.0
1391,2009-01-19,12.27,12.16,12.35,12.1,16343492.0
1392,2009-01-20,12.15,12.0,12.15,11.7,16885369.0
1393,2009-01-21,11.9,11.93,12.0,11.75,8803302.0
1394,2009-01-22,12.12,12.26,12.34,12.09,41977606.0
1395,2009-01-23,12.3,12.17,12.33,12.12,18127561.0
1396,2009-02-02,12.26,12.84,12.86,12.16,48089199.0
1397,2009-02-03,12.85,12.97,13.05,12.62,34801731.0
1398,2009-02-04,12.93,12.96,13.15,12.87,30068049.0
1399,2009-02-06,12.95,13.7,13.9,12.87,45644931.0
1400,2009-02-09,13.81,13.84,14.06,13.5,56228788.0
1401,2009-02-10,13.85,14.1,14.36,13.6,49246099.0
1402,2009-02-11,13.86,14.44,14.68,13.71,54443844.0
1403,2009-02-12,14.69,14.46,14.69,13.91,32570008.0
1404,2009-02-13,14.47,15.15,15.17,14.39,45415390.0
1405,2009-02-16,15.14,14.7,15.15,14.38,65718666.0
1406,2009-02-17,14.7,14.01,14.7,13.98,79276883.0
1407,2009-02-18,13.51,13.6,14.1,13.5,37748736.0
1408,2009-02-19,13.51,13.85,13.88,13.51,26709976.0
1409,2009-02-20,13.99,14.15,14.15,13.68,23718186.0
1410,2009-02-23,13.9,14.28,14.3,13.9,50520355.0
1411,2009-02-24,14.2,13.44,14.25,13.31,55362274.0
1412,2009-02-25,13.47,13.31,13.7,13.03,41043832.0
1413,2009-02-26,13.35,12.62,13.61,12.5,28087774.0
1414,2009-02-27,12.63,12.9,12.98,12.39,39900471.0
1415,2009-03-02,12.95,13.23,13.35,12.75,42653516.0
1416,2009-03-03,13.0,13.55,13.75,12.8,51508718.0
1417,2009-03-04,13.55,14.0,14.1,13.5,59413651.0
1418,2009-03-05,14.02,13.94,14.25,13.6,45314358.0
1419,2009-03-06,13.74,13.65,13.99,13.55,25485802.0
1420,2009-03-09,13.6,13.04,13.86,12.98,29229849.0
1421,2009-03-10,12.92,13.74,13.75,12.81,22980515.0
1422,2009-03-11,13.99,13.99,14.26,13.82,46124332.0
1423,2009-03-12,14.01,14.28,14.39,13.89,43300463.0
1424,2009-03-13,14.4,13.73,14.65,13.71,46274515.0
1425,2009-03-16,13.73,13.66,13.85,13.2,17999500.0
1426,2009-03-17,13.9,13.86,13.95,13.51,54912595.0
1427,2009-03-18,14.03,14.2,14.3,13.99,89795616.0
1428,2009-03-19,14.29,14.61,14.63,13.99,85966086.0
1429,2009-03-20,14.55,14.35,14.65,14.31,43306382.0
1430,2009-03-23,14.35,14.42,14.5,14.14,41613664.0
1431,2009-03-24,14.53,14.37,14.7,14.07,61272069.0
1432,2009-03-25,14.38,13.98,14.38,13.9,41933836.0
1433,2009-03-26,13.84,14.07,14.08,13.68,24883206.0
1434,2009-03-27,14.11,14.25,14.27,13.8,53395797.0
1435,2009-03-30,14.2,14.33,14.47,13.95,35915284.0
1436,2009-03-31,14.0,14.1,14.21,13.9,16047595.0
1437,2009-04-01,14.19,14.38,14.53,14.13,46124452.0
1438,2009-04-02,14.43,14.59,14.73,14.34,49415437.0
1439,2009-04-03,14.62,14.38,14.7,14.35,45250508.0
1440,2009-04-08,14.5,13.61,14.72,13.6,75230790.0
1441,2009-04-09,13.75,13.61,13.76,13.16,27683090.0
1442,2009-04-10,13.65,13.78,13.85,13.4,57112430.0
1443,2009-04-13,13.86,13.79,13.92,13.67,51840080.0
1444,2009-04-14,13.82,13.64,13.94,13.51,56381315.0
1445,2009-04-15,13.64,13.89,13.9,13.48,43129234.0
1446,2009-04-16,13.91,14.35,14.38,13.89,72319034.0
1447,2009-04-17,14.37,14.0,14.37,13.95,37225991.0
1448,2009-04-20,13.89,14.3,14.46,13.88,80160802.0
1449,2009-04-21,14.14,14.88,15.05,14.08,117492259.0
1450,2009-04-22,14.9,14.31,14.98,14.2,85620589.0
1451,2009-04-23,14.3,14.73,14.85,14.21,51803494.0
1452,2009-04-24,14.82,14.24,14.88,14.22,31086987.0
1453,2009-04-27,14.38,13.98,14.47,13.95,37410020.0
1454,2009-04-28,13.97,14.7,14.73,13.88,63713580.0
1455,2009-04-29,14.75,14.47,14.75,14.2,39118096.0
1456,2009-04-30,14.48,14.39,14.65,14.21,39341053.0
1457,2009-05-04,14.5,15.05,15.07,14.36,79223460.0
1458,2009-05-05,15.0,15.26,15.34,14.69,62461451.0
1459,2009-05-06,15.18,15.09,15.18,14.8,63088207.0
1460,2009-05-07,15.01,14.86,15.25,14.83,41313549.0
1461,2009-05-08,14.91,14.5,15.1,14.05,54375006.0
1462,2009-05-11,14.59,14.49,14.94,14.3,44359539.0
1463,2009-05-12,14.45,14.58,14.59,14.25,13659106.0
1464,2009-05-13,14.69,14.78,14.9,14.25,41711634.0
1465,2009-05-14,14.62,14.84,14.95,14.53,52056966.0
1466,2009-05-15,14.83,15.18,15.3,14.69,79100786.0
1467,2009-05-18,15.1,14.99,15.2,14.37,41246559.0
1468,2009-05-19,14.96,14.68,14.96,14.63,34073661.0
1469,2009-05-20,14.66,14.4,14.74,14.38,44375496.0
1470,2009-05-21,14.38,14.38,14.58,14.25,21703957.0
1471,2009-05-22,14.34,14.23,14.47,14.19,19368052.0
1472,2009-05-25,14.1,14.1,14.12,13.78,24682350.0
1473,2009-05-26,14.2,14.28,14.28,14.04,16464988.0
1474,2009-05-27,14.17,13.95,14.18,13.92,9447090.0
1475,2009-06-01,14.08,13.97,14.16,13.79,35151982.0
1476,2009-06-02,14.02,14.09,14.15,13.95,41142356.0
1477,2009-06-03,14.14,14.35,14.45,13.98,48699220.0
1478,2009-06-04,14.18,14.04,14.27,13.91,25529130.0
1479,2009-06-05,14.1,13.83,14.1,13.8,43010715.0
1480,2009-06-08,13.96,13.88,13.99,13.79,17020296.0
1481,2009-06-09,13.91,14.02,14.07,13.8,20878202.0
1482,2009-06-10,13.93,14.15,14.18,13.91,29000176.0
1483,2009-06-11,14.13,14.0,14.21,13.9,35368640.0
1484,2009-06-12,13.92,13.96,14.32,13.88,64045633.0
1485,2009-06-15,14.05,14.0,14.1,13.81,15546177.0
1486,2009-06-16,13.98,13.8,14.0,13.74,22557221.0
1487,2009-06-17,13.8,14.06,14.14,13.76,31154079.0
1488,2009-06-18,14.07,14.22,14.27,13.96,35199554.0
1489,2009-06-19,14.23,14.25,14.65,14.22,65319210.0
1490,2009-06-22,14.32,13.94,14.38,13.8,68345580.0
1491,2009-06-23,13.83,13.82,13.94,13.76,16964419.0
1492,2009-06-24,13.98,13.99,14.01,13.79,22017120.0
1493,2009-06-25,14.03,13.86,14.04,13.8,17133128.0
1494,2009-06-26,13.96,14.02,14.03,13.87,22886164.0
1495,2009-06-29,14.03,13.93,14.05,13.86,19934192.0
1496,2009-06-30,13.97,13.92,14.09,13.88,21109474.0
1497,2009-07-01,13.92,14.02,14.04,13.83,21163029.0
1498,2009-07-02,14.0,14.08,14.15,13.98,27947993.0
1499,2009-07-03,14.01,14.01,14.06,13.9,19497272.0
1500,2009-07-06,14.01,14.0,14.09,13.93,31403570.0
1501,2009-07-09,14.8,15.4,15.4,14.8,216104979.0
1502,2009-07-10,15.0,15.11,15.25,14.8,110026766.0
1503,2009-07-13,15.06,15.02,15.58,14.88,63419371.0
1504,2009-07-14,15.05,15.18,15.26,14.95,67553305.0
1505,2009-07-15,15.21,14.74,15.25,14.5,177372141.0
1506,2009-07-16,14.79,14.55,14.84,14.52,78415910.0
1507,2009-07-17,14.59,14.51,14.7,14.44,78293665.0
1508,2009-07-20,14.53,14.76,14.82,14.53,127803970.0
1509,2009-07-21,14.8,14.45,14.8,14.36,79032046.0
1510,2009-07-22,14.41,14.4,14.62,14.3,107301397.0
1511,2009-07-23,14.45,14.56,14.66,14.36,61393303.0
1512,2009-07-24,14.62,14.6,14.83,14.41,135566728.0
1513,2009-07-27,14.65,14.9,14.97,14.5,174237429.0
1514,2009-07-28,14.88,14.9,14.95,14.63,128433473.0
1515,2009-07-29,14.9,14.09,14.9,13.52,104352347.0
1516,2009-07-30,14.11,13.9,14.2,13.6,70457428.0
1517,2009-07-31,13.95,14.18,14.19,13.9,84741798.0
1518,2009-08-03,14.3,14.52,14.54,14.04,90283924.0
1519,2009-08-04,14.51,14.85,14.9,14.38,113863524.0
1520,2009-08-05,14.81,14.84,15.06,14.53,119989843.0
1521,2009-08-06,14.72,14.76,14.97,14.43,107236044.0
1522,2009-08-07,14.69,14.69,15.18,14.64,110344782.0
1523,2009-08-10,14.95,15.06,15.23,14.71,142309228.0
1524,2009-08-11,15.17,15.01,15.2,14.64,117907151.0
1525,2009-08-12,14.94,14.16,15.02,14.09,66955223.0
1526,2009-08-13,14.18,13.95,14.32,13.84,65672424.0
1527,2009-08-14,14.05,13.51,14.05,13.49,45471027.0
1528,2009-08-17,13.45,12.91,13.49,12.88,40231819.0
1529,2009-08-18,12.81,12.99,13.18,12.68,38559947.0
1530,2009-08-19,13.02,12.54,13.3,12.4,59471813.0
1531,2009-08-20,12.57,12.91,13.0,12.51,40818725.0
1532,2009-08-21,12.9,13.18,13.21,12.74,47995302.0
1533,2009-08-24,13.1,13.41,13.55,13.02,59986986.0
1534,2009-08-25,13.46,13.07,13.5,12.8,44482025.0
1535,2009-08-26,13.0,13.41,13.45,12.92,41228348.0
1536,2009-08-27,13.42,13.85,13.95,13.35,79721806.0
1537,2009-08-28,13.89,13.4,13.89,13.3,43279077.0
1538,2009-08-31,13.2,12.35,13.34,12.33,42237414.0
1539,2009-09-01,12.48,12.29,12.6,12.25,22408961.0
1540,2009-09-02,12.22,12.26,12.51,11.97,21967055.0
1541,2009-09-03,12.28,12.67,12.74,12.18,32491909.0
1542,2009-09-04,12.68,12.97,13.18,12.52,42700223.0
1543,2009-09-07,12.96,13.69,13.94,12.96,121123727.0
1544,2009-09-08,13.55,13.58,13.59,13.3,39351144.0
1545,2009-09-09,13.59,13.4,13.68,13.31,27410162.0
1546,2009-09-10,13.4,13.13,13.4,13.07,20276033.0
1547,2009-09-11,13.1,13.46,13.55,13.03,24047645.0
1548,2009-09-14,13.4,13.58,13.69,13.36,30867441.0
1549,2009-09-15,13.59,13.7,13.78,13.5,32584219.0
1550,2009-09-16,13.74,13.54,13.83,13.45,29694361.0
1551,2009-09-17,13.61,13.74,13.77,13.55,44214300.0
1552,2009-09-18,13.76,13.84,14.21,13.66,76995824.0
1553,2009-09-21,13.81,14.35,14.4,13.61,93420212.0
1554,2009-09-22,14.4,14.16,14.72,14.0,151420312.0
1555,2009-09-23,14.15,14.27,14.42,14.08,103181008.0
1556,2009-09-24,14.27,14.39,14.8,14.16,109671656.0
1557,2009-09-25,14.35,14.48,14.75,14.2,66887016.0
1558,2009-09-28,14.45,14.76,15.04,14.37,105473878.0
1559,2009-09-29,14.6,14.47,14.76,14.18,105109937.0
1560,2009-09-30,14.48,15.0,15.04,14.44,141187923.0
1561,2009-10-09,15.09,15.2,15.39,14.86,103570702.0
1562,2009-10-12,15.12,15.0,15.42,14.83,62505764.0
1563,2009-10-13,14.91,15.05,15.21,14.82,44023380.0
1564,2009-10-14,15.03,14.97,15.18,14.87,61256258.0
1565,2009-10-15,15.0,14.8,15.05,14.69,46646990.0
1566,2009-10-16,14.78,15.58,15.6,14.73,122530395.0
1567,2009-10-19,15.5,15.42,15.66,15.35,89819163.0
1568,2009-10-20,15.42,15.25,15.42,15.02,73130207.0
1569,2009-10-21,15.09,14.93,15.26,14.86,51897067.0
1570,2009-10-22,14.91,15.04,15.2,14.82,28890246.0
1571,2009-10-23,15.1,15.01,15.1,14.93,34281328.0
1572,2009-10-26,15.18,15.15,15.25,14.99,61158095.0
1573,2009-10-27,15.1,14.86,15.15,14.35,45437982.0
1574,2009-10-28,14.83,15.1,15.14,14.53,33780361.0
1575,2009-10-29,14.99,15.17,15.42,14.8,51991275.0
1576,2009-10-30,15.3,15.25,15.47,15.07,53141895.0
1577,2009-11-02,15.0,15.93,16.13,15.0,96524175.0
1578,2009-11-03,15.9,16.06,16.1,15.71,67681949.0
1579,2009-11-04,16.01,16.36,16.43,15.83,58786768.0
1580,2009-11-05,16.41,18.0,18.0,16.41,179535766.0
1581,2009-11-06,18.0,18.15,18.55,17.73,175478328.0
1582,2009-11-09,18.25,18.69,19.21,18.01,115812376.0
1583,2009-11-10,18.55,20.03,20.18,18.45,197362571.0
1584,2009-11-11,20.11,20.42,20.63,19.4,99700238.0
1585,2009-11-12,20.42,20.97,21.1,20.06,127733570.0
1586,2009-11-13,20.86,20.36,20.97,20.17,107776538.0
1587,2009-11-16,20.33,20.26,20.59,19.9,210845717.0
1588,2009-11-17,20.21,20.28,20.5,19.8,162023606.0
1589,2009-11-18,20.08,20.16,20.59,19.91,79132554.0
1590,2009-11-19,20.15,20.41,20.7,19.96,75431593.0
1591,2009-11-20,20.41,20.78,20.8,20.03,85162319.0
1592,2009-11-23,20.85,22.86,22.86,20.66,122620438.0
1593,2009-11-24,23.01,22.86,23.3,21.94,167098136.0
1594,2009-11-25,22.69,23.43,23.88,22.11,63895784.0
1595,2009-11-26,23.19,21.53,23.34,21.5,88873252.0
1596,2009-11-27,21.39,22.61,23.23,20.82,92821544.0
1597,2009-11-30,22.6,23.92,24.24,21.91,59301286.0
1598,2009-12-01,24.1,24.17,24.7,23.5,44455465.0
1599,2009-12-02,24.1,23.86,24.5,23.57,34940825.0
1600,2009-12-03,23.9,23.58,23.9,23.3,30947425.0
1601,2009-12-04,23.58,23.88,24.44,23.2,49407326.0
1602,2009-12-07,24.08,23.64,24.87,23.34,36127906.0
1603,2009-12-08,23.65,22.86,23.77,22.18,63681837.0
1604,2009-12-09,22.5,22.63,22.9,22.3,30961241.0
1605,2009-12-10,22.92,22.7,23.0,22.4,13031114.0
1606,2009-12-11,22.7,22.82,22.98,22.46,21939850.0
1607,2009-12-14,22.81,22.86,22.87,22.09,23508043.0
1608,2009-12-15,22.81,23.24,23.32,22.75,20014672.0
1609,2009-12-16,23.3,24.0,24.4,23.1,38094357.0
1610,2009-12-17,23.88,23.07,24.0,23.07,25407158.0
1611,2009-12-18,22.6,22.96,23.15,22.17,24231544.0
1612,2009-12-21,22.9,23.39,23.68,22.2,21018896.0
1613,2009-12-22,23.4,23.28,23.59,23.12,22793851.0
1614,2009-12-23,23.2,23.44,23.49,22.65,33191820.0
1615,2009-12-24,23.3,24.03,24.3,22.92,73449081.0
1616,2009-12-25,24.52,24.01,24.52,23.9,59684681.0
1617,2009-12-28,24.23,24.19,24.82,24.05,51114326.0
1618,2009-12-29,24.17,25.3,25.33,23.83,58665240.0
1619,2009-12-30,25.42,25.46,25.54,24.53,75033528.0
1620,2009-12-31,25.48,26.0,26.05,25.1,56912032.0
1621,2010-01-04,25.7,25.91,26.18,25.7,19445372.0
1622,2010-01-05,26.0,25.68,26.09,25.37,53451686.0
1623,2010-01-06,25.68,25.77,25.87,25.2,47090133.0
1624,2010-01-07,25.8,25.97,26.49,25.8,57463117.0
1625,2010-01-08,25.36,27.39,28.57,25.36,45378260.0
1626,2010-01-11,27.98,27.97,28.08,26.92,49014841.0
1627,2010-01-12,27.85,28.27,28.38,27.13,25333959.0
1628,2010-01-13,27.45,28.14,28.49,27.45,26972526.0
1629,2010-01-14,27.81,28.0,28.43,27.5,51070031.0
1630,2010-01-15,28.1,27.86,28.48,27.75,28071893.0
1631,2010-01-18,27.97,28.61,29.5,27.7,63242574.0
1632,2010-01-19,28.58,30.0,30.1,27.59,104834943.0
1633,2010-01-20,29.88,27.8,29.88,27.69,162006383.0
1634,2010-01-21,27.8,27.3,27.8,26.5,78539523.0
1635,2010-01-22,26.81,26.41,26.9,25.25,61549526.0
1636,2010-01-25,25.26,25.63,26.75,25.26,39597350.0
1637,2010-01-26,25.35,25.56,26.49,25.16,26287438.0
1638,2010-01-27,25.5,26.32,26.94,25.31,23908182.0
1639,2010-01-28,26.3,26.91,27.34,26.1,25066009.0
1640,2010-01-29,26.91,26.69,27.5,26.47,19172615.0
1641,2010-02-01,26.15,26.88,27.5,26.13,40224700.0
1642,2010-02-02,27.28,26.52,27.38,26.5,22055486.0
1643,2010-02-03,27.04,25.83,27.04,25.03,31716970.0
1644,2010-02-04,25.0,25.53,25.9,25.0,13671940.0
1645,2010-02-05,25.1,25.0,25.49,24.6,25031284.0
1646,2010-02-08,24.33,24.81,25.0,24.33,8506361.0
1647,2010-02-09,24.8,25.01,25.3,24.38,3271202.0
1648,2010-02-10,25.38,25.08,25.38,24.94,5793139.0
1649,2010-02-11,24.62,25.3,25.52,24.56,9092810.0
1650,2010-02-12,25.55,25.3,25.85,25.23,16017840.0
1651,2010-02-22,25.3,25.48,25.57,25.3,6840555.0
1652,2010-02-23,25.1,25.94,26.0,25.1,10131766.0
1653,2010-02-24,26.48,26.58,27.1,25.92,27430922.0
1654,2010-02-25,26.56,26.65,26.66,26.28,11123337.0
1655,2010-02-26,26.68,26.85,27.0,26.5,16694797.0
1656,2010-03-01,26.88,28.21,28.4,26.88,59515060.0
1657,2010-03-02,28.49,27.78,28.49,27.7,28123147.0
1658,2010-03-03,27.51,27.83,27.99,27.5,13091088.0
1659,2010-03-04,27.7,27.17,27.99,26.79,32271223.0
1660,2010-03-05,27.21,26.78,27.4,26.67,14918995.0
1661,2010-03-08,27.01,27.95,28.0,26.8,48646064.0
1662,2010-03-09,27.8,28.41,28.8,27.55,65429761.0
1663,2010-03-10,28.45,28.16,28.88,27.68,48174469.0
1664,2010-03-11,27.71,27.36,28.34,27.0,25817959.0
1665,2010-03-12,27.49,27.4,27.63,27.08,10168408.0
1666,2010-03-15,26.88,27.39,27.6,26.0,22780804.0
1667,2010-03-16,26.51,27.24,27.37,26.51,7118358.0
1668,2010-03-17,27.2,27.14,27.49,26.36,42482450.0
1669,2010-03-18,26.9,26.33,27.09,26.18,77274410.0
1670,2010-03-19,26.28,26.53,26.79,26.0,24291339.0
1671,2010-03-23,26.8,26.54,27.01,26.24,44097173.0
1672,2010-03-24,26.58,26.49,26.78,26.02,36059281.0
1673,2010-03-25,26.5,26.0,26.5,25.9,26586097.0
1674,2010-03-26,25.8,26.14,26.22,25.49,42669889.0
1675,2010-03-29,26.28,26.17,26.79,25.7,68249394.0
1676,2010-03-30,26.09,26.02,26.51,25.6,52602180.0
1677,2010-03-31,25.8,26.15,26.37,25.78,42203999.0
1678,2010-04-01,26.15,26.44,27.0,26.15,66133674.0
1679,2010-04-02,26.5,26.53,26.65,26.0,38984056.0
1680,2010-04-06,26.51,26.54,26.65,26.01,64142101.0
1681,2010-04-07,26.34,27.75,27.77,26.34,130459284.0
1682,2010-04-08,27.7,27.91,28.5,27.1,77863244.0
1683,2010-04-09,27.9,27.4,27.91,27.01,96864761.0
1684,2010-04-12,27.4,28.42,28.47,27.26,182994362.0
1685,2010-04-13,28.28,28.52,29.23,27.28,164976309.0
1686,2010-04-14,28.4,28.54,28.58,28.19,71201413.0
1687,2010-04-16,28.49,28.68,29.38,27.69,132922966.0
1688,2010-04-19,28.65,28.4,29.5,28.0,114177713.0
1689,2010-04-20,28.03,30.82,31.24,27.2,241967091.0
1690,2010-04-21,30.8,31.09,33.0,30.0,193720591.0
1691,2010-04-22,31.29,31.37,31.89,30.3,72704037.0
1692,2010-04-23,31.44,30.96,32.5,30.1,109648968.0
1693,2010-04-26,31.01,30.98,32.5,30.0,121071869.0
1694,2010-04-27,31.2,29.86,31.2,29.56,79071948.0
1695,2010-04-28,29.3,28.89,29.85,28.7,94911112.0
1696,2010-04-29,28.98,28.96,29.48,28.51,95550757.0
1697,2010-04-30,28.49,28.77,29.5,27.05,135040989.0
1698,2010-05-04,18.7,19.74,19.99,18.16,46417224.0
1699,2010-05-05,19.67,20.26,20.5,19.03,119027444.0
1700,2010-05-06,20.45,19.9,20.46,19.7,37279893.0
1701,2010-05-07,19.52,19.37,19.9,18.99,89607568.0
1702,2010-05-10,19.3,18.56,19.3,17.66,73085335.0
1703,2010-05-11,18.66,17.83,18.9,17.43,58524847.0
1704,2010-05-12,17.5,17.09,17.5,16.88,28437346.0
1705,2010-05-13,17.14,17.67,17.69,16.53,35655995.0
1706,2010-05-14,17.59,18.13,18.29,17.19,37312951.0
1707,2010-05-17,17.82,17.23,18.06,17.1,29789301.0
1708,2010-05-18,17.05,16.86,17.6,16.31,27707075.0
1709,2010-05-19,16.87,17.0,17.4,16.45,25500803.0
1710,2010-05-20,16.92,16.54,17.09,16.43,20059161.0
1711,2010-05-21,16.4,16.59,16.68,15.88,33003145.0
1712,2010-05-24,16.59,17.39,17.56,16.45,44210504.0
1713,2010-05-25,17.38,17.66,17.81,17.18,38960439.0
1714,2010-05-26,17.59,17.56,17.85,17.33,15448981.0
1715,2010-05-27,17.57,17.64,17.79,17.05,25716475.0
1716,2010-05-28,17.7,18.06,18.32,17.58,66096520.0
1717,2010-05-31,17.97,18.16,18.34,17.6,85383922.0
1718,2010-06-01,18.01,17.7,18.15,17.18,56360231.0
1719,2010-06-02,17.28,17.4,17.68,17.15,13424242.0
1720,2010-06-03,17.5,17.34,17.84,17.3,21569692.0
1721,2010-06-04,17.34,16.93,17.34,16.3,67546570.0
1722,2010-06-07,16.5,16.11,16.98,16.09,67512805.0
1723,2010-06-08,16.11,15.9,16.28,15.55,84436102.0
1724,2010-06-09,15.92,16.3,16.32,15.9,54465664.0
1725,2010-06-10,16.25,16.55,16.63,15.95,52713978.0
1726,2010-06-11,16.46,16.15,16.64,16.1,46697307.0
1727,2010-06-17,16.15,15.34,16.4,15.29,48226691.0
1728,2010-06-18,15.05,14.54,15.2,14.28,55459746.0
1729,2010-06-21,14.43,14.67,14.88,14.1,23557669.0
1730,2010-06-22,14.59,15.15,15.25,14.5,46764236.0
1731,2010-06-23,15.22,15.3,15.5,14.89,61487891.0
1732,2010-06-24,15.3,14.98,15.3,14.9,23084468.0
1733,2010-06-25,14.98,14.63,14.98,14.57,15657006.0
1734,2010-06-28,14.64,13.97,14.64,13.9,23451617.0
1735,2010-06-29,13.95,13.43,14.1,12.93,49436669.0
1736,2010-06-30,13.29,13.44,13.45,13.03,34911619.0
1737,2010-07-01,13.39,13.23,13.4,12.5,60822657.0
1738,2010-07-02,12.81,12.31,13.3,12.0,100042506.0
1739,2010-07-05,12.11,12.13,12.37,11.92,36543825.0
1740,2010-07-06,12.18,12.42,12.45,11.99,65023922.0
1741,2010-07-07,12.42,12.55,12.62,12.19,33596129.0
1742,2010-07-08,12.61,12.41,12.66,12.19,28128644.0
1743,2010-07-09,12.48,12.91,13.0,12.23,43445265.0
1744,2010-07-12,12.91,13.18,13.37,12.89,34229050.0
1745,2010-07-13,13.15,12.78,13.15,12.51,19295427.0
1746,2010-07-14,12.8,12.84,13.07,12.39,37824182.0
1747,2010-07-15,12.7,12.51,12.91,12.5,17726812.0
1748,2010-07-16,12.5,13.22,13.28,12.5,60940884.0
1749,2010-07-19,13.1,13.36,13.38,12.96,61588408.0
1750,2010-07-20,13.39,13.95,13.99,13.23,88623148.0
1751,2010-07-21,13.95,13.8,14.18,13.73,43555006.0
1752,2010-07-22,13.77,14.1,14.12,13.73,62434576.0
1753,2010-07-23,14.1,14.01,14.15,13.81,35711685.0
1754,2010-07-26,14.01,14.16,14.18,13.83,41424773.0
1755,2010-07-27,14.13,14.05,14.22,13.83,42205769.0
1756,2010-07-28,13.97,14.43,14.48,13.88,49306100.0
1757,2010-07-29,14.4,14.65,14.98,14.31,61573369.0
1758,2010-07-30,14.65,14.65,14.84,14.34,33424972.0
1759,2010-08-02,14.61,15.09,15.14,14.58,54415027.0
1760,2010-08-03,15.15,15.33,15.81,15.0,119160001.0
1761,2010-08-04,15.2,15.05,15.3,14.51,67585442.0
1762,2010-08-05,15.05,15.24,15.55,14.88,89526660.0
1763,2010-08-06,15.35,15.7,15.77,15.18,57363405.0
1764,2010-08-09,15.77,16.29,16.45,15.58,75025435.0
1765,2010-08-10,16.31,16.0,16.75,15.98,112279593.0
1766,2010-08-11,15.95,16.37,16.41,15.82,53554662.0
1767,2010-08-12,16.2,15.99,16.25,15.6,62950226.0
1768,2010-08-13,15.99,16.03,16.09,15.38,62008073.0
1769,2010-08-16,15.8,16.86,17.01,15.6,165958440.0
1770,2010-08-17,16.7,16.8,17.0,16.61,77370276.0
1771,2010-08-18,16.78,17.01,17.17,16.7,61362480.0
1772,2010-08-19,17.03,16.8,17.08,16.7,51387731.0
1773,2010-08-20,16.8,15.74,16.8,15.65,80255433.0
1774,2010-08-23,15.75,15.61,16.15,15.5,38190407.0
1775,2010-08-24,15.72,15.83,16.03,15.37,46876657.0
1776,2010-08-25,15.93,15.16,15.93,15.15,51577068.0
1777,2010-08-26,15.22,15.24,15.42,15.0,38884923.0
1778,2010-08-27,15.33,15.56,15.57,15.1,38637540.0
1779,2010-08-30,15.49,16.44,16.48,15.49,93661672.0
1780,2010-08-31,16.44,17.32,17.4,16.21,131519157.0
1781,2010-09-01,17.33,17.9,18.02,17.31,150757646.0
1782,2010-09-02,17.92,17.83,18.29,17.64,116298375.0
1783,2010-09-03,18.0,17.8,18.17,17.45,88102975.0
1784,2010-09-06,17.8,17.55,17.83,17.3,72088972.0
1785,2010-09-07,17.51,18.43,18.5,17.51,127266774.0
1786,2010-09-08,18.31,18.49,18.6,18.1,52332221.0
1787,2010-09-09,18.6,19.18,19.84,18.55,247214048.0
1788,2010-09-10,19.28,19.66,19.85,18.88,99596619.0
1789,2010-09-13,19.71,19.23,19.96,18.5,133328986.0
1790,2010-09-14,19.15,19.56,20.0,18.86,82455851.0
1791,2010-09-15,19.56,20.15,20.49,19.01,115154589.0
1792,2010-09-16,20.28,19.34,20.28,18.99,87306946.0
1793,2010-09-17,19.3,19.42,19.7,18.84,34679969.0
1794,2010-09-20,19.39,19.3,19.98,19.1,32672452.0
1795,2010-09-21,19.3,20.05,20.1,19.3,68699971.0
1796,2010-09-27,20.1,22.06,22.06,20.1,206765530.0
1797,2010-09-28,22.2,22.79,23.16,21.48,171650930.0
1798,2010-09-29,22.65,22.17,23.05,21.7,164050952.0
1799,2010-09-30,21.51,21.81,22.1,21.48,87052076.0
1800,2010-10-08,21.81,21.79,22.19,21.55,86384056.0
1801,2010-10-11,21.81,20.33,21.81,19.9,239796207.0
1802,2010-10-12,20.08,19.46,20.19,19.06,221830519.0
1803,2010-10-13,19.45,19.47,19.51,18.93,120343522.0
1804,2010-10-14,19.48,18.57,19.51,18.51,137447488.0
1805,2010-10-15,18.38,18.5,19.04,18.2,100947706.0
1806,2010-10-18,18.49,18.15,18.49,17.18,196527562.0
1807,2010-10-19,17.9,18.65,18.67,17.83,106856331.0
1808,2010-10-20,18.3,19.29,19.46,18.2,202584104.0
1809,2010-10-21,19.33,18.98,19.46,18.6,125659335.0
1810,2010-10-22,18.9,18.91,19.15,18.6,70527696.0
1811,2010-10-25,19.09,18.95,19.15,18.75,97633754.0
1812,2010-10-26,18.98,19.39,19.4,18.79,179212725.0
1813,2010-10-27,19.8,18.93,20.49,18.91,209253648.0
1814,2010-10-28,19.3,18.2,19.3,18.11,145006580.0
1815,2010-10-29,18.24,18.04,18.24,17.9,81674245.0
1816,2010-11-01,18.22,18.77,18.96,18.2,120209782.0
1817,2010-11-02,18.75,18.32,18.79,18.1,103810396.0
1818,2010-11-03,18.32,18.56,18.9,18.2,101543391.0
1819,2010-11-04,18.59,18.5,18.8,18.26,91152764.0
1820,2010-11-05,18.53,18.58,18.7,18.15,165798799.0
1821,2010-11-08,18.6,20.44,20.44,18.6,470344251.0
1822,2010-11-09,20.44,20.02,20.44,19.66,332904011.0
1823,2010-11-10,20.05,20.18,21.16,20.05,325358853.0
1824,2010-11-11,19.7,19.71,20.25,19.7,209681529.0
1825,2010-11-12,19.69,18.26,20.07,18.24,170950851.0
1826,2010-11-15,18.28,18.72,18.76,18.0,140502542.0
1827,2010-11-16,18.72,19.17,20.09,18.51,221353929.0
1828,2010-11-17,18.92,17.85,18.93,17.5,128616677.0
1829,2010-11-18,17.8,17.7,18.23,17.26,57379905.0
1830,2010-11-19,17.87,18.18,18.2,17.58,56353316.0
1831,2010-11-22,18.0,18.29,18.47,17.86,75530258.0
1832,2010-11-23,18.3,17.81,18.38,17.58,46420477.0
1833,2010-11-24,17.8,19.19,19.4,17.7,187192037.0
1834,2010-11-25,19.05,18.96,19.5,18.72,197792674.0
1835,2010-11-26,19.49,19.52,19.94,19.0,336860087.0
1836,2010-11-29,19.87,20.07,20.49,19.78,358073681.0
1837,2010-11-30,20.7,19.68,21.2,18.9,328549531.0
1838,2010-12-01,19.0,18.45,19.35,18.28,188795843.0
1839,2010-12-02,18.51,18.47,18.69,18.21,114235466.0
1840,2010-12-03,18.32,18.15,18.32,17.6,119286135.0
1841,2010-12-06,18.02,17.55,18.08,17.49,105126715.0
1842,2010-12-07,17.44,17.64,17.66,17.04,69663350.0
1843,2010-12-08,17.57,17.94,17.99,17.2,108670179.0
1844,2010-12-09,17.71,17.38,17.71,17.24,86106231.0
1845,2010-12-10,17.24,17.4,17.48,17.2,59768776.0
1846,2010-12-13,17.45,17.59,17.68,17.4,155019105.0
1847,2010-12-14,17.61,17.68,17.75,17.44,136012712.0
1848,2010-12-15,17.6,17.38,17.69,17.3,132298724.0
1849,2010-12-16,17.38,17.43,17.49,17.3,98128476.0
1850,2010-12-17,17.61,17.8,17.94,17.61,208597287.0
1851,2010-12-20,17.73,17.26,17.95,16.8,146532086.0
1852,2010-12-21,17.27,16.95,17.45,16.77,138868698.0
1853,2010-12-22,16.95,16.42,17.0,16.2,194359555.0
1854,2010-12-23,16.38,16.44,16.65,16.06,96915031.0
1855,2010-12-24,16.35,15.86,16.35,15.85,63434703.0
1856,2010-12-27,15.89,15.01,16.02,14.9,81858137.0
1857,2010-12-28,15.0,14.25,15.0,14.2,76610604.0
1858,2010-12-29,14.35,14.71,14.85,14.31,70238254.0
1859,2010-12-30,14.71,14.9,15.01,14.53,67443059.0
1860,2010-12-31,15.07,15.16,15.45,15.0,58921111.0
1861,2011-01-04,15.16,15.28,15.35,15.09,43136719.0
1862,2011-01-05,15.0,15.35,15.67,15.0,61670540.0
1863,2011-01-06,15.35,15.23,15.41,15.07,43964709.0
1864,2011-01-07,15.22,15.2,15.3,14.93,40291961.0
1865,2011-01-10,15.21,14.37,15.28,14.29,98823584.0
1866,2011-01-11,14.31,14.0,14.5,13.92,65288851.0
1867,2011-01-12,14.1,14.09,14.4,13.97,50598713.0
1868,2011-01-13,14.16,14.2,14.27,14.09,29940098.0
1869,2011-01-14,14.2,14.12,14.34,14.05,40629774.0
1870,2011-01-17,14.08,13.46,14.08,13.18,48779751.0
1871,2011-01-18,13.43,13.76,14.07,13.3,54081731.0
1872,2011-01-19,13.85,14.03,14.06,13.76,28612953.0
1873,2011-01-20,14.03,13.43,14.03,13.4,43102634.0
1874,2011-01-21,13.36,13.54,13.86,13.31,36929189.0
1875,2011-01-24,13.6,13.17,13.6,12.8,37981737.0
1876,2011-01-25,13.03,13.07,13.12,12.81,33935950.0
1877,2011-01-26,13.1,13.22,13.26,13.06,30653378.0
1878,2011-01-27,13.18,13.53,13.6,13.01,48514164.0
1879,2011-01-28,13.5,14.55,14.65,13.45,125986880.0
1880,2011-01-31,14.65,14.97,15.17,14.65,112610030.0
1881,2011-02-01,14.88,15.08,15.21,14.45,101124354.0
1882,2011-02-09,15.25,14.89,15.84,14.85,104127574.0
1883,2011-02-10,14.61,15.4,15.5,14.61,85983614.0
1884,2011-02-11,15.28,15.36,15.8,15.28,97304147.0
1885,2011-02-14,15.34,15.51,15.84,15.34,113080022.0
1886,2011-02-15,15.5,15.38,15.5,15.3,75518869.0
1887,2011-02-16,15.35,15.39,15.52,15.23,109277577.0
1888,2011-02-17,15.5,15.48,15.62,15.19,89672405.0
1889,2011-02-18,15.48,15.89,15.99,15.28,139598300.0
1890,2011-02-21,15.7,15.85,15.99,15.56,122003166.0
1891,2011-02-22,15.81,15.03,15.88,14.81,137410837.0
1892,2011-02-23,15.0,15.22,15.35,14.89,62833325.0
1893,2011-02-24,15.42,15.38,15.42,15.06,60744046.0
1894,2011-02-25,15.4,15.29,15.42,15.08,61168265.0
1895,2011-02-28,15.29,15.37,15.39,15.19,52179950.0
1896,2011-03-01,15.39,15.83,15.91,15.39,140684263.0
1897,2011-03-02,15.76,16.47,16.48,15.62,214707124.0
1898,2011-03-03,16.5,16.13,16.5,15.95,155350987.0
1899,2011-03-04,16.05,16.2,16.24,15.96,67544888.0
1900,2011-03-07,16.2,16.28,16.51,15.78,137860558.0
1901,2011-03-08,16.21,16.11,16.21,15.9,93037110.0
1902,2011-03-09,16.09,15.84,16.11,15.8,85026428.0
1903,2011-03-10,15.83,16.02,16.1,15.82,83235608.0
1904,2011-03-11,15.9,15.99,16.25,15.9,81993830.0
1905,2011-03-14,15.9,16.61,16.73,15.81,154495343.0
1906,2011-03-15,16.61,17.19,17.5,16.03,314111535.0
1907,2011-03-16,17.2,16.9,17.2,16.73,105222281.0
1908,2011-03-17,16.84,16.79,17.18,16.7,92646692.0
1909,2011-03-18,16.86,16.66,17.08,16.3,69523665.0
1910,2011-03-21,16.64,16.33,16.66,16.18,89007230.0
1911,2011-03-22,16.33,16.25,16.39,16.1,42353833.0
1912,2011-03-23,16.35,16.43,16.48,16.27,38631114.0
1913,2011-03-24,16.5,16.78,16.81,16.41,67514183.0
1914,2011-03-25,16.78,16.6,16.86,16.49,102719376.0
1915,2011-03-28,16.6,16.01,16.61,15.77,132795637.0
1916,2011-03-29,15.91,16.21,16.32,15.89,133590419.0
1917,2011-03-30,16.3,16.16,16.3,16.0,38500359.0
1918,2011-03-31,16.15,15.64,16.29,15.63,45950484.0
1919,2011-04-01,15.62,15.7,15.78,15.58,24655575.0
1920,2011-04-06,15.72,15.97,16.38,15.7,47843108.0
1921,2011-04-07,15.98,16.19,16.33,15.98,49359960.0
1922,2011-04-08,16.03,16.32,16.34,16.03,50525390.0
1923,2011-04-11,16.35,16.72,16.87,16.09,134188189.0
1924,2011-04-12,16.82,16.9,16.96,16.51,83367897.0
1925,2011-04-13,16.9,17.41,17.6,16.73,160296472.0
1926,2011-04-14,17.38,17.5,17.64,17.22,123595588.0
1927,2011-04-15,17.55,17.35,17.59,16.86,112176757.0
1928,2011-04-18,17.3,17.51,17.62,16.99,105836840.0
1929,2011-04-20,17.51,18.05,18.2,17.27,203258080.0
1930,2011-04-21,18.1,17.63,18.71,17.37,186966478.0
1931,2011-04-22,17.55,17.57,17.84,17.01,90295197.0
1932,2011-04-25,17.6,17.38,17.66,17.18,68722631.0
1933,2011-04-26,17.32,17.0,17.45,16.85,52469106.0
1934,2011-04-27,17.02,16.65,17.23,16.07,98516711.0
1935,2011-04-28,16.55,16.1,16.65,16.02,46479101.0
1936,2011-04-29,16.12,16.32,16.35,15.95,93011355.0
1937,2011-05-03,16.4,17.1,17.14,16.2,70223585.0
1938,2011-05-04,16.9,17.0,17.35,16.76,93156752.0
1939,2011-05-05,16.82,17.55,17.65,16.82,95174506.0
1940,2011-05-06,17.45,17.58,17.85,17.21,67501925.0
1941,2011-05-09,17.58,17.29,17.86,17.09,80104589.0
1942,2011-05-10,14.38,14.24,14.74,14.1,36035874.0
1943,2011-05-11,14.16,14.49,14.51,13.7,52698109.0
1944,2011-05-12,14.25,14.13,14.72,14.08,64874513.0
1945,2011-05-13,14.12,14.09,14.28,13.74,39167951.0
1946,2011-05-16,14.08,13.81,14.2,13.61,52599361.0
1947,2011-05-17,13.75,14.09,14.2,13.65,37638214.0
1948,2011-05-18,14.0,14.0,14.18,13.93,24689164.0
1949,2011-05-19,14.0,13.91,14.13,13.88,23147589.0
1950,2011-05-20,13.99,14.16,14.2,13.8,31291981.0
1951,2011-05-23,14.2,13.53,14.26,13.32,38884582.0
1952,2011-05-24,13.51,13.44,13.51,12.87,44189220.0
1953,2011-05-25,13.45,13.34,13.53,13.2,21025430.0
1954,2011-05-26,13.3,13.2,13.46,13.0,25048030.0
1955,2011-05-27,13.23,12.84,13.23,12.65,31963963.0
1956,2011-05-30,12.61,12.67,12.9,12.6,12156630.0
1957,2011-05-31,12.65,12.9,12.9,12.45,15243493.0
1958,2011-06-01,12.85,12.86,13.1,12.7,16642316.0
1959,2011-06-02,12.82,12.72,12.96,12.51,22877779.0
1960,2011-06-03,13.2,13.27,13.8,13.12,51003674.0
1961,2011-06-07,12.9,13.75,13.83,12.9,50713082.0
1962,2011-06-08,13.95,13.85,14.0,13.55,71005825.0
1963,2011-06-09,13.8,13.54,13.92,13.53,35633242.0
1964,2011-06-10,13.54,13.62,13.89,13.45,54468455.0
1965,2011-06-13,13.69,13.59,13.75,13.31,23761713.0
1966,2011-06-14,13.63,13.65,13.69,13.51,20183460.0
1967,2011-06-15,13.63,13.66,13.93,13.56,30578068.0
1968,2011-06-16,13.56,13.48,13.67,13.3,18785674.0
1969,2011-06-17,13.48,13.46,13.6,13.31,15432791.0
1970,2011-06-20,13.08,12.9,13.5,12.76,29987274.0
1971,2011-06-21,12.9,12.98,13.1,12.85,16493722.0
1972,2011-06-22,13.01,12.88,13.14,12.87,8265299.0
1973,2011-06-23,12.87,13.02,13.15,12.7,17478408.0
1974,2011-06-24,13.02,13.61,13.69,12.95,46566115.0
1975,2011-06-27,13.51,14.16,14.2,13.51,91814711.0
1976,2011-06-28,14.25,14.68,14.72,14.01,151088779.0
1977,2011-06-29,14.78,14.14,14.78,14.11,168790462.0
1978,2011-06-30,14.17,14.18,14.29,14.04,61036354.0
1979,2011-07-01,14.27,14.07,14.3,13.99,53269175.0
1980,2011-07-04,14.15,14.51,14.52,14.08,135870531.0
1981,2011-07-05,14.51,14.52,14.56,14.25,72421270.0
1982,2011-07-06,14.52,14.71,14.79,14.4,145475189.0
1983,2011-07-07,14.69,14.58,14.78,14.43,84331472.0
1984,2011-07-08,14.58,14.38,14.65,14.28,46224083.0
1985,2011-07-11,14.4,14.85,14.86,14.25,92886061.0
1986,2011-07-12,14.7,15.03,15.5,14.63,157944457.0
1987,2011-07-13,15.02,15.32,15.4,14.92,101467977.0
1988,2011-07-14,15.33,15.78,15.93,15.33,147366990.0
1989,2011-07-15,15.78,16.02,16.14,15.58,141282761.0
1990,2011-07-18,15.99,15.77,16.49,15.61,132551369.0
1991,2011-07-19,15.7,15.5,15.88,15.38,62293035.0
1992,2011-07-20,15.57,16.08,16.15,15.39,71576592.0
1993,2011-07-21,16.0,16.13,16.41,16.0,109062414.0
1994,2011-07-22,16.0,15.96,16.25,15.75,69954049.0
1995,2011-07-25,15.83,15.61,16.03,15.4,119599670.0
1996,2011-07-26,15.61,15.84,15.88,15.58,55272637.0
1997,2011-07-27,15.78,16.2,16.39,15.6,72411372.0
1998,2011-07-28,16.13,16.34,16.56,15.77,72977817.0
1999,2011-07-29,16.23,16.33,16.6,15.88,77105539.0
2000,2011-08-01,16.09,16.04,16.48,15.99,31051431.0
2001,2011-08-02,15.89,16.0,16.03,15.23,68927845.0
2002,2011-08-03,15.84,15.79,16.07,15.61,41706791.0
2003,2011-08-04,15.8,15.52,16.05,15.45,35166985.0
2004,2011-08-05,15.0,15.46,15.72,14.88,44513033.0
2005,2011-08-08,15.4,15.02,15.47,14.74,67863089.0
2006,2011-08-09,14.51,16.1,16.12,14.51,102941081.0
2007,2011-08-10,16.2,16.25,16.65,15.98,119496436.0
2008,2011-08-11,16.12,16.58,16.62,15.95,83081986.0
2009,2011-08-12,16.7,16.8,16.98,16.44,92382575.0
2010,2011-08-15,16.8,16.82,17.0,16.62,53015918.0
2011,2011-08-16,16.86,16.37,16.9,16.16,62924154.0
2012,2011-08-17,16.31,16.28,16.48,16.19,29597426.0
2013,2011-08-18,16.37,15.97,16.39,15.95,46535889.0
2014,2011-08-19,15.8,15.87,15.94,15.6,33473865.0
2015,2011-08-22,15.9,15.25,16.19,15.21,57146458.0
2016,2011-08-23,15.3,15.37,15.6,15.0,96512944.0
2017,2011-08-24,15.26,15.52,15.82,15.26,42419737.0
2018,2011-08-25,15.53,15.73,15.75,15.5,26080785.0
2019,2011-08-26,15.74,15.95,16.01,15.69,54903881.0
2020,2011-08-29,15.8,16.24,16.38,15.75,66408936.0
2021,2011-08-30,16.25,16.29,16.37,16.1,61704221.0
2022,2011-08-31,16.3,16.13,16.34,15.81,28802558.0
2023,2011-09-01,16.12,15.83,16.19,15.76,21982214.0
2024,2011-09-02,15.61,15.69,15.83,15.42,31429710.0
2025,2011-09-05,15.58,15.48,15.7,15.3,13848138.0
2026,2011-09-06,15.46,15.23,15.6,15.17,17595236.0
2027,2011-09-07,15.39,15.67,15.76,15.27,23002499.0
2028,2011-09-08,15.68,15.62,15.9,15.41,14003670.0
2029,2011-09-09,15.75,15.85,16.0,15.61,23369848.0
2030,2011-09-13,15.65,15.21,15.78,15.2,21107898.0
2031,2011-09-14,15.3,15.37,15.47,15.01,15224608.0
2032,2011-09-15,15.37,15.5,15.83,15.37,21739327.0
2033,2011-09-16,15.51,15.45,15.65,15.45,9158108.0
2034,2011-09-19,15.45,15.04,15.63,15.0,20368719.0
2035,2011-09-20,15.05,14.96,15.16,14.79,11681965.0
2036,2011-09-21,15.13,15.28,15.34,14.88,14216859.0
2037,2011-09-23,14.7,14.9,14.97,14.51,16830495.0
2038,2011-09-26,15.05,14.71,15.24,14.5,15190876.0
2039,2011-09-27,14.66,14.41,14.84,14.12,34270924.0
2040,2011-09-28,14.58,14.15,14.58,13.99,13769037.0
2041,2011-09-29,13.95,13.85,14.0,13.45,25035260.0
2042,2011-09-30,13.85,13.86,13.97,13.55,10119112.0
2043,2011-10-10,13.9,14.01,14.1,13.7,9007703.0
2044,2011-10-11,14.45,14.02,14.55,13.95,8947394.0
2045,2011-10-12,14.02,14.48,14.54,13.87,13509724.0
2046,2011-10-13,14.48,14.84,15.0,14.32,22963426.0
2047,2011-10-14,14.8,14.76,14.94,14.54,10484880.0
2048,2011-10-17,14.76,14.75,14.94,14.6,11577339.0
2049,2011-10-18,14.65,14.3,14.7,14.3,8548560.0
2050,2011-10-19,14.4,14.42,14.6,14.23,10012132.0
2051,2011-10-20,14.5,14.09,14.5,13.95,15338217.0
2052,2011-10-21,14.08,14.05,14.3,13.84,5908101.0
2053,2011-10-24,14.05,14.12,14.3,13.5,35477617.0
2054,2011-10-25,14.14,14.01,14.26,13.59,77207959.0
2055,2011-10-26,13.9,14.42,14.63,13.9,67840561.0
2056,2011-10-27,14.5,14.24,14.6,14.2,28081139.0
2057,2011-10-28,14.52,14.49,14.53,14.1,49762348.0
2058,2011-10-31,14.45,14.73,14.77,14.41,26421124.0
2059,2011-11-01,14.54,15.1,15.22,14.51,56738164.0
2060,2011-11-02,14.79,15.6,15.63,14.75,66812688.0
2061,2011-11-03,15.59,15.53,15.76,15.32,36728215.0
2062,2011-11-04,15.55,15.56,15.69,15.38,21010556.0
2063,2011-11-07,15.45,15.38,15.72,15.22,18760572.0
2064,2011-11-08,15.28,15.06,15.46,15.0,30181415.0
2065,2011-11-09,15.06,15.22,15.29,14.81,30778745.0
2066,2011-11-10,15.11,15.02,15.33,15.0,34739381.0
2067,2011-11-11,15.0,14.96,15.17,14.91,18636336.0
2068,2011-11-14,15.12,15.34,15.48,14.9,43399789.0
2069,2011-11-15,15.28,15.39,15.49,15.22,26063253.0
2070,2011-11-16,15.38,14.8,15.5,14.79,36386240.0
2071,2011-11-17,14.8,14.68,14.94,14.38,51292696.0
2072,2011-11-18,14.64,14.2,14.64,14.0,36021333.0
2073,2011-11-21,14.28,14.25,14.29,13.98,29421637.0
2074,2011-11-22,14.1,14.06,14.25,13.85,23810655.0
2075,2011-11-23,14.05,14.01,14.14,13.99,11873338.0
2076,2011-11-24,13.95,14.28,14.32,13.89,24479336.0
2077,2011-11-25,14.29,14.19,14.5,14.01,15793286.0
2078,2011-11-28,14.19,14.42,14.6,14.19,39064039.0
2079,2011-11-29,14.63,14.06,14.76,13.97,86737981.0
2080,2011-11-30,14.08,13.43,14.09,13.31,52661029.0
2081,2011-12-01,13.8,13.49,13.96,13.42,76597681.0
2082,2011-12-02,13.45,12.8,13.45,12.75,55533137.0
2083,2011-12-05,12.84,12.36,12.99,12.32,46216354.0
2084,2011-12-06,12.1,12.52,12.63,12.1,43134599.0
2085,2011-12-07,12.6,12.56,12.62,12.4,16012653.0
2086,2011-12-08,12.51,12.45,12.62,12.27,50112597.0
2087,2011-12-09,12.38,11.92,12.44,11.88,28161716.0
2088,2011-12-12,11.92,12.01,12.2,11.53,26850548.0
2089,2011-12-13,11.9,11.99,12.17,11.78,29192009.0
2090,2011-12-14,11.99,11.52,12.1,11.43,26044106.0
2091,2011-12-15,11.52,11.77,11.9,11.2,32935877.0
2092,2011-12-16,11.55,12.36,12.4,11.53,30545283.0
2093,2011-12-19,12.35,12.17,12.35,11.72,29805222.0
2094,2011-12-20,12.0,11.8,12.15,11.63,44530495.0
2095,2011-12-21,11.82,11.31,11.93,11.28,28109965.0
2096,2011-12-22,11.31,11.12,11.31,10.72,27726696.0
2097,2011-12-23,11.14,11.11,11.33,10.95,26562716.0
2098,2011-12-26,11.1,11.05,11.25,10.93,9868239.0
2099,2011-12-27,10.94,10.53,11.1,10.51,12715591.0
2100,2011-12-28,10.56,10.64,10.73,10.31,25310386.0
2101,2011-12-29,10.69,10.71,10.9,10.45,15663030.0
2102,2011-12-30,10.76,11.0,11.09,10.68,13222624.0
2103,2012-01-04,11.13,10.66,11.26,10.6,9097026.0
2104,2012-01-05,10.7,10.02,10.7,9.8,16232888.0
2105,2012-01-06,10.02,9.45,10.05,9.25,46321629.0
2106,2012-01-09,9.5,9.73,9.85,9.3,30710296.0
2107,2012-01-10,9.78,10.49,10.51,9.7,40517622.0
2108,2012-01-11,10.4,10.74,10.83,10.38,26487655.0
2109,2012-01-12,10.74,10.6,10.86,10.55,17138410.0
2110,2012-01-13,10.51,10.09,10.65,10.03,31637867.0
2111,2012-01-16,10.0,10.0,10.15,9.82,27999480.0
2112,2012-01-17,10.25,10.5,10.54,9.7,50180050.0
2113,2012-01-18,10.41,9.91,10.51,9.7,44894427.0
2114,2012-01-19,9.9,10.0,10.07,9.71,20880765.0
2115,2012-01-20,10.08,10.52,10.6,9.99,36415799.0
2116,2012-01-30,10.5,10.36,10.65,10.3,18392244.0
2117,2012-01-31,10.35,10.46,10.48,10.3,8135831.0
2118,2012-02-01,10.4,10.49,10.68,10.4,23528940.0
2119,2012-02-02,10.5,10.57,10.63,10.34,27486318.0
2120,2012-02-03,10.57,10.97,11.3,10.48,49341995.0
2121,2012-02-06,10.97,10.96,11.15,10.88,30616824.0
2122,2012-02-07,10.96,10.68,10.96,10.6,25227226.0
2123,2012-02-08,10.73,11.07,11.08,10.61,30227794.0
2124,2012-02-09,11.11,11.1,11.26,11.04,52738353.0
2125,2012-02-10,11.08,11.26,11.35,10.93,40041573.0
2126,2012-02-13,11.17,11.23,11.42,11.1,40163518.0
2127,2012-02-14,11.23,11.37,11.44,11.23,36892185.0
2128,2012-02-15,11.33,11.46,11.5,11.3,37969773.0
2129,2012-02-16,11.48,11.45,11.55,11.32,21581001.0
2130,2012-02-17,11.45,11.29,11.5,11.21,23804524.0
2131,2012-02-20,11.45,11.32,11.47,11.24,24150627.0
2132,2012-02-21,11.34,11.15,11.34,10.8,107121490.0
2133,2012-02-22,11.15,11.37,11.38,10.97,80789417.0
2134,2012-02-23,11.4,11.85,11.88,11.4,100418081.0
2135,2012-02-24,11.85,11.95,11.99,11.77,70808971.0
2136,2012-02-27,12.15,11.95,12.24,11.9,70156926.0
2137,2012-02-28,11.85,11.79,11.97,11.68,34276053.0
2138,2012-02-29,11.78,12.0,12.07,11.63,48467327.0
2139,2012-03-01,12.06,11.83,12.1,11.75,52679571.0
2140,2012-03-02,11.83,11.99,12.02,11.75,39008088.0
2141,2012-03-05,12.0,11.88,12.0,11.83,37618217.0
2142,2012-03-06,11.75,11.58,11.75,11.38,39118338.0
2143,2012-03-07,11.54,11.49,11.65,11.4,21546331.0
2144,2012-03-08,11.49,11.59,11.63,11.48,28272676.0
2145,2012-03-09,11.59,11.79,11.8,11.52,27630787.0
2146,2012-03-12,11.8,12.15,12.21,11.71,72955507.0
2147,2012-03-13,12.15,12.12,12.2,11.93,42119857.0
2148,2012-03-14,12.13,11.51,12.47,11.48,75954228.0
2149,2012-03-15,11.45,11.64,11.86,11.19,40365125.0
2150,2012-03-16,11.41,12.8,12.8,11.41,161899014.0
2151,2012-03-19,12.8,13.07,13.4,12.8,154463834.0
2152,2012-03-20,13.1,12.85,13.11,12.66,67973082.0
2153,2012-03-21,12.87,12.71,12.95,12.47,44525993.0
2154,2012-03-23,12.54,12.46,12.58,12.27,31653400.0
2155,2012-03-26,12.3,12.33,12.46,12.14,38954339.0
2156,2012-03-28,12.25,11.71,12.29,11.43,63170570.0
2157,2012-03-29,11.65,12.05,12.13,11.36,103149212.0
2158,2012-03-30,11.97,12.37,12.46,11.97,47701786.0
2159,2012-04-05,12.3,12.69,12.72,12.18,35909631.0
2160,2012-04-06,12.69,12.47,12.78,12.3,29038552.0
2161,2012-04-09,12.39,12.06,12.5,12.06,18510618.0
2162,2012-04-10,11.98,12.27,12.3,11.83,26789643.0
2163,2012-04-11,12.17,12.18,12.43,12.0,26801073.0
2164,2012-04-12,12.2,12.31,12.33,12.01,39899878.0
2165,2012-04-13,12.4,12.21,12.4,12.16,29298392.0
2166,2012-04-16,12.06,12.11,12.18,12.01,18060526.0
2167,2012-04-17,12.0,12.0,12.23,11.85,17592993.0
2168,2012-04-18,12.05,12.28,12.33,12.0,20109464.0
2169,2012-04-19,12.28,12.12,12.29,12.02,14625746.0
2170,2012-04-20,12.13,12.21,12.27,12.12,21286811.0
2171,2012-04-23,12.23,12.66,12.84,12.18,77320783.0
2172,2012-04-24,12.61,12.78,12.8,12.28,45399254.0
2173,2012-04-25,12.8,12.88,13.02,12.31,78776718.0
2174,2012-04-26,12.89,12.65,12.96,12.64,59767070.0
2175,2012-04-27,12.74,12.45,12.74,12.29,54797708.0
2176,2012-05-02,12.5,12.56,12.58,12.28,47573978.0
2177,2012-05-03,12.56,12.93,13.06,12.5,58633555.0
2178,2012-05-04,12.94,12.97,13.09,12.82,32401102.0
2179,2012-05-07,12.95,13.19,13.23,12.8,44135895.0
2180,2012-05-08,13.25,13.39,13.57,13.2,93119617.0
2181,2012-05-09,13.3,13.0,13.3,12.95,31963065.0
2182,2012-05-10,12.99,13.31,13.54,12.93,49104864.0
2183,2012-05-11,13.18,13.34,13.46,13.14,21466106.0
2184,2012-05-14,13.38,13.52,14.0,13.35,61211381.0
2185,2012-05-15,13.34,13.52,13.62,13.3,29977835.0
2186,2012-05-16,13.52,13.68,13.89,13.5,40775639.0
2187,2012-05-17,13.63,13.51,13.76,13.38,27436291.0
2188,2012-05-18,13.46,13.21,13.48,13.19,24029641.0
2189,2012-05-21,13.21,13.12,13.25,12.93,15826387.0
2190,2012-05-22,13.1,13.3,13.36,13.1,16402260.0
2191,2012-05-23,13.23,13.06,13.58,12.86,25850146.0
2192,2012-05-24,13.06,12.88,13.13,12.85,27443001.0
2193,2012-05-25,12.88,12.66,12.96,12.51,17782600.0
2194,2012-05-28,12.55,12.87,12.89,12.5,14773287.0
2195,2012-05-29,12.9,12.97,13.15,12.81,29566752.0
2196,2012-05-30,12.9,13.02,13.1,12.85,9362401.0
2197,2012-05-31,13.02,13.4,13.5,12.91,25822230.0
2198,2012-06-01,13.4,13.39,13.63,13.3,24323372.0
2199,2012-06-04,13.28,13.26,13.57,12.97,35855863.0
2200,2012-06-05,13.21,13.54,13.72,13.21,39396798.0
2201,2012-06-06,13.54,13.7,13.81,13.45,29828860.0
2202,2012-06-07,13.73,13.67,13.88,13.5,18492190.0
2203,2012-06-08,13.68,13.62,13.71,13.35,18743820.0
2204,2012-06-11,13.6,13.73,13.75,13.5,8707218.0
2205,2012-06-12,13.62,14.0,14.01,13.53,36243690.0
2206,2012-06-13,13.95,14.34,14.62,13.9,48958487.0
2207,2012-06-14,14.4,14.05,14.55,13.99,27441152.0
2208,2012-06-15,14.05,14.19,14.56,14.05,24129162.0
2209,2012-06-18,14.29,14.6,14.65,14.29,58900372.0
2210,2012-06-19,14.58,14.51,14.7,14.39,16988513.0
2211,2012-06-20,14.47,14.29,14.55,14.17,29262871.0
2212,2012-06-21,14.16,14.35,14.45,14.15,11910554.0
2213,2012-06-25,14.38,14.2,14.47,14.08,31190665.0
2214,2012-06-26,14.01,14.79,14.95,13.84,62137740.0
2215,2012-06-27,14.7,14.79,14.88,14.42,44009741.0
2216,2012-06-28,14.8,15.07,15.25,14.71,36490510.0
2217,2012-06-29,14.77,15.11,15.25,14.74,40210420.0
2218,2012-07-02,15.11,15.49,15.55,14.88,57785218.0
2219,2012-07-03,15.49,15.16,15.59,15.0,53634187.0
2220,2012-07-04,15.14,14.89,15.35,14.62,69346927.0
2221,2012-07-05,14.62,15.01,15.04,14.6,17984950.0
2222,2012-07-06,15.0,15.37,15.45,14.66,21153433.0
2223,2012-07-09,15.1,15.22,15.6,14.9,58756423.0
2224,2012-07-10,15.19,14.81,15.19,14.59,49412418.0
2225,2012-07-11,14.63,14.94,15.03,14.5,27440990.0
2226,2012-07-12,14.61,14.98,15.2,14.61,45972491.0
2227,2012-07-13,14.87,14.89,15.1,14.81,12440894.0
2228,2012-07-16,14.84,14.15,14.86,14.1,26616472.0
2229,2012-07-17,14.14,14.39,14.52,13.86,28238617.0
2230,2012-07-18,14.29,14.55,14.56,14.09,21974758.0
2231,2012-07-19,14.33,14.62,14.9,14.33,11593428.0
2232,2012-07-20,14.6,14.61,14.85,14.47,11210860.0
2233,2012-07-23,14.79,14.24,14.95,14.18,34420490.0
2234,2012-07-24,14.15,13.88,14.24,13.0,55084758.0
2235,2012-07-25,13.8,14.0,14.05,13.6,26352409.0
2236,2012-07-26,13.86,13.76,14.04,13.75,10405837.0
2237,2012-07-27,13.77,13.3,13.9,13.25,13409666.0
2238,2012-07-30,13.08,13.34,13.78,13.08,16629350.0
2239,2012-07-31,13.5,13.48,13.69,13.2,17349149.0
2240,2012-08-01,13.35,13.69,13.84,13.35,12637443.0
2241,2012-08-02,13.73,14.28,14.36,13.46,24165385.0
2242,2012-08-03,14.28,14.61,14.8,14.27,21848184.0
2243,2012-08-06,14.59,14.55,14.8,14.31,22843469.0
2244,2012-08-07,14.57,14.21,14.68,14.21,24398927.0
2245,2012-08-08,14.22,14.28,14.39,14.09,15823898.0
2246,2012-08-09,14.29,14.52,14.55,14.1,19913195.0
2247,2012-08-10,14.52,14.34,14.59,14.31,9630186.0
2248,2012-08-13,14.4,14.35,14.79,14.33,17470710.0
2249,2012-08-14,14.45,14.48,14.51,14.21,5703172.0
2250,2012-08-15,14.48,14.52,14.66,14.35,9738793.0
2251,2012-08-16,14.52,14.49,14.64,14.42,4943241.0
2252,2012-08-17,14.33,14.0,14.55,13.88,12524628.0
2253,2012-08-20,13.86,14.05,14.05,13.68,19588462.0
2254,2012-08-21,13.9,14.3,14.55,13.9,19272603.0
2255,2012-08-22,14.3,13.99,14.3,13.94,9552687.0
2256,2012-08-23,13.85,13.7,14.1,13.66,21068366.0
2257,2012-08-24,13.6,13.57,13.8,13.45,11501560.0
2258,2012-08-27,13.57,13.35,13.78,13.33,15160768.0
2259,2012-08-28,13.35,13.52,13.63,13.34,5032403.0
2260,2012-08-29,13.52,13.54,13.69,13.39,8988780.0
2261,2012-08-30,13.5,13.29,13.52,13.18,17417610.0
2262,2012-08-31,13.21,13.15,13.3,13.08,7390549.0
2263,2012-09-03,13.04,13.49,13.52,13.03,15363630.0
2264,2012-09-04,13.42,13.48,13.54,13.4,6114704.0
2265,2012-09-05,13.41,13.74,13.78,13.41,17755483.0
2266,2012-09-06,13.78,13.75,13.8,13.56,11949141.0
2267,2012-09-07,13.8,14.0,14.27,13.65,11121767.0
2268,2012-09-10,13.88,13.9,14.05,13.85,10635633.0
2269,2012-09-11,14.39,14.1,14.39,13.96,17654452.0
2270,2012-09-12,14.15,14.44,14.45,14.1,36465794.0
2271,2012-09-13,14.44,14.23,14.48,14.21,17011741.0
2272,2012-09-14,14.32,14.38,14.66,14.32,24544868.0
2273,2012-09-17,14.5,14.01,14.5,14.0,8068693.0
2274,2012-09-18,14.11,13.92,14.11,13.83,10276233.0
2275,2012-09-19,13.87,14.23,14.34,13.76,15447623.0
2276,2012-09-20,14.16,14.05,14.31,14.03,19469413.0
2277,2012-09-21,14.08,13.99,14.24,13.93,10109150.0
2278,2012-09-24,13.96,13.95,14.09,13.86,7605181.0
2279,2012-09-25,13.94,13.98,14.06,13.89,4636946.0
2280,2012-09-26,13.9,13.76,14.08,13.71,8086942.0
2281,2012-09-27,13.71,13.83,13.98,13.61,6867182.0
2282,2012-09-28,13.95,14.04,14.05,13.82,8299582.0
2283,2012-10-08,14.04,14.09,14.21,13.93,15429173.0
2284,2012-10-09,14.11,14.45,14.53,14.09,18473288.0
2285,2012-10-10,14.45,14.58,14.7,14.3,12946070.0
2286,2012-10-11,14.58,14.4,14.7,14.4,10854072.0
2287,2012-10-12,14.45,14.48,14.64,14.3,9597208.0
2288,2012-10-15,14.52,14.8,14.85,14.4,24810271.0
2289,2012-10-16,14.83,14.9,15.21,14.64,41717511.0
2290,2012-10-17,14.98,14.62,14.98,14.45,22443238.0
2291,2012-10-18,14.68,14.5,14.77,14.41,27281402.0
2292,2012-10-19,14.52,14.34,14.55,14.25,17079569.0
2293,2012-10-22,14.32,14.44,14.49,14.22,17371283.0
2294,2012-10-23,14.46,13.98,14.46,13.95,34162211.0
2295,2012-10-24,13.94,13.95,13.98,13.84,9376830.0
2296,2012-10-25,13.9,13.77,14.1,13.75,10964558.0
2297,2012-10-26,13.77,13.39,13.77,13.3,15891576.0
2298,2012-10-29,13.41,13.25,13.53,13.11,22190865.0
2299,2012-10-30,13.25,13.09,13.35,13.08,21377233.0
2300,2012-10-31,13.03,13.62,13.62,13.03,26017696.0
2301,2012-11-01,13.64,13.87,14.0,13.64,32084592.0
2302,2012-11-02,13.88,13.87,13.97,13.67,17456707.0
2303,2012-11-05,13.77,13.3,13.93,13.27,28324649.0
2304,2012-11-06,13.31,12.99,13.31,12.73,27413302.0
2305,2012-11-07,12.88,12.85,13.05,12.51,24028075.0
2306,2012-11-08,12.73,12.76,12.96,12.63,16169226.0
2307,2012-11-09,12.78,12.89,12.91,12.71,15879375.0
2308,2012-11-12,12.92,12.99,13.06,12.76,14189232.0
2309,2012-11-13,12.99,12.5,13.0,12.4,19688111.0
2310,2012-11-14,12.49,12.41,12.49,12.32,9579293.0
2311,2012-11-15,12.4,11.95,12.5,11.86,60855760.0
2312,2012-11-16,11.95,11.57,11.98,11.4,43294308.0
2313,2012-11-19,11.56,11.29,11.56,11.06,47108556.0
2314,2012-11-20,11.34,11.39,11.48,11.14,27067006.0
2315,2012-11-21,11.39,11.66,11.72,11.37,24383465.0
2316,2012-11-22,11.67,11.59,11.68,11.4,11667351.0
2317,2012-11-23,11.68,11.57,11.68,11.5,13237551.0
2318,2012-11-26,11.6,11.61,11.67,11.41,7801254.0
2319,2012-11-27,11.47,11.19,11.51,11.16,6852988.0
2320,2012-11-28,11.12,10.85,11.12,10.6,13810908.0
2321,2012-11-29,10.85,10.6,10.92,10.5,22056919.0
2322,2012-11-30,10.62,10.62,10.7,10.46,8361746.0
2323,2012-12-03,10.65,9.6,10.7,9.58,49771505.0
2324,2012-12-04,9.6,10.02,10.06,9.5,13629404.0
2325,2012-12-05,10.02,10.47,10.55,9.92,17202583.0
2326,2012-12-06,10.45,10.5,10.6,10.38,12088795.0
2327,2012-12-07,10.47,10.63,10.75,10.41,20408171.0
2328,2012-12-10,10.52,10.83,11.1,10.52,27113771.0
2329,2012-12-11,10.72,10.74,10.9,10.59,15945923.0
2330,2012-12-12,10.7,10.43,10.74,10.38,26520059.0
2331,2012-12-13,10.41,10.27,10.5,10.24,10585896.0
2332,2012-12-14,10.26,10.7,10.89,10.26,123098221.0
2333,2012-12-17,10.68,11.04,11.07,10.6,114833657.0
2334,2012-12-18,11.03,10.86,11.08,10.78,64639605.0
2335,2012-12-19,10.9,11.12,11.16,10.82,43722457.0
2336,2012-12-20,11.15,11.09,11.16,10.85,35574626.0
2337,2012-12-21,11.06,10.84,11.15,10.79,42861265.0
2338,2012-12-24,10.84,11.37,11.38,10.82,64052256.0
2339,2012-12-25,11.37,11.77,11.92,11.34,79396435.0
2340,2012-12-26,11.8,11.88,11.9,11.57,34172913.0
2341,2012-12-27,11.8,11.49,11.91,11.48,56173375.0
2342,2012-12-28,11.47,11.61,11.74,11.41,42635415.0
2343,2012-12-31,11.63,11.4,11.65,11.3,95065606.0
2344,2013-01-04,11.48,11.29,11.6,11.2,56296691.0
2345,2013-01-07,11.49,11.52,11.56,11.32,74385810.0
2346,2013-01-08,11.52,11.86,11.87,11.48,89668934.0
2347,2013-01-09,11.78,12.25,12.27,11.53,141990265.0
2348,2013-01-10,13.0,12.89,13.27,12.58,482846032.0
2349,2013-01-11,12.98,13.01,13.45,12.85,278367696.0
2350,2013-01-14,13.08,13.43,13.51,13.02,194705246.0
2351,2013-01-15,13.43,13.86,14.14,13.31,191039631.0
2352,2013-01-16,13.85,14.14,14.4,13.71,150849964.0
2353,2013-01-17,14.0,13.95,14.27,13.9,93199894.0
2354,2013-01-18,13.93,14.17,14.3,13.9,68242643.0
2355,2013-01-21,14.24,14.55,14.55,14.16,104072001.0
2356,2013-01-22,14.49,14.08,14.5,13.79,203597903.0
2357,2013-01-23,14.15,13.77,14.45,13.49,165379894.0
2358,2013-01-24,14.09,13.91,14.28,13.62,181273674.0
2359,2013-01-25,13.8,13.94,14.2,13.62,88199064.0
2360,2013-01-28,13.94,14.5,14.72,13.8,184247852.0
2361,2013-01-29,14.41,14.92,15.09,14.41,182318561.0
2362,2013-01-30,14.92,14.86,15.0,14.7,68904392.0
2363,2013-01-31,15.01,14.79,15.5,14.74,128360181.0
2364,2013-02-01,14.7,14.83,15.13,14.61,96010528.0
2365,2013-02-04,14.87,14.42,15.09,14.28,124432258.0
2366,2013-02-05,14.33,14.39,14.62,14.09,100600283.0
2367,2013-02-06,14.38,15.24,15.3,14.38,161389353.0
2368,2013-02-07,15.2,15.75,15.82,15.1,166732924.0
2369,2013-02-08,15.78,16.08,16.14,15.71,122801415.0
2370,2013-02-18,16.03,15.88,16.14,15.75,91812142.0
2371,2013-02-19,15.83,15.6,16.17,15.44,100107301.0
2372,2013-02-20,15.66,16.41,16.5,15.55,138127267.0
2373,2013-02-21,16.35,16.13,16.38,15.65,154814516.0
2374,2013-02-22,16.29,15.92,16.49,15.76,125901883.0
2375,2013-02-25,15.99,16.16,16.3,15.88,137290027.0
2376,2013-02-26,16.22,16.06,16.59,16.03,127825141.0
2377,2013-02-27,16.06,15.46,16.2,15.28,194785426.0
2378,2013-02-28,15.47,15.66,15.72,15.11,151232939.0
2379,2013-03-01,15.68,16.05,16.12,15.63,163008260.0
2380,2013-03-04,15.96,15.54,16.22,15.5,160333384.0
2381,2013-03-05,15.51,16.12,16.16,15.51,126687729.0
2382,2013-03-06,16.13,16.99,17.2,16.08,253981373.0
2383,2013-03-07,16.88,16.1,17.08,15.94,192526586.0
2384,2013-03-08,16.22,16.05,16.42,15.9,109231571.0
2385,2013-03-11,16.1,16.55,16.66,16.0,115816526.0
2386,2013-03-12,16.6,15.85,16.84,15.69,171425606.0
2387,2013-03-13,15.8,15.92,15.98,15.5,90136232.0
2388,2013-03-14,16.08,16.24,16.27,15.85,97774417.0
2389,2013-03-15,16.24,16.44,16.78,15.96,135121943.0
2390,2013-03-18,16.43,16.47,16.9,16.32,122380914.0
2391,2013-03-19,16.4,16.29,16.5,15.9,88070656.0
2392,2013-03-20,16.3,16.65,16.72,16.02,153440716.0
2393,2013-03-21,16.58,16.35,16.83,16.0,224110856.0
2394,2013-03-22,16.26,16.26,16.5,16.14,80677222.0
2395,2013-03-25,16.33,16.0,16.35,15.7,132687369.0
2396,2013-03-26,15.97,16.15,16.18,15.69,65472329.0
2397,2013-03-27,16.27,17.02,17.19,16.14,305575552.0
2398,2013-03-28,16.98,16.87,17.19,16.68,162800652.0
2399,2013-03-29,16.99,16.27,16.99,16.06,160599177.0
2400,2013-04-01,16.37,16.36,16.56,16.16,62685838.0
2401,2013-04-02,16.47,15.49,16.65,15.29,140904697.0
2402,2013-04-03,15.55,15.3,15.64,15.05,103145124.0
2403,2013-04-08,15.29,15.49,15.58,14.98,85591163.0
2404,2013-04-09,15.51,14.93,15.58,14.86,102168059.0
2405,2013-04-10,15.0,14.66,15.04,14.45,117331114.0
2406,2013-04-11,14.77,14.7,14.79,14.53,55554791.0
2407,2013-04-12,14.7,14.72,14.81,14.66,39786244.0
2408,2013-04-15,14.81,14.46,14.85,14.43,43498504.0
2409,2013-04-16,14.36,14.63,14.66,14.28,39251791.0
2410,2013-04-17,11.13,11.52,11.61,11.13,68561244.0
2411,2013-04-18,11.45,11.48,11.8,11.31,80972477.0
2412,2013-04-19,11.57,11.9,11.94,11.43,77242267.0
2413,2013-04-22,11.9,12.37,12.45,11.83,141588902.0
2414,2013-04-23,12.4,12.08,12.45,11.87,116053212.0
2415,2013-04-24,12.01,12.42,12.56,12.01,117779723.0
2416,2013-04-25,12.5,13.39,13.66,12.5,345292368.0
2417,2013-04-26,13.38,13.12,13.5,12.98,103001795.0
2418,2013-05-02,14.43,14.29,14.43,14.01,802838704.0
2419,2013-05-03,14.4,15.25,15.33,14.02,574344288.0
2420,2013-05-10,15.4,15.35,16.15,15.02,478758400.0
2421,2013-05-13,15.58,16.13,16.44,15.26,290359520.0
2422,2013-05-14,16.13,16.18,16.51,15.82,250134847.0
2423,2013-05-15,16.3,17.02,17.1,16.01,214211074.0
2424,2013-05-16,17.02,17.09,17.51,16.73,203992435.0
2425,2013-05-17,17.01,16.67,17.25,16.36,250972588.0
2426,2013-05-20,16.4,16.68,16.76,15.81,330394512.0
2427,2013-05-21,16.4,17.08,17.33,16.25,231420598.0
2428,2013-05-22,17.01,16.44,17.05,16.35,177070793.0
2429,2013-05-23,16.2,17.23,18.1,16.2,600593584.0
2430,2013-05-24,17.4,17.25,17.66,16.91,251927939.0
2431,2013-05-27,17.16,17.14,17.37,16.67,229590062.0
2432,2013-05-28,17.15,16.92,17.16,16.7,170733427.0
2433,2013-05-29,17.0,17.28,17.39,16.83,147532747.0
2434,2013-05-30,17.2,17.96,18.2,17.1,351030992.0
2435,2013-05-31,17.99,18.97,19.46,17.99,347637648.0
2436,2013-06-03,19.32,18.85,20.1,18.65,255893901.0
2437,2013-06-04,18.82,18.23,19.15,18.1,208726807.0
2438,2013-06-05,18.09,20.05,20.05,18.09,373970336.0
2439,2013-06-06,20.03,19.34,20.05,19.0,372242112.0
2440,2013-06-07,19.25,19.33,19.48,18.58,236641984.0
2441,2013-06-13,18.65,17.99,18.8,17.8,242264857.0
2442,2013-06-14,17.99,18.2,18.4,17.7,239908108.0
2443,2013-06-17,18.45,19.22,19.3,18.41,298233888.0
2444,2013-06-18,19.1,18.89,19.11,18.5,149928575.0
2445,2013-06-19,18.87,19.25,19.8,18.61,179994824.0
2446,2013-06-20,19.04,18.96,19.96,18.85,227931928.0
2447,2013-06-21,18.64,18.92,19.32,17.92,173512192.0
2448,2013-06-24,18.72,17.3,18.9,17.03,477953600.0
2449,2013-06-25,16.95,15.88,17.08,15.57,624754224.0
2450,2013-06-26,15.99,16.74,16.84,15.32,506017968.0
2451,2013-06-27,16.75,15.41,16.93,15.07,584710160.0
2452,2013-06-28,15.0,15.25,15.75,14.5,267718266.0
2453,2013-07-01,15.3,15.59,15.76,15.18,201156026.0
2454,2013-07-02,15.59,17.0,17.15,15.59,451705280.0
2455,2013-07-03,17.05,17.16,17.43,16.63,237942204.0
2456,2013-07-04,17.0,16.73,17.11,16.35,237503886.0
2457,2013-07-05,16.75,16.34,17.05,16.33,189665405.0
2458,2013-07-08,16.0,15.9,16.37,15.6,134238907.0
2459,2013-07-09,15.85,16.72,17.07,15.73,189844954.0
2460,2013-07-10,16.75,16.96,17.0,16.46,116391057.0
2461,2013-07-11,16.99,17.49,17.88,16.96,214900793.0
2462,2013-07-12,17.46,17.86,18.15,17.36,202242461.0
2463,2013-07-15,17.9,18.25,18.38,17.74,143753059.0
2464,2013-07-16,18.3,17.84,18.34,17.51,204020615.0
2465,2013-07-17,17.88,16.5,17.88,16.48,420225296.0
2466,2013-07-18,16.51,16.45,16.93,16.39,190602478.0
2467,2013-07-19,16.48,16.52,16.89,16.38,156439921.0
2468,2013-07-22,16.32,16.75,16.88,16.03,133584028.0
2469,2013-07-23,16.74,17.01,17.13,16.73,153619328.0
2470,2013-07-24,17.0,16.71,17.05,16.4,200850540.0
2471,2013-07-25,16.71,16.26,16.81,16.14,196729635.0
2472,2013-07-26,16.2,15.85,16.28,15.55,155167179.0
2473,2013-07-29,15.85,15.99,16.24,15.35,110737720.0
2474,2013-07-30,16.0,15.81,16.24,15.5,98177307.0
2475,2013-07-31,15.98,16.02,16.15,15.85,85898819.0
2476,2013-08-01,16.25,16.33,16.45,16.12,125301235.0
2477,2013-08-02,16.38,16.14,16.5,16.13,95760747.0
2478,2013-08-05,16.2,16.89,16.9,15.84,217397466.0
2479,2013-08-06,16.89,16.8,16.97,16.55,126634139.0
2480,2013-08-07,16.8,16.17,16.83,15.89,191934881.0
2481,2013-08-08,16.1,16.13,16.45,15.86,125673814.0
2482,2013-08-09,16.16,15.99,16.27,15.85,99615771.0
2483,2013-08-12,16.0,15.74,16.09,15.56,176240715.0
2484,2013-08-13,15.75,16.14,16.15,15.74,132893823.0
2485,2013-08-14,16.18,16.02,16.26,15.88,116303345.0
2486,2013-08-15,15.9,15.57,16.09,15.47,149612373.0
2487,2013-08-16,15.0,15.15,15.35,14.88,278615776.0
2488,2013-08-19,14.93,14.85,15.25,14.6,176503481.0
2489,2013-08-20,14.8,14.18,14.84,14.03,271309056.0
2490,2013-08-21,14.2,14.3,14.48,14.11,113634019.0
2491,2013-08-22,14.3,14.51,14.59,14.15,111615195.0
2492,2013-08-23,14.55,14.5,14.78,14.16,127652191.0
2493,2013-08-26,14.52,14.9,14.95,14.43,131985134.0
2494,2013-08-27,14.95,14.81,14.95,14.71,71956866.0
2495,2013-08-28,14.77,14.46,14.77,14.4,93534192.0
2496,2013-08-29,14.55,14.45,14.67,14.3,68165914.0
2497,2013-08-30,14.5,14.5,14.9,14.39,107105307.0
2498,2013-09-02,14.61,14.74,14.85,14.5,73495864.0
2499,2013-09-03,14.8,14.71,14.8,14.54,107673871.0
2500,2013-09-04,14.7,14.53,14.75,14.49,100721700.0
2501,2013-09-05,14.53,14.54,14.6,14.47,81810466.0
2502,2013-09-06,14.59,14.51,14.61,14.48,65915567.0
2503,2013-09-09,14.59,14.97,15.08,14.5,208905414.0
2504,2013-09-10,14.99,15.39,15.45,14.88,202339001.0
2505,2013-09-11,15.58,15.35,15.82,15.2,216086263.0
2506,2013-09-12,15.35,15.15,15.45,15.13,101774566.0
2507,2013-09-13,15.09,14.8,15.16,14.78,111322423.0
2508,2013-09-16,14.82,15.49,15.57,14.81,181734431.0
2509,2013-09-17,15.69,15.95,16.3,15.33,355975680.0
2510,2013-09-18,16.16,16.15,16.5,15.86,282455184.0
2511,2013-09-23,16.15,16.22,16.44,15.85,200157704.0
2512,2013-09-24,16.22,16.9,16.96,16.15,293472352.0
2513,2013-09-25,16.87,16.47,17.09,16.32,196755612.0
2514,2013-09-26,16.34,16.52,16.86,16.15,207209278.0
2515,2013-09-27,16.51,16.52,16.78,16.4,185252592.0
2516,2013-09-30,16.78,16.49,16.8,16.23,129111727.0
2517,2013-10-08,16.48,16.23,16.74,16.06,186597907.0
2518,2013-10-09,16.15,16.42,16.65,16.15,142484296.0
2519,2013-10-10,16.36,15.92,16.36,15.86,195473540.0
2520,2013-10-11,15.97,16.08,16.15,15.93,90681808.0
2521,2013-10-14,16.05,16.04,16.17,15.7,152689626.0
2522,2013-10-15,16.3,16.16,16.66,15.98,232554700.0
2523,2013-10-16,16.03,15.63,16.03,15.48,139735801.0
2524,2013-10-17,15.64,15.21,15.84,15.15,135404485.0
2525,2013-10-18,15.27,15.28,15.44,14.91,79610963.0
2526,2013-10-21,15.27,15.61,15.73,15.0,133542898.0
2527,2013-10-22,15.58,15.14,15.58,15.01,161600073.0
2528,2013-10-23,15.2,14.92,15.31,14.8,135907520.0
2529,2013-10-24,14.98,14.87,15.15,14.75,68221073.0
2530,2013-10-25,14.88,14.33,14.98,14.05,168340453.0
2531,2013-10-28,14.21,12.9,14.21,12.9,328391664.0
2532,2013-10-29,12.62,12.29,12.7,11.7,399185760.0
2533,2013-10-30,12.1,12.31,12.4,12.03,167182357.0
2534,2013-10-31,12.31,11.88,12.31,11.85,146828932.0
2535,2013-11-01,11.83,12.07,12.12,11.8,105338954.0
2536,2013-11-04,12.08,12.29,12.56,12.05,160558980.0
2537,2013-11-05,12.35,12.32,12.4,11.99,115519407.0
2538,2013-11-06,12.28,12.13,12.35,12.1,90957409.0
2539,2013-11-07,12.08,11.83,12.18,11.75,122925632.0
2540,2013-11-08,11.78,11.37,11.85,11.3,116929775.0
2541,2013-11-11,11.54,12.51,12.51,11.5,327758656.0
2542,2013-11-12,12.4,12.47,12.55,12.25,213692066.0
2543,2013-11-13,12.49,12.52,12.8,12.31,195062658.0
2544,2013-11-14,12.45,12.56,12.59,12.2,129350600.0
2545,2013-11-15,12.5,12.71,12.77,12.4,226113217.0
2546,2013-11-18,12.71,12.82,12.99,12.6,187290379.0
2547,2013-11-19,12.8,12.94,12.98,12.67,146066651.0
2548,2013-11-20,12.89,12.85,13.07,12.74,115429229.0
2549,2013-11-21,12.79,12.66,12.79,12.55,108277037.0
2550,2013-11-22,12.66,12.54,12.78,12.5,76335966.0
2551,2013-11-25,12.5,12.53,12.69,12.41,69747534.0
2552,2013-11-26,12.68,12.59,12.68,12.52,60642946.0
2553,2013-11-27,12.62,12.62,12.65,12.47,82996198.0
2554,2013-11-28,12.61,12.86,12.98,12.58,204015846.0
2555,2013-11-29,12.86,13.12,13.24,12.81,146003666.0
2556,2013-12-02,12.93,12.6,13.03,12.53,184749467.0
2557,2013-12-03,12.61,13.15,13.19,12.56,123043537.0
2558,2013-12-04,13.19,13.18,13.54,13.08,188358998.0
2559,2013-12-05,13.25,13.38,13.49,13.1,131996660.0
2560,2013-12-06,13.41,13.3,13.42,13.18,80118888.0
2561,2013-12-09,13.3,13.47,13.54,13.23,78440911.0
2562,2013-12-10,13.54,13.34,13.56,13.28,89210541.0
2563,2013-12-11,13.36,13.4,13.44,13.01,141720244.0
2564,2013-12-12,13.35,13.77,13.99,13.33,242460948.0
2565,2013-12-13,13.9,13.79,14.06,13.54,204130300.0
2566,2013-12-16,13.71,13.5,13.92,13.46,97432235.0
2567,2013-12-17,13.47,13.23,13.57,13.15,96992005.0
2568,2013-12-18,13.23,13.32,13.46,13.12,68774354.0
2569,2013-12-19,13.33,13.2,13.48,13.15,70389993.0
2570,2013-12-20,13.2,12.84,13.25,12.74,93947703.0
2571,2013-12-23,12.86,13.05,13.17,12.58,94888838.0
2572,2013-12-24,13.07,12.77,13.11,12.67,85301123.0
2573,2013-12-25,12.8,12.65,12.86,12.64,81833021.0
2574,2013-12-26,13.1,12.83,13.3,12.81,162210125.0
2575,2013-12-27,12.8,13.2,13.22,12.73,126367165.0
2576,2013-12-30,13.17,13.46,13.58,13.17,111763318.0
2577,2013-12-31,13.47,13.55,13.67,13.38,79149290.0
2578,2014-01-02,13.5,13.72,13.84,13.39,92055713.0
2579,2014-01-03,13.58,13.61,13.98,13.53,93443344.0
2580,2014-01-06,13.61,13.08,13.61,13.07,85125014.0
2581,2014-01-07,13.04,13.04,13.22,12.9,58411056.0
2582,2014-01-08,13.15,13.07,13.24,12.9,63060334.0
2583,2014-01-09,13.01,13.15,13.28,12.93,71177249.0
2584,2014-01-10,13.14,12.86,13.22,12.8,55609830.0
2585,2014-01-13,12.85,12.62,12.98,12.55,52509410.0
2586,2014-01-14,12.7,12.9,12.94,12.55,82428999.0
2587,2014-01-15,13.01,13.22,13.26,12.95,78156636.0
2588,2014-01-16,13.34,13.13,13.45,13.1,101952927.0
2589,2014-01-17,13.13,12.99,13.19,12.92,57695351.0
2590,2014-01-20,12.93,12.7,13.1,12.6,48698737.0
2591,2014-01-21,12.79,12.87,12.96,12.6,53512154.0
2592,2014-01-22,12.75,13.14,13.17,12.75,76847500.0
2593,2014-01-23,13.18,13.16,13.33,13.06,90205813.0
2594,2014-01-24,13.14,13.48,13.54,13.1,138748852.0
2595,2014-01-27,13.49,13.29,13.49,13.21,92540594.0
2596,2014-01-28,13.27,13.41,13.49,13.15,71111086.0
2597,2014-01-29,13.4,13.31,13.5,13.29,71199242.0
2598,2014-01-30,13.29,13.06,13.31,13.02,54539210.0
2599,2014-02-07,13.0,13.21,13.28,12.9,58116788.0
2600,2014-02-10,13.25,13.53,13.65,13.23,124582655.0
2601,2014-02-11,13.55,13.57,13.76,13.38,114684382.0
2602,2014-02-12,13.63,14.01,14.11,13.43,205419738.0
2603,2014-02-13,14.0,13.89,14.1,13.84,146489880.0
2604,2014-02-14,13.8,14.1,14.13,13.75,138507664.0
2605,2014-02-17,14.2,14.19,14.31,14.03,147357651.0
2606,2014-02-18,14.13,13.92,14.2,13.85,145360714.0
2607,2014-02-19,13.89,14.48,14.49,13.78,235101392.0
2608,2014-02-20,14.44,14.19,14.58,14.16,167656330.0
2609,2014-02-21,14.15,13.94,14.29,13.83,99100671.0
2610,2014-02-24,13.83,13.87,13.95,13.6,98868521.0
2611,2014-02-25,13.86,13.44,14.29,13.31,125037297.0
2612,2014-02-26,13.35,13.31,13.39,12.9,87385918.0
2613,2014-02-27,13.31,12.87,13.4,12.79,121330803.0
2614,2014-02-28,12.91,12.94,13.0,12.65,71999565.0
2615,2014-03-03,12.98,13.18,13.28,12.9,77242832.0
2616,2014-03-04,13.11,12.99,13.15,12.79,76976625.0
2617,2014-03-05,13.04,12.99,13.14,12.83,46990452.0
2618,2014-03-06,12.91,12.89,13.08,12.77,57968293.0
2619,2014-03-07,12.9,13.01,13.09,12.84,69148230.0
2620,2014-03-10,12.85,12.34,12.85,12.31,82511735.0
2621,2014-03-11,12.2,12.33,12.46,12.2,39848642.0
2622,2014-03-12,12.36,12.37,12.52,12.26,37129292.0
2623,2014-03-13,12.45,12.49,12.62,12.36,39412926.0
2624,2014-03-14,12.45,12.39,12.62,12.3,41404445.0
2625,2014-03-17,12.39,12.56,12.62,12.25,35372013.0
2626,2014-03-18,12.6,12.6,12.78,12.54,61925991.0
2627,2014-03-19,12.64,12.36,12.7,12.23,69928548.0
2628,2014-03-20,12.33,11.96,12.33,11.96,72444887.0
2629,2014-03-21,11.95,12.2,12.25,11.75,71334132.0
2630,2014-03-24,12.2,12.21,12.27,12.08,51743148.0
2631,2014-03-25,12.24,12.41,12.45,12.18,69069517.0
2632,2014-03-26,12.4,12.54,12.67,12.4,71623880.0
2633,2014-03-27,12.51,12.38,12.64,12.32,41071663.0
2634,2014-03-28,12.38,11.97,12.4,11.95,65025247.0
2635,2014-03-31,11.99,11.94,12.16,11.74,64688628.0
2636,2014-04-01,11.76,11.75,11.77,11.48,105471621.0
2637,2014-04-02,11.73,11.71,11.85,11.5,72232141.0
2638,2014-04-03,11.7,11.67,11.73,11.58,90349594.0
2639,2014-04-04,11.65,11.77,11.78,11.57,58681972.0
2640,2014-04-08,11.65,11.93,11.95,11.65,102701232.0
2641,2014-04-09,11.95,12.03,12.12,11.86,78904220.0
2642,2014-04-10,12.05,11.91,12.09,11.84,125432324.0
2643,2014-04-11,11.86,11.78,11.88,11.68,116329972.0
2644,2014-04-14,11.8,11.98,11.99,11.74,74701453.0
2645,2014-04-15,11.94,11.8,11.95,11.75,61256301.0
2646,2014-04-16,11.75,11.86,11.89,11.71,53722758.0
2647,2014-04-17,11.86,11.87,11.95,11.82,51291232.0
2648,2014-04-18,11.8,12.04,12.06,11.8,78567426.0
2649,2014-04-21,11.98,12.12,12.28,11.91,124143262.0
2650,2014-04-22,12.09,12.01,12.14,11.87,75442258.0
2651,2014-04-23,12.01,11.94,12.07,11.87,45703665.0
2652,2014-04-24,11.97,11.6,11.97,11.58,60291654.0
2653,2014-04-25,11.61,11.4,11.73,11.35,52857470.0
2654,2014-04-28,11.0,10.26,11.0,10.26,156711529.0
2655,2014-04-29,10.08,9.92,10.08,9.78,122458582.0
2656,2014-04-30,9.93,10.1,10.18,9.93,56573402.0
2657,2014-05-05,10.15,10.02,10.24,9.97,51881041.0
2658,2014-05-06,10.07,10.05,10.13,10.0,51543235.0
2659,2014-05-07,10.06,9.97,10.12,9.95,46409186.0
2660,2014-05-08,9.96,10.03,10.12,9.88,26477949.0
2661,2014-05-09,10.03,9.97,10.03,9.82,34934781.0
2662,2014-05-12,9.98,10.29,10.36,9.98,64131264.0
2663,2014-05-13,10.3,10.36,10.55,10.29,75984238.0
2664,2014-05-14,10.32,10.26,10.35,10.18,30279821.0
2665,2014-05-15,10.28,10.08,10.35,10.06,33928148.0
2666,2014-05-16,10.02,10.13,10.18,9.95,22832334.0
2667,2014-05-19,10.12,10.11,10.13,10.04,16028103.0
2668,2014-05-20,10.15,10.11,10.29,10.08,23155578.0
2669,2014-05-21,10.14,10.09,10.14,9.9,19221306.0
2670,2014-05-22,10.13,10.25,10.29,10.05,41816321.0
2671,2014-05-23,10.26,10.24,10.28,10.1,44599194.0
2672,2014-05-26,10.27,10.33,10.39,10.2,54300175.0
2673,2014-05-27,10.33,10.29,10.41,10.26,35113644.0
2674,2014-05-28,10.3,10.31,10.36,10.25,29931533.0
2675,2014-05-29,10.34,10.18,10.36,10.18,35613360.0
2676,2014-05-30,10.18,10.27,10.3,10.07,35794518.0
2677,2014-06-03,10.18,10.2,10.36,10.18,27671543.0
2678,2014-06-04,10.2,10.01,10.24,9.99,37345908.0
2679,2014-06-05,10.01,10.08,10.1,9.96,20145347.0
2680,2014-06-06,10.08,10.05,10.15,9.9,31059677.0
2681,2014-06-09,10.04,10.05,10.15,10.01,24150877.0
2682,2014-06-10,10.05,10.08,10.11,9.98,25620569.0
2683,2014-06-11,10.09,10.32,10.36,10.05,71395706.0
2684,2014-06-12,10.27,10.3,10.36,10.27,41248584.0
2685,2014-06-13,10.3,10.34,10.41,10.25,42145283.0
2686,2014-06-16,10.34,10.35,10.46,10.32,27932319.0
2687,2014-06-17,10.34,10.19,10.35,10.16,37505923.0
2688,2014-06-18,10.16,10.04,10.27,10.02,30908159.0
2689,2014-06-19,10.05,10.03,10.1,9.81,58936762.0
2690,2014-06-20,10.04,10.05,10.07,9.93,23723341.0
2691,2014-06-23,10.03,10.31,10.4,10.03,58942432.0
2692,2014-06-24,10.33,10.59,10.68,10.29,116008040.0
2693,2014-06-25,10.55,10.57,10.6,10.43,43985329.0
2694,2014-06-26,10.53,10.67,10.71,10.53,60183683.0
2695,2014-06-27,10.71,10.82,10.94,10.63,79115383.0
2696,2014-06-30,10.83,11.05,11.06,10.8,94443256.0
2697,2014-07-01,11.06,11.12,11.18,10.89,75583412.0
2698,2014-07-02,11.13,11.31,11.32,11.03,94076379.0
2699,2014-07-03,11.28,11.61,11.76,11.22,178261835.0
2700,2014-07-04,11.61,11.41,11.68,11.4,70965267.0
2701,2014-07-07,11.31,11.39,11.46,11.15,69398281.0
2702,2014-07-08,11.39,11.35,11.4,11.13,46654191.0
2703,2014-07-09,11.37,11.04,11.47,11.02,67376014.0
2704,2014-07-10,11.05,11.35,11.39,11.05,74969151.0
2705,2014-07-11,11.45,11.43,11.62,11.35,60278011.0
2706,2014-07-14,11.43,11.35,11.55,11.31,58412679.0
2707,2014-07-15,11.42,11.4,11.47,11.34,44294312.0
2708,2014-07-16,11.45,11.44,11.63,11.4,73326124.0
2709,2014-07-17,11.47,11.42,11.55,11.33,56880661.0
2710,2014-07-18,11.41,11.34,11.51,11.31,52525172.0
2711,2014-07-21,11.34,11.88,12.0,11.25,162172712.0
2712,2014-07-22,11.91,12.09,12.21,11.86,172429440.0
2713,2014-07-23,12.08,11.96,12.12,11.9,76047641.0
2714,2014-07-24,11.97,11.92,12.13,11.71,62918947.0
2715,2014-07-25,11.93,12.3,12.44,11.9,95255146.0
2716,2014-07-28,12.3,12.39,12.42,12.21,88213746.0
2717,2014-07-29,12.39,12.23,12.65,12.2,112049062.0
2718,2014-07-30,12.25,12.34,12.48,12.05,93121674.0
2719,2014-07-31,12.33,12.18,12.38,12.14,74314240.0
2720,2014-08-01,12.24,12.1,12.57,12.07,121950983.0
2721,2014-08-04,12.15,12.4,12.49,12.01,133834609.0
2722,2014-08-05,12.39,12.39,12.58,12.25,67729937.0
2723,2014-08-06,12.39,12.91,13.05,12.36,225614116.0
2724,2014-08-07,12.89,12.69,12.95,12.64,114571762.0
2725,2014-08-08,12.69,12.68,12.88,12.6,47676140.0
2726,2014-08-11,12.59,12.63,12.71,12.09,257239118.0
2727,2014-08-12,12.51,12.33,12.55,12.2,168674761.0
2728,2014-08-13,12.32,12.36,12.41,12.13,116158331.0
2729,2014-08-14,12.38,12.68,12.8,12.26,160598179.0
2730,2014-08-15,12.6,12.74,12.81,12.46,90994404.0
2731,2014-08-18,12.75,12.96,13.1,12.67,144641364.0
2732,2014-08-19,12.95,13.12,13.32,12.85,252937242.0
2733,2014-08-20,13.2,13.05,13.22,12.97,76425600.0
2734,2014-08-21,13.0,13.08,13.17,12.93,69493719.0
2735,2014-08-22,12.93,13.13,13.22,12.93,67109791.0
2736,2014-08-25,13.15,12.85,13.17,12.75,65203456.0
2737,2014-08-26,12.91,12.79,12.96,12.65,70561668.0
2738,2014-08-27,12.7,12.79,12.82,12.65,57805772.0
2739,2014-08-28,12.78,12.69,12.8,12.68,50203767.0
2740,2014-08-29,12.69,12.89,12.94,12.69,43140174.0
2741,2014-09-01,12.91,13.27,13.49,12.91,142085042.0
2742,2014-09-02,13.37,13.35,13.43,13.19,106302610.0
2743,2014-09-03,13.35,13.39,13.44,13.23,133676104.0
2744,2014-09-04,13.43,13.26,13.43,13.2,125683423.0
2745,2014-09-05,13.26,13.16,13.28,12.97,127933616.0
2746,2014-09-09,13.2,13.26,13.35,13.05,122231433.0
2747,2014-09-10,13.25,13.18,13.31,13.06,85884156.0
2748,2014-09-11,13.1,13.21,13.36,13.1,115517625.0
2749,2014-09-12,13.19,13.41,13.51,13.09,130411518.0
2750,2014-09-15,13.33,13.38,13.45,13.18,95502392.0
2751,2014-09-16,13.3,13.13,13.6,13.12,137245984.0
2752,2014-09-17,13.15,12.99,13.27,12.89,90987767.0
2753,2014-09-18,13.03,12.87,13.19,12.81,81203322.0
2754,2014-09-19,12.77,12.76,12.95,12.57,118874992.0
2755,2014-09-22,12.77,12.68,12.91,12.58,88268350.0
2756,2014-09-23,12.78,12.92,12.95,12.67,57019351.0
2757,2014-09-24,12.85,13.01,13.05,12.73,96522576.0
2758,2014-09-25,13.06,13.12,13.35,12.99,126475343.0
2759,2014-09-26,13.21,12.91,13.25,12.8,101239826.0
2760,2014-09-29,12.9,12.99,13.07,12.73,114645613.0
2761,2014-09-30,13.03,12.97,13.05,12.87,87858349.0
2762,2014-10-08,13.0,13.48,13.6,12.95,182446608.0
2763,2014-10-09,13.43,13.67,13.86,13.4,322228912.0
2764,2014-10-10,13.65,13.68,13.86,13.48,131246613.0
2765,2014-10-13,13.6,13.63,13.78,13.34,96292078.0
2766,2014-10-14,13.63,13.92,14.09,13.56,205695345.0
2767,2014-10-15,13.92,14.02,14.15,13.72,171747148.0
2768,2014-10-16,13.84,13.42,14.04,13.4,299124656.0
2769,2014-10-17,13.33,12.94,13.46,12.85,163009499.0
2770,2014-10-20,12.98,13.69,13.7,12.98,173566430.0
2771,2014-10-21,13.7,13.57,13.78,13.39,105505043.0
2772,2014-10-22,13.61,13.7,14.0,13.44,205462612.0
2773,2014-10-23,13.65,13.54,13.67,13.16,111907161.0
2774,2014-10-24,13.49,13.77,13.9,13.36,114858903.0
2775,2014-10-27,13.82,14.09,14.15,13.82,228730159.0
2776,2014-10-28,14.15,14.25,14.33,14.0,189353124.0
2777,2014-10-29,14.28,14.08,14.29,13.96,177698501.0
2778,2014-10-30,14.08,14.11,14.39,14.05,137448546.0
2779,2014-10-31,14.39,14.26,14.4,13.97,159688748.0
2780,2014-11-03,14.26,14.59,14.6,14.18,173663322.0
2781,2014-11-04,14.95,14.79,15.27,14.62,409411936.0
2782,2014-11-05,14.62,14.82,14.99,14.4,131644164.0
2783,2014-11-06,14.72,15.07,15.12,14.44,170918290.0
2784,2014-11-07,15.1,15.07,15.29,14.95,187620600.0
2785,2014-11-10,15.3,15.71,15.98,15.25,353977664.0
2786,2014-11-11,15.8,15.19,15.8,14.82,176269386.0
2787,2014-11-12,15.05,15.2,15.37,14.8,80863440.0
2788,2014-11-13,15.2,14.9,15.34,14.6,126241424.0
2789,2014-11-14,14.8,14.93,15.05,14.74,69174893.0
2790,2014-11-17,15.0,15.36,15.51,14.78,95354034.0
2791,2014-11-18,15.37,15.14,15.73,15.1,113959247.0
2792,2014-11-19,15.1,15.31,15.41,14.87,105900090.0
2793,2014-11-20,15.22,15.17,15.39,14.95,56324223.0
2794,2014-11-21,15.18,15.04,15.25,14.96,77423641.0
2795,2014-11-24,15.18,14.78,15.18,14.68,194285684.0
2796,2014-11-25,14.72,14.56,14.83,14.45,205395418.0
2797,2014-11-26,14.56,14.92,14.96,14.3,211598629.0
2798,2014-11-27,14.88,14.75,14.99,14.68,111319650.0
2799,2014-11-28,14.7,14.57,14.83,14.43,127598902.0
2800,2014-12-01,14.6,14.46,14.68,14.33,106421195.0
2801,2014-12-02,14.6,14.47,14.61,14.36,123231765.0
2802,2014-12-03,14.51,14.63,14.78,14.3,176067495.0
2803,2014-12-04,14.67,15.07,15.18,14.67,251666931.0
2804,2014-12-05,15.05,16.08,16.58,14.95,597838976.0
2805,2014-12-08,16.0,16.12,16.5,15.7,335076224.0
2806,2014-12-09,16.01,15.36,16.01,15.32,276942448.0
2807,2014-12-10,15.2,15.69,15.82,15.05,193155139.0
2808,2014-12-11,15.55,15.63,15.95,15.43,126859327.0
2809,2014-12-12,15.51,15.8,16.02,15.49,172720602.0
2810,2014-12-15,15.6,16.08,16.3,15.6,196566310.0
2811,2014-12-16,16.1,16.0,16.27,15.83,116202332.0
2812,2014-12-17,15.9,15.69,16.03,15.38,142160010.0
2813,2014-12-18,15.66,15.24,15.74,15.2,128465812.0
2814,2014-12-19,14.95,14.97,15.29,14.68,110213976.0
2815,2014-12-22,14.9,13.94,15.0,13.84,156681262.0
2816,2014-12-23,13.99,13.97,14.38,13.72,130466555.0
2817,2014-12-24,14.08,14.21,14.31,14.01,69556296.0
2818,2014-12-25,14.26,14.28,14.54,14.1,75476991.0
2819,2014-12-26,14.29,14.29,14.52,14.1,64786559.0
2820,2014-12-29,14.28,14.43,14.46,14.21,109273134.0
2821,2014-12-30,14.45,14.68,14.98,14.32,139140063.0
2822,2014-12-31,14.8,14.54,14.8,14.42,77157627.0
2823,2015-01-05,14.5,14.38,14.6,14.0,118928383.0
2824,2015-01-06,14.2,15.09,15.26,14.2,179655550.0
2825,2015-01-07,15.14,14.98,15.19,14.79,72420123.0
2826,2015-01-08,14.86,14.73,15.1,14.7,52599207.0
2827,2015-01-09,14.61,14.73,15.0,14.61,69578021.0
2828,2015-01-12,14.81,14.31,14.81,14.15,70203295.0
2829,2015-01-13,14.46,14.39,14.49,14.24,57379223.0
2830,2015-01-14,14.44,14.35,14.5,14.3,40114005.0
2831,2015-01-15,14.37,14.15,14.52,14.0,94370291.0
2832,2015-01-16,14.2,14.39,14.42,14.15,84782549.0
2833,2015-01-19,14.2,14.14,14.65,14.01,118795868.0
2834,2015-01-20,14.14,14.43,14.47,14.14,110538949.0
2835,2015-01-21,14.46,14.74,14.82,14.36,133085693.0
2836,2015-01-22,14.74,14.87,14.92,14.63,116093648.0
2837,2015-01-23,14.88,14.58,14.9,14.4,133264652.0
2838,2015-01-26,14.49,14.65,14.72,14.2,221385398.0
2839,2015-01-27,14.58,14.39,14.6,14.21,176884238.0
2840,2015-01-28,14.31,14.51,14.62,14.25,128054962.0
2841,2015-01-29,14.4,14.45,14.48,14.32,49061042.0
2842,2015-01-30,14.48,14.43,14.62,14.36,75370779.0
2843,2015-02-02,14.3,14.91,14.98,14.3,203642247.0
2844,2015-02-03,14.91,14.88,15.0,14.69,83509959.0
2845,2015-02-04,14.85,14.62,14.92,14.44,113267421.0
2846,2015-02-05,14.63,14.71,14.76,14.33,111868779.0
2847,2015-02-06,14.6,14.58,14.6,14.4,66172671.0
2848,2015-02-10,14.22,14.21,14.3,13.73,160426296.0
2849,2015-02-11,14.2,14.22,14.28,13.9,149309158.0
2850,2015-02-12,14.18,14.23,14.33,13.98,88441224.0
2851,2015-02-13,14.25,14.25,14.4,14.16,87779198.0
2852,2015-02-16,14.25,14.22,14.35,14.08,132215206.0
2853,2015-02-17,14.23,14.21,14.28,14.1,113990302.0
2854,2015-02-25,14.21,14.34,14.39,14.21,126416271.0
2855,2015-02-26,14.29,14.41,14.43,14.29,100218539.0
2856,2015-02-27,14.39,14.34,14.48,14.29,111732570.0
2857,2015-03-02,14.36,14.28,14.41,14.14,220186891.0
2858,2015-03-03,14.23,14.57,14.58,14.17,238436232.0
2859,2015-03-04,14.67,15.85,16.03,14.67,671980608.0
2860,2015-03-05,15.76,15.63,15.93,15.5,349789136.0
2861,2015-03-06,15.64,15.24,15.76,15.22,169474458.0
2862,2015-03-09,15.22,15.31,15.46,14.97,152675980.0
2863,2015-03-10,15.31,15.28,15.38,15.15,161997593.0
2864,2015-03-11,15.3,15.06,15.35,15.0,158557991.0
2865,2015-03-12,15.06,15.06,15.27,15.05,127043390.0
2866,2015-03-13,15.05,15.16,15.26,15.05,119102736.0
2867,2015-03-16,15.21,15.47,15.55,15.21,199253815.0
2868,2015-03-17,15.58,15.46,15.58,15.33,191105035.0
2869,2015-03-18,15.5,15.66,15.78,15.37,285402576.0
2870,2015-03-19,15.7,15.9,15.98,15.59,318329984.0
2871,2015-03-20,16.01,16.28,17.07,16.0,566252704.0
2872,2015-03-23,16.56,17.48,17.59,16.5,608173984.0
2873,2015-03-24,17.6,17.67,17.99,16.91,466280576.0
2874,2015-03-25,17.83,17.62,17.83,17.32,224580970.0
2875,2015-03-26,17.56,17.37,17.66,17.22,170072641.0
2876,2015-03-27,17.38,17.43,17.58,17.17,131573813.0
2877,2015-03-30,17.55,17.39,17.85,17.23,255197337.0
2878,2015-03-31,17.4,17.52,17.75,17.22,207026130.0
2879,2015-04-01,17.55,19.04,19.26,17.55,414505184.0
2880,2015-04-02,19.17,19.35,19.5,18.9,265709100.0
2881,2015-04-03,19.21,20.02,20.2,19.1,388407920.0
2882,2015-04-07,20.3,20.13,21.6,19.88,559060560.0
2883,2015-04-08,20.25,20.21,21.08,19.8,400277312.0
2884,2015-04-09,20.31,20.9,21.0,19.51,421548192.0
2885,2015-04-10,20.78,22.4,22.5,20.52,458894128.0
2886,2015-04-13,22.39,22.33,22.88,21.8,342650448.0
2887,2015-04-14,22.33,21.78,23.2,21.69,368320416.0
2888,2015-04-15,21.59,20.25,21.59,20.0,406023392.0
2889,2015-04-16,20.0,21.4,21.47,19.5,356117520.0
2890,2015-04-17,21.5,20.98,22.18,20.93,330265680.0
2891,2015-04-20,20.98,20.53,20.98,20.05,388541328.0
2892,2015-04-21,20.45,21.63,21.9,20.3,300839600.0
2893,2015-04-22,21.9,22.92,23.2,21.9,342705376.0
2894,2015-04-23,22.98,22.26,22.98,22.11,311954768.0
2895,2015-04-24,21.8,21.86,22.48,21.27,278087504.0
2896,2015-04-27,21.95,21.65,22.21,21.3,251054267.0
2897,2015-04-28,21.8,21.65,22.15,21.31,245783868.0
2898,2015-04-29,21.65,23.27,23.32,21.46,369311536.0
2899,2015-04-30,23.3,22.49,23.46,22.46,281070512.0
2900,2015-05-04,22.55,23.88,23.98,22.36,359597456.0
2901,2015-05-05,23.93,23.51,24.4,23.3,275094336.0
2902,2015-05-06,23.51,22.4,23.99,21.92,287608272.0
2903,2015-05-07,22.4,21.48,22.4,21.01,200453686.0
2904,2015-05-08,21.98,21.79,22.19,21.33,193217703.0
2905,2015-05-11,22.0,22.61,22.69,21.12,329355392.0
2906,2015-05-12,22.68,23.04,23.5,22.45,392330960.0
2907,2015-05-13,23.0,22.65,23.09,22.45,253299523.0
2908,2015-05-14,22.6,22.38,22.7,22.0,208976923.0
2909,2015-05-15,22.44,21.94,22.44,21.6,175045112.0
2910,2015-05-18,21.9,21.94,22.18,21.5,217563248.0
2911,2015-05-19,22.02,23.04,23.31,21.98,303309808.0
2912,2015-05-20,23.78,23.2,23.8,23.04,419734016.0
2913,2015-05-21,23.2,25.52,25.52,23.2,436522704.0
2914,2015-06-09,27.91,27.91,27.91,27.91,19436580.0
2915,2015-06-10,29.92,29.14,30.69,28.0,1514083216.0
2916,2015-06-11,29.18,32.05,32.05,28.9,1287310528.0
2917,2015-06-12,32.7,32.57,33.99,31.32,1121457312.0
2918,2015-06-15,32.68,30.49,33.49,30.02,836648000.0
2919,2015-06-16,30.01,28.54,30.01,28.06,626397680.0
2920,2015-06-17,28.99,30.0,30.19,27.9,544760624.0
2921,2015-06-18,30.0,30.01,31.9,29.51,646819152.0
2922,2015-06-19,29.0,27.36,30.38,27.26,460798848.0
2923,2015-06-23,27.5,29.01,29.2,24.91,607228928.0
2924,2015-06-24,28.88,29.27,30.2,28.4,430053824.0
2925,2015-06-25,29.35,27.6,29.35,27.48,350617392.0
2926,2015-06-26,26.9,26.61,28.55,24.88,761811664.0
2927,2015-06-29,27.8,28.41,28.7,24.54,890912704.0
2928,2015-06-30,28.41,31.25,31.25,26.0,1060269280.0
2929,2015-07-01,32.0,30.37,33.3,30.21,1018769856.0
2930,2015-07-02,28.22,28.14,32.01,27.33,874153392.0
2931,2015-07-03,27.34,26.85,30.2,25.33,881608768.0
2932,2015-07-06,29.24,24.17,29.24,24.17,900212192.0
2933,2015-07-07,21.98,21.75,22.48,21.75,437313056.0
2934,2015-07-09,19.58,23.93,23.93,19.58,1319263904.0
2935,2015-07-10,26.0,26.32,26.32,25.0,793908336.0
2936,2015-07-13,27.0,28.77,28.83,26.15,763082656.0
2937,2015-07-14,27.76,26.74,28.78,26.13,730646272.0
2938,2015-07-15,25.89,24.07,26.49,24.07,357874880.0
2939,2015-07-16,24.07,25.18,25.77,22.42,490673664.0
2940,2015-07-17,25.39,26.73,27.42,25.18,330366960.0
2941,2015-07-20,26.95,26.5,27.49,25.8,314071696.0
2942,2015-07-21,26.91,28.57,28.65,26.58,719880304.0
2943,2015-07-22,28.28,28.21,29.58,28.0,576576592.0
2944,2015-07-23,28.2,28.55,28.86,28.2,313554064.0
2945,2015-07-24,28.58,27.34,28.58,27.08,343351088.0
2946,2015-07-27,26.73,24.61,27.46,24.61,461166672.0
2947,2015-07-28,24.11,25.53,26.1,23.35,603792640.0
2948,2015-07-29,25.35,26.74,26.8,24.0,365952320.0
2949,2015-07-30,26.0,25.02,26.99,25.0,248897203.0
2950,2015-07-31,25.0,24.7,25.41,24.4,431537424.0
2951,2015-08-03,24.51,26.49,26.5,24.14,388594160.0
2952,2015-08-04,26.37,27.12,27.47,26.37,308335792.0
2953,2015-08-05,27.12,26.21,27.91,26.0,181203281.0
2954,2015-08-06,25.99,27.7,27.9,25.5,329643600.0
2955,2015-08-07,27.89,28.09,28.48,27.45,394048784.0
2956,2015-08-10,27.98,28.99,29.1,27.81,363421200.0
2957,2015-08-11,28.7,28.42,29.33,28.1,311698752.0
2958,2015-08-12,28.25,27.65,29.0,27.33,288332288.0
2959,2015-08-13,27.35,27.71,27.86,26.68,267095998.0
2960,2015-08-14,27.69,27.39,27.76,26.82,252084997.0
2961,2015-08-17,27.25,28.29,28.35,26.92,238880468.0
2962,2015-08-18,28.35,25.6,28.48,25.51,352776192.0
2963,2015-08-19,24.97,27.01,27.66,24.92,322851776.0
2964,2015-08-20,26.5,27.05,27.98,26.01,285656336.0
2965,2015-08-21,26.63,25.68,27.79,25.35,418128752.0
2966,2015-08-24,24.05,23.11,25.0,23.11,436097648.0
2967,2015-08-25,22.18,21.68,23.98,21.3,417037264.0
2968,2015-08-26,22.2,22.32,23.49,21.51,266479493.0
2969,2015-08-27,22.89,23.5,23.66,22.5,180151266.0
2970,2015-08-28,23.98,24.41,24.5,23.43,201037862.0
2971,2015-08-31,23.81,23.06,23.88,22.81,153471908.0
2972,2015-09-01,22.62,21.99,23.15,21.15,256616716.0
2973,2015-09-02,21.1,22.45,22.58,20.89,269167856.0
2974,2015-09-07,22.48,22.81,23.4,22.4,152794946.0
2975,2015-09-08,22.4,23.55,23.89,22.05,129550208.0
2976,2015-09-09,23.54,23.66,24.1,23.31,279443888.0
2977,2015-09-10,23.34,23.05,23.95,23.0,98119205.0
2978,2015-09-11,22.82,22.81,23.55,22.52,81181650.0
2979,2015-09-14,22.84,22.16,23.35,21.68,214372470.0
2980,2015-09-15,21.9,21.6,22.45,21.1,78978867.0
2981,2015-09-16,21.79,22.79,23.58,21.6,149717436.0
2982,2015-09-17,22.6,22.09,23.06,22.04,120289325.0
2983,2015-09-18,22.2,22.11,22.7,21.85,82062430.0
2984,2015-09-21,21.9,22.9,23.16,21.8,102517740.0
2985,2015-09-22,23.12,23.34,23.7,23.0,98457632.0
2986,2015-09-23,22.99,22.73,23.2,22.64,55683468.0
2987,2015-09-24,23.04,23.01,23.28,22.8,59145474.0
2988,2015-09-25,22.95,22.77,23.38,22.65,90560395.0
2989,2015-09-28,22.78,23.07,23.28,22.4,78331966.0
2990,2015-09-29,22.81,22.12,22.92,22.08,57596892.0
2991,2015-09-30,22.21,22.1,22.58,21.98,50908992.0
2992,2015-10-08,22.7,23.46,23.97,22.7,170812618.0
2993,2015-10-09,23.4,23.46,23.88,23.2,75710612.0
2994,2015-10-12,23.49,24.22,24.58,23.49,162176156.0
2995,2015-10-13,24.51,24.3,24.56,23.98,152195702.0
2996,2015-10-14,24.39,24.49,25.0,24.01,173811030.0
2997,2015-10-15,24.28,24.67,24.78,24.05,198017103.0
2998,2015-10-16,24.5,24.58,25.15,24.3,163129608.0
2999,2015-10-19,24.5,24.41,24.58,23.88,213266217.0
3000,2015-10-20,24.36,24.76,25.0,24.23,167521876.0
3001,2015-10-21,24.84,23.96,25.44,23.81,215129462.0
3002,2015-10-22,23.8,24.53,24.58,23.8,136704751.0
3003,2015-10-23,24.99,25.38,25.59,24.81,220573154.0
3004,2015-10-26,25.99,25.86,26.15,25.12,221691279.0
3005,2015-10-27,25.5,25.7,26.0,24.9,165902606.0
3006,2015-10-28,25.5,25.22,26.2,25.03,136940144.0
3007,2015-10-29,25.38,26.01,26.05,25.0,152047365.0
3008,2015-10-30,25.74,25.79,26.28,25.7,131705341.0
3009,2015-11-02,25.25,25.45,26.37,25.2,150329002.0
3010,2015-11-03,25.7,25.36,25.8,25.25,87026848.0
3011,2015-11-04,25.35,26.09,26.19,25.2,273101408.0
3012,2015-11-05,26.09,25.86,26.26,25.52,183086416.0
3013,2015-11-06,25.86,25.79,25.87,25.38,262106978.0
3014,2015-11-09,25.6,26.33,27.14,25.48,349524128.0
3015,2015-11-10,25.99,25.72,26.0,25.5,309467984.0
3016,2015-11-11,25.7,24.66,25.7,23.7,1233270272.0
3017,2015-11-12,24.0,24.23,24.54,23.7,639367040.0
3018,2015-11-13,23.7,23.83,23.95,23.06,496065936.0
3019,2015-11-16,23.41,24.03,24.1,23.4,278573920.0
3020,2015-11-17,24.19,23.71,24.27,23.63,269976000.0
3021,2015-11-18,23.72,23.0,23.75,22.9,326411664.0
3022,2015-11-19,23.45,23.92,23.97,23.4,365529696.0
3023,2015-11-20,23.96,24.03,24.2,23.72,184763376.0
3024,2015-11-23,24.04,23.57,24.18,23.4,226332125.0
3025,2015-11-24,23.49,23.75,23.8,23.16,141894276.0
3026,2015-11-25,23.62,23.78,23.85,23.54,138550394.0
3027,2015-11-26,23.82,23.77,23.95,23.61,115741714.0
3028,2015-11-27,23.66,22.72,23.66,22.6,181613912.0
3029,2015-11-30,22.6,22.96,23.35,21.9,261444425.0
3030,2015-12-01,22.82,23.17,23.58,22.81,161287562.0
3031,2015-12-02,23.1,23.47,23.68,22.85,160187325.0
3032,2015-12-03,23.47,23.54,23.59,23.25,95040141.0
3033,2015-12-04,23.54,23.76,24.09,23.4,148967426.0
3034,2015-12-07,23.7,24.16,24.22,23.47,167241886.0
3035,2015-12-08,24.21,24.38,25.18,24.07,333540336.0
3036,2015-12-09,24.2,24.48,24.68,23.7,143355892.0
3037,2015-12-10,24.5,24.02,24.58,23.92,81657771.0
3038,2015-12-11,23.8,23.58,23.97,23.3,109258235.0
3039,2015-12-14,23.49,23.64,23.65,23.11,87492158.0
3040,2015-12-15,23.68,23.69,23.87,23.57,61627289.0
3041,2015-12-16,23.8,23.29,23.84,23.2,128840245.0
3042,2015-12-17,23.44,23.7,23.76,23.25,133301216.0
3043,2015-12-18,23.68,23.59,23.85,23.5,110655030.0
3044,2015-12-21,23.56,24.14,24.3,23.38,295663344.0
3045,2015-12-22,24.39,24.24,24.5,23.95,162489435.0
3046,2015-12-23,24.03,24.12,24.44,24.0,130651580.0
3047,2015-12-24,24.1,24.12,24.35,23.79,90269882.0
3048,2015-12-25,24.18,24.4,24.66,24.18,134185864.0
3049,2015-12-28,24.67,24.44,25.18,24.3,222066808.0
3050,2015-12-29,24.5,24.87,24.93,24.32,158597551.0
3051,2015-12-30,24.86,25.29,25.4,24.6,176219462.0
3052,2015-12-31,25.3,25.39,25.97,25.3,269498752.0
3053,2016-01-04,25.5,23.98,25.5,23.68,139140743.0
3054,2016-01-05,24.0,24.46,24.78,23.6,168781218.0
3055,2016-01-06,24.4,24.59,24.68,23.88,135498257.0
3056,2016-01-07,24.3,22.6,24.3,22.13,33127328.0
3057,2016-01-08,23.5,23.41,23.8,22.6,137555698.0
3058,2016-01-11,23.18,21.71,23.31,21.5,123876892.0
3059,2016-01-12,22.2,22.33,22.67,21.5,111835798.0
3060,2016-01-13,22.39,21.5,22.8,21.0,108442211.0
3061,2016-01-14,21.0,22.0,22.28,20.9,84914417.0
3062,2016-01-15,21.98,21.72,22.1,21.48,86086839.0
3063,2016-01-18,21.47,21.78,22.28,21.01,90203688.0
3064,2016-01-19,21.51,22.36,22.57,21.51,101501740.0
3065,2016-01-20,22.22,21.9,22.45,21.78,82947897.0
3066,2016-01-21,21.9,21.94,22.44,21.78,135911821.0
3067,2016-01-22,21.92,22.78,23.78,21.92,138768326.0
3068,2016-01-25,22.99,23.37,23.48,22.66,86643238.0
3069,2016-01-26,23.18,22.14,23.43,21.9,95746068.0
3070,2016-01-27,22.11,21.95,22.4,21.22,89975505.0
3071,2016-01-28,22.2,22.76,23.1,22.02,154956609.0
3072,2016-01-29,22.74,22.88,23.1,22.22,109427256.0
3073,2016-02-01,22.58,22.85,23.35,22.57,99282870.0
3074,2016-02-02,22.83,23.52,23.7,22.8,84585627.0
3075,2016-02-03,23.3,24.8,25.15,23.2,194452286.0
3076,2016-02-04,24.5,24.81,25.36,24.5,111201542.0
3077,2016-02-05,24.8,25.22,25.5,24.53,116830422.0
3078,2016-02-15,25.05,25.13,25.8,24.5,105193724.0
3079,2016-02-16,24.99,25.19,25.48,24.98,192602963.0
3080,2016-02-17,25.02,24.98,25.73,24.6,112563211.0
3081,2016-02-18,25.09,25.18,25.44,24.99,124527892.0
3082,2016-02-19,25.4,25.19,25.5,24.88,107525899.0
3083,2016-02-22,25.4,24.89,25.5,24.68,185640141.0
3084,2016-02-23,24.89,25.47,25.5,24.62,145217904.0
3085,2016-02-24,25.4,27.04,27.17,25.25,349306176.0
3086,2016-02-25,26.7,25.56,27.5,25.5,286979392.0
3087,2016-02-26,25.87,25.83,26.0,24.2,240042786.0
3088,2016-02-29,25.38,24.48,25.58,24.0,118740457.0
3089,2016-03-01,24.3,25.2,25.64,24.05,103925554.0
3090,2016-03-02,25.01,25.97,26.0,24.62,232136641.0
3091,2016-03-03,25.8,25.32,25.97,25.22,159853834.0
3092,2016-03-04,25.32,24.53,25.6,24.21,202334312.0
3093,2016-03-07,24.4,24.76,25.32,24.4,123362967.0
3094,2016-03-08,24.74,25.67,25.7,24.05,123240771.0
3095,2016-03-09,25.4,26.19,26.34,25.01,162866641.0
3096,2016-03-10,26.15,26.38,27.11,26.01,303932928.0
3097,2016-03-11,26.05,26.01,26.4,25.46,115919540.0
3098,2016-03-14,26.01,25.83,26.48,25.7,506031088.0
3099,2016-03-15,25.62,26.43,26.46,25.09,216563386.0
3100,2016-03-16,26.35,26.41,26.55,25.88,164027958.0
3101,2016-03-17,26.51,26.63,27.17,26.2,308968896.0
3102,2016-03-18,26.71,26.13,27.24,25.88,538903888.0
3103,2016-03-21,26.2,26.29,26.42,25.8,351756768.0
3104,2016-03-22,26.22,25.58,26.22,25.28,400462912.0
3105,2016-03-23,25.51,25.41,25.73,25.16,227509215.0
3106,2016-03-24,25.42,26.56,26.62,25.1,399920096.0
3107,2016-03-25,26.39,25.96,26.79,25.81,254322204.0
3108,2016-03-28,26.07,25.59,26.5,25.48,217545777.0
3109,2016-03-29,25.41,25.84,26.18,25.41,169700669.0
3110,2016-03-30,25.87,26.34,26.38,25.51,203508940.0
3111,2016-03-31,26.28,26.06,26.57,25.95,165969524.0
3112,2016-04-01,26.13,26.16,26.24,25.38,159399602.0
3113,2016-04-05,25.94,26.86,27.16,25.94,200446158.0
3114,2016-04-06,26.55,26.86,27.07,26.5,117681688.0
3115,2016-04-07,27.0,26.83,27.45,26.7,194932909.0
3116,2016-04-08,26.58,27.45,27.48,26.4,183334405.0
3117,2016-04-11,27.53,27.67,28.36,27.45,276655616.0
3118,2016-04-12,27.5,27.65,28.33,27.3,160503449.0
3119,2016-04-13,27.78,27.1,28.2,26.96,259790600.0
3120,2016-04-14,27.3,27.56,27.69,26.78,154341743.0
3121,2016-04-15,27.55,28.24,28.28,27.11,194549514.0
3122,2016-04-18,27.88,28.24,28.55,27.86,132795151.0
3123,2016-04-19,28.24,28.16,28.38,27.68,137429660.0
3124,2016-04-20,28.2,26.93,28.2,26.6,263559315.0
3125,2016-04-21,26.87,27.1,27.73,26.66,124364154.0
3126,2016-04-22,27.0,27.47,27.6,26.98,81266094.0
3127,2016-04-25,27.25,27.67,27.87,27.2,99149108.0
3128,2016-04-26,27.6,27.55,27.85,27.21,60765376.0
3129,2016-04-27,27.5,27.48,27.78,27.36,73375484.0
3130,2016-04-28,27.46,27.2,27.6,26.42,147142418.0
3131,2016-04-29,26.98,26.9,27.18,26.8,68580585.0
3132,2016-05-03,26.83,27.8,27.96,26.83,147318686.0
3133,2016-05-04,27.8,27.38,27.8,27.33,103081915.0
3134,2016-05-05,27.28,27.12,27.53,26.8,122237162.0
3135,2016-05-06,27.1,26.28,27.29,25.81,363118112.0
3136,2016-05-09,26.05,26.3,26.68,25.75,124161114.0
3137,2016-05-10,26.2,26.72,26.93,26.03,122165126.0
3138,2016-05-11,26.9,28.52,29.39,26.75,546333504.0
3139,2016-05-12,28.28,28.9,29.39,28.0,318977152.0
3140,2016-05-13,28.9,29.07,29.43,28.52,190783174.0
3141,2016-05-16,29.07,29.01,29.66,28.54,111705266.0
3142,2016-05-17,29.25,29.05,29.35,28.73,101353436.0
3143,2016-05-18,28.8,28.96,29.2,28.5,94437176.0
3144,2016-05-19,28.95,29.7,30.58,28.9,245701309.0
3145,2016-05-20,29.6,30.67,30.69,29.6,245254735.0
3146,2016-05-23,30.91,31.1,31.33,30.3,167157274.0
3147,2016-05-24,31.06,30.75,31.1,30.18,129748137.0
3148,2016-05-25,30.7,29.78,31.0,29.55,177173209.0
3149,2016-05-26,29.89,29.66,29.89,28.88,183789781.0
3150,2016-05-27,29.9,29.47,30.12,29.0,179198240.0
3151,2016-05-30,29.1,31.07,31.69,28.9,210572876.0
3152,2016-05-31,31.06,31.62,31.66,30.76,240303980.0
3153,2016-06-01,31.62,31.83,32.45,31.33,210956904.0
3154,2016-06-02,31.79,32.21,32.37,31.4,105219525.0
3155,2016-06-03,32.2,31.89,32.26,31.8,99832789.0
3156,2016-06-06,24.38,24.65,25.3,24.35,171278959.0
3157,2016-06-07,24.58,23.96,24.58,23.79,161646271.0
3158,2016-06-08,23.99,23.45,24.08,23.4,184233786.0
3159,2016-06-13,23.55,23.16,23.95,23.1,120981715.0
3160,2016-06-14,22.94,23.65,23.81,22.93,137482242.0
3161,2016-06-15,23.47,24.55,24.67,23.31,171643081.0
3162,2016-06-16,24.37,24.14,24.65,24.12,108909554.0
3163,2016-06-17,24.15,24.47,25.03,24.15,145294993.0
3164,2016-06-20,24.4,24.07,24.6,23.73,129524087.0
3165,2016-06-21,24.2,23.42,24.24,23.19,180324211.0
3166,2016-06-22,23.22,23.81,23.95,23.21,83099010.0
3167,2016-06-23,23.88,23.82,24.43,23.75,136654845.0
3168,2016-06-24,23.98,23.97,24.35,23.21,124476872.0
3169,2016-06-27,23.83,24.5,24.55,23.75,172368051.0
3170,2016-06-28,24.08,24.33,24.91,24.0,182945346.0
3171,2016-06-29,24.29,24.49,24.65,24.2,153650826.0
3172,2016-06-30,24.48,24.32,24.6,24.2,87802666.0
3173,2016-07-01,24.32,24.11,24.58,23.94,85110172.0
3174,2016-07-04,23.98,24.14,24.29,23.87,135138858.0
3175,2016-07-05,24.1,24.24,24.5,23.92,211696492.0
3176,2016-07-06,24.35,24.72,24.74,24.22,175456562.0
3177,2016-07-07,24.7,25.42,25.93,24.5,272597584.0
3178,2016-07-08,25.67,25.33,25.99,25.2,157761300.0
3179,2016-07-11,25.49,25.19,25.5,24.95,154874694.0
3180,2016-07-12,25.16,25.52,25.68,25.05,241959256.0
3181,2016-07-13,25.6,25.13,25.6,24.98,231766906.0
3182,2016-07-14,25.1,25.17,25.3,24.97,127221157.0
3183,2016-07-15,25.25,24.96,25.27,24.71,166799479.0
3184,2016-07-18,24.9,24.74,25.27,24.63,146656319.0
3185,2016-07-19,24.7,24.82,24.89,24.3,163391657.0
3186,2016-07-20,24.82,24.75,25.01,24.45,91378386.0
3187,2016-07-21,24.65,24.59,24.96,24.57,101395886.0
3188,2016-07-22,24.56,23.86,24.66,23.84,282358288.0
3189,2016-07-25,23.92,24.06,24.22,23.8,130218614.0
3190,2016-07-26,24.15,24.83,24.85,24.05,157096185.0
3191,2016-07-27,24.8,24.29,24.99,24.01,174458083.0
3192,2016-07-28,24.11,24.55,24.76,24.11,128390437.0
3193,2016-07-29,24.45,24.79,25.24,24.45,138692405.0
3194,2016-08-01,24.58,23.77,24.59,23.58,275786928.0
3195,2016-08-02,23.77,24.02,24.09,23.77,115719197.0
3196,2016-08-03,23.97,23.83,24.08,23.74,86966982.0
3197,2016-08-04,23.85,23.5,23.9,23.33,202891716.0
3198,2016-08-05,23.34,23.74,24.0,23.2,246502654.0
3199,2016-08-08,23.71,23.78,23.94,23.65,126737271.0
3200,2016-08-09,23.85,23.98,24.05,23.79,135544734.0
3201,2016-08-10,24.0,24.46,24.57,23.97,165831572.0
3202,2016-08-11,24.45,24.46,24.73,24.31,140453237.0
3203,2016-08-12,24.32,24.39,24.7,24.24,90681321.0
3204,2016-08-15,24.35,24.92,25.1,24.26,159918310.0
3205,2016-08-16,24.92,24.95,25.27,24.83,124234414.0
3206,2016-08-17,25.0,24.99,25.0,24.75,95415247.0
3207,2016-08-18,24.99,24.64,25.06,24.45,126857887.0
3208,2016-08-19,24.6,24.61,24.84,24.47,51635720.0
3209,2016-08-22,24.82,24.68,25.05,24.65,66099960.0
3210,2016-08-23,24.68,24.65,24.79,24.34,57440289.0
3211,2016-08-24,24.58,24.87,25.1,24.5,69354950.0
3212,2016-08-25,24.7,25.46,25.5,24.62,119713478.0
3213,2016-08-26,25.35,25.02,25.59,25.01,106128620.0
3214,2016-08-29,25.0,24.94,25.3,24.84,62314822.0
3215,2016-08-30,24.95,24.77,25.15,24.7,74234078.0
3216,2016-08-31,24.77,24.72,24.92,24.53,69396160.0
3217,2016-09-01,24.72,24.43,24.83,24.33,87822297.0
3218,2016-09-02,24.42,24.48,24.56,24.34,45501481.0
3219,2016-09-05,24.45,24.54,24.65,24.3,52553521.0
3220,2016-09-06,24.6,24.7,24.78,24.3,61495019.0
3221,2016-09-07,24.69,24.71,24.78,24.45,109756680.0
3222,2016-09-08,24.74,24.61,24.79,24.52,45149091.0
3223,2016-09-09,24.56,24.74,24.94,24.54,81755702.0
3224,2016-09-12,24.55,23.98,24.72,23.95,159485193.0
3225,2016-09-13,24.11,24.23,24.55,24.08,144731749.0
3226,2016-09-14,24.23,24.65,24.7,24.1,80319814.0
3227,2016-09-19,24.62,24.77,24.92,24.56,76964109.0
3228,2016-09-20,24.77,24.99,25.0,24.62,61987911.0
3229,2016-09-21,25.02,24.9,25.02,24.71,58176034.0
3230,2016-09-22,24.89,25.0,25.05,24.83,67552590.0
3231,2016-09-23,25.06,24.84,25.15,24.64,109231000.0
3232,2016-09-26,24.72,24.86,25.28,24.72,111757532.0
3233,2016-09-27,24.71,24.99,25.0,24.65,63534262.0
3234,2016-09-28,25.15,26.1,26.15,24.98,209766358.0
3235,2016-09-29,26.13,25.98,26.27,25.71,116816755.0
3236,2016-09-30,25.84,25.92,26.46,25.84,116683547.0
3237,2016-10-10,26.11,26.98,27.36,25.9,201776122.0
3238,2016-10-11,26.85,27.0,27.49,26.63,136085065.0
3239,2016-10-12,26.99,26.91,27.1,26.58,69337582.0
3240,2016-10-13,27.32,26.4,27.32,26.2,177638900.0
3241,2016-10-14,26.31,26.38,26.66,26.16,87552572.0
3242,2016-10-17,26.54,26.19,26.59,25.98,148370583.0
3243,2016-10-18,26.17,26.3,26.32,25.6,170066330.0
3244,2016-10-19,26.29,26.12,26.52,25.89,144536525.0
3245,2016-10-20,26.2,26.64,26.76,25.99,171293351.0
3246,2016-10-21,26.51,26.55,26.78,26.37,88089407.0
3247,2016-10-24,26.53,26.58,26.85,26.26,89712500.0
3248,2016-10-25,26.48,26.16,26.56,26.06,154518934.0
3249,2016-10-26,26.11,25.43,26.26,25.39,314570672.0
3250,2016-10-27,25.43,25.4,25.55,25.04,250250448.0
3251,2016-10-28,25.37,25.49,25.7,25.3,109982985.0
3252,2016-10-31,25.25,25.17,25.51,25.09,136760023.0
3253,2016-11-01,25.25,25.63,25.72,25.19,103275452.0
3254,2016-11-02,25.61,25.73,26.02,25.5,135128513.0
3255,2016-11-03,25.69,25.89,26.1,25.6,153579498.0
3256,2016-11-04,25.85,25.48,25.87,25.25,128369424.0
3257,2016-11-07,25.48,24.94,25.49,24.8,167334564.0
3258,2016-11-08,24.95,24.89,25.1,24.77,119418806.0
3259,2016-11-09,24.89,24.93,25.02,24.56,76783771.0
3260,2016-11-10,25.05,24.89,25.08,24.86,115279040.0
3261,2016-11-11,24.85,24.3,24.85,24.1,317601360.0
3262,2016-11-14,24.1,24.51,24.53,24.0,191277377.0
3263,2016-11-15,24.45,24.86,24.88,24.3,102926207.0
3264,2016-11-16,24.73,24.73,25.02,24.66,70924573.0
3265,2016-11-17,24.73,24.97,25.03,24.2,161303315.0
3266,2016-11-18,24.75,24.24,24.79,24.15,219676542.0
3267,2016-11-21,24.3,23.81,24.3,23.78,242731557.0
3268,2016-11-22,23.95,23.9,24.0,23.78,102871986.0
3269,2016-11-23,23.85,23.89,24.03,23.81,108579718.0
3270,2016-11-24,23.86,23.56,23.89,23.5,145798832.0
3271,2016-11-25,23.65,23.69,23.84,23.33,82069105.0
3272,2016-11-28,23.67,23.47,23.86,23.4,147421620.0
3273,2016-11-29,23.49,23.75,23.79,23.43,158339003.0
3274,2016-11-30,23.72,23.46,23.72,23.23,129188854.0
3275,2016-12-01,23.42,23.48,23.58,23.22,68926645.0
3276,2016-12-02,23.45,22.96,23.55,22.88,126792847.0
3277,2016-12-05,22.93,23.18,23.27,22.84,106558155.0
3278,2016-12-06,23.01,23.57,23.59,23.01,112193550.0
3279,2016-12-07,23.75,23.99,24.25,23.7,161511875.0
3280,2016-12-08,24.14,23.6,24.14,23.59,79933409.0
3281,2016-12-09,23.64,23.36,23.93,23.28,94276768.0
3282,2016-12-12,23.38,22.69,23.38,22.5,158122029.0
3283,2016-12-13,22.69,22.95,23.01,22.6,105910313.0
3284,2016-12-14,22.9,22.5,22.93,22.45,100369240.0
3285,2016-12-15,22.55,22.27,22.55,22.18,96598264.0
3286,2016-12-16,22.24,22.27,22.43,22.15,97894659.0
3287,2016-12-19,22.28,22.42,22.76,22.19,120372002.0
3288,2016-12-20,22.46,22.39,22.56,22.16,61056044.0
3289,2016-12-21,22.42,22.49,22.62,22.31,63858447.0
3290,2016-12-22,22.38,22.35,22.47,22.32,47103162.0
3291,2016-12-23,22.41,22.34,22.42,22.28,41143965.0
3292,2016-12-26,22.32,22.26,22.32,21.93,90205599.0
3293,2016-12-27,22.21,22.15,22.3,22.08,47805778.0
3294,2016-12-28,22.13,22.08,22.3,22.07,40179659.0
3295,2016-12-29,22.1,22.01,22.1,21.94,82240033.0
3296,2016-12-30,22.01,22.03,22.17,21.98,58790208.0
3297,2017-01-03,22.2,22.2,22.26,22.07,57355886.0
3298,2017-01-04,22.23,22.15,22.23,21.95,121963024.0
3299,2017-01-05,22.15,22.46,22.55,22.1,123282670.0
3300,2017-01-06,22.46,22.25,22.47,22.19,51846656.0
3301,2017-01-09,22.22,22.14,22.37,22.0,64280029.0
3302,2017-01-10,22.13,22.05,22.21,22.0,63472288.0
3303,2017-01-11,22.06,21.63,22.15,21.61,76363443.0
3304,2017-01-12,21.62,21.01,21.65,20.98,97394877.0
3305,2017-01-13,21.04,21.22,21.3,20.84,112879665.0
3306,2017-01-16,21.11,21.56,21.65,20.5,239934291.0
3307,2017-01-17,21.38,21.3,21.66,21.14,54823017.0
3308,2017-01-18,21.35,21.31,21.52,21.25,63300449.0
3309,2017-01-19,21.38,21.08,21.47,20.96,55903288.0
3310,2017-01-20,21.06,21.09,21.3,21.01,33798896.0
3311,2017-01-23,21.18,21.04,21.28,20.97,73784952.0
3312,2017-01-24,21.12,21.0,21.12,20.95,34496502.0
3313,2017-01-25,21.02,21.14,21.3,20.8,54283503.0
3314,2017-01-26,21.18,21.33,21.48,21.18,69656328.0
3315,2017-02-03,21.32,21.4,21.43,21.26,33212248.0
3316,2017-02-06,21.38,21.71,21.75,21.35,65174228.0
3317,2017-02-07,21.71,21.52,21.76,21.42,46121155.0
3318,2017-02-08,21.57,21.7,21.73,21.44,56105864.0
3319,2017-02-09,21.7,21.44,21.76,21.37,108229058.0
3320,2017-02-10,21.3,21.09,21.62,21.08,124288522.0
3321,2017-02-13,21.1,21.05,21.19,20.97,120859947.0
3322,2017-02-14,21.05,20.66,21.13,20.45,227811207.0
3323,2017-02-15,20.68,20.58,20.79,20.5,82977736.0
3324,2017-02-16,20.58,20.45,20.63,20.34,125553940.0
3325,2017-02-17,20.55,20.28,20.55,20.18,94322484.0
3326,2017-02-20,20.22,20.35,20.45,20.22,142417053.0
3327,2017-02-21,20.39,20.86,20.87,20.35,207389792.0
3328,2017-02-22,20.9,20.67,20.9,20.57,110291311.0
3329,2017-02-23,20.75,21.05,21.16,20.73,237127330.0
3330,2017-02-24,21.05,20.99,21.09,20.79,155095714.0
3331,2017-02-27,20.99,20.95,21.36,20.93,140311104.0
3332,2017-02-28,20.99,20.61,21.1,20.51,141284412.0
3333,2017-03-01,20.62,20.62,20.78,20.53,86006450.0
3334,2017-03-02,20.63,21.13,21.18,20.63,222091363.0
3335,2017-03-03,21.06,21.18,21.41,21.0,162229915.0
3336,2017-03-06,21.21,21.28,21.34,21.05,98611789.0
3337,2017-03-07,21.28,22.28,22.42,21.28,378498976.0
3338,2017-03-08,22.11,22.29,22.58,21.88,245421987.0
3339,2017-03-09,22.35,22.03,22.35,21.94,101549172.0
3340,2017-03-10,22.14,21.84,22.15,21.75,75123370.0
3341,2017-03-13,21.9,22.25,22.34,21.7,99445625.0
3342,2017-03-14,22.33,22.29,22.33,21.98,119273771.0
3343,2017-03-15,22.29,22.17,22.36,22.0,76674774.0
3344,2017-03-16,22.18,21.87,22.28,21.8,157967101.0
3345,2017-03-17,21.81,21.61,22.09,21.6,132938389.0
3346,2017-03-20,21.61,21.75,21.9,21.6,95839266.0
3347,2017-03-21,21.79,21.82,21.86,21.65,93575767.0
3348,2017-03-22,21.82,22.27,22.36,21.68,259412250.0
3349,2017-03-23,22.28,22.02,22.37,21.91,136921162.0
3350,2017-03-24,21.91,22.38,22.41,21.91,177886880.0
3351,2017-03-27,22.37,22.36,22.6,22.22,155487693.0
3352,2017-03-28,22.36,21.73,22.4,21.71,159594267.0
3353,2017-03-29,21.8,21.62,21.92,21.61,107701953.0
3354,2017-03-30,21.63,21.65,21.87,21.55,125994312.0
3355,2017-03-31,21.66,22.0,22.15,21.66,186203712.0
3356,2017-04-05,21.91,22.2,22.28,21.56,137141765.0
3357,2017-04-06,22.18,22.22,22.26,21.89,76995803.0
3358,2017-04-07,22.19,22.03,22.19,21.91,54452334.0
3359,2017-04-10,22.05,21.85,22.08,21.83,90600522.0
3360,2017-04-11,21.85,21.76,22.08,21.5,107177458.0
3361,2017-04-12,21.74,21.78,21.83,21.53,58772648.0
3362,2017-04-13,21.78,21.63,21.78,21.46,113000564.0
3363,2017-04-14,21.61,21.33,21.61,21.2,100994742.0
3364,2017-04-17,21.25,21.62,21.71,21.21,86161996.0
3365,2017-04-18,21.62,21.36,21.84,21.32,63313991.0
3366,2017-04-19,21.35,21.43,21.49,21.08,48721522.0
3367,2017-04-20,21.42,21.9,21.94,21.32,100072622.0
3368,2017-04-21,21.88,21.9,22.12,21.75,87970517.0
3369,2017-04-24,21.8,21.78,21.99,21.61,57084566.0
3370,2017-04-25,21.5,19.6,21.6,19.6,582401136.0
3371,2017-04-26,19.35,19.51,19.87,19.35,174371475.0
3372,2017-04-27,19.42,19.0,19.55,18.85,151273664.0
3373,2017-04-28,18.92,19.02,19.16,18.9,88807387.0
3374,2017-05-02,19.0,18.47,19.06,18.35,159640872.0
3375,2017-05-03,18.51,18.73,18.8,18.27,105713136.0
3376,2017-05-04,18.65,18.83,18.99,18.55,117714700.0
3377,2017-05-05,18.68,18.99,19.06,18.68,67010511.0
3378,2017-05-08,19.03,18.8,19.14,18.69,76832056.0
3379,2017-05-09,18.83,18.84,18.86,18.41,82262363.0
3380,2017-05-10,18.89,18.35,18.89,18.26,60422487.0
3381,2017-05-11,18.26,18.37,18.51,18.09,44376602.0
3382,2017-05-12,18.82,19.2,19.37,18.8,107826542.0
3383,2017-05-15,19.19,19.75,19.8,19.06,86767935.0
3384,2017-05-16,19.63,19.78,19.82,19.4,45946622.0
3385,2017-05-17,19.76,19.62,19.89,19.46,64295996.0
3386,2017-05-18,19.57,19.4,19.61,19.11,83899084.0
3387,2017-05-19,19.41,19.5,19.53,19.21,45095431.0
3388,2017-05-22,19.46,19.41,19.69,19.22,52709641.0
3389,2017-05-23,19.42,19.58,19.99,19.42,83009230.0
3390,2017-05-24,19.5,19.27,19.5,19.01,37496901.0
3391,2017-05-25,19.33,19.42,19.64,19.19,42262044.0
3392,2017-05-26,19.45,20.08,20.29,19.45,103361552.0
3393,2017-05-31,20.26,20.09,20.6,20.09,68149201.0
3394,2017-06-01,20.37,19.79,20.37,19.76,41709669.0
3395,2017-06-02,19.86,20.39,20.49,19.7,52995480.0
3396,2017-06-05,20.2,20.35,20.57,20.08,55350875.0
3397,2017-06-06,20.3,20.23,20.55,20.19,34514935.0
3398,2017-06-07,20.25,20.39,20.41,20.1,55479879.0
3399,2017-06-08,20.35,20.3,20.54,20.21,44967015.0
3400,2017-06-09,20.33,20.08,20.4,19.88,65687820.0
3401,2017-06-12,20.19,20.13,20.42,20.04,46781179.0
3402,2017-06-13,20.13,20.0,20.29,19.88,57997955.0
3403,2017-06-14,19.85,19.4,20.09,19.35,82638850.0
3404,2017-06-15,19.41,19.4,19.6,19.35,60087754.0
3405,2017-06-16,19.43,19.61,19.65,19.36,52519476.0
3406,2017-06-19,19.57,19.79,19.87,19.41,72826986.0
3407,2017-06-20,19.8,19.81,19.91,19.67,43338436.0
3408,2017-06-21,19.8,19.97,20.04,19.73,47498434.0
3409,2017-06-22,19.96,19.68,20.0,19.63,53577221.0
3410,2017-06-23,19.67,19.75,19.89,19.42,50989081.0
3411,2017-06-26,19.8,20.04,20.07,19.61,89591047.0
3412,2017-06-27,19.96,19.9,20.09,19.8,82456771.0
3413,2017-06-28,20.0,21.28,21.5,20.0,297231760.0
3414,2017-06-29,21.45,21.27,21.45,20.82,122289759.0
3415,2017-06-30,21.12,21.04,21.3,20.92,72320274.0
3416,2017-07-03,20.95,21.23,21.47,20.95,73247787.0
3417,2017-07-04,21.11,20.94,21.35,20.9,73298883.0
3418,2017-07-05,20.93,21.47,21.56,20.86,143366425.0
3419,2017-07-06,21.42,21.58,21.62,21.2,69926160.0
3420,2017-07-07,21.45,21.63,21.78,21.35,55992981.0
3421,2017-07-10,21.5,21.45,21.62,21.29,41027569.0
3422,2017-07-11,21.35,21.01,21.42,20.95,63867813.0
3423,2017-07-12,21.01,20.65,21.19,20.53,74781540.0
3424,2017-07-13,20.95,20.53,20.95,20.4,62507881.0
3425,2017-07-14,20.52,20.37,20.74,20.25,70730768.0
3426,2017-07-17,20.41,20.41,20.65,19.7,84900965.0
3427,2017-07-18,20.4,20.26,20.4,19.6,111736905.0
3428,2017-07-19,20.29,20.29,20.37,20.07,67478914.0
3429,2017-07-20,20.2,20.05,20.36,20.03,75592816.0
3430,2017-07-21,20.05,20.37,20.4,20.02,80735090.0
3431,2017-07-24,20.37,20.41,20.5,20.2,37662721.0
3432,2017-07-25,20.37,20.61,20.68,20.26,55854075.0
3433,2017-07-26,20.65,19.52,20.74,18.9,183548839.0
3434,2017-07-27,19.5,19.51,20.03,19.25,164256895.0
3435,2017-07-28,19.52,19.92,19.99,19.37,75569682.0
3436,2017-07-31,19.91,20.02,20.1,19.65,53179924.0
3437,2017-08-01,20.03,19.85,20.03,19.8,24811671.0
3438,2017-08-02,19.85,19.51,19.9,19.41,60846525.0
3439,2017-08-03,19.43,19.45,19.52,19.41,27314145.0
3440,2017-08-04,19.45,19.29,19.49,19.08,61228678.0
3441,2017-08-07,19.29,19.3,19.46,19.08,53730699.0
3442,2017-08-08,19.3,19.82,19.91,19.29,67071672.0
3443,2017-08-09,19.8,19.68,19.94,19.62,42371988.0
3444,2017-08-10,19.89,19.61,19.89,19.5,25712982.0
3445,2017-08-11,19.59,19.44,19.78,19.32,29341737.0
3446,2017-08-14,19.44,19.6,19.71,19.4,22683043.0
3447,2017-08-15,19.67,19.42,19.67,19.3,48658710.0
3448,2017-08-16,19.48,19.41,19.59,19.33,33165351.0
3449,2017-08-17,19.44,19.31,19.45,19.23,43197912.0
3450,2017-08-18,19.24,19.39,19.63,19.24,61840911.0
3451,2017-08-21,19.54,20.09,20.14,19.54,105590407.0
3452,2017-08-22,20.08,20.7,21.45,20.0,151446169.0
3453,2017-08-23,20.85,20.41,20.85,20.38,59552758.0
3454,2017-08-24,20.4,20.2,20.58,20.1,44099622.0
3455,2017-08-25,20.23,20.24,20.48,20.08,31419422.0
3456,2017-08-28,20.33,20.84,21.05,20.33,163627008.0
3457,2017-08-29,20.75,20.49,21.0,20.4,88086433.0
3458,2017-08-30,20.49,21.11,21.38,20.45,141330800.0
3459,2017-08-31,21.01,21.22,21.37,20.81,89009567.0
3460,2017-09-01,21.2,20.94,21.35,20.83,78417831.0
3461,2017-09-04,20.95,21.67,21.68,20.87,165625610.0
3462,2017-09-05,21.67,21.52,21.85,21.5,95599932.0
3463,2017-09-06,21.49,21.3,21.55,21.19,50420775.0
3464,2017-09-07,21.4,21.35,21.69,21.18,62222859.0
3465,2017-09-08,21.3,22.2,22.5,21.21,179258748.0
3466,2017-09-11,22.16,22.2,22.47,22.06,80632864.0
3467,2017-09-12,22.11,22.62,22.76,22.11,111995879.0
3468,2017-09-13,22.53,22.84,23.2,22.36,121430502.0
3469,2017-09-14,22.74,22.55,22.92,22.45,54755944.0
3470,2017-09-15,22.45,22.65,22.8,22.43,59709611.0
3471,2017-09-18,22.65,22.4,22.66,22.24,57774175.0
3472,2017-09-19,22.5,21.88,22.6,21.71,109829163.0
3473,2017-09-20,21.91,22.3,22.47,21.73,75951350.0
3474,2017-09-21,22.28,22.03,22.44,21.92,36594294.0
3475,2017-09-22,21.91,22.05,22.31,21.79,65742117.0
3476,2017-09-25,22.06,22.32,22.8,21.82,93760704.0
3477,2017-09-26,22.35,22.6,22.76,22.3,52945406.0
3478,2017-09-27,22.43,22.24,22.68,22.13,51791375.0
3479,2017-09-28,22.46,22.68,22.75,22.3,52581718.0
3480,2017-09-29,22.5,22.42,22.85,22.0,62567939.0
3481,2017-10-09,22.9,22.47,22.9,22.4,54440132.0
3482,2017-10-10,22.5,22.99,23.2,22.33,117319624.0
3483,2017-10-11,23.09,23.79,23.97,22.8,194797710.0
3484,2017-10-12,23.66,23.68,23.88,23.42,68765427.0
3485,2017-10-13,23.92,23.73,23.97,23.5,70898262.0
3486,2017-10-16,23.7,23.29,23.73,23.24,84731467.0
3487,2017-10-17,23.3,23.32,23.57,23.17,40273449.0
3488,2017-10-18,23.2,23.22,23.49,23.13,36811970.0
3489,2017-10-19,23.34,23.12,23.62,23.07,51050416.0
3490,2017-10-20,23.01,23.64,23.66,23.0,53460563.0
3491,2017-10-23,23.67,24.61,24.87,23.67,192599445.0
3492,2017-10-24,24.88,24.86,25.01,24.4,111591168.0
3493,2017-10-25,24.8,25.19,25.38,24.61,115549319.0
3494,2017-10-26,25.15,25.14,25.68,25.01,104929860.0
3495,2017-10-27,25.12,25.38,25.67,24.6,91635024.0
3496,2017-10-30,25.25,25.41,25.93,24.85,171521348.0
3497,2017-10-31,25.44,24.84,25.79,24.56,117911830.0
3498,2017-11-01,24.86,24.57,25.49,24.35,160739321.0
3499,2017-11-02,24.75,25.2,25.6,24.65,172419596.0
3500,2017-11-03,25.07,25.19,25.51,24.9,155539798.0
3501,2017-11-06,25.18,25.82,25.87,24.68,249627895.0
3502,2017-11-07,25.7,25.52,25.99,25.02,245787659.0
3503,2017-11-08,25.39,24.15,25.39,24.11,344674944.0
3504,2017-11-09,24.1,23.99,24.5,23.4,318285808.0
3505,2017-11-10,24.05,24.39,24.65,23.97,282368896.0
3506,2017-11-13,24.26,24.41,24.88,24.23,161730006.0
3507,2017-11-14,24.38,24.16,25.4,24.0,250327368.0
3508,2017-11-15,24.21,24.53,24.69,24.16,137689985.0
3509,2017-11-16,24.53,25.53,25.69,24.5,270638592.0
3510,2017-11-17,25.48,25.02,25.62,24.96,200927350.0
3511,2017-11-20,25.03,25.94,26.0,24.0,215452500.0
3512,2017-11-21,25.89,25.44,26.27,24.5,232276227.0
3513,2017-11-22,25.33,24.82,25.55,24.7,141220042.0
3514,2017-11-23,24.92,24.08,25.19,23.87,181104631.0
3515,2017-11-24,24.0,24.01,24.45,23.6,120878987.0
3516,2017-11-27,24.0,23.46,24.21,23.4,74441610.0
3517,2017-11-28,23.4,23.71,24.07,23.4,85387516.0
3518,2017-11-29,23.76,24.06,24.18,23.76,76548467.0
3519,2017-11-30,23.91,23.83,24.36,23.65,87962669.0
3520,2017-12-01,23.83,24.55,25.17,23.78,197297078.0
3521,2017-12-04,24.8,25.46,25.64,24.45,176714327.0
3522,2017-12-05,25.49,24.96,25.69,24.9,104955477.0
3523,2017-12-06,24.95,25.54,26.0,24.9,162999277.0
3524,2017-12-07,25.45,26.05,26.25,25.45,197483189.0
3525,2017-12-08,26.17,26.12,26.43,25.93,126381613.0
3526,2017-12-11,26.3,28.73,28.73,26.3,469817168.0
3527,2017-12-12,29.8,30.04,30.2,29.38,716671696.0
3528,2017-12-13,29.99,29.99,30.38,29.28,391333632.0
3529,2017-12-14,29.1,29.2,29.62,28.56,716580384.0
3530,2017-12-15,29.0,28.55,29.67,28.15,413250784.0
3531,2017-12-18,28.46,28.78,28.99,28.31,240110511.0
3532,2017-12-19,29.0,29.14,29.85,28.77,390345136.0
3533,2017-12-20,29.25,29.1,30.0,28.7,290122656.0
3534,2017-12-21,29.13,30.39,30.6,28.82,408841040.0
3535,2017-12-22,30.03,29.7,30.23,29.36,307332848.0
3536,2017-12-25,29.91,29.11,30.54,28.5,341617792.0
3537,2017-12-26,28.99,28.93,29.24,28.53,188106902.0
3538,2017-12-27,28.6,28.7,29.5,28.51,261656718.0
3539,2017-12-28,28.7,28.97,29.41,28.05,296629936.0
3540,2017-12-29,30.7,30.12,31.87,29.55,683513056.0
3541,2018-01-02,30.96,30.7,31.32,30.2,351313744.0
3542,2018-01-03,30.4,29.49,30.61,29.32,500210688.0
3543,2018-01-04,29.2,29.52,30.08,29.17,329595216.0
3544,2018-01-05,29.65,29.65,30.47,29.47,302345504.0
3545,2018-01-08,29.53,28.55,29.6,28.22,410778704.0
3546,2018-01-09,28.52,28.88,29.2,28.23,218704238.0
3547,2018-01-10,28.9,28.5,28.9,28.1,184612310.0
3548,2018-01-11,28.4,28.49,28.79,27.9,144199722.0
3549,2018-01-12,28.55,29.0,29.17,28.34,215622357.0
3550,2018-01-15,28.98,27.37,28.98,27.27,321444976.0
3551,2018-01-16,27.4,28.3,29.0,27.4,293892848.0
3552,2018-01-17,28.68,27.75,28.69,27.45,234007627.0
3553,2018-01-18,27.88,27.75,28.22,27.33,212391585.0
3554,2018-01-19,27.1,27.67,28.15,27.0,163204667.0
3555,2018-01-22,27.67,27.54,27.94,27.26,216654156.0
3556,2018-01-23,27.6,28.7,28.84,27.6,270482304.0
3557,2018-01-24,29.5,28.89,29.75,28.2,229771146.0
3558,2018-01-25,28.92,27.74,29.1,27.5,239237664.0
3559,2018-01-26,27.76,27.6,28.05,27.45,163123662.0
3560,2018-01-29,27.6,26.49,27.85,26.1,277736704.0
3561,2018-01-30,26.49,26.65,26.75,26.27,94057252.0
3562,2018-01-31,26.46,26.24,26.7,25.86,140548935.0
3563,2018-02-01,26.26,24.92,26.45,24.76,313912352.0
3564,2018-02-02,24.9,25.99,26.3,24.5,247131552.0
3565,2018-02-05,25.5,25.62,25.96,25.45,91054385.0
3566,2018-02-06,25.0,24.29,25.42,24.16,169700104.0
3567,2018-02-07,24.7,24.82,25.35,24.26,171918217.0
3568,2018-02-08,24.81,25.81,26.3,24.81,210684560.0
3569,2018-02-09,25.4,25.4,25.6,24.5,165853762.0
3570,2018-02-12,25.42,26.14,26.35,24.9,151501008.0
3571,2018-02-13,26.19,26.51,26.88,26.15,159723047.0
3572,2018-02-14,26.46,26.59,26.94,26.31,63405244.0
3573,2018-02-22,26.9,27.17,27.37,26.7,109415670.0
3574,2018-02-23,27.1,27.05,27.19,26.9,83331825.0
3575,2018-02-26,27.09,27.23,27.48,26.56,105066324.0
3576,2018-02-27,27.35,27.78,27.96,27.14,129443153.0
3577,2018-02-28,27.75,27.14,27.75,27.03,181520877.0
3578,2018-03-01,27.14,28.37,28.42,27.14,208058975.0
3579,2018-03-02,28.2,27.77,28.2,27.41,142830636.0
3580,2018-03-05,27.55,27.19,27.76,27.04,132029337.0
3581,2018-03-06,27.25,28.24,28.36,27.14,161749086.0
3582,2018-03-07,28.15,28.32,29.08,28.0,240950098.0
3583,2018-03-08,28.3,29.87,30.27,28.3,378836800.0
3584,2018-03-09,30.05,30.13,30.27,29.62,215276246.0
3585,2018-03-12,30.0,30.54,30.75,29.78,200571867.0
3586,2018-03-13,30.41,29.21,30.44,29.1,232294748.0
3587,2018-03-14,29.1,28.84,29.75,28.78,176974367.0
3588,2018-03-15,28.82,29.24,29.65,28.6,209949572.0
3589,2018-03-16,29.25,28.55,29.35,28.49,179085526.0
3590,2018-03-19,28.5,29.89,30.09,28.5,313734144.0
3591,2018-03-20,29.98,30.85,31.23,29.66,334372544.0
3592,2018-03-21,30.69,30.52,31.5,30.32,196426319.0
3593,2018-03-22,30.44,29.78,30.66,29.41,178210516.0
3594,2018-03-23,29.0,28.05,29.34,27.27,400982064.0
3595,2018-03-26,27.44,29.14,29.36,27.1,240905551.0
3596,2018-03-27,29.45,29.2,30.18,28.64,277518416.0
3597,2018-03-28,29.1,29.53,30.2,28.91,282793968.0
3598,2018-03-29,29.96,30.13,30.34,29.47,302262784.0
3599,2018-03-30,30.29,32.79,33.03,29.8,438611584.0
3600,2018-04-02,32.99,33.98,34.0,32.17,357838800.0
3601,2018-04-03,33.02,33.97,34.0,32.75,236152027.0
3602,2018-04-04,35.88,33.99,36.68,33.95,628881392.0
3603,2018-04-09,34.23,33.03,34.52,32.64,405255072.0
3604,2018-04-10,33.33,33.49,33.96,32.62,269276896.0
3605,2018-04-11,33.55,33.43,34.72,33.17,240952109.0
3606,2018-04-12,33.45,34.44,35.09,33.3,269790528.0
3607,2018-04-13,34.52,32.79,34.71,32.3,332789664.0
3608,2018-04-16,33.15,34.46,34.52,32.86,391583264.0
3609,2018-04-17,34.4,32.88,34.63,32.23,303881344.0
3610,2018-04-18,33.16,32.31,33.35,31.06,359511840.0
3611,2018-04-19,32.51,32.62,33.3,32.03,230097067.0
3612,2018-04-20,32.5,33.98,35.18,32.33,351985136.0
3613,2018-04-23,34.0,34.82,35.11,33.41,326601632.0
3614,2018-04-24,34.68,34.77,35.15,34.02,301486080.0
3615,2018-04-25,34.54,35.99,36.36,34.3,400547088.0
3616,2018-04-26,36.03,35.08,36.32,34.7,260669164.0
3617,2018-04-27,34.74,34.88,36.18,34.46,374321024.0
3618,2018-05-02,33.5,34.29,35.28,33.45,379925696.0
3619,2018-05-03,34.29,35.99,36.4,33.62,364028304.0
3620,2018-05-04,35.68,37.07,37.88,35.5,411270448.0
3621,2018-05-07,36.91,37.13,37.7,36.6,354945680.0
3622,2018-05-08,37.15,36.59,37.15,36.25,233503212.0
3623,2018-05-09,36.79,36.44,37.26,35.8,246863958.0
3624,2018-05-10,36.39,37.65,37.86,35.92,386891792.0
3625,2018-05-11,38.0,35.79,39.39,35.57,856497600.0
3626,2018-05-14,35.79,35.52,36.26,35.01,413385472.0
3627,2018-05-15,35.55,36.21,36.88,35.53,427225232.0
3628,2018-05-16,36.15,36.67,37.2,35.68,432431744.0
3629,2018-05-17,36.66,35.19,36.66,34.8,436141840.0
3630,2018-05-18,35.38,34.96,35.55,34.02,266287602.0
3631,2018-05-21,35.15,34.37,35.22,33.6,515335360.0
3632,2018-05-22,34.18,35.77,35.88,33.9,465276416.0
3633,2018-05-23,35.43,35.61,36.33,35.25,336645760.0
3634,2018-05-24,35.75,36.56,36.82,34.88,415011968.0
3635,2018-05-25,30.58,30.58,31.02,29.85,278365808.0
3636,2018-05-28,30.2,28.44,30.2,28.1,675866640.0
3637,2018-05-29,28.63,27.64,29.1,27.5,480875872.0
3638,2018-05-30,27.1,27.7,28.36,26.61,283460272.0
3639,2018-05-31,27.99,27.99,28.27,27.5,237792850.0
3640,2018-06-01,27.98,27.02,28.45,26.1,290260960.0
3641,2018-06-04,27.2,26.78,27.29,26.31,318008304.0
3642,2018-06-05,26.84,28.2,28.28,26.84,300585344.0
3643,2018-06-06,28.28,28.77,29.15,28.07,480133904.0
3644,2018-06-07,29.34,28.32,29.7,28.29,464782656.0
3645,2018-06-08,28.38,28.48,28.66,28.0,277960288.0
3646,2018-06-11,28.49,28.0,28.65,27.5,209727549.0
3647,2018-06-12,27.96,29.44,29.48,27.82,345318704.0
3648,2018-06-13,29.44,28.67,29.44,28.6,228870659.0
3649,2018-06-14,28.41,28.53,29.15,28.4,152802389.0
3650,2018-06-15,28.49,27.31,28.6,27.06,229235665.0
3651,2018-06-19,26.99,26.48,27.55,25.9,267194058.0
3652,2018-06-20,26.39,27.18,27.42,25.96,187426451.0
3653,2018-06-21,27.4,27.16,28.11,26.99,194443592.0
3654,2018-06-22,27.0,27.57,27.86,26.54,171258577.0
3655,2018-06-25,27.8,26.95,27.9,26.69,201165431.0
3656,2018-06-26,26.41,26.87,27.15,26.32,146415875.0
3657,2018-06-27,26.87,25.63,27.14,25.48,180003194.0
3658,2018-06-28,25.65,25.34,26.05,25.28,147753557.0
3659,2018-06-29,25.55,26.69,26.74,25.33,154018844.0
3660,2018-07-02,26.71,27.23,27.8,26.5,233299199.0
3661,2018-07-03,27.1,26.43,27.46,25.43,284533664.0
3662,2018-07-04,26.48,25.3,26.48,25.2,218392514.0
3663,2018-07-05,25.2,24.59,25.65,24.33,240890190.0
3664,2018-07-06,24.54,22.82,24.68,22.43,628381952.0
3665,2018-07-09,20.54,20.54,20.54,20.54,438615264.0
3666,2018-07-10,20.33,21.57,21.95,20.11,973253664.0
3667,2018-07-11,20.9,21.49,22.05,20.7,362981808.0
3668,2018-07-12,21.5,22.34,22.65,21.49,329366624.0
3669,2018-07-13,22.33,23.44,24.22,22.02,430812880.0
3670,2018-07-16,23.01,21.8,23.18,21.65,636444128.0
3671,2018-07-17,21.83,22.53,22.74,21.8,380478304.0
3672,2018-07-18,22.61,22.04,22.69,22.0,352198224.0
3673,2018-07-19,22.01,21.02,22.38,20.72,449817360.0
3674,2018-07-20,20.99,21.34,21.5,20.85,261764610.0
3675,2018-07-23,20.21,19.54,20.96,19.21,736880192.0
3676,2018-07-24,19.65,21.44,21.49,19.63,651682416.0
3677,2018-07-25,21.47,21.22,21.68,21.08,361776720.0
3678,2018-07-26,21.61,21.56,22.22,21.11,376342752.0
3679,2018-07-27,21.88,20.75,21.92,20.66,313550784.0
3680,2018-07-30,20.22,20.33,21.1,19.89,368794112.0
3681,2018-07-31,20.44,20.25,20.84,20.01,262791106.0
3682,2018-08-01,20.41,20.17,20.65,20.08,205400489.0
3683,2018-08-02,20.05,19.72,20.14,19.25,235716003.0
3684,2018-08-03,19.72,19.32,19.97,19.25,138016815.0
3685,2018-08-06,19.51,19.16,19.58,18.88,171028869.0
3686,2018-08-07,19.28,18.4,19.42,17.28,474044208.0
3687,2018-08-08,18.31,18.02,18.78,17.88,221397667.0
3688,2018-08-09,18.0,18.66,19.05,17.96,221054694.0
3689,2018-08-10,19.48,19.73,20.27,19.22,290367696.0
3690,2018-08-13,19.74,20.91,21.1,19.44,331114640.0
3691,2018-08-14,21.07,20.66,21.2,20.44,185998758.0
3692,2018-08-15,20.6,20.37,20.86,20.08,185370675.0
3693,2018-08-16,20.1,20.84,21.1,19.78,209939957.0
3694,2018-08-17,20.76,19.41,21.05,19.2,327983360.0
3695,2018-08-20,19.42,19.36,19.77,18.3,210876049.0
3696,2018-08-21,19.54,20.39,20.55,19.5,244777207.0
3697,2018-08-22,20.4,20.15,20.67,20.13,145069775.0
3698,2018-08-23,20.2,20.56,20.88,20.18,165006927.0
3699,2018-08-24,20.43,20.48,20.64,20.1,152029104.0
3700,2018-08-27,19.95,20.59,21.05,19.83,319722976.0
3701,2018-08-28,20.61,20.63,20.95,20.4,188438401.0
3702,2018-08-29,20.6,20.77,20.94,20.42,142989729.0
3703,2018-08-30,20.75,19.79,20.78,19.78,162741106.0
3704,2018-08-31,19.76,19.35,20.09,19.11,162807807.0
3705,2018-09-03,19.44,18.9,19.53,18.15,160637742.0
3706,2018-09-04,18.95,19.4,19.6,18.91,118739101.0
3707,2018-09-05,19.4,18.97,19.41,18.83,84987970.0
3708,2018-09-06,18.94,19.14,19.3,18.83,102371717.0
3709,2018-09-07,19.2,19.93,20.14,18.92,227811749.0
3710,2018-09-10,20.0,19.98,20.4,19.68,158834423.0
3711,2018-09-11,20.15,20.38,20.7,20.02,153874663.0
3712,2018-09-12,20.35,19.95,20.59,19.43,240776230.0
3713,2018-09-13,20.22,20.66,21.0,19.8,285734448.0
3714,2018-09-14,20.76,19.3,20.8,19.19,319850048.0
3715,2018-09-17,18.92,18.92,19.25,18.6,131324681.0
3716,2018-09-18,18.81,19.32,19.51,18.78,89813553.0
3717,2018-09-19,19.38,20.25,20.5,19.21,226947166.0
3718,2018-09-20,20.43,20.26,20.7,20.09,133162913.0
3719,2018-09-21,20.54,20.62,20.73,19.93,200935554.0
3720,2018-09-25,20.4,21.05,21.31,20.19,205603651.0
3721,2018-09-26,21.05,21.5,21.93,20.87,204958998.0
3722,2018-09-27,21.51,21.69,22.2,21.29,178140429.0
3723,2018-09-28,21.69,21.89,22.02,21.48,145379660.0
3724,2018-10-08,19.7,19.7,19.7,19.7,9503280.0
3725,2018-10-09,17.73,17.73,17.73,17.73,6412941.0
3726,2018-10-10,15.96,15.96,15.96,15.96,26892600.0
3727,2018-10-11,14.36,14.36,14.36,14.36,10795848.0
3728,2018-10-12,12.92,12.92,13.4,12.92,1070808736.0
3729,2018-10-15,12.56,12.53,12.98,12.12,470640112.0
3730,2018-10-16,12.55,11.98,12.78,11.77,340408464.0
3731,2018-10-17,12.1,11.01,12.17,10.78,534754912.0
3732,2018-10-18,10.99,11.12,11.43,10.78,312154672.0
3733,2018-10-19,10.95,11.28,11.44,10.62,248391043.0
3734,2018-10-22,11.44,11.99,12.26,11.34,414526496.0
3735,2018-10-23,12.07,11.65,12.17,11.48,238384369.0
3736,2018-10-24,11.65,11.72,11.95,11.56,183531551.0
3737,2018-10-25,11.3,11.45,11.51,11.11,165317234.0
3738,2018-10-26,11.61,11.57,11.95,11.41,152578903.0
3739,2018-10-29,11.55,11.31,11.66,11.21,129760075.0
3740,2018-10-30,11.31,11.13,11.4,10.92,147485059.0
3741,2018-10-31,11.33,12.24,12.24,11.32,357818320.0
3742,2018-11-01,12.18,12.23,12.54,12.0,317531152.0
3743,2018-11-02,12.6,12.92,12.96,12.35,342023424.0
3744,2018-11-05,13.35,13.29,13.89,13.1,403717536.0
3745,2018-11-06,13.32,13.43,13.55,12.97,247316509.0
3746,2018-11-07,13.48,13.35,13.75,13.25,211652125.0
3747,2018-11-08,13.55,13.63,14.09,13.47,313934176.0
3748,2018-11-09,13.48,13.48,14.1,13.38,285422544.0
3749,2018-11-12,13.29,13.52,13.59,13.0,378586288.0
3750,2018-11-13,13.39,13.29,13.44,12.75,515169840.0
3751,2018-11-14,13.16,13.39,13.68,13.14,345041728.0
3752,2018-11-15,13.48,14.5,14.63,13.3,499189120.0
3753,2018-11-16,14.5,14.33,14.66,13.95,409803808.0
3754,2018-11-19,14.51,14.32,14.59,13.92,317268336.0
3755,2018-11-20,14.08,13.99,14.47,13.85,311140912.0
3756,2018-11-21,13.76,14.06,14.2,13.73,205097854.0
3757,2018-11-22,14.12,14.03,14.32,13.93,179571264.0
3758,2018-11-23,14.0,13.38,14.09,13.36,264260193.0
3759,2018-11-26,13.35,13.53,13.69,13.21,148595780.0
3760,2018-11-27,13.68,13.44,13.72,13.16,141372300.0
3761,2018-11-28,13.44,13.48,13.58,13.15,152618037.0
3762,2018-11-29,13.6,13.46,14.05,13.44,214695645.0
3763,2018-11-30,13.41,13.71,13.82,13.34,180933323.0
3764,2018-12-03,14.1,14.25,14.44,14.0,352757984.0
3765,2018-12-04,14.24,14.28,14.37,14.16,166416312.0
3766,2018-12-05,14.01,14.49,14.61,14.0,259840529.0
3767,2018-12-06,14.31,14.93,15.94,13.36,754735968.0
3768,2018-12-07,14.57,13.74,14.87,13.68,493115392.0
3769,2018-12-10,13.41,13.43,14.07,13.29,291739344.0
3770,2018-12-11,13.55,13.4,13.77,13.22,188911155.0
3771,2018-12-12,13.44,13.16,13.56,13.16,182924260.0
3772,2018-12-13,12.97,12.7,12.97,12.4,369983168.0
3773,2018-12-14,12.78,12.28,12.9,12.22,238805722.0
3774,2018-12-17,12.18,12.05,12.33,11.81,167246498.0
3775,2018-12-18,12.02,12.17,12.26,11.95,159122826.0
3776,2018-12-19,12.09,11.52,12.16,11.45,196631113.0
3777,2018-12-20,11.45,11.58,11.69,11.34,126254813.0
3778,2018-12-21,11.58,11.36,11.63,11.19,113289809.0
3779,2018-12-24,11.22,11.46,11.61,11.2,106595828.0
3780,2018-12-25,11.42,11.65,11.75,11.36,168164747.0
3781,2018-12-26,11.6,11.43,11.8,11.38,102020178.0
3782,2018-12-27,11.64,11.27,11.73,11.23,121855740.0
3783,2018-12-28,11.27,11.06,11.32,11.01,105044710.0
3784,2019-01-02,11.1,10.46,11.16,10.29,180541633.0
3785,2019-01-03,10.45,9.95,10.47,9.8,251872114.0
3786,2019-01-04,9.9,10.53,10.57,9.89,206259217.0
3787,2019-01-07,10.69,10.56,10.73,10.4,139207504.0
3788,2019-01-08,10.6,10.59,10.78,10.5,104042608.0
3789,2019-01-09,10.46,10.78,11.07,10.46,205021836.0
3790,2019-01-10,10.77,10.72,11.03,10.69,158214249.0
3791,2019-01-11,10.71,10.65,10.82,10.46,112261015.0
3792,2019-01-14,10.66,10.37,10.66,10.27,119319905.0
3793,2019-01-15,10.47,10.77,10.8,10.41,145732188.0
3794,2019-01-16,10.49,10.66,10.78,10.44,172534427.0
3795,2019-01-17,10.69,10.63,10.85,10.57,110321655.0
3796,2019-01-18,10.72,11.69,11.69,10.64,425969984.0
3797,2019-01-21,11.6,11.36,11.74,11.23,389289648.0
3798,2019-01-22,11.38,11.33,11.44,11.13,193175572.0
3799,2019-01-23,11.25,11.25,11.31,11.14,103100800.0
3800,2019-01-24,11.22,11.05,11.3,10.92,169600913.0
3801,2019-01-25,11.02,10.98,11.19,10.91,112530205.0
3802,2019-01-28,11.06,10.72,11.1,10.71,106453191.0
3803,2019-01-29,10.69,10.78,10.89,10.45,113406016.0
3804,2019-01-30,10.64,10.38,10.74,10.38,108234173.0
3805,2019-01-31,10.16,10.28,10.6,10.16,116570140.0
3806,2019-02-01,10.32,10.64,10.73,10.29,113827750.0
3807,2019-02-11,10.62,11.04,11.05,10.55,112655370.0
3808,2019-02-12,11.1,11.5,11.8,11.05,268424171.0
3809,2019-02-13,11.48,11.6,11.66,11.35,205787570.0
3810,2019-02-14,11.5,11.82,11.9,11.5,218122714.0
3811,2019-02-15,11.79,11.97,12.16,11.65,284298336.0
3812,2019-02-18,12.03,12.41,12.45,11.9,276326352.0
3813,2019-02-19,12.44,12.16,12.48,12.1,221581589.0
3814,2019-02-20,12.11,11.99,12.15,11.85,190775508.0
3815,2019-02-21,12.04,11.96,12.33,11.95,220573679.0
3816,2019-02-22,12.06,12.79,12.91,12.05,351898832.0
3817,2019-02-25,12.83,13.37,13.44,12.83,382567392.0
3818,2019-02-26,13.29,13.52,14.31,13.09,429626112.0
3819,2019-02-27,13.44,13.26,13.8,13.0,273601696.0
3820,2019-02-28,13.28,13.52,13.69,13.15,237112645.0
3821,2019-03-01,13.56,13.38,13.67,13.18,222789028.0
3822,2019-03-04,13.42,13.75,14.08,13.41,360540480.0
3823,2019-03-05,13.75,13.99,14.03,13.57,271419712.0
3824,2019-03-06,14.02,14.05,14.25,13.75,299399200.0
3825,2019-03-07,14.0,13.9,14.09,13.7,332560608.0
3826,2019-03-08,13.6,13.31,13.95,13.15,303572816.0
3827,2019-03-11,13.32,13.97,14.07,13.32,305099072.0
3828,2019-03-12,14.14,14.58,14.85,14.14,529370096.0
3829,2019-03-13,14.6,14.54,15.1,14.45,432880672.0
3830,2019-03-14,14.57,14.73,15.08,14.33,343311056.0
3831,2019-03-15,15.4,16.2,16.2,15.4,773260000.0
3832,2019-03-18,16.26,16.13,16.7,15.71,642702544.0
3833,2019-03-19,16.1,16.66,16.8,15.8,451703376.0
3834,2019-03-20,16.6,16.2,16.61,15.91,363066464.0
3835,2019-03-21,16.19,16.14,16.35,16.01,232890763.0
3836,2019-03-22,16.15,16.14,16.21,15.9,195157996.0
3837,2019-03-25,15.92,16.14,16.45,15.8,207217306.0
3838,2019-03-26,16.05,15.42,16.18,15.15,306082256.0
3839,2019-03-27,15.63,15.57,15.8,15.26,192739084.0
3840,2019-03-28,15.6,15.03,15.6,15.01,184385835.0
3841,2019-03-29,15.17,15.5,15.57,15.02,174238384.0
3842,2019-04-01,15.6,15.89,16.09,15.56,267582578.0
3843,2019-04-02,15.95,16.6,16.86,15.75,441025440.0
3844,2019-04-03,16.6,16.89,17.28,16.4,307099920.0
3845,2019-04-04,16.89,17.04,17.25,16.79,264700434.0
3846,2019-04-08,17.38,17.09,17.68,16.82,314955920.0
3847,2019-04-09,17.09,17.27,17.5,16.75,213467806.0
3848,2019-04-10,17.26,17.59,17.8,17.0,255671559.0
3849,2019-04-11,17.46,16.94,17.85,16.83,252317515.0
3850,2019-04-12,16.85,16.77,17.1,16.45,200965101.0
3851,2019-04-15,16.89,16.15,17.25,16.08,260576327.0
3852,2019-04-16,16.04,16.26,16.35,15.79,264931192.0
3853,2019-04-17,16.28,16.2,16.36,16.1,137157420.0
3854,2019-04-18,16.26,15.9,16.27,15.88,152153328.0
3855,2019-04-19,16.0,15.8,16.06,15.6,177749326.0
3856,2019-04-22,15.77,15.32,15.88,15.04,348290400.0
3857,2019-04-23,15.32,15.35,15.72,15.18,201128346.0
3858,2019-04-24,15.4,14.97,15.48,14.75,314433456.0
3859,2019-04-25,15.1,14.54,15.22,14.5,198013513.0
3860,2019-04-26,14.66,13.99,14.66,13.82,323711376.0
3861,2019-04-29,14.0,14.14,14.43,13.61,218541025.0
3862,2019-04-30,14.14,14.97,15.19,14.12,345184864.0
3863,2019-05-06,14.26,13.99,14.75,13.81,264176146.0
3864,2019-05-07,14.19,15.13,15.39,14.19,611325056.0
3865,2019-05-08,14.75,14.81,15.38,14.58,376588016.0
3866,2019-05-09,14.75,13.8,14.75,13.8,370594064.0
3867,2019-05-10,14.11,14.34,14.41,13.61,306327520.0
3868,2019-05-13,14.12,14.59,14.81,14.03,232187921.0
3869,2019-05-14,14.4,14.27,14.65,14.18,142541492.0
3870,2019-05-15,14.45,14.61,14.7,14.39,134836768.0
3871,2019-05-16,14.66,14.56,15.03,14.4,232357827.0
3872,2019-05-17,14.43,13.95,14.55,13.92,211136562.0
3873,2019-05-20,13.95,13.65,14.0,13.45,133677244.0
3874,2019-05-21,13.7,13.71,13.94,13.5,123736488.0
3875,2019-05-22,13.8,13.82,13.95,13.64,90531976.0
3876,2019-05-23,13.99,13.63,14.06,13.54,111856002.0
3877,2019-05-24,13.65,13.58,13.83,13.52,58113109.0
3878,2019-05-27,13.65,13.91,13.92,13.48,107071201.0
3879,2019-05-28,13.91,13.93,14.13,13.85,102230534.0
3880,2019-05-29,13.93,13.9,14.05,13.82,66300076.0
3881,2019-05-30,13.85,13.61,13.85,13.48,97462043.0
3882,2019-05-31,13.65,13.9,13.98,13.6,113996440.0
3883,2019-06-03,13.97,13.59,13.98,13.41,128333952.0
3884,2019-06-04,13.57,13.48,13.65,13.46,88510126.0
3885,2019-06-05,13.61,13.3,13.62,13.2,157103556.0
3886,2019-06-06,13.3,13.22,13.39,13.01,97781678.0
3887,2019-06-10,13.25,13.18,13.31,13.09,87151037.0
3888,2019-06-11,13.24,13.72,13.83,13.2,165580568.0
3889,2019-06-12,13.61,13.5,13.68,13.45,96201987.0
3890,2019-06-13,13.5,13.49,13.56,13.29,79163239.0
3891,2019-06-14,13.5,13.05,13.58,13.04,126967794.0
3892,2019-06-17,13.15,13.12,13.44,13.06,81462474.0
3893,2019-06-18,13.13,13.16,13.25,13.03,63456276.0
3894,2019-06-19,13.5,13.35,13.61,13.35,97371901.0
3895,2019-06-20,13.35,13.75,13.9,13.32,149342392.0
3896,2019-06-21,13.8,13.95,14.1,13.78,135510391.0
3897,2019-06-24,13.96,14.03,14.17,13.84,90804966.0
3898,2019-06-25,14.24,13.95,14.25,13.72,100018265.0
3899,2019-06-26,13.81,14.09,14.18,13.81,90598574.0
3900,2019-06-27,14.2,14.17,14.44,14.1,130129766.0
3901,2019-06-28,14.22,14.1,14.27,13.94,94826356.0
3902,2019-07-01,14.41,14.35,14.53,14.3,181554718.0
3903,2019-07-02,14.35,14.45,14.58,14.24,138192732.0
3904,2019-07-03,14.44,14.49,14.68,14.27,125001019.0
3905,2019-07-04,14.46,14.9,15.04,14.43,202051725.0
3906,2019-07-05,14.89,15.15,15.35,14.76,212662777.0
3907,2019-07-08,15.15,15.33,15.69,15.0,265712685.0
3908,2019-07-09,15.09,15.25,15.37,14.92,141899336.0
3909,2019-07-10,15.34,15.79,15.85,15.07,257034715.0
3910,2019-07-11,15.78,16.08,16.1,15.5,305152080.0
3911,2019-07-12,16.02,15.78,16.3,15.71,211164238.0
3912,2019-07-15,15.94,16.45,16.74,15.94,361928656.0
3913,2019-07-16,16.3,16.34,16.54,16.15,154811963.0
3914,2019-07-17,16.26,15.9,16.34,15.88,219597278.0
3915,2019-07-18,15.95,15.74,16.1,15.61,206368516.0
3916,2019-07-19,15.81,15.9,16.23,15.77,155535889.0
3917,2019-07-22,15.88,15.9,16.22,15.7,141651764.0
3918,2019-07-23,15.85,16.12,16.18,15.69,140584451.0
3919,2019-07-24,16.17,16.04,16.27,15.92,122778641.0
3920,2019-07-25,16.09,15.91,16.15,15.83,89874352.0
3921,2019-07-26,15.91,16.0,16.11,15.83,87490223.0
3922,2019-07-29,15.99,16.03,16.17,15.8,100869850.0
3923,2019-07-30,16.06,16.39,16.55,16.01,193458396.0
3924,2019-07-31,16.39,16.35,16.54,16.25,112099757.0
3925,2019-08-01,16.23,16.05,16.51,15.98,136434048.0
3926,2019-08-02,15.62,15.14,15.65,14.91,313388896.0
3927,2019-08-05,15.1,14.91,15.36,14.83,169360117.0
3928,2019-08-06,14.63,14.66,14.75,14.08,184485532.0
3929,2019-08-07,14.72,14.51,14.86,14.51,84238293.0
3930,2019-08-08,14.58,14.56,14.86,14.44,102156966.0
3931,2019-08-09,14.69,14.3,15.07,14.23,159039262.0
3932,2019-08-12,14.31,14.45,14.53,14.13,103856948.0
3933,2019-08-13,14.28,14.62,14.84,14.28,127474614.0
3934,2019-08-14,15.01,14.96,15.09,14.81,110862412.0
3935,2019-08-15,14.69,15.19,15.21,14.61,108017707.0
3936,2019-08-16,15.21,15.22,15.44,15.03,125023836.0
3937,2019-08-19,15.42,15.85,15.92,15.37,196608172.0
3938,2019-08-20,15.85,15.53,15.92,15.38,216218087.0
3939,2019-08-21,15.6,15.19,15.65,15.17,125673579.0
3940,2019-08-22,15.35,15.58,15.69,15.08,141662090.0
3941,2019-08-23,15.59,15.89,16.13,15.35,201568766.0
3942,2019-08-26,15.5,15.59,15.88,15.44,189255167.0
3943,2019-08-27,15.88,15.87,16.23,15.71,247598134.0
3944,2019-08-28,15.82,15.39,15.96,15.35,181339784.0
3945,2019-08-29,15.33,15.29,15.52,15.18,109469682.0
3946,2019-08-30,15.37,15.39,15.77,15.21,180025152.0
3947,2019-09-02,16.38,16.93,16.93,15.8,796155856.0
3948,2019-09-03,17.19,17.31,17.46,16.66,825302880.0
3949,2019-09-04,17.28,17.52,18.08,17.24,569735104.0
3950,2019-09-05,17.7,17.38,17.85,17.35,397741472.0
3951,2019-09-06,17.38,17.36,17.64,17.18,253661731.0
3952,2019-09-09,17.55,17.83,17.95,17.3,389826864.0
3953,2019-09-10,17.83,17.73,18.06,17.6,293634752.0
3954,2019-09-11,17.75,17.39,17.91,17.21,325008304.0
3955,2019-09-12,17.42,17.04,17.55,16.88,398108096.0
3956,2019-09-16,16.62,15.34,16.65,15.34,1099209360.0
3957,2019-09-17,15.0,14.88,15.47,14.82,715777888.0
3958,2019-09-18,14.94,14.72,14.97,14.47,517130896.0
3959,2019-09-19,14.76,15.25,15.32,14.62,498044448.0
3960,2019-09-20,15.25,15.19,15.45,15.06,274950400.0
3961,2019-09-23,15.26,15.09,15.32,14.77,233961810.0
3962,2019-09-24,15.06,15.54,15.87,15.01,542809712.0
3963,2019-09-25,15.75,15.39,16.12,15.16,571450032.0
3964,2019-09-26,15.52,14.79,15.57,14.67,338424304.0
3965,2019-09-27,14.73,14.86,15.07,14.71,182558896.0
3966,2019-09-30,14.94,14.78,15.04,14.72,126066809.0
3967,2019-10-08,14.78,14.54,14.95,14.53,172751843.0
3968,2019-10-09,14.48,14.79,14.95,14.32,183280465.0
3969,2019-10-10,14.79,14.76,14.9,14.62,165491690.0
3970,2019-10-11,14.73,14.74,14.87,14.65,138925786.0
3971,2019-10-14,14.9,15.54,15.63,14.81,486402000.0
3972,2019-10-15,15.37,15.52,15.78,15.32,295847280.0
3973,2019-10-16,16.7,16.6,17.07,16.42,1188469344.0
3974,2019-10-17,16.39,16.22,16.85,15.99,611410096.0
3975,2019-10-18,16.28,17.32,17.67,16.18,875569808.0
3976,2019-10-21,17.32,17.33,17.75,16.87,452427872.0
3977,2019-10-22,17.36,17.52,17.6,17.05,400410656.0
3978,2019-10-23,17.59,17.23,17.65,17.16,338609296.0
3979,2019-10-24,17.12,17.14,17.42,16.95,288507296.0
3980,2019-10-25,17.31,17.34,17.45,17.02,192896374.0
3981,2019-10-28,16.97,17.46,17.62,16.97,378452272.0
3982,2019-10-29,18.33,18.72,18.99,17.88,838158464.0
3983,2019-10-30,18.6,19.15,19.54,18.44,619045568.0
3984,2019-10-31,18.9,18.83,19.33,18.72,400141648.0
3985,2019-11-01,19.01,18.76,19.02,18.62,245391560.0
3986,2019-11-04,19.44,19.08,19.67,18.56,620093168.0
3987,2019-11-05,18.81,18.83,19.03,18.5,298086752.0
3988,2019-11-06,18.78,18.48,18.89,18.45,211477054.0
3989,2019-11-07,18.46,19.26,19.61,18.45,525073296.0
3990,2019-11-08,19.37,19.46,19.7,19.21,378386720.0
3991,2019-11-11,19.39,19.2,19.81,19.12,290951184.0
3992,2019-11-12,19.11,19.0,19.21,18.72,220553655.0
3993,2019-11-13,19.28,19.03,19.36,18.9,247706795.0
3994,2019-11-14,19.08,19.59,19.71,18.97,315981632.0
3995,2019-11-15,19.65,19.28,19.8,19.1,247783870.0
3996,2019-11-18,19.27,19.15,19.61,19.01,217840867.0
3997,2019-11-19,19.13,19.34,19.45,19.06,212793840.0
3998,2019-11-20,19.17,18.93,19.34,18.93,251467788.0
3999,2019-11-21,18.93,18.47,19.18,18.26,396801584.0
4000,2019-11-22,18.55,18.09,18.78,17.8,368269840.0
4001,2019-11-25,18.31,17.63,18.31,17.6,264599585.0
4002,2019-11-26,17.83,17.51,17.98,17.31,305731808.0
4003,2019-11-27,17.65,17.88,18.09,17.31,255907095.0
4004,2019-11-28,17.93,18.66,19.31,17.72,587280000.0
4005,2019-11-29,18.71,18.78,18.86,18.05,354999616.0
4006,2019-12-02,18.65,18.35,18.69,17.9,300535776.0
4007,2019-12-03,18.25,17.82,18.25,17.47,275614064.0
4008,2019-12-04,17.6,17.86,17.95,17.52,135830048.0
4009,2019-12-05,17.82,17.86,18.1,17.66,178189343.0
4010,2019-12-06,17.86,17.7,17.93,17.61,215598042.0
4011,2019-12-09,17.74,17.19,17.78,16.9,406594224.0
4012,2019-12-10,17.16,17.72,17.95,17.16,352035600.0
4013,2019-12-11,17.85,17.42,17.9,17.33,197786534.0
4014,2019-12-12,17.34,17.12,17.45,17.07,257938368.0
4015,2019-12-13,17.25,17.35,17.47,17.17,213003042.0
4016,2019-12-16,17.5,17.52,17.55,17.11,298555152.0
4017,2019-12-17,17.65,18.03,18.16,17.55,435266720.0
4018,2019-12-18,18.64,19.14,19.73,18.42,855684912.0
4019,2019-12-19,19.0,18.95,19.48,18.89,303588320.0
4020,2019-12-20,19.1,18.21,19.12,18.2,340690784.0
4021,2019-12-23,18.2,17.68,18.32,17.6,385148240.0
4022,2019-12-24,17.12,17.39,17.59,16.81,601890032.0
4023,2019-12-25,17.3,17.25,17.5,17.2,276105296.0
4024,2019-12-26,17.24,17.26,17.41,17.11,229608649.0
4025,2019-12-27,17.22,17.26,17.47,17.1,210838705.0
4026,2019-12-30,17.26,17.16,17.33,16.92,200145334.0
4027,2019-12-31,17.16,17.26,17.62,17.13,278587184.0
4028,2020-01-02,17.42,17.46,17.46,17.05,268277523.0
4029,2020-01-03,17.53,17.75,17.89,17.41,267746597.0
4030,2020-01-06,17.65,17.6,17.75,17.45,230560796.0
4031,2020-01-07,17.55,17.73,17.8,17.55,183749412.0
4032,2020-01-08,17.65,17.28,17.66,17.25,242977301.0
4033,2020-01-09,17.43,17.59,17.74,17.43,201324875.0
4034,2020-01-10,17.77,17.72,17.94,17.61,205373474.0
4035,2020-01-13,17.75,18.03,18.19,17.68,300746496.0
4036,2020-01-14,18.0,18.09,18.25,17.8,245798610.0
4037,2020-01-15,18.05,18.02,18.28,17.91,166697529.0
4038,2020-01-16,18.05,17.83,18.14,17.68,186063453.0
4039,2020-01-17,17.97,17.89,18.12,17.85,184352496.0
4040,2020-01-20,18.03,18.01,18.3,17.76,272213744.0
4041,2020-01-21,18.23,18.66,18.82,18.01,752103168.0
4042,2020-01-22,18.88,18.15,18.95,18.01,462126288.0
4043,2020-01-23,18.12,17.49,18.44,17.2,384785520.0
4044,2020-02-03,16.65,16.21,17.48,15.75,523971040.0
4045,2020-02-04,16.31,17.35,17.82,16.31,552620496.0
4046,2020-02-05,17.5,18.8,19.08,17.23,1010253856.0
4047,2020-02-06,20.02,20.68,20.68,20.02,1492906000.0
4048,2020-02-07,22.2,20.29,22.66,20.12,2218314288.0
4049,2020-02-10,20.12,20.56,21.88,18.61,2062037888.0
4050,2020-02-11,20.66,20.05,20.66,19.5,936588368.0
4051,2020-02-12,20.18,21.97,22.06,19.55,1889386304.0
4052,2020-02-13,21.52,21.22,21.76,20.5,1409084080.0
4053,2020-02-14,21.38,22.15,22.99,20.9,1656470160.0
4054,2020-02-17,22.19,22.2,22.88,21.61,1364659680.0
4055,2020-02-18,21.97,20.91,21.97,20.5,1535328336.0
4056,2020-02-19,20.73,19.69,20.73,19.57,1143725360.0
4057,2020-02-20,19.75,19.71,19.89,19.09,641039264.0
4058,2020-02-21,19.54,19.8,20.28,19.29,730618720.0
4059,2020-02-24,20.25,20.79,20.93,20.2,1230410944.0
4060,2020-02-25,20.69,21.96,22.08,20.5,1449846496.0
4061,2020-02-26,22.2,20.88,22.28,20.86,950913152.0
4062,2020-02-27,21.2,21.4,21.86,20.85,550746048.0
4063,2020-02-28,20.7,20.86,21.7,20.5,680077120.0
4064,2020-03-02,20.8,21.01,21.28,20.4,571841632.0
4065,2020-03-03,21.82,21.4,21.95,21.12,760178608.0
4066,2020-03-04,21.1,20.9,21.41,20.61,455957344.0
4067,2020-03-05,20.91,21.33,21.65,20.91,682620192.0
4068,2020-03-06,21.45,21.57,21.88,21.35,669265712.0
4069,2020-03-09,21.0,22.0,22.43,20.58,1074236048.0
4070,2020-03-10,21.3,21.36,21.88,20.8,717826448.0
4071,2020-03-11,21.32,20.81,21.65,20.8,431686928.0
4072,2020-03-12,20.65,20.26,21.03,20.02,417773200.0
4073,2020-03-13,19.15,20.52,20.94,19.1,693627600.0
4074,2020-03-16,21.3,20.51,21.84,20.37,974381376.0
4075,2020-03-17,21.28,21.48,21.74,19.6,1053417088.0
4076,2020-03-18,21.4,20.18,21.84,20.17,879871232.0
4077,2020-03-19,19.9,20.25,20.63,19.66,494327904.0
4078,2020-03-20,20.49,20.61,20.67,20.0,440628000.0
4079,2020-03-23,20.02,19.85,20.78,19.74,478910368.0
4080,2020-03-24,19.9,19.87,20.15,19.47,396325888.0
4081,2020-03-25,20.3,20.88,21.16,19.99,757679872.0
4082,2020-03-26,21.04,22.21,22.42,20.8,1239751456.0
4083,2020-03-27,22.55,24.43,24.43,22.4,1358985728.0
4084,2020-03-30,24.55,24.66,25.34,23.2,1268300368.0
4085,2020-03-31,24.58,25.7,26.0,23.89,1073313888.0
4086,2020-04-01,25.14,24.28,26.13,24.22,1163325808.0
4087,2020-04-02,24.6,25.3,25.6,24.09,966179360.0
4088,2020-04-03,25.08,25.95,26.37,25.07,812674224.0
4089,2020-04-07,26.59,26.99,27.27,26.2,770548608.0
4090,2020-04-08,26.44,26.95,27.54,26.31,710275216.0
4091,2020-04-09,26.96,28.38,28.98,26.48,1053676752.0
4092,2020-04-10,28.91,28.55,30.57,28.45,1459694352.0
4093,2020-04-13,27.95,28.17,30.05,27.79,1240984672.0
4094,2020-04-14,28.05,28.8,29.05,27.66,922885648.0
4095,2020-04-15,28.0,27.9,29.03,27.29,1114802480.0
4096,2020-04-16,27.99,27.92,28.5,27.55,550568576.0
4097,2020-04-17,28.99,27.52,29.2,27.08,799543696.0
4098,2020-04-20,27.64,28.67,28.92,27.2,729538512.0
4099,2020-04-21,28.31,28.88,29.48,28.23,588809216.0
4100,2020-04-22,28.5,28.6,28.76,27.8,389922176.0
4101,2020-04-23,28.99,28.48,29.44,28.29,402177392.0
4102,2020-04-24,27.76,27.47,28.17,27.11,630643344.0
4103,2020-04-27,27.85,27.25,27.9,26.0,704001152.0
4104,2020-04-28,27.5,26.91,27.97,26.69,591942560.0
4105,2020-04-29,27.4,26.86,27.74,26.72,402019904.0
4106,2020-04-30,27.71,25.9,27.74,25.83,703979648.0
4107,2020-05-06,26.14,27.74,28.09,25.72,729829680.0
4108,2020-05-07,27.86,28.1,28.3,27.48,447783584.0
4109,2020-05-08,28.38,27.95,28.38,27.52,440389904.0
4110,2020-05-11,27.4,27.03,27.9,26.84,797939600.0
4111,2020-05-12,27.03,27.95,28.1,26.61,466370656.0
4112,2020-05-13,27.95,29.3,29.61,27.88,673141184.0
4113,2020-05-14,28.68,26.93,28.75,26.5,1528121552.0
4114,2020-05-15,26.7,28.05,28.42,26.1,806516368.0
4115,2020-05-18,28.0,28.0,28.19,27.1,449070720.0
4116,2020-05-19,28.1,28.53,28.7,27.8,480781488.0
4117,2020-05-20,28.6,27.95,29.28,27.82,335767104.0
4118,2020-05-21,27.98,26.61,28.28,26.52,543748656.0
4119,2020-05-22,26.85,26.38,26.98,26.1,349758464.0
4120,2020-05-25,26.51,26.9,26.96,25.95,343748688.0
4121,2020-05-26,27.0,26.45,27.27,25.93,510218736.0
4122,2020-05-27,26.48,25.58,26.55,25.43,462354000.0
4123,2020-05-28,25.59,25.53,25.79,24.89,349128688.0
4124,2020-05-29,25.62,26.78,26.78,25.54,433456688.0
4125,2020-06-01,27.7,29.46,29.46,27.45,1188863968.0
4126,2020-06-02,29.5,29.18,30.2,28.43,705291232.0
4127,2020-06-03,29.18,28.76,29.45,28.59,404074672.0
4128,2020-06-04,29.08,29.1,29.84,28.6,381165968.0
4129,2020-06-05,30.3,31.3,31.8,29.39,841269168.0
4130,2020-06-08,28.81,29.3,30.18,28.3,530472656.0
4131,2020-06-09,28.71,29.3,30.1,28.45,498115984.0
4132,2020-06-10,29.68,31.58,32.0,29.22,846301216.0
4133,2020-06-11,31.5,31.58,32.25,31.13,583076080.0
4134,2020-06-12,30.7,31.56,32.05,30.55,456575344.0
4135,2020-06-15,32.15,33.2,33.88,31.72,741050960.0
4136,2020-06-16,33.39,33.52,33.78,32.54,433725328.0
4137,2020-06-17,34.04,33.23,35.94,32.96,1127448384.0
4138,2020-06-18,33.4,32.46,33.44,31.65,960513744.0
4139,2020-06-19,32.47,33.35,33.98,32.11,687953744.0
4140,2020-06-22,33.3,32.25,33.66,31.72,976746656.0
4141,2020-06-23,32.66,33.43,33.95,31.9,708200576.0
4142,2020-06-24,33.63,33.27,33.74,32.64,366028144.0
4143,2020-06-29,33.25,33.87,34.73,32.62,725051840.0
4144,2020-06-30,33.92,33.93,34.48,33.4,426893536.0
4145,2020-07-01,34.37,32.89,35.12,32.8,723055664.0
4146,2020-07-02,33.45,33.2,34.18,32.95,719191760.0
4147,2020-07-03,32.92,33.23,33.47,31.9,763230496.0
4148,2020-07-06,33.24,33.14,34.9,32.3,1017586272.0
4149,2020-07-07,32.99,33.92,34.5,32.44,915983984.0
4150,2020-07-08,33.84,34.6,35.8,33.82,915651776.0
4151,2020-07-09,34.6,36.54,37.26,34.25,949993776.0
4152,2020-07-10,36.6,36.95,37.85,36.3,774708352.0
4153,2020-07-13,37.2,36.82,38.05,35.66,1072924272.0
4154,2020-07-14,36.6,36.1,37.1,35.58,647399792.0
4155,2020-07-15,36.7,36.54,38.05,36.2,817782128.0
4156,2020-07-16,36.6,33.94,37.39,33.5,703305120.0
4157,2020-07-17,33.91,36.64,36.97,33.28,985487808.0
4158,2020-07-20,37.26,34.66,37.61,33.69,1427349344.0
4159,2020-07-21,34.5,35.88,36.26,34.11,854854592.0
4160,2020-07-22,35.88,37.39,37.82,34.96,787758048.0
4161,2020-07-23,37.0,39.68,39.8,36.68,1311261440.0
4162,2020-07-24,39.0,37.27,39.82,36.43,1243344304.0
4163,2020-07-27,37.09,37.6,38.68,36.85,735504208.0
4164,2020-07-28,37.9,37.2,38.06,35.77,779397136.0
4165,2020-07-29,37.0,37.71,38.0,36.8,687488240.0
4166,2020-07-30,38.02,38.95,39.2,37.33,793655504.0
4167,2020-07-31,38.7,38.5,39.22,38.07,554043040.0
4168,2020-08-03,38.3,40.55,41.35,38.3,866552752.0
4169,2020-08-04,40.27,39.96,40.98,39.65,510871168.0
4170,2020-08-05,39.52,41.96,42.12,39.18,647111888.0
4171,2020-08-06,41.63,42.0,43.38,40.88,803543248.0
4172,2020-08-07,42.1,42.39,43.3,41.09,821856080.0
4173,2020-08-10,42.7,41.01,42.7,39.96,675801952.0
4174,2020-08-11,40.95,40.2,41.8,40.01,508224656.0
4175,2020-08-12,40.2,38.75,40.48,37.7,690499600.0
4176,2020-08-13,38.5,38.76,39.52,38.25,398628336.0
4177,2020-08-14,38.61,37.29,39.78,35.9,956637360.0
4178,2020-08-17,37.35,37.29,37.67,36.32,738195904.0
4179,2020-08-18,37.4,38.07,38.45,37.27,446232720.0
4180,2020-08-19,38.5,38.68,40.32,38.07,775440976.0
4181,2020-08-20,38.29,40.62,42.1,37.7,1068528112.0
4182,2020-08-21,40.21,40.0,41.61,39.63,518793616.0
4183,2020-08-24,40.02,40.0,40.48,39.08,415065728.0
4184,2020-08-25,40.44,40.5,41.12,39.7,420542624.0
4185,2020-08-26,40.45,39.41,40.71,39.02,340399104.0
4186,2020-08-27,40.3,40.75,40.9,39.71,329514752.0
4187,2020-08-28,40.74,44.83,44.83,40.2,1075448832.0
4188,2020-08-31,44.04,43.87,45.7,42.99,1015392752.0
4189,2020-09-01,43.5,43.85,44.18,43.13,412840128.0
4190,2020-09-02,44.31,43.57,44.81,43.22,403845696.0
4191,2020-09-03,43.65,43.6,45.5,43.13,759271216.0
4192,2020-09-04,42.7,42.17,43.5,41.38,424533520.0
4193,2020-09-07,41.82,38.75,42.19,38.33,938423312.0
4194,2020-09-08,38.68,37.46,39.05,36.41,728885008.0
4195,2020-09-09,36.77,35.54,37.18,35.5,483190400.0
4196,2020-09-10,36.04,35.89,37.68,35.72,431178176.0
4197,2020-09-11,35.18,37.82,37.95,35.12,429706704.0
4198,2020-09-14,38.2,36.81,38.75,36.69,483424672.0
4199,2020-09-15,37.42,37.72,37.93,35.92,399838032.0
4200,2020-09-16,38.08,36.75,38.37,36.56,325153296.0
4201,2020-09-17,36.77,35.61,37.09,35.18,415451328.0
4202,2020-09-18,35.59,36.13,36.3,35.21,305960032.0
4203,2020-09-21,35.94,35.84,36.65,35.5,261570179.0
4204,2020-09-22,35.82,35.34,36.66,35.3,295537680.0
4205,2020-09-23,36.04,36.74,37.68,35.91,603763712.0
4206,2020-09-24,36.67,35.66,36.67,35.24,421613632.0
4207,2020-09-25,35.39,36.0,36.59,35.3,344811776.0
4208,2020-09-28,35.99,33.33,35.99,32.51,1385761648.0
4209,2020-09-29,33.54,31.92,33.54,30.59,1493209600.0
4210,2020-09-30,32.34,32.07,33.72,31.81,1072924272.0
4211,2020-10-09,33.67,33.28,34.3,32.41,613272912.0
4212,2020-10-12,33.88,34.7,34.99,33.6,558740416.0
4213,2020-10-13,35.1,34.76,35.55,34.51,438493936.0
4214,2020-10-14,35.0,35.0,35.43,34.25,416268912.0
4215,2020-10-15,35.0,34.71,35.2,34.13,382802960.0
4216,2020-10-16,34.44,34.16,34.9,33.9,395511312.0
4217,2020-10-19,34.4,33.6,34.71,33.31,377113184.0
4218,2020-10-20,33.6,35.22,35.5,32.99,665387184.0
4219,2020-10-21,35.85,35.18,37.15,34.91,650991360.0
4220,2020-10-22,35.49,34.96,35.49,33.71,476583184.0
4221,2020-10-23,35.21,33.27,35.39,33.02,644756512.0
4222,2020-10-26,33.01,34.97,35.1,32.65,534301248.0
4223,2020-10-27,35.3,34.9,35.46,34.36,300476544.0
4224,2020-10-28,35.17,34.87,35.17,34.27,309130528.0
4225,2020-10-29,34.7,34.9,35.08,34.41,376508640.0
4226,2020-10-30,34.82,33.69,34.82,33.55,505504528.0
4227,2020-11-02,33.69,33.33,33.89,32.44,397707840.0
4228,2020-11-03,33.88,34.66,34.98,33.11,434907904.0
4229,2020-11-04,34.66,34.5,35.25,34.37,224152546.0
4230,2020-11-05,35.1,35.44,35.87,34.84,490080272.0
4231,2020-11-06,35.36,34.06,35.39,32.5,783340160.0
4232,2020-11-09,34.18,33.84,34.46,33.51,501574224.0
4233,2020-11-10,33.99,32.85,34.39,32.49,723650640.0
4234,2020-11-11,32.85,32.63,33.18,32.25,423094544.0
4235,2020-11-12,33.17,33.12,33.35,32.52,255383851.0
4236,2020-11-13,33.33,32.74,33.34,32.11,279574608.0
4237,2020-11-16,32.74,32.32,32.88,32.15,266956735.0
4238,2020-11-17,32.7,31.49,32.7,31.0,404071328.0
4239,2020-11-18,31.49,31.33,31.83,31.17,271568656.0
4240,2020-11-19,31.05,31.5,31.72,30.69,350032560.0
4241,2020-11-20,31.4,31.6,31.96,31.32,213060608.0
4242,2020-11-23,31.61,31.58,31.75,31.1,282590448.0
4243,2020-11-24,31.39,31.02,31.48,30.63,291095344.0
4244,2020-11-25,31.01,30.26,31.15,30.0,461443712.0
4245,2020-11-26,30.58,29.87,30.58,28.97,475886064.0
4246,2020-11-27,29.98,29.99,30.7,29.59,318618528.0
4247,2020-11-30,29.99,30.74,30.74,29.1,454118720.0
4248,2020-12-01,30.6,32.06,32.65,30.06,720836288.0
4249,2020-12-02,32.4,32.15,32.96,32.05,556729712.0
4250,2020-12-03,32.27,32.81,33.29,31.88,471097040.0
4251,2020-12-04,32.81,34.78,34.96,32.5,737036496.0
4252,2020-12-07,34.5,34.58,35.18,34.31,452451920.0
4253,2020-12-08,34.6,35.36,35.5,34.1,440516992.0
4254,2020-12-09,35.5,34.42,35.65,34.32,346260832.0
4255,2020-12-10,34.22,33.99,34.6,33.76,362939920.0
4256,2020-12-11,34.35,33.79,34.35,32.9,461773088.0
4257,2020-12-14,33.4,34.82,34.95,32.6,390338560.0
4258,2020-12-15,34.6,36.16,36.9,34.35,722773072.0
4259,2020-12-16,36.2,36.4,36.96,35.87,369232080.0
4260,2020-12-17,36.8,36.22,38.25,36.1,502696544.0
4261,2020-12-18,36.54,33.7,36.54,33.45,954662448.0
4262,2020-12-21,33.78,35.07,35.78,33.36,576189040.0
4263,2020-12-22,35.14,33.14,35.2,32.76,672776112.0
4264,2020-12-23,32.97,31.9,32.97,31.26,792644112.0
4265,2020-12-24,32.23,31.6,32.39,31.14,447767792.0
4266,2020-12-25,32.0,32.88,33.25,31.66,479842000.0
4267,2020-12-28,33.24,31.92,33.24,31.77,400536752.0
4268,2020-12-29,31.92,31.89,32.3,31.65,265100982.0
4269,2020-12-30,31.93,31.77,32.2,31.33,304343696.0
4270,2020-12-31,31.88,33.81,33.98,31.5,589211520.0
4271,2021-01-04,33.33,31.41,33.55,30.43,1693815328.0
4272,2021-01-05,30.98,31.49,32.0,29.62,1393542128.0
4273,2021-01-06,31.2,32.38,32.9,30.65,731957200.0
4274,2021-01-07,32.35,31.48,32.35,31.05,398778272.0
4275,2021-01-08,31.1,31.55,31.55,30.48,551550928.0
4276,2021-01-11,31.43,30.78,31.45,29.9,906596144.0
4277,2021-01-12,30.8,31.03,31.18,29.8,611808000.0
4278,2021-01-13,30.8,28.88,30.8,28.17,1201838832.0
4279,2021-01-14,28.98,28.64,29.58,27.88,681340112.0
4280,2021-01-15,28.8,29.01,29.27,28.2,455480912.0
4281,2021-01-18,28.0,28.25,28.33,26.32,1089308384.0
4282,2021-01-19,27.92,27.38,28.25,27.1,696354224.0
4283,2021-01-20,27.47,28.8,29.2,27.1,551188368.0
4284,2021-01-21,28.8,27.88,29.18,27.71,598859040.0
4285,2021-01-22,27.9,27.65,28.28,27.13,535890912.0
4286,2021-01-25,28.01,27.42,28.4,27.2,440739312.0
4287,2021-01-26,27.32,26.69,27.47,26.63,279952144.0
4288,2021-01-27,26.52,26.0,26.77,25.91,363027536.0
4289,2021-01-28,25.8,25.22,25.89,25.03,380926256.0
4290,2021-01-29,25.26,24.51,25.66,24.3,337619616.0
4291,2021-02-01,24.58,25.73,26.07,24.29,360287072.0
4292,2021-02-02,25.99,27.21,27.56,25.48,495968448.0
4293,2021-02-03,27.2,27.13,27.75,26.34,389026448.0
4294,2021-02-04,27.01,27.1,27.65,26.54,285127424.0
4295,2021-02-05,27.0,26.51,27.69,26.47,251321243.0
4296,2021-02-08,26.96,25.8,27.15,25.55,478500064.0
4297,2021-02-09,25.8,27.48,27.64,25.18,500462896.0
4298,2021-02-10,27.85,26.75,27.85,26.08,489513744.0
4299,2021-02-18,26.95,26.1,27.18,25.88,388334592.0
4300,2021-02-19,26.09,26.9,26.94,25.81,355333440.0
4301,2021-02-22,26.7,27.96,28.31,26.21,655830608.0
4302,2021-02-23,27.53,30.69,30.76,27.4,1306011872.0
4303,2021-02-24,30.0,29.05,31.13,28.61,924097264.0
4304,2021-02-25,29.06,29.49,29.95,28.45,382798976.0
4305,2021-02-26,28.87,28.26,29.11,28.0,467156800.0
4306,2021-03-01,28.25,28.78,29.98,28.16,369965056.0
4307,2021-03-02,28.95,29.16,29.8,28.6,404844800.0
4308,2021-03-03,28.88,29.17,29.7,28.6,308255296.0
4309,2021-03-04,28.81,27.91,29.13,27.63,335978864.0
4310,2021-03-05,27.6,27.7,27.99,26.41,286137664.0
4311,2021-03-08,27.88,27.08,28.25,27.0,221552891.0
4312,2021-03-09,27.27,25.49,27.32,25.42,314485776.0
4313,2021-03-10,26.0,25.65,26.24,25.49,197706478.0
4314,2021-03-11,25.5,25.8,25.95,25.4,202123895.0
4315,2021-03-12,25.81,27.16,27.54,25.63,323584992.0
4316,2021-03-15,26.85,25.98,27.27,25.81,213163038.0
4317,2021-03-16,25.99,25.55,26.25,25.2,219065456.0
4318,2021-03-17,25.55,25.79,26.2,25.16,155210732.0
4319,2021-03-18,25.82,25.26,26.17,25.11,315027936.0
4320,2021-03-19,25.01,24.9,25.18,24.61,287615648.0
4321,2021-03-22,24.98,25.94,26.07,24.71,299092432.0
4322,2021-03-23,25.91,26.03,26.42,25.75,212451051.0
4323,2021-03-24,25.9,25.15,25.95,24.91,170112145.0
4324,2021-03-25,25.08,25.05,25.39,24.75,94863627.0
4325,2021-03-26,25.05,25.1,25.4,24.81,227961297.0
4326,2021-03-29,24.9,25.0,25.38,24.9,167632071.0
4327,2021-03-30,24.82,25.37,25.48,24.82,213552288.0
4328,2021-03-31,25.4,25.71,25.85,25.1,165487484.0
4329,2021-04-01,25.84,25.33,25.85,25.18,182507678.0
4330,2021-04-02,25.4,25.04,25.76,24.95,243527750.0
4331,2021-04-06,24.91,24.94,25.18,24.9,123520776.0
4332,2021-04-07,24.94,22.45,24.94,22.45,695593280.0
4333,2021-04-08,21.5,20.22,21.5,20.21,1358598160.0
4334,2021-04-09,20.25,19.76,20.46,19.56,867819376.0
4335,2021-04-12,19.79,18.46,19.83,18.39,823808192.0
4336,2021-04-13,18.45,18.47,18.74,18.23,356500304.0
4337,2021-04-14,18.48,18.52,18.79,18.42,350403616.0
4338,2021-04-15,18.61,18.81,19.14,18.56,415431744.0
4339,2021-04-16,18.84,18.82,18.95,18.5,263135404.0
4340,2021-04-19,18.82,19.02,19.15,18.65,371587904.0
4341,2021-04-20,18.91,18.85,19.08,18.84,273517600.0
4342,2021-04-21,18.81,18.91,19.08,18.65,262785330.0
4343,2021-04-22,18.91,19.32,19.39,18.81,348861824.0
4344,2021-04-23,19.2,19.95,20.15,19.15,475025904.0
4345,2021-04-26,21.95,21.95,21.95,21.9,373822784.0
4346,2021-04-27,21.98,21.84,22.54,20.8,1344070432.0
4347,2021-04-28,21.85,21.09,21.87,20.92,623658464.0
4348,2021-04-29,20.88,20.7,21.35,20.46,499231136.0
4349,2021-04-30,20.71,21.72,21.81,20.71,677606128.0
4350,2021-05-06,21.58,20.85,21.58,20.51,547207232.0
4351,2021-05-07,20.99,19.97,21.08,19.91,482652736.0
4352,2021-05-10,20.15,19.6,20.29,19.31,381344000.0
4353,2021-05-11,19.65,19.43,19.69,19.2,306026512.0
4354,2021-05-12,19.34,19.78,19.86,18.95,269255552.0
4355,2021-05-13,19.9,20.48,20.69,19.78,445629072.0
4356,2021-05-14,20.49,20.48,20.58,20.02,323815296.0
4357,2021-05-17,20.48,20.52,20.89,20.41,316943520.0
4358,2021-05-18,20.54,20.43,20.58,19.91,286033536.0
4359,2021-05-19,20.44,20.47,20.64,20.27,209480950.0
4360,2021-05-20,20.33,20.28,20.45,20.09,202378873.0
4361,2021-05-21,20.29,20.03,20.4,19.96,210077534.0
4362,2021-05-24,20.04,19.79,20.11,19.51,200957611.0
4363,2021-05-25,19.79,20.03,20.1,19.75,244852232.0
4364,2021-05-26,20.1,20.56,20.8,19.84,460339456.0
4365,2021-05-27,20.6,20.5,20.7,20.3,244517162.0
4366,2021-05-28,20.49,20.11,20.5,20.02,263807029.0
4367,2021-05-31,20.2,21.14,21.48,20.2,721746944.0
4368,2021-06-01,21.3,21.29,21.5,20.85,420791872.0
4369,2021-06-02,21.31,21.7,22.44,21.03,722072576.0
4370,2021-06-03,21.9,21.9,22.52,21.6,568040528.0
4371,2021-06-04,21.9,21.73,21.95,21.3,320015984.0
4372,2021-06-07,21.92,21.4,21.92,21.21,288066432.0
4373,2021-06-08,21.37,20.93,21.46,20.7,399882592.0
4374,2021-06-09,20.85,20.96,20.97,20.4,195053304.0
4375,2021-06-10,20.96,21.1,21.31,20.77,264292710.0
4376,2021-06-11,21.0,20.95,21.17,20.51,332676768.0
4377,2021-06-15,20.92,20.08,20.92,19.7,392049360.0
4378,2021-06-16,19.95,19.49,19.95,19.47,225170554.0
4379,2021-06-17,19.65,19.19,19.65,19.0,232510439.0
4380,2021-06-18,19.13,19.2,19.36,19.03,173837908.0
4381,2021-06-21,19.15,19.41,19.64,19.05,239917951.0
4382,2021-06-22,19.42,19.46,19.62,19.24,180634984.0
4383,2021-06-23,19.53,20.81,21.02,19.13,617328864.0
4384,2021-06-24,20.7,22.23,22.35,20.56,1012677200.0
4385,2021-06-25,22.25,21.4,22.41,21.35,543939904.0
4386,2021-06-28,21.26,21.2,21.79,21.14,330599728.0
4387,2021-06-29,21.2,21.13,21.63,20.91,276515312.0
4388,2021-06-30,21.05,20.88,21.12,20.68,303767472.0
4389,2021-07-01,20.83,21.29,21.72,20.46,492568704.0
4390,2021-07-02,21.18,20.7,21.63,20.49,356711424.0
4391,2021-07-05,20.58,20.82,21.15,20.4,230673408.0
4392,2021-07-06,20.75,20.05,20.88,19.9,345699184.0
4393,2021-07-07,20.0,20.04,20.17,19.7,210944571.0
4394,2021-07-08,20.0,20.16,20.31,19.83,159611478.0
4395,2021-07-09,20.0,20.38,20.98,19.92,278244832.0
4396,2021-07-12,20.41,19.9,20.44,19.61,439921104.0
4397,2021-07-13,20.05,20.12,20.58,19.92,342880480.0
4398,2021-07-14,20.31,22.13,22.13,20.3,810775296.0
4399,2021-07-15,22.14,21.4,22.14,21.1,824055488.0
4400,2021-07-16,21.5,21.4,22.2,21.27,526719760.0
4401,2021-07-19,21.45,21.76,22.09,21.24,461712416.0
4402,2021-07-20,21.76,22.98,23.25,21.7,902863312.0
4403,2021-07-21,22.65,23.05,23.2,22.41,629615552.0
4404,2021-07-22,22.85,22.92,23.43,22.52,443812384.0
4405,2021-07-23,22.8,21.84,22.8,21.73,528229984.0
4406,2021-07-26,19.66,19.66,20.09,19.66,894074720.0
4407,2021-07-27,19.41,18.8,19.6,18.79,574674480.0
4408,2021-07-28,18.66,18.45,19.16,18.23,417885344.0
4409,2021-07-29,18.72,18.98,19.07,18.65,249747037.0
4410,2021-07-30,19.16,19.48,19.85,19.01,480850512.0
4411,2021-08-02,19.41,19.0,19.41,18.58,448460240.0
4412,2021-08-03,18.94,19.33,19.49,18.78,278699856.0
4413,2021-08-04,19.55,19.19,19.56,18.97,236467448.0
4414,2021-08-05,19.18,18.97,19.38,18.8,242446355.0
4415,2021-08-06,19.01,19.1,19.16,18.83,195931958.0
4416,2021-08-09,19.09,19.12,19.29,18.8,257999063.0
4417,2021-08-10,19.03,19.03,19.13,18.94,198027625.0
4418,2021-08-11,19.01,18.94,19.07,18.9,147962415.0
4419,2021-08-12,18.82,18.59,18.9,18.5,255499349.0
4420,2021-08-13,18.45,18.78,18.82,18.4,214017393.0
4421,2021-08-16,18.66,18.52,18.8,18.42,236746998.0
4422,2021-08-17,18.51,17.8,18.51,17.77,377262096.0
4423,2021-08-18,17.7,18.06,18.38,17.61,240786093.0
4424,2021-08-19,17.97,17.99,18.26,17.91,125201168.0
4425,2021-08-20,17.98,17.53,17.98,17.36,228373967.0
4426,2021-08-23,17.53,17.4,17.65,17.37,245911037.0
4427,2021-08-24,17.43,17.44,17.57,17.2,217454612.0
4428,2021-08-25,17.38,17.21,17.39,17.13,199261162.0
4429,2021-08-26,17.13,16.66,17.19,16.66,306115424.0
4430,2021-08-27,16.66,16.37,16.93,16.32,220273876.0
4431,2021-08-30,16.75,16.27,16.75,16.04,209755257.0
4432,2021-08-31,16.26,16.0,16.41,15.87,267189663.0
4433,2021-09-01,16.03,16.64,16.86,15.81,300196592.0
4434,2021-09-02,16.55,16.54,16.61,16.34,143753437.0
4435,2021-09-03,16.54,17.23,17.42,16.44,318800960.0
4436,2021-09-06,17.25,17.95,17.96,17.25,405296160.0
4437,2021-09-07,18.08,17.66,18.09,17.58,232462723.0
4438,2021-09-08,17.69,17.7,17.93,17.47,165118156.0
4439,2021-09-09,17.67,17.52,17.8,17.5,118356781.0
4440,2021-09-10,17.44,17.39,17.58,17.28,143550059.0
4441,2021-09-13,17.35,17.28,17.72,17.28,173967885.0
4442,2021-09-14,17.3,16.93,17.53,16.9,162544731.0
4443,2021-09-15,16.93,17.48,17.8,16.72,245224423.0
4444,2021-09-16,17.42,16.97,17.75,16.91,185608191.0
4445,2021-09-17,16.99,17.17,17.33,16.75,132839421.0
4446,2021-09-22,17.07,17.33,17.4,16.88,137549744.0
4447,2021-09-23,17.48,17.85,18.08,17.33,339176432.0
4448,2021-09-24,17.9,17.54,18.02,17.47,201609440.0
4449,2021-09-27,17.55,17.68,17.92,17.37,218518025.0
4450,2021-09-28,17.58,17.72,17.94,17.46,140943495.0
4451,2021-09-29,17.7,17.46,17.84,17.35,150834444.0
4452,2021-09-30,17.46,17.67,17.78,17.46,122661236.0
4453,2021-10-08,17.92,18.93,18.95,17.6,549524080.0
4454,2021-10-11,18.86,18.76,19.88,18.69,534127264.0
4455,2021-10-12,18.6,18.35,18.64,18.12,270885952.0
4456,2021-10-13,18.36,18.48,18.66,18.13,182645656.0
4457,2021-10-14,18.45,18.17,18.61,18.15,137516196.0
4458,2021-10-15,17.5,17.53,17.6,17.0,262024001.0
4459,2021-10-18,17.4,17.31,17.64,17.16,139390058.0
4460,2021-10-19,17.25,17.32,17.4,17.15,81678559.0
4461,2021-10-20,17.22,17.13,17.38,17.02,125359126.0
4462,2021-10-21,17.03,17.27,17.54,16.98,158794221.0
4463,2021-10-22,17.2,17.97,18.09,17.2,271454272.0
4464,2021-10-25,17.93,18.76,18.96,17.7,483692448.0
4465,2021-10-26,18.8,18.52,19.23,18.46,476973728.0
4466,2021-10-27,18.67,18.09,18.67,17.91,229703049.0
4467,2021-10-28,18.2,18.51,18.78,17.56,340941680.0
4468,2021-10-29,18.57,18.43,19.04,18.34,311023472.0
4469,2021-11-01,18.6,19.85,20.23,18.2,894893216.0
4470,2021-11-02,19.71,19.58,20.03,19.3,513180224.0
4471,2021-11-03,19.77,19.95,20.05,19.39,522477760.0
4472,2021-11-04,19.96,21.22,21.84,19.84,825693040.0
4473,2021-11-05,21.2,20.75,21.37,20.72,422416192.0
4474,2021-11-08,20.92,20.81,21.15,20.48,352688128.0
4475,2021-11-09,21.32,21.24,21.34,20.59,365314928.0
4476,2021-11-10,21.89,21.71,22.5,21.5,629414384.0
4477,2021-11-11,21.78,20.89,21.84,20.43,682299984.0
4478,2021-11-12,20.75,21.5,22.01,20.75,619842480.0
4479,2021-11-15,21.4,22.18,22.68,20.9,557508896.0
4480,2021-11-16,22.18,21.68,22.18,21.47,346661024.0
4481,2021-11-17,22.0,21.71,22.2,21.42,310991440.0
4482,2021-11-18,21.93,21.52,22.19,21.44,396964704.0
4483,2021-11-19,21.22,20.82,21.33,20.5,488411568.0
4484,2021-11-22,20.8,20.81,21.06,19.91,554904016.0
4485,2021-11-23,20.95,20.29,20.95,20.19,286964928.0
4486,2021-11-24,20.34,20.48,20.8,20.25,240210380.0
4487,2021-11-25,20.35,20.31,20.8,20.28,207724934.0
4488,2021-11-26,20.35,20.37,20.88,20.35,267185473.0
4489,2021-11-29,20.55,20.79,20.96,20.5,297397248.0
4490,2021-11-30,20.73,21.52,21.84,20.52,530449696.0
4491,2021-12-01,21.52,20.99,21.55,20.95,360652864.0
4492,2021-12-02,21.0,20.95,21.16,20.48,283235344.0
4493,2021-12-03,21.0,20.93,21.35,20.66,192578113.0
4494,2021-12-06,21.0,20.78,21.32,20.75,256250114.0
4495,2021-12-07,20.78,20.5,20.96,20.08,375030032.0
4496,2021-12-08,20.42,20.75,20.96,20.31,209345211.0
4497,2021-12-09,20.69,21.09,21.18,20.46,355438816.0
4498,2021-12-10,21.04,20.64,21.04,20.44,420123728.0
4499,2021-12-13,20.4,20.1,21.05,20.05,475576832.0
4500,2021-12-14,20.07,20.37,20.38,20.01,37790255.0
